<?xml version="1.0" encoding="utf-8"?>
<includes>
  <include name="View_528_Circle">
    <control type="group">
      <visible>Control.IsVisible(528)</visible>
      <include>animation_view_change</include>
      <control type="panel" id="528">
        <viewtype label="31919">icons</viewtype>
        <posx>100</posx>
        <bottom>10%</bottom>
        <width>1820</width>
        <height>810</height>
		<!-- h405 + horizontal orientation for 1 row layout ,focusposition2-->
        <orientation>vertical</orientation>
        <onleft>9000</onleft>
        <onright condition="Skin.HasSetting(EnableQuickJump)">6000</onright>
        <onright condition="!Skin.HasSetting(EnableQuickJump)">60</onright>
        <onup>528</onup>
        <ondown>528</ondown>
        <preloaditems>4</preloaditems>
        <pagecontrol>60</pagecontrol>
        <scrolltime tween="quadratic" easing="out">300</scrolltime>
		<visible>String.IsEqual(Window(Home).Property(SkinHelper.ForcedView),528) | String.IsEmpty(Window(Home).Property(SkinHelper.ForcedView))</visible>
        <itemlayout height="405" width="355">
            <control type="group">
                <width>300</width>
                <height>300</height>
				<include content="Circle_Layout">
					<param name="colordiffuse" value="$VAR[ViewDetailsPanelColor]" />
                    <param name="bordersize" value="4" />
                    <param name="autoscroll" value="false" />
                </include>
			</control>
        </itemlayout>
        <focusedlayout height="405" width="355">
			<control type="group">
				<include>Focus_Zoom_Animation</include>
				<width>310</width>
                <height>310</height>
				<include content="Circle_Layout">
					<param name="colordiffuse" value="$VAR[ViewDetailsBorderFocusColor]" />
                    <param name="bordersize" value="10" />
                    <param name="autoscroll" value="true" />
                </include>
			</control>
        </focusedlayout>
	  </control>
      
	  <!--vertical Scollbar-->
		<control type="scrollbar" id="60">
			<visible>Control.IsVisible(528) + Integer.IsGreater(Container.Numitems,0)</visible>
			<right>15</right>
			<bottom>13%</bottom>
			<height>765</height>
			<onup>60</onup>
			<ondown>6000</ondown>
			<onleft>528</onleft>
			<animation effect="fade" start="0" end="100" time="400" condition="[Control.HasFocus(60) | Skin.HasSetting(EnableTouchSupport) | Container.Scrolling | Skin.HasSetting(alwaysShowScrollbars)] + !Control.IsVisible(6002)">Conditional</animation>
			<animation effect="fade" start="100" end="0" time="400" condition="![Control.HasFocus(60) | Skin.HasSetting(EnableTouchSupport) | Container.Scrolling | Skin.HasSetting(alwaysShowScrollbars)] | Control.IsVisible(6002)">Conditional</animation>
		</control>
	  
		
    </control>
	
	
  </include>

</includes>