<?xml version="1.0" encoding="UTF-8"?>
<includes>

	<include name="view50">
		<control type="group">
			<visible>Control.IsVisible(50)</visible>
			
			<control type="group">
				<visible>Skin.HasSetting(View_50_ShowBGPanel)</visible>
				<include content="View_BGPanel">
					<param name="width2" value="33%" />
					<param name="width3" value="100" />
				</include>
			</control>
			
			<include content="PreferedThumb">
				<param name="id" value="50" />
			</include>
			
			<control type="group">
				<visible>$EXP[TrailerIsPlaying]</visible>
				<animation effect="fade" start="0" end="100" time="750">VisibleChange</animation>
				<top>0</top>
				<left>33%</left>
				<right>100</right>
				<bottom>0</bottom>
				
				<control type="image">
					<texture>colors/white.png</texture>
					<colordiffuse>ff000000</colordiffuse>
				</control>
				<control type="videowindow" />
			</control>
			
			<control type="panel" id="50">
				<animation effect="fade" start="100" end="0" time="650" condition="$EXP[TrailerIsPlaying]">conditional</animation>
				
				<orientation>vertical</orientation>
				<preloaditems>4</preloaditems>
				<scrolltime tween="quadratic">400</scrolltime>
				
				<left>35%</left>
				
				<include>MediaOffsetValues</include>
				<include>Oninfo_MovieSetInfo</include>
				<include>NavControl_Media</include>
				
				<viewtype label="535">list</viewtype>
				
				<itemlayout height="105">
					<control type="group">
					<height>90</height>
					<include content="list_panel">
						<param name="autoscroll" value="false" />
						<param name="highlightcolor" value="$VAR[color_lib_text_secondary]" />
					</include>
				</control>
			</itemlayout>
			<focusedlayout height="105">
				<include>SetPropOnFocus_HiddenButton</include>
				<control type="group">
					<height>90</height>
					<include>Animation_Item_Focus</include>
					<!-- <animation type="Focus" reversible="false">
						<effect type="zoom" end="103,103" time="200" tween="sine" easing="out" center="auto" />
						<effect type="zoom" end="98,98" time="150" tween="sine" delay="200" easing="out" center="auto" />
					</animation> -->
					<control type="group">
						<control type="image">
							<description>revisit alpha stuff cdiffuse and img bg texture</description>
							<left>40</left>
							<right>20</right>
							<bordertexture colordiffuse="$VAR[color_lib_text_main]">artworkdiffuse/list_borderfo.png</bordertexture>
							<texture colordiffuse="cc202020" background="true">colors/white50.png</texture>
							<bordersize>3</bordersize>
						</control>
						<include content="list_panel">
							<param name="autoscroll" value="true" />
							<param name="highlightcolor" value="$VAR[color_lib_accent]" />
						</include>
					</control>
					<control type="image">
						<description>make visible optional</description>
						<centertop>50%</centertop>
						<visible>false</visible>
						<left>14</left>
						<visible>true</visible>
						<width>60</width>
						<height>60</height>
						<texture colordiffuse="$VAR[color_lib_widgetitem_overlayicon]" diffuse="artworkdiffuse/circle.png" background="true">overlay/overlayplay.png</texture>
					</control>
				</control>
			</focusedlayout>
			</control>
			
			<include content="footer">
				<param name="view_id" value="50" />
				<param name="offset_leftpanel" value="25%" />
				<param name="media_flagalign" value="center" />
				<param name="media_flagwidth" value="30%" />
				<param name="rating_flagalign" value="center" />
			</include>
		</control>
	</include>
	
	<include name="list_panel">
		<control type="image">
			<width>90</width>
			<height>90</height>
			<description>temp workaround for def white or very bright border, may an if not cond needed def icons</description>
			<texture colordiffuse="cc181818">artworkdiffuse/circle.png</texture>
			<bordersize>6</bordersize>
			<visible>String.Contains(ListItem.Icon,default)</visible>
        </control>
		<control type="image">
			<description>het half cutted circle for icon border studio or thumb midgrey just as workaround</description>
			<width>90</width>
			<height>90</height>
			<texture background="true" diffuse="artworkdiffuse/circle.png">$VAR[ListItem_Icon]</texture>
			<bordertexture colordiffuse="$VAR[color_lib_text_main]">artworkdiffuse/circleborder.png</bordertexture>
			<aspectratio scalediffuse="false" aligny="center" align="center">scale</aspectratio>
			<bordersize>2</bordersize>
		</control>
		<control type="image">
			<description>dont put gif n apng to xbt compression</description>
			<centertop>50%</centertop>
			<left>14</left>
			<width>60</width>
			<height>60</height>
			<texture background="true">special://skin/extras/song_gifs/playingsong.gif</texture>
			<colordiffuse>$VAR[color_lib_text_main]</colordiffuse>
			<bordersize>4</bordersize>
			<visible>ListItem.IsPlaying</visible>
			<bordertexture colordiffuse="55000000">artworkdiffuse/circle.png</bordertexture>
		</control>
		<include content="List_2RowInfo">
			<param name="left" value="105" />
			<param name="right" value="250" />
			<param name="headlinefont" value="CommonTag" />
		</include>
		<control type="textbox">
			<centerbottom>25%</centerbottom>
			<autoscroll delay="2000" time="1500" repeat="1500">$PARAM[autoscroll]</autoscroll>
			<wrapmultiline>true</wrapmultiline>
			<font>CommonTag</font>
			<width>200</width>
			<right>90</right>
			<align>right</align>
			<aligny>top</aligny>
			<textcolor>$VAR[color_lib_text_main]</textcolor>
			<label>$VAR[ListItemDuration]</label>
		</control>
		<include content="StarsRating_Image">
			<centertop>30%</centertop>
			<right>85</right>
			<param name="width" value="110" />
			<param name="height" value="50" />
			<param name="colordiffuse" value="$PARAM[highlightcolor]" />
		</include>		
		
		<include content="ListItem_Indicators">
			<param name="watched_size" value="20" />
			<param name="folderind_size" value="50" />
		</include>
	</include>
	
	<variable name="ListItem_Icon">
		<value condition="!Skin.HasSetting(View_50_Prefer_Discart_Song) + [Container.Content(songs) | String.IsEqual(ListItem.dbtype,song)] + !String.IsEmpty(ListItem.Art(album.discart))">$INFO[ListItem.Art(album.discart)]</value>
		<value>$VAR[ImageLayout_poster]</value>	
	</variable>
	
	<variable name="PreferedThumb_Sourcing50">
		<value condition="String.IsEqual(ListItem.Label,..)">defaultfolderback.png</value>
		<value condition="String.IsEqual(ListItem.Label,$LOCALIZE[21452])">defaultaddoninputstream.png</value>
		<value condition="String.IsEqual(ListItem.Label,$LOCALIZE[20462])">defaultaddsource.png</value>
		
		<value condition="[Container.Content(studios) | String.IsEqual(ListItem.dbtype,studio)]">$INFO[ListItem.Label,resource://resource.images.studios.white/,.png]</value>
		
			<value condition="Window.IsActive(videos) + [Container.Content(genres) | String.IsEqual(ListItem.DBTYPE,genre)]">defaultgenre.png</value>
			<value condition="Window.IsActive(music) + [Container.Content(genres) | String.IsEqual(ListItem.DBTYPE,genre)]">defaultmusicgenres.png</value>
			<value condition="[Container.Content(directors) | String.IsEqual(ListItem.dbtype,director)]">defaultdirector.png</value>
			<value condition="[Container.Content(tags) | String.IsEqual(ListItem.dbtype,tag)]">defaulttags.png</value>
		
			<value condition="Container.Content(years)">defaultyear.png</value>
		
		<value condition="String.Contains(ListItem.Label,*) + !String.IsEmpty(Container.Art(thumb))">$INFO[Container.Art(thumb)]</value>
		
		
		<value condition="Skin.HasSetting(View_50_Prefer_Discart_Song) + !String.IsEmpty(ListItem.Art(album.discart)) + String.IsEqual(ListItem.dbtype,song)">$INFO[ListItem.Art(album.discart)]</value>
		<value condition="!String.IsEmpty(ListItem.Art(discart)) + [String.IsEqual(ListItem.dbtype,album) + Skin.HasSetting(View_50_Prefer_Discart_Album)] | [Window.IsActive(videos) + Skin.HasSetting(View_50_Prefer_Disc_Video)]">$INFO[ListItem.Art(discart)]</value>
		
		<value condition="Skin.HasSetting(View_50_Prefer_clearart) + !String.IsEmpty(ListItem.Art(clearart))">$INFO[ListItem.Art(clearart)]</value>
		<value condition="Skin.HasSetting(View_50_Prefer_clearart) + String.IsEmpty(ListItem.Art(clearart)) + !String.IsEmpty(ListItem.Art(characterart))">$INFO[ListItem.Art(characterart)]</value>
		<value condition="[Skin.HasSetting(View_50_Prefer_clearlogo) | [Skin.HasSetting(View_50_Prefer_clearart) + String.IsEmpty(ListItem.Art(clearart)) + String.IsEmpty(ListItem.Art(characterart))]] + !String.IsEmpty(ListItem.Art(clearlogo))">$INFO[ListItem.Art(clearlogo)]</value>
		
		
		<value condition="Skin.HasSetting(View_50_Prefer_landscape) + !String.IsEmpty(ListItem.Art(landscape))">$INFO[ListItem.Art(landscape)]</value>
		<value condition="Skin.HasSetting(View_50_Prefer_landscape) + String.IsEmpty(ListItem.Art(landscape)) + !String.IsEmpty(ListItem.Art(fanart))">$INFO[ListItem.Art(fanart)]</value>
		
		<value condition="Skin.HasSetting(View_50_Prefer_banner) + !String.IsEmpty(ListItem.Art(banner))">$INFO[ListItem.Art(banner)]</value>
		
		<value condition="Skin.HasSetting(View_50_Prefer_keyart) + !String.IsEmpty(ListItem.Art(keyart))">$INFO[ListItem.Art(keyart)]</value>
		
		<value condition="Skin.HasSetting(View_50_Prefer_animatedposter) + !String.IsEmpty(ListItem.Art(animatedposter))">$INFO[ListItem.Art(animatedposter)]</value>
		
		
		<value>$VAR[ImageLayout_poster]</value>
	</variable>	
	
	<!-- !ListItem.IsPlaying ,  !ListItem.IsRecording 
	
	set, watched, unwatched, tagged/marked as favourite ..?..
	
	
	shitty textures via paint,300x300
	-->
	<include name="ListItem_Indicators">
        <control type="group">
            <visible>!String.IsEqual(ListItem.Label,..)</visible>
            
			<control description="watched" type="image">
				<visible>!String.IsEqual(ListItem.dbtype,Set) + Integer.IsGreater(ListItem.PlayCount,0) + !ListItem.IsResumable</visible>
				<centertop>50%</centertop>
				<centerright>5%</centerright>
				<width>$PARAM[watched_size]</width>
				<height>$PARAM[watched_size]</height>
				<texture colordiffuse="$VAR[color_lib_watchedoverlay_watched]" diffuse="watched.png">colors/white.png</texture>
				<bordersize>2</bordersize>
				<bordertexture colordiffuse="$VAR[color_lib_watchedoverlay_frame]" diffuse="frames/bordercircle.png">colors/white50.png</bordertexture>
			</control>
            <control description="unwatched" type="image">
				<visible>!String.IsEqual(ListItem.dbtype,Set) + [String.IsEqual(ListItem.Overlay,OverlayUnWatched.png) + !ListItem.IsResumable]</visible>
				<centertop>50%</centertop>
				<centerright>5%</centerright>
				<width>$PARAM[watched_size]</width>
				<height>$PARAM[watched_size]</height>
				<texture colordiffuse="$VAR[color_lib_watchedoverlay_frame]" diffuse="frames/bordercircle.png">colors/white50.png</texture>
			</control>
			<control description="in progress" type="image">
				<visible>!String.IsEqual(ListItem.dbtype,Set) + [String.IsEqual(ListItem.Overlay,OverlayUnWatched.png) + ListItem.IsResumable]</visible>
				<centertop>50%</centertop>
				<centerright>5%</centerright>
				<width>$PARAM[watched_size]</width>
				<height>$PARAM[watched_size]</height>
				<texture colordiffuse="$VAR[color_lib_watchedoverlay_resumeable]" diffuse="progress.png">colors/white.png</texture>
				<bordersize>2</bordersize>
				<bordertexture colordiffuse="$VAR[color_lib_watchedoverlay_frame]" diffuse="frames/bordercircle.png">colors/white50.png</bordertexture>
			</control>
			<control description="set" type="image">
				<visible>String.IsEqual(ListItem.dbtype,Set)</visible>
				<centertop>50%</centertop>
				<centerright>5%</centerright>
				<width>$PARAM[folderind_size]</width>
				<height>$PARAM[folderind_size]</height>
				<texture colordiffuse="$VAR[color_lib_text_main]" diffuse="defaultsets.png">colors/white30.png</texture>
			</control>
        </control>
    </include>
    
    <include name="PreferedThumb">
			<control type="image">
				<left>5%</left>
				<centertop>51%</centertop>
				<width>26%</width>
				<visible>[
            Skin.HasSetting(View_$PARAM[id]_Prefer_Disc_Video) |
            Skin.HasSetting(View_$PARAM[id]_Prefer_Discart_Album) |
            Skin.HasSetting(View_$PARAM[id]_Prefer_Discart_Song) |
            Skin.HasSetting(View_$PARAM[id]_Prefer_clearlogo) |
            Skin.HasSetting(View_$PARAM[id]_Prefer_clearart)]
            </visible>
				<bordersize>2</bordersize>
				<bordertexture />
				<texture>$VAR[PreferedThumb_Sourcing50]</texture>
				<aspectratio aligny="center" align="center">keep</aspectratio>
			</control>
			
			<control type="image">
				<left>5%</left>
				<centertop>51%</centertop>
				<width>26%</width>
				<visible>![
            Skin.HasSetting(View_$PARAM[id]_Prefer_Disc_Video) |
            Skin.HasSetting(View_$PARAM[id]_Prefer_Discart_Album) |
            Skin.HasSetting(View_$PARAM[id]_Prefer_Discart_Song) |
            Skin.HasSetting(View_$PARAM[id]_Prefer_clearlogo) |
            Skin.HasSetting(View_$PARAM[id]_Prefer_clearart)]
            </visible>
				<bordersize>2</bordersize>
				<bordertexture border="5" colordiffuse="$VAR[color_lib_text_main]">frames/frame320x380.png</bordertexture>
				<texture>$VAR[PreferedThumb_Sourcing50]</texture>
				<aspectratio aligny="center" align="center">keep</aspectratio>
			</control>
	</include>
	
	
	<include name="List_2RowInfo">
		<control type="group">
			<visible>!String.IsEqual(ListItem.Label,..)</visible>
			<left>$PARAM[left]</left>
			<right>$PARAM[right]</right>
			<control type="label">
				<top>15</top>
				<height>30</height>
				<font>$PARAM[headlinefont]</font>
				<align>left</align>
				<aligny>top</aligny>
				<textcolor>$VAR[color_lib_text_main]</textcolor>
				<selectedcolor>$VAR[color_lib_selected]</selectedcolor>
				<label>$INFO[ListItem.Label,[B],[/B]]</label>
			</control>
			<control type="label">
				<top>45</top>
				<font>CommonTag</font>
				<align>left</align>
				<aligny>top</aligny>
				<textcolor>$VAR[color_lib_text_secondary]</textcolor>
				<selectedcolor>$VAR[color_lib_selected]</selectedcolor>
				<label>$VAR[ListItemPremieredOrYear,,     ]$INFO[ListItem.mpaa,,     ]$INFO[ListItem.genre,,     ]$VAR[ListLabel2]</label>
			</control>
		</control>
	</include>
	
	<include name="MediaOffsetValues">
		<param name="right" default="ScrollBarRight" />
		<definition>
			<top>Header</top>
			<right>$PARAM[right]</right>
			<bottom>Footer</bottom>
		</definition>
	</include>
			<!-- Skin.HasSetting(View_502_DisableFooter)
			
			!Skin.HasSetting(View_502_DisableFooter) -->
			
</includes>