﻿<?xml version="1.0" encoding="UTF-8"?>
	<window type="dialog" id="1110">
	<!--
	<window type="window" id="1110">
	-->
	<defaultcontrol always="true">101</defaultcontrol>
	<allowoverlay>true</allowoverlay>
	
	<!--onunload condition="Player.HasAudio">ReloadSkin()</onunload-->
	
	<!--zorder>2</zorder-->
		<!--coordinates>
			<system>1</system>
			<posx>0</posx>
			<posy>0</posy>
		</coordinates-->
	
	<controls>
	
		<!-- Visualisation -->
		<control type="visualisation">
			<include>WindowFadeAnimation</include>
			<include>FullscreenDimensions</include>
			<visible>Player.HasAudio</visible>
		</control>

		<!-- Artist slideshow -->
		<control type="multiimage">
			<include>WindowFadeAnimation</include>
			<include>FullscreenDimensions</include>
			<imagepath background="true">$INFO[Window(Visualisation).Property(ArtistSlideshow)]</imagepath>
			<aspectratio>keep</aspectratio>
			<timeperimage>10000</timeperimage>
			<fadetime>2000</fadetime>
			<randomize>true</randomize>
			<visible>Player.HasAudio + System.HasAddon(script.artistslideshow) + Skin.HasSetting(EnableArtistFanart)</visible>
			<animation effect="fade" start="100" end="50" time="0" condition="Skin.HasSetting(FadeArtistFanart)">Conditional</animation>
		</control>

		<!-- Sideblade -->

		<control type="image">
			<include>WindowFadeAnimation</include>
			<top>0</top>
			<left>0</left>
			<width>430</width>
			<height>1080</height>
			<texture colordiffuse="FF282828">common/Base.png</texture>
		</control>

		<!-- Sideblade Content -->
		<control type="group">
			<include>WindowFadeAnimation</include>
			<top>60</top>
			<left>0</left>
			
			<!-- Header Label -->
			<control type="label" id="100">
				<left>50</left>
				<top>0</top>
				<width>370</width>
				<height>48</height>
				<font>Font30</font>
				<textcolor>TextColor1</textcolor>
				<label>31120</label>
				<visible></visible>
			</control>
			
			<!-- App chooser List -->
			<control type="grouplist" id="101">
				<left>50</left>
				<top>70</top>
				<width>330</width>
				<height>60</height>
				<onup>101</onup>
				<ondown>102</ondown>
				<onleft>101</onleft>
				<onright>101</onright>
				<orientation>horizontal</orientation>
				
				<control type="button" id="1">
					<left>0</left>
					<top>0</top>
					<width>330</width>
					<height>60</height>
					<font>Font36</font>
					<textcolor>TextColor1</textcolor>
					<label>[UPPERCASE][B]$LOCALIZE[31121][/B][/UPPERCASE]</label>
					<onclick>noop</onclick>
					<onfocus>SetProperty(MusicAppBrowserApp,soundcloud)</onfocus>
					<onfocus>ClearProperty(MusicAppBrowserContent)</onfocus>
					<onfocus>ClearProperty(MusicAppBrowserSearchContent)</onfocus>
					<visible>true</visible>
				</control>
				
				<control type="button" id="2">
					<left>0</left>
					<top>0</top>
					<width>330</width>
					<height>60</height>
					<font>Font36</font>
					<textcolor>TextColor1</textcolor>
					<label>[UPPERCASE][B]$LOCALIZE[31122][/B][/UPPERCASE]</label>
					<onclick>noop</onclick>
					<onfocus>SetProperty(MusicAppBrowserApp,mixcloud)</onfocus>
					<onfocus>ClearProperty(MusicAppBrowserContent)</onfocus>
					<onfocus>ClearProperty(MusicAppBrowserSearchContent)</onfocus>
					<visible>true</visible>
				</control>
				
			</control>
			
			<control type="image">
				<top>83</top>
				<left>27</left>
				<width>20</width>
				<height>35</height>
				<texture colordiffuse="FFA2A2A2" flipx="true">common/ArrowRight2.png</texture>
				<aspectratio>stretch</aspectratio>
				<visible>ControlGroup(101).HasFocus + [Container(101).HasNext | Container(101).HasPrevious]</visible>
			</control>
			
			<control type="image">
				<top>83</top>
				<left>382</left>
				<width>20</width>
				<height>35</height>
				<texture colordiffuse="FFA2A2A2">common/ArrowRight2.png</texture>
				<aspectratio>stretch</aspectratio>
				<visible>ControlGroup(101).HasFocus + [Container(101).HasNext | Container(101).HasPrevious]</visible>
			</control>
			
			<!-- App chooser List (old) -->
			<!--
			<control type="list" id="101">
				<left>0</left>
				<top>70</top>
				<width>430</width>
				<height>60</height>
				<onup>101</onup>
				<ondown>102</ondown>
				<onleft>101</onleft>
				<onright>101</onright>
				<orientation>horizontal</orientation>
				<viewtype label="535">list</viewtype>
				<scrolltime tween="sine" easing="out">240</scrolltime>
				<visible></visible>

				<itemlayout height="60" width="430">
					<control type="label">
						<left>50</left>
						<top>0</top>
						<width>330</width>
						<height>60</height>
						<font>Font36</font>
						<label>$INFO[ListItem.Label]</label>
						<textcolor>TextColor2</textcolor>
					</control>
				</itemlayout>

				<focusedlayout height="60" width="430">
					<control type="label">
						<left>50</left>
						<top>0</top>
						<width>330</width>
						<height>60</height>
						<font>Font36</font>
						<label>$INFO[ListItem.Label]</label>
						<textcolor>TextColor1</textcolor>
						<shadowcolor>ShadowColor</shadowcolor>
					</control>
				</focusedlayout>
				
				<content>	
					<item id="1">
						<label>[UPPERCASE][B]Soundcloud[/B][/UPPERCASE]</label>
						<onclick>noop</onclick>
						<onfocus>SetProperty(AddonMusicBrowserApp,soundcloud)</onfocus>
						<visible>true</visible>
					</item>
					<item id="2">
						<label>[UPPERCASE][B]MixCloud[/B][/UPPERCASE]</label>
						<onclick>noop</onclick>
						<onfocus>SetProperty(AddonMusicBrowserApp,mixcloud)</onfocus>
						<visible>true</visible>
					</item>

				</content>

			</control>
			-->
			
				
			<!-- Search Button -->
			<control type="radiobutton" id="102">
				<left>30</left>
				<top>150</top>
				<width>370</width>
				<height>50</height>
				<onup>101</onup>
				<ondown>103</ondown>
				<onleft>102</onleft>
				<onright>200</onright>
				<align>left</align>
				<font>Font30</font>
				<label>137</label>
				<textoffsetx>20</textoffsetx>
				<texturefocus colordiffuse="CommonDialogButtonFO">common/Base.png</texturefocus>
				<texturenofocus colordiffuse="CommonDialogButtonNF">common/Base.png</texturenofocus>
				<onfocus>SetProperty(MusicAppBrowserContent,search)</onfocus>
				<onclick>SetProperty(MusicAppBrowserSearchContent,search)</onclick>
				<textureradioonfocus>AddonMusicBrowser/Search.png</textureradioonfocus>
				<textureradioonnofocus colordiffuse="TextColor2">AddonMusicBrowser/Search.png</textureradioonnofocus>
				<textureradioofffocus>AddonMusicBrowser/Search.png</textureradioofffocus>
				<textureradiooffnofocus colordiffuse="TextColor2">AddonMusicBrowser/Search.png</textureradiooffnofocus>
				<radiowidth>40</radiowidth>
				<radioheight>40</radioheight>
			</control>
			
			<!-- Search Button (old) -->
			<!--
			<control type="button" id="102">
				<left>30</left>
				<top>150</top>
				<width>370</width>
				<height>50</height>
				<onup>101</onup>
				<ondown>103</ondown>
				<onleft>102</onleft>
				<onright>200</onright>
				<align>left</align>
				<font>Font30</font>
				<label>search</label>
				<textoffsetx>20</textoffsetx>
				<texturefocus colordiffuse="CommonDialogButtonFO">common/Base.png</texturefocus>
				<texturenofocus colordiffuse="CommonDialogButtonNF">common/Base.png</texturenofocus>
				<onfocus>SetProperty(MusicAppBrowserContent,search)</onfocus>
				<onclick>SetProperty(MusicAppBrowserSearchContent,search)</onclick>
			</control>
			-->
			
			<!-- Trending Button -->
			<control type="button" id="103">
				<left>0</left>
				<top>245</top>
				<width>430</width>
				<height>60</height>
				<onup>102</onup>
				<ondown>104</ondown>
				<onleft>103</onleft>
				<onright>200</onright>
				<font>Font30</font>
				<label>31123</label>
				<align>left</align>
				<textcolor>TextColor1</textcolor>
				<textoffsetx>50</textoffsetx>
				<texturefocus colordiffuse="CommonDialogButtonFO">common/Base.png</texturefocus>
				<onfocus>SetProperty(MusicAppBrowserContent,trending)</onfocus>
				<onfocus>ClearProperty(MusicAppBrowserSearchContent)</onfocus>
				<animation effect="slide" start="0,0" end="0,-30" time="200" condition="StringCompare(Window(1110).Property(MusicAppBrowserApp),mixcloud)">Conditional</animation>
			</control>
			
			<!-- Hystory Button -->
			<control type="button" id="104">
				<left>0</left>
				<top>270</top>
				<width>430</width>
				<height>60</height>
				<onup>103</onup>
				<ondown>105</ondown>
				<onleft>104</onleft>
				<onright>200</onright>
				<font>Font30</font>
				<label>31124</label>
				<align>left</align>
				<textcolor>TextColor1</textcolor>
				<textoffsetx>50</textoffsetx>
				<texturefocus colordiffuse="CommonDialogButtonFO">common/Base.png</texturefocus>
				<onfocus>SetProperty(MusicAppBrowserContent,hystory)</onfocus>
				<onfocus>ClearProperty(MusicAppBrowserSearchContent)</onfocus>
				<visible>StringCompare(Window(1110).Property(MusicAppBrowserApp),mixcloud)</visible>
			</control>
			
			
			
			<!-- Genreheader Label -->
			<control type="label">
				<left>50</left>
				<top>370</top>
				<width>330</width>
				<height>48</height>
				<font>Font30</font>
				<textcolor>TextColor2</textcolor>
				<label>$LOCALIZE[135]:</label>
				<visible></visible>
				<animation effect="slide" start="0,0" end="0,-40" time="200" condition="Player.HasMedia">Conditional</animation>
			</control>
			
			<!-- Separator -->
			<control type="image">
				<left>50</left>
				<top>420</top>
				<width>330</width>
				<height>2</height>
				<texture colordiffuse="FF565656">common/Base.png</texture>
				<animation effect="slide" start="0,0" end="0,-40" time="200" condition="Player.HasMedia">Conditional</animation>
			</control>
			
			
			<!-- App Genre List -->
			<control type="list" id="105">
				<left>0</left>
				<top>430</top>
				<width>430</width>
				<height>550</height>
				<onup>104</onup>
				<ondown>105</ondown>
				<onleft>105</onleft>
				<onright>200</onright>
				<!--pagecontrol>-</pagecontrol-->
				<orientation>vertical</orientation>
				<onfocus>SetProperty(MusicAppBrowserContent,genres)</onfocus>
				<scrolltime tween="sine" easing="out">240</scrolltime>
				<animation effect="slide" start="0,0" end="0,-40" time="200" condition="Player.HasMedia">Conditional</animation>
				<visible></visible>

				<itemlayout height="60" width="430">
					<control type="label">
						<left>50</left>
						<top>0</top>
						<width>330</width>
						<height>60</height>
						<font>Font30</font>
						<label>$INFO[ListItem.Label]</label>
						<textcolor>TextColor1</textcolor>
					</control>
				</itemlayout>

				<focusedlayout height="60" width="430">
					<control type="image">
						<top>0</top>
						<left>0</left>
						<width>430</width>
						<height>60</height>
						<texture colordiffuse="CommonDialogButtonFO">common/Base.png</texture>
						<aspectratio>stretch</aspectratio>
						<visible>Control.HasFocus(105)</visible>
					</control>
					<control type="label">
						<left>50</left>
						<top>0</top>
						<width>330</width>
						<height>60</height>
						<font>Font30</font>
						<label>$INFO[ListItem.Label]</label>
						<textcolor>TextColor1</textcolor>
						<shadowcolor>ShadowColor</shadowcolor>
						<visible>Control.HasFocus(105)</visible>
					</control>
					<control type="label">
						<left>50</left>
						<top>0</top>
						<width>330</width>
						<height>60</height>
						<font>Font30</font>
						<label>$INFO[ListItem.Label]</label>
						<textcolor>TextColor1</textcolor>
						<shadowcolor>ShadowColor</shadowcolor>
						<visible>!Control.HasFocus(105)</visible>
					</control>
				</focusedlayout>
				
				<content>$VAR[CustomMusicAddonBrowserGenrelist]</content>  <!-- plugin://plugin.audio.soundcloud/explore/genre/music/ -->

			</control>
			
		</control>
		
		
		<!-- Fanart -->
		<control type="group">
			<include>WindowFadeAnimation</include>
			<top>0</top>
			<left>430</left>
			<animation effect="slide" start="0,0" end="0,-160" time="200" condition="StringCompare(Window(1110).Property(MusicAppBrowserContent),search) + !StringCompare(Window(1110).Property(MusicAppBrowserSearchContent),search)">Conditional</animation>
			
			<animation effect="fade" start="100" end="75" time="0" condition="Player.HasAudio + Visualisation.Enabled">Conditional</animation>  <!--  + Skin.HasSetting(BackgroundVisualisation) -->
			<control type="image">
				<top>0</top>
				<left>0</left>
				<width>1500</width>
				<height>1030</height>
				<texture>$VAR[CustomMusicAddonBrowserFanart]</texture>
				<aspectratio>scale</aspectratio>
			</control>
			
			<control type="image">
				<top>-300</top>
				<left>0</left>
				<width>1500</width>
				<height>1030</height>
				<texture>$INFO[Container(200)ListItem.Art(fanart)]</texture>
				<aspectratio>scale</aspectratio>
			</control>
		
		</control>
		
		<!-- Close Window Button -->
		<control type="button">
			<include>WindowFadeAnimation</include>
			<right>50</right>
			<top>0</top>
			<width>120</width>
			<height>50</height>
			<label>[B]x[/B]</label>
			<font>Font42</font>
			<align>center</align>
			<aligny>bottom</aligny>
			<textoffsetx></textoffsetx>
			<textoffsety>-12</textoffsety>
			<onclick>ReloadSkin()</onclick>
			<texturefocus border="15" colordiffuse="CommonDialogButtonFO">Buttons/DialogCloseButton.png</texturefocus>
			<texturenofocus border="15" colordiffuse="CommonDialogButtonNF">Buttons/DialogCloseButton.png</texturenofocus>
			<visible>system.getbool(input.enablemouse) + Skin.HasSetting(ShowMouseButtons)</visible>
		</control>
		
		<!-- Header label -->
		<control type="label">
			<include>WindowFadeAnimation</include>
			<top>200r</top>
			<left>480</left>
			<width>1500</width>
			<height>80</height>
			<font>Font72</font>
			<label>$VAR[CustomMusicAddonBrowserContentHeaderLabel]</label>
			<textcolor>TextColor2</textcolor>
			<!--shadowcolor>ShadowColor2</shadowcolor-->
			<animation effect="slide" start="0,0" end="0,-640" time="200" condition="StringCompare(Window(1110).Property(MusicAppBrowserContent),trending) | StringCompare(Window(1110).Property(MusicAppBrowserContent),hystory) | StringCompare(Window(1110).Property(MusicAppBrowserContent),genres) | [StringCompare(Window(1110).Property(MusicAppBrowserContent),search) + StringCompare(Window(1110).Property(MusicAppBrowserSearchContent),search)]">Conditional</animation>
			<animation effect="slide" start="0,0" end="0,-320" time="200" condition="StringCompare(Window(1110).Property(MusicAppBrowserContent),search) + !StringCompare(Window(1110).Property(MusicAppBrowserSearchContent),search)">Conditional</animation>
			<animation effect="slide" start="0,0" end="0,-40" time="200" condition="Player.HasMedia">Conditional</animation>
		</control>
		
		
		<!-- App Content (right) -->
		<control type="group">
			<include>WindowFadeAnimation</include>
			<top>110r</top>
			<left>430</left>
			<animation effect="slide" start="0,0" end="0,-640" time="200" condition="StringCompare(Window(1110).Property(MusicAppBrowserContent),trending) | StringCompare(Window(1110).Property(MusicAppBrowserContent),hystory) | StringCompare(Window(1110).Property(MusicAppBrowserContent),genres) | [StringCompare(Window(1110).Property(MusicAppBrowserContent),search) + StringCompare(Window(1110).Property(MusicAppBrowserSearchContent),search)]">Conditional</animation>
			<animation effect="slide" start="0,0" end="0,-320" time="200" condition="StringCompare(Window(1110).Property(MusicAppBrowserContent),search) + !StringCompare(Window(1110).Property(MusicAppBrowserSearchContent),search)">Conditional</animation>
			<animation effect="slide" start="0,0" end="0,-40" time="200" condition="Player.HasMedia">Conditional</animation>
			
			<control type="image">
				<top>0</top>
				<left>0</left>
				<width>1500</width>
				<height>750</height>
				<texture colordiffuse="FFF2F2F2">common/Base.png</texture>
				<aspectratio>scale</aspectratio>
			</control>
			
			<control type="image">
				<top>0</top>
				<left>0</left>
				<width>1500</width>
				<height>60</height>
				<texture colordiffuse="FFC2C2C2">common/Base.png</texture>
				<aspectratio>scale</aspectratio>
			</control>
			
			<!-- View Button -->
			<control type="togglebutton" id="210">
				<left>50</left>
				<top>10</top>
				<width>270</width>
				<height>40</height>
				<onup>noop</onup>
				<ondown>200</ondown>
				<onleft>noop</onleft>
				<onright>211</onright>
				<font>Font30</font>
				<textcolor>TextColorDark2</textcolor>
				<focusedcolor>TextColorDark1</focusedcolor>
				<disabledcolor>DisabledColor</disabledcolor>
				<label>100</label>
				<label2>536</label2>
				<altlabel>101</altlabel>
				<altlabel2>535</altlabel2>
				<textoffsetx>15</textoffsetx>
				<usealttexture>Skin.HasSetting(ViewtypeList)</usealttexture>
				<texturefocus colordiffuse="CommonDialogButtonFO">common/Base.png</texturefocus>
				<alttexturefocus colordiffuse="CommonDialogButtonFO">common/Base.png</alttexturefocus>
				<onclick>Skin.ToggleSetting(ViewtypeList)</onclick>
				<visible>true</visible>
			</control>
			
			<!-- Page Button -->
			<!--
			<control type="togglebutton" id="211">
				<right>30</right>
				<top>10</top>
				<width>270</width>
				<height>40</height>
				<onup>noop</onup>
				<ondown>200</ondown>
				<onleft>210</onleft>
				<onright>noop</onright>
				<font>Font30</font>
				<textcolor>TextColorDark2</textcolor>
				<focusedcolor>TextColorDark1</focusedcolor>
				<disabledcolor>DisabledColor</disabledcolor>
				<label>Page: 1</label>
				<label2>Panel</label2>
				<altlabel>Page: 2</altlabel>
				<altlabel2>List</altlabel2>
				<textoffsetx>15</textoffsetx>
				<align>right</align>
				<usealttexture>Skin.HasSetting(Page2)</usealttexture>
				<texturefocus colordiffuse="CommonDialogButtonFO">common/Base.png</texturefocus>
				<alttexturefocus colordiffuse="CommonDialogButtonFO">common/Base.png</alttexturefocus>
				<onclick>Skin.ToggleSetting(Page2)</onclick>
				<visible>true</visible>
			</control>
			-->
			
			<!-- Testlabel -->
			<!--
			<control type="label" id="223">
				<left>50</left>
				<top>0</top>
				<width>1500</width>
				<height>60</height>
				<font>Font30</font>
				<label>$INFO[Container(200).ListItem.Label]</label>  <!-- $VAR[CustomMusicAddonBrowserContent] /  • $ADDON[plugin.audio.soundcloud 30110] ->
				<textcolor>TextColorDark1</textcolor>
			</control>
			-->
			
			<!-- App Content Panel -->
			<control type="panel" id="200">
				<left>50</left>
				<top>100</top>
				<width>1380</width>
				<height>600</height>
				<!--
				<include condition="!StringCompare(Window(1110).Property(MusicAppBrowserContent),search) | [StringCompare(Window(1110).Property(MusicAppBrowserContent),search) + StringCompare(Window(1110).Property(MusicAppBrowserSearchContent),search)]">height600</include>
				<include condition="StringCompare(Window(1110).Property(MusicAppBrowserContent),search) + !StringCompare(Window(1110).Property(MusicAppBrowserSearchContent),search)">height600</include>
				-->
				<onup>210</onup>
				<ondown>200</ondown>
				<onleft condition="StringCompare(Window(1110).Property(MusicAppBrowserContent),search)">102</onleft>
				<onleft condition="StringCompare(Window(1110).Property(MusicAppBrowserContent),trending)">103</onleft>
				<onleft condition="StringCompare(Window(1110).Property(MusicAppBrowserContent),genres)">105</onleft>
				<onright>60</onright>
				<!--onclick condition="String.StartsWith(Container(200).ListItem.Label,$LOCALIZE[33078])">SetProperty(MusicAppBrowserContentSide,Side2)</onclick>  <!-- property used to show next page content -> clear it on focus on left menu -->
				<pagecontrol>60</pagecontrol>
				<orientation>vertical</orientation>
				<viewtype label="535">thumbnail</viewtype>
				<scrolltime tween="sine" easing="out">240</scrolltime>
				<visible>!Skin.HasSetting(ViewtypeList) + [!StringCompare(Window(1110).Property(MusicAppBrowserContent),search) | [StringCompare(Window(1110).Property(MusicAppBrowserContent),search) + StringCompare(Window(1110).Property(MusicAppBrowserSearchContent),search)]]</visible>

				<itemlayout height="300" width="230">
					<control type="image">
						<top>5</top>
						<left>5</left>
						<width>220</width>
						<height>220</height>
						<texture>$INFO[ListItem.Icon]</texture>
						<bordertexture border="7">Borders/BorderNF.png</bordertexture>
						<bordersize>5</bordersize>
						<aspectratio>stretch</aspectratio>
						<visible>true</visible>
					</control>
					<control type="label">
						<left>10</left>
						<top>230</top>
						<width>210</width>
						<height>30</height>
						<font>Font25</font>
						<label>$INFO[ListItem.Label]</label>
						<textcolor>TextColorDark2</textcolor>
					</control>
					<control type="label">
						<left>10</left>
						<top>265</top>
						<width>210</width>
						<height>30</height>
						<font>Font25</font>
						<label>$INFO[ListItem.Artist]</label>
						<textcolor>TextColorDark2</textcolor>
						<animation effect="slide" start="0,0" end="0,-5" time="0" condition="true">Conditional</animation>
					</control>
					<control type="label">
						<right>10</right>
						<top>265</top>
						<width>210</width>
						<height>30</height>
						<font>Font25</font>
						<label>$INFO[ListItem.Duration]</label>
						<align>right</align>
						<textcolor>TextColorDark2</textcolor>
						<animation effect="slide" start="0,0" end="0,-5" time="0" condition="true">Conditional</animation>
					</control>
				</itemlayout>

				<focusedlayout height="300" width="230">
					<control type="image">
						<top>5</top>
						<left>5</left>
						<width>220</width>
						<height>220</height>
						<texture>$INFO[ListItem.Icon]</texture>
						<bordertexture border="7" colordiffuse="$VAR[HighlightColor]">Borders/BorderFO.png</bordertexture>
						<bordersize>5</bordersize>
						<aspectratio>stretch</aspectratio>
						<visible>Control.HasFocus(200)</visible>
					</control>
					<control type="image">
						<top>5</top>
						<left>5</left>
						<width>220</width>
						<height>220</height>
						<texture>$INFO[ListItem.Icon]</texture>
						<bordertexture border="7">Borders/BorderNF.png</bordertexture>
						<bordersize>5</bordersize>
						<aspectratio>stretch</aspectratio>
						<visible>!Control.HasFocus(200)</visible>
					</control>
					<control type="label">
						<left>10</left>
						<top>230</top>
						<width>210</width>
						<height>30</height>
						<font>Font25</font>
						<label>$INFO[ListItem.Label]</label>
						<textcolor>TextColorDark1</textcolor>
						<shadowcolor>ShadowColor</shadowcolor>
						<visible>Control.HasFocus(200)</visible>
					</control>
					<control type="label">
						<left>10</left>
						<top>230</top>
						<width>210</width>
						<height>30</height>
						<font>Font25</font>
						<label>$INFO[ListItem.Label]</label>
						<textcolor>TextColorDark1</textcolor>
						<shadowcolor>ShadowColor</shadowcolor>
						<visible>!Control.HasFocus(200)</visible>
					</control>
					<control type="label">
						<left>10</left>
						<top>265</top>
						<width>210</width>
						<height>30</height>
						<font>Font25</font>
						<label>$INFO[ListItem.Artist]</label>
						<textcolor>TextColorDark1</textcolor>
						<animation effect="slide" start="0,0" end="0,-5" time="0" condition="true">Conditional</animation>
						<visible>Control.HasFocus(200)</visible>
					</control>
					<control type="label">
						<right>10</right>
						<top>265</top>
						<width>210</width>
						<height>30</height>
						<font>Font25</font>
						<label>$INFO[ListItem.Duration]</label>
						<align>right</align>
						<textcolor>TextColorDark1</textcolor>
						<animation effect="slide" start="0,0" end="0,-5" time="0" condition="true">Conditional</animation>
						<visible>Control.HasFocus(200)</visible>
					</control>
					<control type="label">
						<left>10</left>
						<top>265</top>
						<width>210</width>
						<height>30</height>
						<font>Font25</font>
						<label>$INFO[ListItem.Artist]</label>
						<textcolor>TextColorDark2</textcolor>
						<animation effect="slide" start="0,0" end="0,-5" time="0" condition="true">Conditional</animation>
						<visible>!Control.HasFocus(200)</visible>
					</control>
					<control type="label">
						<right>10</right>
						<top>265</top>
						<width>210</width>
						<height>30</height>
						<font>Font25</font>
						<label>$INFO[ListItem.Duration]</label>
						<align>right</align>
						<textcolor>TextColorDark2</textcolor>
						<animation effect="slide" start="0,0" end="0,-5" time="0" condition="true">Conditional</animation>
						<visible>!Control.HasFocus(200)</visible>
					</control>
				</focusedlayout>
				
				<content target="music">$VAR[CustomMusicAddonBrowserContent]</content>

			</control>
			
			<!-- App Content Panel -->
			<control type="panel" id="200">
				<left>50</left>
				<top>100</top>
				<width>1380</width>
				<height>300</height>
				<!--
				<include condition="!StringCompare(Window(1110).Property(MusicAppBrowserContent),search) | [StringCompare(Window(1110).Property(MusicAppBrowserContent),search) + StringCompare(Window(1110).Property(MusicAppBrowserSearchContent),search)]">height600</include>
				<include condition="StringCompare(Window(1110).Property(MusicAppBrowserContent),search) + !StringCompare(Window(1110).Property(MusicAppBrowserSearchContent),search)">height600</include>
				-->
				<onup>210</onup>
				<ondown>200</ondown>
				<onleft condition="StringCompare(Window(1110).Property(MusicAppBrowserContent),search)">102</onleft>
				<onleft condition="StringCompare(Window(1110).Property(MusicAppBrowserContent),trending)">103</onleft>
				<onleft condition="StringCompare(Window(1110).Property(MusicAppBrowserContent),genres)">105</onleft>
				<onright>60</onright>
				<pagecontrol>60</pagecontrol>
				<orientation>horizontal</orientation>
				<viewtype label="535">thumbnail</viewtype>
				<scrolltime tween="sine" easing="out">240</scrolltime>
				<visible>!Skin.HasSetting(ViewtypeList) + [StringCompare(Window(1110).Property(MusicAppBrowserContent),search) + !StringCompare(Window(1110).Property(MusicAppBrowserSearchContent),search)]</visible>

				<itemlayout height="300" width="230">
					<control type="image">
						<top>5</top>
						<left>5</left>
						<width>220</width>
						<height>220</height>
						<texture>$INFO[ListItem.Icon]</texture>
						<bordertexture border="7">Borders/BorderNF.png</bordertexture>
						<bordersize>5</bordersize>
						<aspectratio>stretch</aspectratio>
						<visible></visible>
					</control>
					<control type="label">
						<left>10</left>
						<top>230</top>
						<width>210</width>
						<height>30</height>
						<font>Font25</font>
						<label>$INFO[ListItem.Label]</label>
						<textcolor>TextColorDark2</textcolor>
					</control>
					<control type="label">
						<left>10</left>
						<top>265</top>
						<width>210</width>
						<height>30</height>
						<font>Font25</font>
						<label>$INFO[ListItem.Artist]</label>
						<textcolor>TextColorDark2</textcolor>
						<animation effect="slide" start="0,0" end="0,-5" time="0" condition="true">Conditional</animation>
					</control>
					<control type="label">
						<right>10</right>
						<top>265</top>
						<width>210</width>
						<height>30</height>
						<font>Font25</font>
						<label>$INFO[ListItem.Duration]</label>
						<align>right</align>
						<textcolor>TextColorDark2</textcolor>
						<animation effect="slide" start="0,0" end="0,-5" time="0" condition="true">Conditional</animation>
					</control>
				</itemlayout>

				<focusedlayout height="300" width="230">
					<control type="image">
						<top>5</top>
						<left>5</left>
						<width>220</width>
						<height>220</height>
						<texture>$INFO[ListItem.Icon]</texture>
						<bordertexture border="7" colordiffuse="$VAR[HighlightColor]">Borders/BorderFO.png</bordertexture>
						<bordersize>5</bordersize>
						<aspectratio>stretch</aspectratio>
						<visible>Control.HasFocus(200)</visible>
					</control>
					<control type="image">
						<top>5</top>
						<left>5</left>
						<width>220</width>
						<height>220</height>
						<texture>$INFO[ListItem.Icon]</texture>
						<bordertexture border="7">Borders/BorderNF.png</bordertexture>
						<bordersize>5</bordersize>
						<aspectratio>stretch</aspectratio>
						<visible>!Control.HasFocus(200)</visible>
					</control>
					<control type="label">
						<left>10</left>
						<top>230</top>
						<width>210</width>
						<height>30</height>
						<font>Font25</font>
						<label>$INFO[ListItem.Label]</label>
						<textcolor>TextColorDark1</textcolor>
						<shadowcolor>ShadowColor</shadowcolor>
						<visible>Control.HasFocus(200)</visible>
					</control>
					<control type="label">
						<left>10</left>
						<top>230</top>
						<width>210</width>
						<height>30</height>
						<font>Font25</font>
						<label>$INFO[ListItem.Label]</label>
						<textcolor>TextColorDark1</textcolor>
						<shadowcolor>ShadowColor</shadowcolor>
						<visible>!Control.HasFocus(200)</visible>
					</control>
					<control type="label">
						<left>10</left>
						<top>265</top>
						<width>210</width>
						<height>30</height>
						<font>Font25</font>
						<label>$INFO[ListItem.Artist]</label>
						<textcolor>TextColorDark1</textcolor>
						<animation effect="slide" start="0,0" end="0,-5" time="0" condition="true">Conditional</animation>
						<visible>Control.HasFocus(200)</visible>
					</control>
					<control type="label">
						<right>10</right>
						<top>265</top>
						<width>210</width>
						<height>30</height>
						<font>Font25</font>
						<label>$INFO[ListItem.Duration]</label>
						<align>right</align>
						<textcolor>TextColorDark1</textcolor>
						<animation effect="slide" start="0,0" end="0,-5" time="0" condition="true">Conditional</animation>
						<visible>Control.HasFocus(200)</visible>
					</control>
					<control type="label">
						<left>10</left>
						<top>265</top>
						<width>210</width>
						<height>30</height>
						<font>Font25</font>
						<label>$INFO[ListItem.Artist]</label>
						<textcolor>TextColorDark2</textcolor>
						<animation effect="slide" start="0,0" end="0,-5" time="0" condition="true">Conditional</animation>
						<visible>!Control.HasFocus(200)</visible>
					</control>
					<control type="label">
						<right>10</right>
						<top>265</top>
						<width>210</width>
						<height>30</height>
						<font>Font25</font>
						<label>$INFO[ListItem.Duration]</label>
						<align>right</align>
						<textcolor>TextColorDark2</textcolor>
						<animation effect="slide" start="0,0" end="0,-5" time="0" condition="true">Conditional</animation>
						<visible>!Control.HasFocus(200)</visible>
					</control>
				</focusedlayout>
				
				<content target="music">$VAR[CustomMusicAddonBrowserContent]</content>

			</control>
			
			
			
			<!-- App Content List -->
			<control type="list" id="200">
				<left>10</left>
				<top>100</top>
				<width>1500</width>
				<height>600</height>
				<onup>210</onup>
				<ondown>200</ondown>
				<onleft condition="StringCompare(Window(1110).Property(MusicAppBrowserContent),search)">102</onleft>
				<onleft condition="StringCompare(Window(1110).Property(MusicAppBrowserContent),trending)">103</onleft>
				<onleft condition="StringCompare(Window(1110).Property(MusicAppBrowserContent),genres)">105</onleft>
				<onright>60</onright>
				<pagecontrol>60</pagecontrol>
				<orientation>vertical</orientation>
				<viewtype label="535">thumbnail</viewtype>
				<scrolltime tween="sine" easing="out">240</scrolltime>
				<visible>Skin.HasSetting(ViewtypeList) + [!StringCompare(Window(1110).Property(MusicAppBrowserContent),search) | [StringCompare(Window(1110).Property(MusicAppBrowserContent),search) + StringCompare(Window(1110).Property(MusicAppBrowserSearchContent),search)]]</visible>

				<itemlayout height="60" width="1500">
					<control type="image">
						<left>0</left>
						<top>0</top>
						<width>1450</width>
						<height>60</height>
						<texture colordiffuse="FFe8e8e8">common/Base.png</texture>
						<aspectratio>stretch</aspectratio>
						<visible>StringCompare(Container(200).ListItemAbsolute(0).Label,ListItem.Label) | StringCompare(Container(200).ListItemAbsolute(2).Label,ListItem.Label) | StringCompare(Container(200).ListItemAbsolute(4).Label,ListItem.Label) | StringCompare(Container(200).ListItemAbsolute(6).Label,ListItem.Label) | StringCompare(Container(200).ListItemAbsolute(8).Label,ListItem.Label) | StringCompare(Container(200).ListItemAbsolute(10).Label,ListItem.Label) | StringCompare(Container(200).ListItemAbsolute(12).Label,ListItem.Label) | StringCompare(Container(200).ListItemAbsolute(14).Label,ListItem.Label) | StringCompare(Container(200).ListItemAbsolute(16).Label,ListItem.Label) | StringCompare(Container(200).ListItemAbsolute(18).Label,ListItem.Label) | StringCompare(Container(200).ListItemAbsolute(20).Label,ListItem.Label) | StringCompare(Container(200).ListItemAbsolute(22).Label,ListItem.Label) | StringCompare(Container(200).ListItemAbsolute(24).Label,ListItem.Label) | StringCompare(Container(200).ListItemAbsolute(26).Label,ListItem.Label) | StringCompare(Container(200).ListItemAbsolute(28).Label,ListItem.Label) | StringCompare(Container(200).ListItemAbsolute(30).Label,ListItem.Label) | StringCompare(Container(200).ListItemAbsolute(32).Label,ListItem.Label) | StringCompare(Container(200).ListItemAbsolute(34).Label,ListItem.Label) | StringCompare(Container(200).ListItemAbsolute(36).Label,ListItem.Label) | StringCompare(Container(200).ListItemAbsolute(38).Label,ListItem.Label) | StringCompare(Container(200).ListItemAbsolute(40).Label,ListItem.Label) | StringCompare(Container(200).ListItemAbsolute(42).Label,ListItem.Label) | StringCompare(Container(200).ListItemAbsolute(44).Label,ListItem.Label) | StringCompare(Container(200).ListItemAbsolute(46).Label,ListItem.Label) | StringCompare(Container(200).ListItemAbsolute(48).Label,ListItem.Label) | StringCompare(Container(200).ListItemAbsolute(50).Label,ListItem.Label) | StringCompare(Container(200).ListItemAbsolute(52).Label,ListItem.Label) | StringCompare(Container(200).ListItemAbsolute(54).Label,ListItem.Label) | StringCompare(Container(200).ListItemAbsolute(56).Label,ListItem.Label) | StringCompare(Container(200).ListItemAbsolute(58).Label,ListItem.Label) | StringCompare(Container(200).ListItemAbsolute(60).Label,ListItem.Label)</visible>
					</control>
					<control type="image">
						<top>5</top>
						<left>40</left>
						<width>50</width>
						<height>50</height>
						<texture>$INFO[ListItem.Icon]</texture>
						<bordertexture border="7">Borders/BorderNF.png</bordertexture>
						<bordersize>5</bordersize>
						<aspectratio>stretch</aspectratio>
						<visible></visible>
					</control>
					<control type="label">
						<left>100</left>
						<top>0</top>
						<width>710</width>
						<height>60</height>
						<font>Font30</font>
						<label>$INFO[ListItem.Label]</label>
						<textcolor>TextColorDark2</textcolor>
					</control>
					<control type="label">
						<left>830</left>
						<top>0</top>
						<width>370</width>
						<height>60</height>
						<font>Font30</font>
						<label>$INFO[ListItem.Artist]</label>
						<textcolor>TextColorDark2</textcolor>
					</control>
					<control type="label">
						<left>1210</left>
						<top>0</top>
						<width>210</width>
						<height>60</height>
						<font>Font30</font>
						<label>$INFO[ListItem.Duration]</label>
						<align>right</align>
						<textcolor>TextColorDark2</textcolor>
					</control>
				</itemlayout>

				<focusedlayout height="60" width="1500">
					<control type="image">
						<left>0</left>
						<top>0</top>
						<width>1450</width>
						<height>60</height>
						<texture colordiffuse="FFe8e8e8">common/Base.png</texture>
						<aspectratio>stretch</aspectratio>
						<visible>StringCompare(Container(200).ListItemAbsolute(0).Label,ListItem.Label) | StringCompare(Container(200).ListItemAbsolute(2).Label,ListItem.Label) | StringCompare(Container(200).ListItemAbsolute(4).Label,ListItem.Label) | StringCompare(Container(200).ListItemAbsolute(6).Label,ListItem.Label) | StringCompare(Container(200).ListItemAbsolute(8).Label,ListItem.Label) | StringCompare(Container(200).ListItemAbsolute(10).Label,ListItem.Label) | StringCompare(Container(200).ListItemAbsolute(12).Label,ListItem.Label) | StringCompare(Container(200).ListItemAbsolute(14).Label,ListItem.Label) | StringCompare(Container(200).ListItemAbsolute(16).Label,ListItem.Label) | StringCompare(Container(200).ListItemAbsolute(18).Label,ListItem.Label) | StringCompare(Container(200).ListItemAbsolute(20).Label,ListItem.Label) | StringCompare(Container(200).ListItemAbsolute(22).Label,ListItem.Label) | StringCompare(Container(200).ListItemAbsolute(24).Label,ListItem.Label) | StringCompare(Container(200).ListItemAbsolute(26).Label,ListItem.Label) | StringCompare(Container(200).ListItemAbsolute(28).Label,ListItem.Label) | StringCompare(Container(200).ListItemAbsolute(30).Label,ListItem.Label) | StringCompare(Container(200).ListItemAbsolute(32).Label,ListItem.Label) | StringCompare(Container(200).ListItemAbsolute(34).Label,ListItem.Label) | StringCompare(Container(200).ListItemAbsolute(36).Label,ListItem.Label) | StringCompare(Container(200).ListItemAbsolute(38).Label,ListItem.Label) | StringCompare(Container(200).ListItemAbsolute(40).Label,ListItem.Label) | StringCompare(Container(200).ListItemAbsolute(42).Label,ListItem.Label) | StringCompare(Container(200).ListItemAbsolute(44).Label,ListItem.Label) | StringCompare(Container(200).ListItemAbsolute(46).Label,ListItem.Label) | StringCompare(Container(200).ListItemAbsolute(48).Label,ListItem.Label) | StringCompare(Container(200).ListItemAbsolute(50).Label,ListItem.Label) | StringCompare(Container(200).ListItemAbsolute(52).Label,ListItem.Label) | StringCompare(Container(200).ListItemAbsolute(54).Label,ListItem.Label) | StringCompare(Container(200).ListItemAbsolute(56).Label,ListItem.Label) | StringCompare(Container(200).ListItemAbsolute(58).Label,ListItem.Label) | StringCompare(Container(200).ListItemAbsolute(60).Label,ListItem.Label)</visible>
					</control>
					<control type="image">
						<top>5</top>
						<left>40</left>
						<width>50</width>
						<height>50</height>
						<texture>$INFO[ListItem.Icon]</texture>
						<bordertexture border="7" colordiffuse="$VAR[HighlightColor]">Borders/BorderFO.png</bordertexture>
						<bordersize>5</bordersize>
						<aspectratio>stretch</aspectratio>
						<visible>Control.HasFocus(200)</visible>
					</control>
					<control type="image">
						<top>5</top>
						<left>40</left>
						<width>50</width>
						<height>50</height>
						<texture>$INFO[ListItem.Icon]</texture>
						<bordertexture border="7">Borders/BorderNF.png</bordertexture>
						<bordersize>5</bordersize>
						<aspectratio>stretch</aspectratio>
						<visible>!Control.HasFocus(200)</visible>
					</control>
					<control type="label">
						<left>100</left>
						<top>0</top>
						<width>710</width>
						<height>60</height>
						<font>Font30</font>
						<label>$INFO[ListItem.Label]</label>
						<textcolor>TextColorDark1</textcolor>
						<visible>Control.HasFocus(200)</visible>
					</control>
					<control type="label">
						<left>100</left>
						<top>0</top>
						<width>710</width>
						<height>60</height>
						<font>Font30</font>
						<label>$INFO[ListItem.Label]</label>
						<textcolor>TextColorDark2</textcolor>
						<visible>!Control.HasFocus(200)</visible>
					</control>
					<control type="label">
						<left>830</left>
						<top>0</top>
						<width>370</width>
						<height>60</height>
						<font>Font30</font>
						<label>$INFO[ListItem.Artist]</label>
						<textcolor>TextColorDark1</textcolor>
						<visible>Control.HasFocus(200)</visible>
					</control>
					<control type="label">
						<left>830</left>
						<top>0</top>
						<width>370</width>
						<height>60</height>
						<font>Font30</font>
						<label>$INFO[ListItem.Artist]</label>
						<textcolor>TextColorDark2</textcolor>
						<visible>!Control.HasFocus(200)</visible>
					</control>
					<control type="label">
						<left>1210</left>
						<top>0</top>
						<width>210</width>
						<height>60</height>
						<font>Font30</font>
						<label>$INFO[ListItem.Duration]</label>
						<align>right</align>
						<textcolor>TextColorDark1</textcolor>
						<visible>Control.HasFocus(200)</visible>
					</control>
					<control type="label">
						<left>1210</left>
						<top>0</top>
						<width>210</width>
						<height>60</height>
						<font>Font30</font>
						<label>$INFO[ListItem.Duration]</label>
						<align>right</align>
						<textcolor>TextColorDark2</textcolor>
						<visible>!Control.HasFocus(200)</visible>
					</control>
				</focusedlayout>
				
				<content target="music">$VAR[CustomMusicAddonBrowserContent]</content>

			</control>
			
			<!-- App Content List (height 300) -->
			<control type="list" id="200">
				<left>10</left>
				<top>100</top>
				<width>1500</width>
				<height>300</height>
				<onup>210</onup>
				<ondown>200</ondown>
				<onleft condition="true">102</onleft>
				<onright>60</onright>
				<!--onclick condition="StringCompare(Container(200).ListItem.Label,$ADDON[plugin.audio.soundcloud 30110])">SetProperty(MusicAppBrowserSearchContent,search)</onclick-->
				<onclick condition="String.IsEmpty(Window(1110).Property(MusicAppBrowserSearchContent)) + StringCompare(Container(200).CurrentItem,1)">SetProperty(MusicAppBrowserSearchContent,search2)</onclick>
				<onclick condition="String.IsEmpty(Window(1110).Property(MusicAppBrowserSearchContent)) + !StringCompare(Container(200).CurrentItem,1)">Skin.SetString(SearchString,$INFO[ListItem.Label])</onclick>
				<onclick condition="String.IsEmpty(Window(1110).Property(MusicAppBrowserSearchContent)) + !StringCompare(Container(200).CurrentItem,1)">SetProperty(MusicAppBrowserSearchContent,search3)</onclick>
				
				<pagecontrol>60</pagecontrol>
				<orientation>vertical</orientation>
				<viewtype label="535">thumbnail</viewtype>
				<scrolltime tween="sine" easing="out">240</scrolltime>
				<visible>Skin.HasSetting(ViewtypeList) + [StringCompare(Window(1110).Property(MusicAppBrowserContent),search) + !StringCompare(Window(1110).Property(MusicAppBrowserSearchContent),search)]</visible>

				<itemlayout height="60" width="1500">
					<control type="image">
						<left>0</left>
						<top>0</top>
						<width>1450</width>
						<height>60</height>
						<texture colordiffuse="FFe8e8e8">common/Base.png</texture>
						<aspectratio>stretch</aspectratio>
						<visible>StringCompare(Container(200).ListItemAbsolute(0).Label,ListItem.Label) | StringCompare(Container(200).ListItemAbsolute(2).Label,ListItem.Label) | StringCompare(Container(200).ListItemAbsolute(4).Label,ListItem.Label) | StringCompare(Container(200).ListItemAbsolute(6).Label,ListItem.Label) | StringCompare(Container(200).ListItemAbsolute(8).Label,ListItem.Label) | StringCompare(Container(200).ListItemAbsolute(10).Label,ListItem.Label) | StringCompare(Container(200).ListItemAbsolute(12).Label,ListItem.Label) | StringCompare(Container(200).ListItemAbsolute(14).Label,ListItem.Label) | StringCompare(Container(200).ListItemAbsolute(16).Label,ListItem.Label) | StringCompare(Container(200).ListItemAbsolute(18).Label,ListItem.Label) | StringCompare(Container(200).ListItemAbsolute(20).Label,ListItem.Label) | StringCompare(Container(200).ListItemAbsolute(22).Label,ListItem.Label) | StringCompare(Container(200).ListItemAbsolute(24).Label,ListItem.Label) | StringCompare(Container(200).ListItemAbsolute(26).Label,ListItem.Label) | StringCompare(Container(200).ListItemAbsolute(28).Label,ListItem.Label) | StringCompare(Container(200).ListItemAbsolute(30).Label,ListItem.Label) | StringCompare(Container(200).ListItemAbsolute(32).Label,ListItem.Label) | StringCompare(Container(200).ListItemAbsolute(34).Label,ListItem.Label) | StringCompare(Container(200).ListItemAbsolute(36).Label,ListItem.Label) | StringCompare(Container(200).ListItemAbsolute(38).Label,ListItem.Label) | StringCompare(Container(200).ListItemAbsolute(40).Label,ListItem.Label) | StringCompare(Container(200).ListItemAbsolute(42).Label,ListItem.Label) | StringCompare(Container(200).ListItemAbsolute(44).Label,ListItem.Label) | StringCompare(Container(200).ListItemAbsolute(46).Label,ListItem.Label) | StringCompare(Container(200).ListItemAbsolute(48).Label,ListItem.Label) | StringCompare(Container(200).ListItemAbsolute(50).Label,ListItem.Label) | StringCompare(Container(200).ListItemAbsolute(52).Label,ListItem.Label) | StringCompare(Container(200).ListItemAbsolute(54).Label,ListItem.Label) | StringCompare(Container(200).ListItemAbsolute(56).Label,ListItem.Label) | StringCompare(Container(200).ListItemAbsolute(58).Label,ListItem.Label) | StringCompare(Container(200).ListItemAbsolute(60).Label,ListItem.Label)</visible>
					</control>
					<control type="image">
						<top>5</top>
						<left>40</left>
						<width>50</width>
						<height>50</height>
						<texture>$INFO[ListItem.Icon]</texture>
						<bordertexture border="7">Borders/BorderNF.png</bordertexture>
						<bordersize>5</bordersize>
						<aspectratio>stretch</aspectratio>
						<visible></visible>
					</control>
					<control type="label">
						<left>100</left>
						<top>0</top>
						<width>710</width>
						<height>60</height>
						<font>Font30</font>
						<label>$INFO[ListItem.Label]</label>
						<textcolor>TextColorDark2</textcolor>
					</control>
					<control type="label">
						<left>830</left>
						<top>0</top>
						<width>370</width>
						<height>60</height>
						<font>Font30</font>
						<label>$INFO[ListItem.Artist]</label>
						<textcolor>TextColorDark2</textcolor>
					</control>
					<control type="label">
						<left>1210</left>
						<top>0</top>
						<width>210</width>
						<height>60</height>
						<font>Font30</font>
						<label>$INFO[ListItem.Duration]</label>
						<align>right</align>
						<textcolor>TextColorDark2</textcolor>
					</control>
				</itemlayout>

				<focusedlayout height="60" width="1500">
					<control type="image">
						<left>0</left>
						<top>0</top>
						<width>1450</width>
						<height>60</height>
						<texture colordiffuse="FFe8e8e8">common/Base.png</texture>
						<aspectratio>stretch</aspectratio>
						<visible>StringCompare(Container(200).ListItemAbsolute(0).Label,ListItem.Label) | StringCompare(Container(200).ListItemAbsolute(2).Label,ListItem.Label) | StringCompare(Container(200).ListItemAbsolute(4).Label,ListItem.Label) | StringCompare(Container(200).ListItemAbsolute(6).Label,ListItem.Label) | StringCompare(Container(200).ListItemAbsolute(8).Label,ListItem.Label) | StringCompare(Container(200).ListItemAbsolute(10).Label,ListItem.Label) | StringCompare(Container(200).ListItemAbsolute(12).Label,ListItem.Label) | StringCompare(Container(200).ListItemAbsolute(14).Label,ListItem.Label) | StringCompare(Container(200).ListItemAbsolute(16).Label,ListItem.Label) | StringCompare(Container(200).ListItemAbsolute(18).Label,ListItem.Label) | StringCompare(Container(200).ListItemAbsolute(20).Label,ListItem.Label) | StringCompare(Container(200).ListItemAbsolute(22).Label,ListItem.Label) | StringCompare(Container(200).ListItemAbsolute(24).Label,ListItem.Label) | StringCompare(Container(200).ListItemAbsolute(26).Label,ListItem.Label) | StringCompare(Container(200).ListItemAbsolute(28).Label,ListItem.Label) | StringCompare(Container(200).ListItemAbsolute(30).Label,ListItem.Label) | StringCompare(Container(200).ListItemAbsolute(32).Label,ListItem.Label) | StringCompare(Container(200).ListItemAbsolute(34).Label,ListItem.Label) | StringCompare(Container(200).ListItemAbsolute(36).Label,ListItem.Label) | StringCompare(Container(200).ListItemAbsolute(38).Label,ListItem.Label) | StringCompare(Container(200).ListItemAbsolute(40).Label,ListItem.Label) | StringCompare(Container(200).ListItemAbsolute(42).Label,ListItem.Label) | StringCompare(Container(200).ListItemAbsolute(44).Label,ListItem.Label) | StringCompare(Container(200).ListItemAbsolute(46).Label,ListItem.Label) | StringCompare(Container(200).ListItemAbsolute(48).Label,ListItem.Label) | StringCompare(Container(200).ListItemAbsolute(50).Label,ListItem.Label) | StringCompare(Container(200).ListItemAbsolute(52).Label,ListItem.Label) | StringCompare(Container(200).ListItemAbsolute(54).Label,ListItem.Label) | StringCompare(Container(200).ListItemAbsolute(56).Label,ListItem.Label) | StringCompare(Container(200).ListItemAbsolute(58).Label,ListItem.Label) | StringCompare(Container(200).ListItemAbsolute(60).Label,ListItem.Label)</visible>
					</control>
					<control type="image">
						<top>5</top>
						<left>40</left>
						<width>50</width>
						<height>50</height>
						<texture>$INFO[ListItem.Icon]</texture>
						<bordertexture border="7" colordiffuse="$VAR[HighlightColor]">Borders/BorderFO.png</bordertexture>
						<bordersize>5</bordersize>
						<aspectratio>stretch</aspectratio>
						<visible>Control.HasFocus(200)</visible>
					</control>
					<control type="image">
						<top>5</top>
						<left>40</left>
						<width>50</width>
						<height>50</height>
						<texture>$INFO[ListItem.Icon]</texture>
						<bordertexture border="7">Borders/BorderNF.png</bordertexture>
						<bordersize>5</bordersize>
						<aspectratio>stretch</aspectratio>
						<visible>!Control.HasFocus(200)</visible>
					</control>
					<control type="label">
						<left>100</left>
						<top>0</top>
						<width>710</width>
						<height>60</height>
						<font>Font30</font>
						<label>$INFO[ListItem.Label]</label>
						<textcolor>TextColorDark1</textcolor>
						<visible>Control.HasFocus(200)</visible>
					</control>
					<control type="label">
						<left>100</left>
						<top>0</top>
						<width>710</width>
						<height>60</height>
						<font>Font30</font>
						<label>$INFO[ListItem.Label]</label>
						<textcolor>TextColorDark2</textcolor>
						<visible>!Control.HasFocus(200)</visible>
					</control>
					<control type="label">
						<left>830</left>
						<top>0</top>
						<width>370</width>
						<height>60</height>
						<font>Font30</font>
						<label>$INFO[ListItem.Artist]</label>
						<textcolor>TextColorDark1</textcolor>
						<visible>Control.HasFocus(200)</visible>
					</control>
					<control type="label">
						<left>830</left>
						<top>0</top>
						<width>370</width>
						<height>60</height>
						<font>Font30</font>
						<label>$INFO[ListItem.Artist]</label>
						<textcolor>TextColorDark2</textcolor>
						<visible>!Control.HasFocus(200)</visible>
					</control>
					<control type="label">
						<left>1210</left>
						<top>0</top>
						<width>210</width>
						<height>60</height>
						<font>Font30</font>
						<label>$INFO[ListItem.Duration]</label>
						<align>right</align>
						<textcolor>TextColorDark1</textcolor>
						<visible>Control.HasFocus(200)</visible>
					</control>
					<control type="label">
						<left>1210</left>
						<top>0</top>
						<width>210</width>
						<height>60</height>
						<font>Font30</font>
						<label>$INFO[ListItem.Duration]</label>
						<align>right</align>
						<textcolor>TextColorDark2</textcolor>
						<visible>!Control.HasFocus(200)</visible>
					</control>
				</focusedlayout>
				
				<content target="music">$VAR[CustomMusicAddonBrowserContent]</content>

			</control>
			
			<!-- Scrollbar -->
			<control type="scrollbar" id="60">
				<left>1455</left>
				<top>100</top>
				<width>20</width>
				<height>600</height>
				<onleft>200</onleft>
				<onright>210</onright>
				<showonepage>false</showonepage>
				<orientation>vertical</orientation>
				<colordiffuse>OverlayColorNF</colordiffuse>
				<texturesliderbackground border="11,1,1,1" colordiffuse="TextColorDark2">common/ScrollBackground.png</texturesliderbackground>
				<texturesliderbar border="11,1,1,1" colordiffuse="TextColorDark2">common/ScrollbarGripNF.png</texturesliderbar>
				<texturesliderbarfocus border="11,1,1,1" colordiffuse="TextColorDark1">common/ScrollbarGripFO.png</texturesliderbarfocus>
				<textureslidernib>-</textureslidernib>
				<textureslidernibfocus>-</textureslidernibfocus>
				<visible>!Skin.HasSetting(Scrollbars) + ![StringCompare(Window(1110).Property(MusicAppBrowserContent),search) + !StringCompare(Window(1110).Property(MusicAppBrowserSearchContent),search)]</visible>
			</control>
		
		
		
		</control>
		
		<control type="group">
		<include>WindowFadeAnimation</include>
			<animation effect="slide" start="0,0" end="20,0" time="200" condition="true">Conditional</animation>
			<include>Time</include>
		</control>
		
		<control type="group">
			<include>WindowFadeAnimation</include>
			<top>70r</top>
			<left>0</left>
			<width>1920</width>
			<visible>Player.HasMedia</visible>
			
			<control type="image">
				<top>0</top>
				<left>0</left>
				<width>1920</width>
				<height>70</height>
				<texture colordiffuse="FF121212">common/Base.png</texture>
				<aspectratio>scale</aspectratio>
			</control>
			
			<!-- Player Icon -->
			<control type="image">
				<top>5</top>
				<left>25</left>
				<width>70</width>
				<height>60</height>
				<texture align="left">$INFO[MusicPlayer.Cover]</texture>
				<bordertexture border="7" colordiffuse="$VAR[HighlightColor]">Borders/BorderNF.png</bordertexture>
				<bordersize>5</bordersize>
				<aspectratio>keep</aspectratio>
			</control>
			
			<!-- Player Label -->
			<control type="label">
				<left>100</left>
				<top>5</top>
				<width>320</width>
				<height>30</height>
				<font>Font25</font>
				<label>$INFO[MusicPlayer.Title]</label>
				<textcolor>TextColor2</textcolor>
			</control>
			
			<!-- Player Label 2 -->
			<control type="label">
				<left>100</left>
				<top>35</top>
				<width>320</width>
				<height>30</height>
				<font>Font25</font>
				<label>$INFO[MusicPlayer.Artist]</label>
				<textcolor>TextColor3</textcolor>
			</control>
			
			<!--  Current position -->
			<control type="label">
				<left>470</left>
				<width>120</width>
				<height>70</height>
				<font>Font27</font>
				<textcolor>DialogTextColor2</textcolor>
				<label>$INFO[Player.Time]</label>
				<align>right</align>
			</control>

			<!--  Progress bar -->
			<control type="progress">
				<left>600</left>
				<top>35</top>
				<width>720</width>
				<height>3</height>
				<info>Player.Progress</info>
				<texturebg border="2">osd/OSDProgressBack.png</texturebg>
				<lefttexture>-</lefttexture>
				<midtexture border="2">osd/OSDProgressBar.png</midtexture>
				<righttexture>-</righttexture>
				<overlaytexture>-</overlaytexture>
			</control>

			<!--  Cache bar -->
			<control type="progress">
				<left>600</left>
				<top>35</top>
				<width>720</width>
				<height>3</height>
				<info>Player.ProgressCache</info>
				<texturebg colordiffuse="00ffffff" border="2">osd/OSDProgressBack.png</texturebg>
				<lefttexture>-</lefttexture>
				<midtexture colordiffuse="66ffffff" border="2">osd/OSDProgressBar.png</midtexture>
				<righttexture>-</righttexture>
				<overlaytexture>-</overlaytexture>
			</control>

			<!-- Duration -->
			<control type="label">
				<left>1330</left>
				<width>120</width>
				<height>70</height>
				<align>left</align>
				<font>Font27</font>
				<textcolor>DialogTextColor2</textcolor>
				<label>$INFO[Player.Duration]</label>
			</control>
			
			<!-- Playlist position -->
			<!--
			<control type="label">
				<right>30</right>
				<width>200</width>
				<height>70</height>
				<align>right</align>
				<font>Font27</font>
				<textcolor>DialogTextColor2</textcolor>
				<label>$INFO[MusicPlayer.PlaylistPosition,(,/]$INFO[MusicPlayer.PlaylistLength,,)]</label>
			</control>
			-->
			
			<control type="grouplist">
				<top>5</top>
				<right>20</right>
				<width>500</width>
				<height>60</height>
				<align>right</align>
				<itemgap>0</itemgap>
				<orientation>horizontal</orientation>
				<visible></visible>
				
				<!-- Pause -->
				<control type="image">
					<width>65</width>
					<height>60</height>
					<texture>Button-Icons/OSDPause.png</texture>
					<aspectratio aligny="center">keep</aspectratio>
					<visible>player.paused</visible>
				</control>
				<!-- Seek Icon FF -->
				<control type="image">
					<width>65</width>
					<height>60</height>
					<texture>Button-Icons/OSDFastForward.png</texture>
					<aspectratio align="center">keep</aspectratio>
					<visible>Player.Forwarding</visible>
				</control>
				<!-- Seek Icon FR -->
				<control type="image">
					<width>65</width>
					<height>60</height>
					<texture>Button-Icons/OSDRewind.png</texture>
					<aspectratio align="center">keep</aspectratio>
					<visible>Player.Rewinding</visible>
				</control>
				<!-- Seek Status Label -->
				<control type="button">
					<width>auto</width>
					<height>60</height>
					<align>center</align>
					<label>[LIGHT]$VAR[PlayerStatus][/LIGHT]</label>
					<font>Font27</font>
					<textcolor>DialogTextColor2</textcolor>
					<textoffsetx>10</textoffsetx>
					<visible>Player.Forwarding | Player.Rewinding</visible>
				</control>
				<!-- Seekstep Label (+X/-X) -->
				<control type="button">
					<width>auto</width>
					<height>60</height>
					<align>center</align>
					<label>[LIGHT]$INFO[Player.SeekStepSize][/LIGHT]</label>
					<font>Font27</font>
					<textcolor>TextColor2</textcolor>
					<textoffsetx>10</textoffsetx>
					<visible>Player.Seeking</visible>
				</control>
				
				<!-- Playlist pos. and Song count -->
				<control type="button">
					<width>auto</width>
					<height>60</height>
					<align>right</align>
					<font>Font27</font>
					<label>$INFO[MusicPlayer.PlaylistPosition,(,/]$INFO[MusicPlayer.PlaylistLength,,)]</label>
					<font>Font27</font>
					<textcolor>TextColor2</textcolor>
					<textoffsetx>10</textoffsetx>
					<!--
					<visible>!player.paused + IntegerGreaterThan(MusicPlayer.PlaylistLength,0) + [Player.DisplayAfterSeek | Player.Seeking | Player.Forwarding | Player.Rewinding | [[Player.ShowInfo | Window.IsActive(MusicOSD)] + [!Skin.HasSetting(ExtraInfoAudio) + !Skin.HasSetting(ExtraInfoAudioPlus)]]]</visible>
					-->
				</control>
				
			</control>
		

		</control>

	</controls>
</window>