<?xml version="1.0" encoding="UTF-8"?>

<window type="dialog" id="1155">

	<zorder>2</zorder>

	<visible>noop</visible>
	<!--
	<visible>Window.IsVisible(PVROSDTeletext)</visible>
	-->

	<controls>

		<!-- Close Window Button -->
		<control type="button">
			<description>Close Window button</description>
			<right>80</right>
			<top>0</top>
			<width>120</width>
			<height>50</height>
			<label>[B]x[/B]</label>
			<font>Font42</font>
			<align>center</align>
			<aligny>bottom</aligny>
			<textoffsetx></textoffsetx>
			<textoffsety>-12</textoffsety>
			<onclick>Dialog.Close</onclick>
            <onclick>FullScreen</onclick>
            <texturefocus border="15" colordiffuse="CommonDialogButtonFO">Buttons/DialogCloseButton.png</texturefocus>
			<texturenofocus border="15" colordiffuse="CommonDialogButtonNF">Buttons/DialogCloseButton.png</texturenofocus>
			<!--visible>Window.IsVisible(PVROSDTeletext) + system.getbool(input.enablemouse) + Skin.HasSetting(ShowMouseButtons)</visible-->
		</control>	
	
	</controls>

</window>