<?xml version="1.0" encoding="UTF-8"?>
<window>
	<!-- contextmenu -->
	<defaultcontrol always="true">996</defaultcontrol>
	<coordinates>
		<origin x="0" y="0"/>
	</coordinates>

	<controls>

		<!-- Background -->
		<include>DialogFadeBackgroundImage</include>

		<!-- Dialog group -->
		<control type="group">
			<include>DialogZoomAnimation</include>
			<top>125</top>
			<centerleft>50%</centerleft>
			<width>500</width>
			<height>825</height>
			<animation effect="slide" end="0,37.5" time="0" condition="!Control.IsVisible(1001)">Conditional</animation>
			<animation effect="slide" end="0,37.5" time="0" condition="!Control.IsVisible(1002)">Conditional</animation>
			<animation effect="slide" end="0,37.5" time="0" condition="!Control.IsVisible(1003)">Conditional</animation>
			<animation effect="slide" end="0,37.5" time="0" condition="!Control.IsVisible(1004)">Conditional</animation>
			<animation effect="slide" end="0,37.5" time="0" condition="!Control.IsVisible(1005)">Conditional</animation>
			<animation effect="slide" end="0,37.5" time="0" condition="!Control.IsVisible(1006)">Conditional</animation>
			<animation effect="slide" end="0,37.5" time="0" condition="!Control.IsVisible(1007)">Conditional</animation>
			<animation effect="slide" end="0,37.5" time="0" condition="!Control.IsVisible(1008)">Conditional</animation>
			<animation effect="slide" end="0,37.5" time="0" condition="!Control.IsVisible(1009)">Conditional</animation>
			<animation effect="slide" end="0,37.5" time="0" condition="!Control.IsVisible(1010)">Conditional</animation>
			<animation effect="slide" end="0,37.5" time="0" condition="!Control.IsVisible(1011)">Conditional</animation>

			<!-- Background -->
			<control type="image" id="999">
				<left>-20</left>
				<top>-10</top>
				<width>540</width>
				<height>845</height>
				<texture border="5" colordiffuse="Dialog-S-BGColor2">common/Base.png</texture>
				<aspectratio>stretch</aspectratio>
				<bordertexture border="3" colordiffuse="Dialog-S-BorderColor">dialogs/DialogBorder_1px.png</bordertexture>
				<bordersize>1</bordersize>
			</control>

			<!-- Default grouplist -->
			<control type="grouplist" id="996">
				<centerleft>50%</centerleft>
				<width>440</width>
				<height max="825">auto</height>
				<onup>noop</onup>
				<ondown>noop</ondown>
				<itemgap>0</itemgap>
				<control type="button" id ="9002">
					<description>Schauspielerinformationen</description>
					<label>$LOCALIZE[20337] $LOCALIZE[19033]</label>
					<width>440</width>
					<align>center</align>
					<textcolor>Dialog-S-TextColor2</textcolor>
					<focusedcolor>Dialog-S-TextColor1</focusedcolor>
					<onclick>RunScript(script.extendedinfo,info=extendedactorinfo,name=$INFO[ListItem.Label])</onclick>
					<visible>Container.Content(Actors) + System.HasAddon(script.extendedinfo)</visible>
				</control>
				<control type="button" id ="9003">
					<description>Zusammenstellungsinformationen</description>
					<label>$LOCALIZE[19033]</label>
					<width>440</width>
					<align>center</align>
					<textcolor>Dialog-S-TextColor2</textcolor>
					<focusedcolor>Dialog-S-TextColor1</focusedcolor>
					<onclick>ActivateWindow(1158)</onclick>
					<visible>Container.Content(Sets) + System.HasAddon(script.skin.helper.service)</visible>
				</control>
			</control>

			<!-- Default button -->
			<control type="button" id="1000">
				<width>440</width>
				<height>75</height>
				<align>center</align>
				<font>Font36</font>
			</control>

		</control>

	</controls>

</window>