<?xml version="1.0" encoding="UTF-8"?>
<includes>

	<include name="HomeVertical">
	
		<control type="group">
			<animation effect="fade" start="100" end="0" time="200" condition="Window.IsActive(shutdownmenu) | Window.IsActive(script-globalsearch-main.xml)">Conditional</animation>
			<!--animation effect="slide" start="0,0" end="0,-65" time="0" reversible="true" condition="System.GetBool(LookAndFeel.EnableRSSFeeds) | [Player.HasMedia + !Skin.HasSetting(DontshowNowPlayingInfo]">Conditional</animation-->
			<visible></visible>		
			<!-- Sub Menu Bar -->
			<control type="image">
				<left>0</left>
				<top>0</top>
				<width>530</width>
				<height>1015</height>  <!-- 1080 -->
				<texture border="2" colordiffuse="MainMenuColor">common/Base.png</texture>  <!-- SubMenuColor / FF333333 -->
				<aspectratio>stretch</aspectratio>
				<!--include>BorderTextureNF</include-->
				<bordersize>0,0,5,0</bordersize>
				<visible></visible>
			</control>
			<!-- Main Menu Bar -->
			<control type="image">
				<left>0</left>
				<top>0</top>
				<width>525</width>
				<height>1015</height>
				<texture border="2" colordiffuse="MainMenuColor">common/Base.png</texture>  <!-- FF333333 -->
				<aspectratio>stretch</aspectratio>
				<animation effect="slide" start="0,0" end="-470,0" time="200" tween="cubic" easing="out" reversible="true" condition="Control.HasFocus(9001)">Conditional</animation>
				<visible></visible>
			</control>
		</control>

		<!-- Main list -->
		<control type="fixedlist" id="9000">
			<left>90</left>
			<top>185</top>
			<width>460</width>
			<height>750</height>
			<onup>9000</onup>
			<ondown condition="Player.HasMedia + [[Player.HasAudio + Integer.IsGreater(Playlist.Length(music),1)] | [Player.HasVideo + Integer.IsGreater(Playlist.Length(video),1)]]">950</ondown>
			<ondown condition="!Player.HasMedia | [Player.HasMedia + ![[Player.HasAudio + Integer.IsGreater(Playlist.Length(music),1)] | [Player.HasVideo + Integer.IsGreater(Playlist.Length(video),1)]]]">901</ondown>
			<!--ondown condition="!Skin.HasSetting(DontUseShortcutScriptToPopulateHomeMenu)">910</ondown>
			<ondown condition="Skin.HasSetting(DontUseShortcutScriptToPopulateHomeMenu)">900</ondown>
			<!--ondown>9000</ondown-->
			<onleft>noop</onleft>
			<onright>9001</onright>
			<focusposition>4</focusposition>
			<movement>4</movement>
			<!--defaultcontrol>3</defaultcontrol-->
			<orientation>vertical</orientation>
			<scrolltime tween="sine" easing="out">240</scrolltime>
			<visible allowhiddenfocus="true">!Control.HasFocus(9001)</visible>
			<animation type="Hidden" reversible="true">
				<effect type="fade" start="100" end="0" time="320" tween="sine" easing="in" />
				<effect type="slide" start="0,0" end="-600,0" time="160" tween="sine" easing="in" />
			</animation>
			<animation effect="slide" start="0,0" end="0,-80" time="0" condition="Integer.IsLess(Container(9000).NumItems,9)">Conditional</animation>
			<animation effect="slide" start="0,0" end="0,-80" time="0" condition="Integer.IsLess(Container(9000).NumItems,7)">Conditional</animation>
			<animation effect="slide" start="0,0" end="0,-80" time="0" condition="Integer.IsLess(Container(9000).NumItems,5)">Conditional</animation>
			<animation effect="slide" start="0,0" end="0,-80" time="0" condition="Integer.IsLess(Container(9000).NumItems,3)">Conditional</animation>

			<itemlayout width="460" height="80">
				<control type="label">
					<left>0</left>
					<top>5</top>
					<width>460</width>
					<height>80</height>
					<label>$INFO[ListItem.Label]</label>
					<font>Font42</font>
					<textcolor>TextColor2</textcolor>
				</control>
			</itemlayout>

			<focusedlayout width="460" height="110">
				<control type="label">
					<left>0</left>
					<top>0</top>
					<width>460</width>
					<height>110</height>
					<label>$INFO[ListItem.Label]</label>
					<font>Font60</font>
					<textcolor>TextColor1</textcolor>
					<shadowcolor>ShadowColor</shadowcolor>
					<animation effect="fade" start="100" end="50" time="200" tween="cubic" easing="out" reversible="false" condition="!Control.HasFocus(9000)">Conditional</animation>
				</control>
			</focusedlayout>

			<content>
			
				<include condition="!Skin.HasSetting(DontUseShortcutScriptToPopulateHomeMenu)">skinshortcuts-mainmenu</include>
				
				<include condition="Skin.HasSetting(DontUseShortcutScriptToPopulateHomeMenu)">DefaultSpezHomeMenuItems</include>
				
			</content>

		</control>

		<!-- Sub menu -->
		<control type="list" id="9001">
			<left>290</left>
			<top>200</top>
			<width>420</width>
			<height>770</height>
			<onup>9001</onup>
			<ondown>9001</ondown>
			<onleft>9000</onleft>
			<onright>SetFocus(9002,0)</onright>
			<!--focusposition>3</focusposition>
			<movement>3</movement-->
			<orientation>vertical</orientation>
			<defaultcontrol always="true">1</defaultcontrol>
			<scrolltime tween="sine" easing="out">240</scrolltime>
			<visible allowhiddenfocus="true">Control.HasFocus(9001)</visible>
			<animation effect="slide" start="0,0" end="-200,0" time="0" tween="sine" easing="in" reversible="false" condition="Control.HasFocus(9001)">Conditional</animation>
			<animation type="Visible" reversible="true">
				<effect type="fade" start="0" end="100" time="320" tween="sine" easing="in" />
				<!--effect type="slide" start="0,0" end="-200,0" time="0" tween="sine" easing="in" /-->
			</animation>
		

			<itemlayout width="400" height="72">
				<control type="label">
					<top>0</top>
					<width>400</width>
					<height>72</height>
					<label>$INFO[ListItem.Label]</label>
					<font>Font30</font>
					<textcolor>TextColor2</textcolor>
				</control>
			</itemlayout>

			<focusedlayout width="460" height="72">
				<control type="label">
					<top>0</top>
					<width>460</width>
					<height>72</height>
					<label>$INFO[ListItem.Label]</label>
					<font>Font42</font>
					<textcolor>TextColor1</textcolor>
					<shadowcolor>ShadowColor</shadowcolor>
					<animation effect="fade" start="100" end="50" time="200" tween="cubic" easing="out" reversible="false" condition="!Control.HasFocus(9001)">Conditional</animation>
				</control>
			</focusedlayout>

			<content>
				
				<include condition="!Skin.HasSetting(DontUseShortcutScriptToPopulateHomeMenu)">skinshortcuts-submenu</include>
					
				<include condition="Skin.HasSetting(DontUseShortcutScriptToPopulateHomeMenu)">DefaultSpezSubMenuItems</include>
				
			</content>

		</control>
		
		
		<!-- Widget Movies (Multiwidget) -->
		<control type="grouplist" id="9002">
			<orientation>vertical</orientation>
			<left>570</left>
			<top>170</top>
			<height>827</height>  <!-- 782 | 827 | 921-->
			<scrolltime tween="cubic" easing="out">500</scrolltime>
			<itemgap>0</itemgap>
			<visible>[StringCompare(Container(9000).ListItem.Property(Widget),MoviesWidgetMulti) + !Skin.HasSetting(DontUseShortcutScriptToPopulateHomeMenu)] | [Container(9000).HasFocus(8) + Skin.HasSetting(DontUseShortcutScriptToPopulateHomeMenu) + !Skin.HasSetting(DontShowMoviesWidget)]</visible>
			
			<!--animation effect="slide" start="10,0" end="0,0" time="200">Visible</animation-->
			
			<!-- In Progress Movies -->
			<include content="WidgetLayoutAll">
				<param name="widget_header" value="$LOCALIZE[31261]"/>
				<param name="Widgetcontent_path" value="special://skin/extras/SkinPlaylists/movies/inprogress_movies.xsp"/>
				<param name="widgetcontent_target" value="videos"/>
				<param name="widgetcontent_sortby" value="random"/>
				<param name="widgetcontent_sortorder" value="descending"/>
				<param name="Widgetlist_id" value="9020"/>
				<param name="Widgetonup_id" value="noop"/>
				<param name="Widgetondown_id" value="9021"/>
				<param name="Widgetlist_height" value="390"/>
				<param name="Widgetlist_width" value="1285"/>
				<param name="Widgetlist_visible" value="Integer.IsGreater(Container(9020).NumItems,0) | Container(9020).IsUpdating"/>
			</include>
			<!-- Recently Added Movies -->
			<include content="WidgetLayoutAll">
				<param name="widget_header" value="$LOCALIZE[31037] $LOCALIZE[20342]"/>
				<param name="Widgetcontent_path" value="videodb://movies/titles/"/>
				<param name="widgetcontent_target" value="videos"/>
				<param name="widgetcontent_sortby" value="dateadded"/>
				<param name="widgetcontent_sortorder" value="descending"/>
				<param name="Widgetlist_id" value="9021"/>
				<param name="Widgetonup_id" value="9020"/>
				<param name="Widgetondown_id" value="9022"/>
				<param name="Widgetlist_height" value="390"/>
				<param name="Widgetlist_width" value="1285"/>
				<param name="Widgetlist_visible" value="Integer.IsGreater(Container(9021).NumItems,0) | Container(9021).IsUpdating"/>  <!-- [IntegerGreaterThan(Container($PARAM[Widgetlist_id]).NumItems,0) | Container($PARAM[Widgetlist_id]).IsUpdating] -->
			</include>
			<!-- Random Movies -->
			<include content="WidgetLayoutAll">
				<param name="widget_header" value="$LOCALIZE[31038] $LOCALIZE[20342]"/>
				<param name="Widgetcontent_path" value="videodb://movies/titles/"/>
				<param name="widgetcontent_target" value="videos"/>
				<param name="widgetcontent_sortby" value="random"/>
				<param name="widgetcontent_sortorder" value="descending"/>
				<param name="Widgetlist_id" value="9022"/>
				<param name="Widgetonup_id" value="9021"/>
				<param name="Widgetondown_id" value="9023"/>
				<param name="Widgetlist_height" value="390"/>
				<param name="Widgetlist_width" value="1285"/>
				<param name="Widgetlist_visible" value="Integer.IsGreater(Container(9022).NumItems,0) | Container(9022).IsUpdating"/>
			</include>
			<!-- Recently Watched Movies -->
			<include content="WidgetLayoutAll">
				<param name="widget_header" value="$LOCALIZE[31039] $LOCALIZE[20342]"/>
				<param name="Widgetcontent_path" value="videodb://movies/titles/"/>
				<param name="widgetcontent_target" value="videos"/>
				<param name="widgetcontent_sortby" value="lastplayed"/>
				<param name="widgetcontent_sortorder" value="descending"/>
				<param name="Widgetlist_id" value="9023"/>
				<param name="Widgetonup_id" value="9022"/>
				<param name="Widgetondown_id" value="9024"/>
				<param name="Widgetlist_height" value="390"/>
				<param name="Widgetlist_width" value="1285"/>
				<param name="Widgetlist_visible" value="Integer.IsGreater(Container(9023).NumItems,0) | Container(9023).IsUpdating"/>
			</include>
			<!-- Unwatched Movies -->
			<include content="WidgetLayoutAll">
				<param name="widget_header" value="$LOCALIZE[16101] $LOCALIZE[20342]"/>
				<param name="Widgetcontent_path" value="special://skin/extras/SkinPlaylists/movies/unwatched_movies.xsp"/>
				<param name="widgetcontent_target" value="videos"/>
				<param name="widgetcontent_sortby" value="random"/>
				<param name="widgetcontent_sortorder" value="descending"/>
				<param name="Widgetlist_id" value="9024"/>
				<param name="Widgetonup_id" value="9023"/>
				<param name="Widgetondown_id" value="9025"/>
				<param name="Widgetlist_height" value="390"/>
				<param name="Widgetlist_width" value="1285"/>
				<param name="Widgetlist_visible" value="Integer.IsGreater(Container(9024).NumItems,0) | Container(9024).IsUpdating"/>
			</include>
		
		</control>
			
		<!-- Widget TVShows (Multiwidget) -->
		<control type="grouplist" id="9002">
			<orientation>vertical</orientation>
			<left>570</left>
			<top>170</top>
			<height>827</height>
			<scrolltime tween="cubic" easing="out">500</scrolltime>
			<itemgap>0</itemgap>
			<visible>[StringCompare(Container(9000).ListItem.Property(Widget),TVShowsWidgetMulti) + !Skin.HasSetting(DontUseShortcutScriptToPopulateHomeMenu)] | [Container(9000).HasFocus(9) + Skin.HasSetting(DontUseShortcutScriptToPopulateHomeMenu) + !Skin.HasSetting(DontShowTVShowsWidget)]</visible>
			
			<!-- In Progress TV Shows -->
			<include content="WidgetLayoutAll">
				<param name="widget_header" value="$LOCALIZE[626]"/>
				<param name="Widgetcontent_path" value="videodb://inprogresstvshows"/>  <!-- ** Krypton Change ** old:library://video/inprogressshows.xml -->
				<param name="widgetcontent_target" value="videos"/>
				<param name="widgetcontent_sortby" value=""/>
				<param name="widgetcontent_sortorder" value="descending"/>
				<param name="Widgetlist_id" value="9030"/>
				<param name="Widgetonup_id" value="noop"/>
				<param name="Widgetondown_id" value="9031"/>
				<param name="Widgetlist_height" value="390"/>
				<param name="Widgetlist_width" value="1285"/>
				<param name="Widgetlist_visible" value="Integer.IsGreater(Container(9030).NumItems,0) | Container(9030).IsUpdating"/>
			</include>
			<!-- Recently Added Episodes -->
			<include content="WidgetLayoutAll">
				<param name="widget_header" value="$LOCALIZE[31037] $LOCALIZE[20360]"/>
				<param name="Widgetcontent_path" value="videodb://tvshows/titles/-1/-1/"/>
				<param name="widgetcontent_target" value="videos"/>
				<param name="widgetcontent_sortby" value="dateadded"/>
				<param name="widgetcontent_sortorder" value="descending"/>
				<param name="Widgetlist_id" value="9031"/>
				<param name="Widgetonup_id" value="9030"/>
				<param name="Widgetondown_id" value="9032"/>
				<param name="Widgetlist_height" value="390"/>
				<param name="Widgetlist_width" value="1285"/>
				<param name="Widgetlist_visible" value="Integer.IsGreater(Container(9031).NumItems,0) | Container(9031).IsUpdating"/>
			</include>
			<!-- Random Episodes -->
			<include content="WidgetLayoutAll">
				<param name="widget_header" value="$LOCALIZE[31038] $LOCALIZE[20360]"/>
				<param name="Widgetcontent_path" value="videodb://tvshows/titles/-1/-1/"/>
				<param name="widgetcontent_target" value="videos"/>
				<param name="widgetcontent_sortby" value="random"/>
				<param name="widgetcontent_sortorder" value="descending"/>
				<param name="Widgetlist_id" value="9032"/>
				<param name="Widgetonup_id" value="9031"/>
				<param name="Widgetondown_id" value="9033"/>
				<param name="Widgetlist_height" value="390"/>
				<param name="Widgetlist_width" value="1285"/>
				<param name="Widgetlist_visible" value="Integer.IsGreater(Container(9032).NumItems,0) | Container(9032).IsUpdating"/>
			</include>
			<!-- Recently Played Episodes -->
			<include content="WidgetLayoutAll">
				<param name="widget_header" value="$LOCALIZE[31039] $LOCALIZE[20360]"/>
				<param name="Widgetcontent_path" value="videodb://tvshows/titles/-1/-1/"/>
				<param name="widgetcontent_target" value="videos"/>
				<param name="widgetcontent_sortby" value="lastplayed"/>
				<param name="widgetcontent_sortorder" value="descending"/>
				<param name="Widgetlist_id" value="9033"/>
				<param name="Widgetonup_id" value="9032"/>
				<param name="Widgetondown_id" value="9034"/>
				<param name="Widgetlist_height" value="390"/>
				<param name="Widgetlist_width" value="1285"/>
				<param name="Widgetlist_visible" value="Integer.IsGreater(Container(9033).NumItems,0) | Container(9033).IsUpdating"/>
			</include>
			<!-- Unwatched TV Shows -->
			<include content="WidgetLayoutAll">
				<param name="widget_header" value="$LOCALIZE[16101] $LOCALIZE[20343]"/>
				<param name="Widgetcontent_path" value="special://skin/extras/SkinPlaylists/tvshows/unwatched_tvshows.xsp"/>
				<param name="widgetcontent_target" value="videos"/>
				<param name="widgetcontent_sortby" value=""/>
				<param name="widgetcontent_sortorder" value="descending"/>
				<param name="Widgetlist_id" value="9034"/>
				<param name="Widgetonup_id" value="9033"/>
				<param name="Widgetondown_id" value="noop"/>
				<param name="Widgetlist_height" value="390"/>
				<param name="Widgetlist_width" value="1285"/>
				<param name="Widgetlist_visible" value="Integer.IsGreater(Container(9034).NumItems,0) | Container(9034).IsUpdating"/>
			</include>
		
		</control>
			
		<!-- Widget MusicVideos (Multiwidget) -->
		<control type="grouplist" id="9002">
			<orientation>vertical</orientation>
			<left>570</left>
			<top>170</top>
			<height>827</height>
			<scrolltime tween="cubic" easing="out">500</scrolltime>
			<itemgap>0</itemgap>
			<visible>[StringCompare(Container(9000).ListItem.Property(Widget),MusicVideosWidgetMulti) + !Skin.HasSetting(DontUseShortcutScriptToPopulateHomeMenu)] | [Container(9000).HasFocus(6) + Skin.HasSetting(DontUseShortcutScriptToPopulateHomeMenu) + !Skin.HasSetting(DontShowMusicVideosWidget)]</visible>
			
			<!-- Recently Played MusicVideos -->
			<include content="WidgetLayoutAll">
				<param name="widget_header" value="$LOCALIZE[31039] $LOCALIZE[20389]"/>
				<param name="Widgetcontent_path" value="videodb://musicvideos/titles/"/>
				<param name="widgetcontent_target" value="videos"/>
				<param name="widgetcontent_sortby" value="lastplayed"/>
				<param name="widgetcontent_sortorder" value="descending"/>
				<param name="Widgetlist_id" value="9040"/>
				<param name="Widgetonup_id" value="noop"/>
				<param name="Widgetondown_id" value="9041"/>
				<param name="Widgetlist_height" value="390"/>
				<param name="Widgetlist_width" value="1285"/>
				<param name="Widgetlist_visible" value="Integer.IsGreater(Container(9040).NumItems,0) | Container(9040).IsUpdating"/>
			</include>
			<!-- Recently Added MusicVideos -->
			<include content="WidgetLayoutAll">
				<param name="widget_header" value="$LOCALIZE[31037] $LOCALIZE[20389]"/>
				<param name="Widgetcontent_path" value="videodb://musicvideos/titles/"/>
				<param name="widgetcontent_target" value="videos"/>
				<param name="widgetcontent_sortby" value="dateadded"/>
				<param name="widgetcontent_sortorder" value="descending"/>
				<param name="Widgetlist_id" value="9041"/>
				<param name="Widgetonup_id" value="9040"/>
				<param name="Widgetondown_id" value="9042"/>
				<param name="Widgetlist_height" value="390"/>
				<param name="Widgetlist_width" value="1285"/>
				<param name="Widgetlist_visible" value="Integer.IsGreater(Container(9041).NumItems,0) | Container(9041).IsUpdating"/>
			</include>
			<!-- Random MusicVideos -->
			<include content="WidgetLayoutAll">
				<param name="widget_header" value="$LOCALIZE[31038] $LOCALIZE[20389]"/>
				<param name="Widgetcontent_path" value="videodb://musicvideos/titles/"/>
				<param name="widgetcontent_target" value="videos"/>
				<param name="widgetcontent_sortby" value="random"/>
				<param name="widgetcontent_sortorder" value="descending"/>
				<param name="Widgetlist_id" value="9042"/>
				<param name="Widgetonup_id" value="9041"/>
				<param name="Widgetondown_id" value="noop"/>
				<param name="Widgetlist_height" value="390"/>
				<param name="Widgetlist_width" value="1285"/>
				<param name="Widgetlist_visible" value="Integer.IsGreater(Container(9042).NumItems,0) | Container(9042).IsUpdating"/>
			</include>
	
		</control>
			
		<!-- Widget Music (Multiwidget) -->
		<control type="grouplist" id="9002">
			<orientation>vertical</orientation>
			<left>570</left>
			<top>170</top>
			<height>827</height>
			<scrolltime tween="cubic" easing="out">500</scrolltime>
			<itemgap>0</itemgap>
			<visible>[StringCompare(Container(9000).ListItem.Property(Widget),MusicWidgetMulti) + !Skin.HasSetting(DontUseShortcutScriptToPopulateHomeMenu)] | [Container(9000).HasFocus(5) + Skin.HasSetting(DontUseShortcutScriptToPopulateHomeMenu) + !Skin.HasSetting(DontShowMusicWidget)]</visible>
			
			<!-- Recently Added Albums -->
			<include content="WidgetLayoutAll">
				<param name="widget_header" value="$LOCALIZE[31037] $LOCALIZE[36919]"/>
				<param name="Widgetcontent_path" value="musicdb://albums/"/>
				<param name="widgetcontent_target" value="music"/>
				<param name="widgetcontent_sortby" value="dateadded"/>
				<param name="widgetcontent_sortorder" value="descending"/>
				<param name="Widgetlist_id" value="9050"/>
				<param name="Widgetonup_id" value="noop"/>
				<param name="Widgetondown_id" value="9051"/>
				<param name="Widgetlist_height" value="390"/>
				<param name="Widgetlist_width" value="1285"/>
				<param name="Widgetlist_visible" value="Integer.IsGreater(Container(9051).NumItems,0) | Container(9051).IsUpdating"/>
			</include>
			<!-- Recently Played Albums -->
			<include content="WidgetLayoutAll">
				<param name="widget_header" value="$LOCALIZE[31039] $LOCALIZE[36919]"/>
				<param name="Widgetcontent_path" value="musicdb://albums/"/>
				<param name="widgetcontent_target" value="music"/>
				<param name="widgetcontent_sortby" value="lastplayed"/>
				<param name="widgetcontent_sortorder" value="descending"/>
				<param name="Widgetlist_id" value="9051"/>
				<param name="Widgetonup_id" value="9050"/>
				<param name="Widgetondown_id" value="9052"/>
				<param name="Widgetlist_height" value="390"/>
				<param name="Widgetlist_width" value="1285"/>
				<param name="Widgetlist_visible" value="Integer.IsGreater(Container(9050).NumItems,0) | Container(9050).IsUpdating"/>
			</include>
			<!-- Random Albums -->
			<include content="WidgetLayoutAll">
				<param name="widget_header" value="$LOCALIZE[31038] $LOCALIZE[36919]"/>
				<param name="Widgetcontent_path" value="musicdb://albums/"/>
				<param name="widgetcontent_target" value="music"/>
				<param name="widgetcontent_sortby" value="random"/>
				<param name="widgetcontent_sortorder" value="descending"/>
				<param name="Widgetlist_id" value="9052"/>
				<param name="Widgetonup_id" value="9051"/>
				<param name="Widgetondown_id" value="9053"/>
				<param name="Widgetlist_height" value="390"/>
				<param name="Widgetlist_width" value="1285"/>
				<param name="Widgetlist_visible" value="Integer.IsGreater(Container(9052).NumItems,0) | Container(9052).IsUpdating"/>
			</include>
			
			<!-- Recently Added Songs (Singles) -->
			<include content="WidgetLayoutAll">
				<param name="widget_header" value="$LOCALIZE[31037] $LOCALIZE[36921] (Singles)"/>
				<param name="Widgetcontent_path" value="library://music/singles.xml"/>    <!-- musicdb://songs/ -->
				<param name="widgetcontent_target" value="music"/>
				<param name="widgetcontent_sortby" value="dateadded"/>
				<param name="widgetcontent_sortorder" value="descending"/>
				<param name="Widgetlist_id" value="9053"/>
				<param name="Widgetonup_id" value="9052"/>
				<param name="Widgetondown_id" value="9054"/>
				<param name="Widgetlist_height" value="390"/>
				<param name="Widgetlist_width" value="1285"/>
				<param name="Widgetlist_visible" value="Integer.IsGreater(Container(9054).NumItems,0) | Container(9054).IsUpdating"/>
			</include>
			<!-- Recently Played Songs -->
			<include content="WidgetLayoutAll">
				<param name="widget_header" value="$LOCALIZE[31039] $LOCALIZE[36921]"/>
				<param name="Widgetcontent_path" value="musicdb://songs/"/>
				<param name="widgetcontent_target" value="music"/>
				<param name="widgetcontent_sortby" value="lastplayed"/>
				<param name="widgetcontent_sortorder" value="descending"/>
				<param name="Widgetlist_id" value="9054"/>
				<param name="Widgetonup_id" value="9053"/>
				<param name="Widgetondown_id" value="9055"/>
				<param name="Widgetlist_height" value="390"/>
				<param name="Widgetlist_width" value="1285"/>
				<param name="Widgetlist_visible" value="Integer.IsGreater(Container(9053).NumItems,0) | Container(9053).IsUpdating"/>
			</include>
			<!-- Random Songs -->
			<include content="WidgetLayoutAll">
				<param name="widget_header" value="$LOCALIZE[31038] $LOCALIZE[36921]"/>
				<param name="Widgetcontent_path" value="musicdb://songs/"/>
				<param name="widgetcontent_target" value="music"/>
				<param name="widgetcontent_sortby" value="random"/>
				<param name="widgetcontent_sortorder" value="descending"/>
				<param name="Widgetlist_id" value="9055"/>
				<param name="Widgetonup_id" value="9054"/>
				<param name="Widgetondown_id" value="9056"/>
				<param name="Widgetlist_height" value="390"/>
				<param name="Widgetlist_width" value="1285"/>
				<param name="Widgetlist_visible" value="Integer.IsGreater(Container(9055).NumItems,0) | Container(9055).IsUpdating"/>
			</include>
			
			<!-- Random Artists -->
			<include content="WidgetLayoutAll">
				<param name="widget_header" value="$LOCALIZE[31038] $LOCALIZE[36917]"/>
				<param name="Widgetcontent_path" value="special://skin/extras/SkinPlaylists/music/random_artists.xsp"/>
				<param name="widgetcontent_target" value="music"/>
				<param name="widgetcontent_sortby" value="random"/>
				<param name="widgetcontent_sortorder" value="descending"/>
				<param name="Widgetlist_id" value="9056"/>
				<param name="Widgetonup_id" value="9055"/>
				<param name="Widgetondown_id" value="9057"/>
				<param name="Widgetlist_height" value="390"/>
				<param name="Widgetlist_width" value="1285"/>
				<param name="Widgetlist_visible" value="Integer.IsGreater(Container(9056).NumItems,0) | Container(9056).IsUpdating"/>
			</include>
			<!-- Most playe Albums -->
			<include content="WidgetLayoutAll">
				<param name="widget_header" value="$LOCALIZE[31280]"/>
				<param name="Widgetcontent_path" value="special://skin/extras/SkinPlaylists/music/mostplayed_albums.xsp"/>
				<param name="widgetcontent_target" value="music"/>
				<param name="widgetcontent_sortby" value="random"/>
				<param name="widgetcontent_sortorder" value="descending"/>
				<param name="Widgetlist_id" value="9057"/>
				<param name="Widgetonup_id" value="9056"/>
				<param name="Widgetondown_id" value="noop"/>
				<param name="Widgetlist_height" value="390"/>
				<param name="Widgetlist_width" value="1285"/>
				<param name="Widgetlist_visible" value="Integer.IsGreater(Container(9057).NumItems,0) | Container(9057).IsUpdating"/>
			</include>
		
		</control>
		
		<!-- Widget Addons (Multiwidget) -->
		<control type="grouplist" id="9002">
			<orientation>vertical</orientation>
			<left>570</left>
			<top>170</top>
			<height>827</height>
			<scrolltime tween="cubic" easing="out">500</scrolltime>
			<itemgap>0</itemgap>
			<visible>[StringCompare(Container(9000).ListItem.Property(Widget),AddonsWidgetMulti) + !Skin.HasSetting(DontUseShortcutScriptToPopulateHomeMenu)] | [Container(9000).HasFocus(15) + Skin.HasSetting(DontUseShortcutScriptToPopulateHomeMenu) + !Skin.HasSetting(DontShowAddonsWidget)]</visible>
			
			<!-- Video Addons -->
			<include content="WidgetLayoutAddons">
				<param name="widget_header" value="$LOCALIZE[1037]"/>
				<param name="Widgetcontent_path" value="addons://sources/video"/>
				<param name="widgetcontent_target" value="videos"/>
				<param name="widgetcontent_sortby" value="lastused"/>
				<param name="widgetcontent_sortorder" value="descending"/>
				<param name="Widgetlist_id" value="9060"/>
				<param name="Widgetonup_id" value="noop"/>
				<param name="Widgetondown_id" value="9061"/>
				<param name="Widgetlist_height" value="260"/>
				<param name="Widgetlist_width" value="1285"/>
				<param name="Widgetlist_visible" value="Integer.IsGreater(Container(9060).NumItems,0) | Container(9060).IsUpdating"/>  <!-- Integer.IsGreater(Container(9060).NumItems,0) | !String.IsEmpty(Container(9060).ListItemPosition(0).Label) -->
			</include>
			<!-- Music Addons -->
			<include content="WidgetLayoutAddons">
				<param name="widget_header" value="$LOCALIZE[1038]"/>
				<param name="Widgetcontent_path" value="addons://sources/audio"/>
				<param name="widgetcontent_target" value="music"/>
				<param name="widgetcontent_sortby" value="lastused"/>
				<param name="widgetcontent_sortorder" value="descending"/>
				<param name="Widgetlist_id" value="9061"/>
				<param name="Widgetonup_id" value="9060"/>
				<param name="Widgetondown_id" value="9062"/>
				<param name="Widgetlist_height" value="260"/>
				<param name="Widgetlist_width" value="1285"/>
				<param name="Widgetlist_visible" value="Integer.IsGreater(Container(9061).NumItems,0) | Container(9061).IsUpdating"/>
			</include>
			<!-- Picture Addons -->
			<include content="WidgetLayoutAddons">
				<param name="widget_header" value="$LOCALIZE[1039]"/>
				<param name="Widgetcontent_path" value="addons://sources/image"/>
				<param name="widgetcontent_target" value="pictures"/>
				<param name="widgetcontent_sortby" value="lastused"/>
				<param name="widgetcontent_sortorder" value="descending"/>
				<param name="Widgetlist_id" value="9062"/>
				<param name="Widgetonup_id" value="9061"/>
				<param name="Widgetondown_id" value="9063"/>
				<param name="Widgetlist_height" value="260"/>
				<param name="Widgetlist_width" value="1285"/>
				<param name="Widgetlist_visible" value="Integer.IsGreater(Container(9062).NumItems,0) | Container(9062).IsUpdating"/>
			</include>
			<!-- Program Addons -->
			<include content="WidgetLayoutAddons">
				<param name="widget_header" value="$LOCALIZE[1043]"/>
				<param name="Widgetcontent_path" value="addons://sources/executable"/>
				<param name="widgetcontent_target" value="programs"/>
				<param name="widgetcontent_sortby" value="lastused"/>
				<param name="widgetcontent_sortorder" value="descending"/>
				<param name="Widgetlist_id" value="9063"/>
				<param name="Widgetonup_id" value="9062"/>
				<param name="Widgetondown_id" value="9064"/>
				<param name="Widgetlist_height" value="260"/>
				<param name="Widgetlist_width" value="1285"/>
				<param name="Widgetlist_visible" value="Integer.IsGreater(Container(9063).NumItems,0) | Container(9063).IsUpdating"/>
			</include>
			<!-- Android Apps -->
			<include content="WidgetLayoutAddons">
				<param name="widget_header" value="$LOCALIZE[20244]"/>
				<param name="Widgetcontent_path" value="androidapp://sources/apps/"/>
				<param name="widgetcontent_target" value="programs"/>
				<param name="widgetcontent_sortby" value="lastused"/>
				<param name="widgetcontent_sortorder" value="descending"/>
				<param name="Widgetlist_id" value="9064"/>
				<param name="Widgetonup_id" value="9063"/>
				<param name="Widgetondown_id" value="noop"/>
				<param name="Widgetlist_height" value="260"/>
				<param name="Widgetlist_width" value="1285"/>
				<param name="Widgetlist_visible" value="System.Platform.Android + [Integer.IsGreater(Container(9064).NumItems,0) | Container(9064).IsUpdating]"/>
			</include>
		
		</control>
		
		<!-- Widget PVR-TV (Multiwidget) -->
		<control type="grouplist" id="9002">
			<orientation>vertical</orientation>
			<left>570</left>
			<top>170</top>
			<height>827</height>
			<scrolltime tween="cubic" easing="out">500</scrolltime>
			<itemgap>0</itemgap>
			<visible>[StringCompare(Container(9000).ListItem.Property(Widget),TVWidgetMulti) + !Skin.HasSetting(DontUseShortcutScriptToPopulateHomeMenu)] | [Container(9000).HasFocus(10) + Skin.HasSetting(DontUseShortcutScriptToPopulateHomeMenu) + !Skin.HasSetting(DontShowTVWidget)]</visible>
			
			<!-- Recently Watched Channels -->
			<include content="WidgetLayoutPVR">
				<param name="widget_header" value="$LOCALIZE[31304]"/>  <!-- $LOCALIZE[ ] -->
				<param name="Widgetcontent_path" value="pvr://channels/tv/*?view=lastplayed"/>
				<param name="widgetcontent_target" value="pvr"/>
				<param name="widgetcontent_sortby" value=""/>
				<param name="widgetcontent_sortorder" value=""/>
				<param name="Widgetlist_id" value="9090"/>
				<param name="Widgetonup_id" value="noop"/>
				<param name="Widgetondown_id" value="9091"/>
				<param name="Widgetlist_height" value="390"/>
				<param name="Widgetlist_width" value="1285"/>
				<param name="Widgetlist_visible" value="Integer.IsGreater(Container(9090).NumItems,0) | Container(9090).IsUpdating"/>  <!-- Integer.IsGreater(Container(9060).NumItems,0) | !String.IsEmpty(Container(9060).ListItemPosition(0).Label) -->
			</include>
			<!-- All Channels -->
			<include content="WidgetLayoutPVR">
				<param name="widget_header" value="$LOCALIZE[19217]"/>
				<param name="Widgetcontent_path" value="pvr://channels/tv/*"/>
				<param name="widgetcontent_target" value="pvr"/>
				<param name="widgetcontent_sortby" value=""/>
				<param name="widgetcontent_sortorder" value="descending"/>
				<param name="Widgetlist_id" value="9091"/>
				<param name="Widgetonup_id" value="9090"/>
				<param name="Widgetondown_id" value="9092"/>
				<param name="Widgetlist_height" value="390"/>
				<param name="Widgetlist_width" value="1285"/>
				<param name="Widgetlist_visible" value="Integer.IsGreater(Container(9091).NumItems,0) | Container(9091).IsUpdating"/>
			</include>
			<!-- Recordings -->
			<include content="WidgetLayoutPVR">
				<param name="widget_header" value="$LOCALIZE[19017]"/>
				<param name="Widgetcontent_path" value="pvr://recordings/tv/active?view=flat"/>
				<param name="widgetcontent_target" value="pvr"/>
				<param name="widgetcontent_sortby" value="lastused"/>
				<param name="widgetcontent_sortorder" value="descending"/>
				<param name="Widgetlist_id" value="9092"/>
				<param name="Widgetonup_id" value="9091"/>
				<param name="Widgetondown_id" value="9093"/>
				<param name="Widgetlist_height" value="390"/>
				<param name="Widgetlist_width" value="1285"/>
				<param name="Widgetlist_visible" value="Integer.IsGreater(Container(9092).NumItems,0) | Container(9092).IsUpdating"/>
			</include>
		
		</control>
		
		<!-- Widget PVR-Radio (Multiwidget) -->
		<control type="grouplist" id="9002">
			<orientation>vertical</orientation>
			<left>570</left>
			<top>170</top>
			<height>827</height>
			<scrolltime tween="cubic" easing="out">500</scrolltime>
			<itemgap>0</itemgap>
			<visible>[StringCompare(Container(9000).ListItem.Property(Widget),RadioWidgetMulti) + !Skin.HasSetting(DontUseShortcutScriptToPopulateHomeMenu)] | [Container(9000).HasFocus(11) + Skin.HasSetting(DontUseShortcutScriptToPopulateHomeMenu) + !Skin.HasSetting(DontShowRadioWidget)]</visible>
			
			<!-- Recently Watched Channels -->
			<include content="WidgetLayoutPVR">
				<param name="widget_header" value="$LOCALIZE[31304]"/>  <!-- $LOCALIZE[ ] -->
				<param name="Widgetcontent_path" value="pvr://channels/radio/*?view=lastplayed"/>
				<param name="widgetcontent_target" value="pvr"/>
				<param name="widgetcontent_sortby" value="lastused"/>
				<param name="widgetcontent_sortorder" value="descending"/>
				<param name="Widgetlist_id" value="9095"/>
				<param name="Widgetonup_id" value="noop"/>
				<param name="Widgetondown_id" value="9096"/>
				<param name="Widgetlist_height" value="390"/>
				<param name="Widgetlist_width" value="1285"/>
				<param name="Widgetlist_visible" value="Integer.IsGreater(Container(9095).NumItems,0) | Container(9095).IsUpdating"/>  <!-- Integer.IsGreater(Container(9060).NumItems,0) | !String.IsEmpty(Container(9060).ListItemPosition(0).Label) -->
			</include>
			<!-- All Channels -->
			<include content="WidgetLayoutPVR">
				<param name="widget_header" value="$LOCALIZE[19216]"/>
				<param name="Widgetcontent_path" value="pvr://channels/radio/*"/>
				<param name="widgetcontent_target" value="pvr"/>
				<param name="widgetcontent_sortby" value="lastused"/>
				<param name="widgetcontent_sortorder" value="descending"/>
				<param name="Widgetlist_id" value="9096"/>
				<param name="Widgetonup_id" value="9095"/>
				<param name="Widgetondown_id" value="9097"/>
				<param name="Widgetlist_height" value="390"/>
				<param name="Widgetlist_width" value="1285"/>
				<param name="Widgetlist_visible" value="Integer.IsGreater(Container(9096).NumItems,0) | Container(9096).IsUpdating"/>
			</include>
			<!-- Recordings -->
			<include content="WidgetLayoutPVR">
				<param name="widget_header" value="$LOCALIZE[19017]"/>
				<param name="Widgetcontent_path" value="pvr://recordings/radio/active?view=flat"/>
				<param name="widgetcontent_target" value="pvr"/>
				<param name="widgetcontent_sortby" value="lastused"/>
				<param name="widgetcontent_sortorder" value="descending"/>
				<param name="Widgetlist_id" value="9097"/>
				<param name="Widgetonup_id" value="9096"/>
				<param name="Widgetondown_id" value="9098"/>
				<param name="Widgetlist_height" value="390"/>
				<param name="Widgetlist_width" value="1285"/>
				<param name="Widgetlist_visible" value="Integer.IsGreater(Container(9097).NumItems,0) | Container(9097).IsUpdating"/>
			</include>
		
		</control>
		
		<!-- Widget Weather (Multiwidget) -->
		<control type="grouplist" id="9002">
			<orientation>vertical</orientation>
			<left>570</left>
			<top>170</top>
			<height>827</height>
			<scrolltime tween="cubic" easing="out">500</scrolltime>
			<itemgap>0</itemgap>
			<visible>[StringCompare(Container(9000).ListItem.Property(Widget),WeatherWidgetMulti) + !Skin.HasSetting(DontUseShortcutScriptToPopulateHomeMenu)] | [Container(9000).HasFocus(1) + Skin.HasSetting(DontUseShortcutScriptToPopulateHomeMenu) + !Skin.HasSetting(DontShowWeatherWidget)]</visible>
			
			<!-- Weather Forecast Current -->
			<include content="WidgetLayoutCurrentWeather">
				<param name="widget_header" value="$LOCALIZE[31046]"/>
				<param name="Widgetlist_id" value="9070"/>
				<param name="Widgetonup_id" value="noop"/>
				<param name="Widgetondown_id" value="9071"/>
				<param name="Widgetlist_height" value="390"/>
				<param name="Widgetlist_width" value="1285"/>
				<param name="Widgetlist_visible" value="true"/>
			</include>
			<!-- Weather Forecast Daily -->
			<include content="WidgetLayoutWeather">
				<param name="widget_header" value="$LOCALIZE[31076] $LOCALIZE[31167]"/>
				<param name="Widgetcontent_include" value="WeatherItemsDaily"/>
				<param name="Widgetlist_id" value="9071"/>
				<param name="Widgetonup_id" value="9070"/>
				<param name="Widgetondown_id" value="9072"/>
				<param name="Widgetlist_height" value="390"/>
				<param name="Widgetlist_width" value="1285"/>
				<param name="Widgetlist_visible" value="true"/>
			</include>
			<!-- Weather Forecast Hoouerly -->
			<include content="WidgetLayoutWeather">
				<param name="widget_header" value="$LOCALIZE[31076] $LOCALIZE[31168]"/>
				<param name="Widgetcontent_include" value="WeatherItemsHouerly"/>
				<param name="Widgetlist_id" value="9072"/>
				<param name="Widgetonup_id" value="9071"/>
				<param name="Widgetondown_id" value="noop"/>
				<param name="Widgetlist_height" value="390"/>
				<param name="Widgetlist_width" value="1285"/>
				<param name="Widgetlist_visible" value="true"/>
			</include>
			
		</control>
		
		
		<!-- Custom Favorite Webradio Widget (Multiwidget) -->
		<control type="grouplist" id="9002">
			<orientation>vertical</orientation>
			<left>570</left>
			<top>170</top>
			<height>827</height>
			<scrolltime tween="cubic" easing="out">500</scrolltime>
			<itemgap>0</itemgap>
			<visible>[StringCompare(Container(9000).ListItem.Property(Widget),CustomFavoriteWebradio) + !Skin.HasSetting(DontUseShortcutScriptToPopulateHomeMenu)] | [Container(9000).HasFocus(noop) + Skin.HasSetting(DontUseShortcutScriptToPopulateHomeMenu)]</visible>
			
			<!-- Favourite 1 -->
			<include content="WidgetLayoutAddons">
				<param name="widget_header" value="$INFO[Skin.String(CustomFavouriteWebradio.1.Label)]"/>
				<param name="Widgetcontent_path" value="$INFO[Skin.String(CustomFavouriteWebradio.1.List)]"/>
				<param name="widgetcontent_target" value=""/>
				<param name="widgetcontent_sortby" value=""/>
				<param name="widgetcontent_sortorder" value=""/>
				<param name="Widgetlist_id" value="9080"/>
				<param name="Widgetonup_id" value="noop"/>
				<param name="Widgetondown_id" value="9081"/>
				<param name="Widgetlist_height" value="260"/>
				<param name="Widgetlist_width" value="1285"/>
				<param name="Widgetlist_visible" value="!String.IsEmpty(Skin.String(CustomFavouriteWebradio.1.Label))"/>
			</include>
			<!-- Favourite 2 -->
			<include content="WidgetLayoutAddons">
				<param name="widget_header" value="$INFO[Skin.String(CustomFavouriteWebradio.2.Label)]"/>
				<param name="Widgetcontent_path" value="$INFO[Skin.String(CustomFavouriteWebradio.2.List)]"/>
				<param name="widgetcontent_target" value=""/>
				<param name="widgetcontent_sortby" value=""/>
				<param name="widgetcontent_sortorder" value=""/>
				<param name="Widgetlist_id" value="9081"/>
				<param name="Widgetonup_id" value="9080"/>
				<param name="Widgetondown_id" value="9082"/>
				<param name="Widgetlist_height" value="260"/>
				<param name="Widgetlist_width" value="1285"/>
				<param name="Widgetlist_visible" value="!String.IsEmpty(Skin.String(CustomFavouriteWebradio.2.Label))"/>
			</include>
			<!-- Favourite 3 -->
			<include content="WidgetLayoutAddons">
				<param name="widget_header" value="$INFO[Skin.String(CustomFavouriteWebradio.3.Label)]"/>
				<param name="Widgetcontent_path" value="$INFO[Skin.String(CustomFavouriteWebradio.3.List)]"/>
				<param name="widgetcontent_target" value=""/>
				<param name="widgetcontent_sortby" value=""/>
				<param name="widgetcontent_sortorder" value=""/>
				<param name="Widgetlist_id" value="9082"/>
				<param name="Widgetonup_id" value="9081"/>
				<param name="Widgetondown_id" value="9083"/>
				<param name="Widgetlist_height" value="260"/>
				<param name="Widgetlist_width" value="1285"/>
				<param name="Widgetlist_visible" value="!String.IsEmpty(Skin.String(CustomFavouriteWebradio.3.Label))"/>
			</include>
			<!-- Favourite 4 -->
			<include content="WidgetLayoutAddons">
				<param name="widget_header" value="$INFO[Skin.String(CustomFavouriteWebradio.4.Label)]"/>
				<param name="Widgetcontent_path" value="$INFO[Skin.String(CustomFavouriteWebradio.4.List)]"/>
				<param name="widgetcontent_target" value=""/>
				<param name="widgetcontent_sortby" value=""/>
				<param name="widgetcontent_sortorder" value=""/>
				<param name="Widgetlist_id" value="9083"/>
				<param name="Widgetonup_id" value="9082"/>
				<param name="Widgetondown_id" value="noop"/>
				<param name="Widgetlist_height" value="260"/>
				<param name="Widgetlist_width" value="1285"/>
				<param name="Widgetlist_visible" value="!String.IsEmpty(Skin.String(CustomFavouriteWebradio.4.Label))"/>
			</include>
		
		</control>
		
		
		<!-- Custom Favorite Group1 Widget (Multiwidget) -->
		<control type="grouplist" id="9002">
			<orientation>vertical</orientation>
			<left>570</left>
			<top>170</top>
			<height>827</height>
			<scrolltime tween="cubic" easing="out">500</scrolltime>
			<itemgap>0</itemgap>
			<visible>[StringCompare(Container(9000).ListItem.Property(Widget),CustomFavoriteGroup1) + !Skin.HasSetting(DontUseShortcutScriptToPopulateHomeMenu)] | [Container(9000).HasFocus(noop) + Skin.HasSetting(DontUseShortcutScriptToPopulateHomeMenu)]</visible>
			
			<!-- Favourite 1 -->
			<include content="WidgetLayoutAll">
				<param name="widget_header" value="$INFO[Skin.String(CustomFavouriteGroup1.1.Label)]"/>
				<param name="Widgetcontent_path" value="$INFO[Skin.String(CustomFavouriteGroup1.1.List)]"/>
				<param name="widgetcontent_target" value=""/>
				<param name="widgetcontent_sortby" value=""/>
				<param name="widgetcontent_sortorder" value=""/>
				<param name="Widgetlist_id" value="9085"/>
				<param name="Widgetonup_id" value="noop"/>
				<param name="Widgetondown_id" value="9086"/>
				<param name="Widgetlist_height" value="390"/>
				<param name="Widgetlist_width" value="1285"/>
				<param name="Widgetlist_visible" value="!String.IsEmpty(Skin.String(CustomFavouriteGroup1.1.Label))"/>
			</include>
			<!-- Favourite 2 -->
			<include content="WidgetLayoutAll">
				<param name="widget_header" value="$INFO[Skin.String(CustomFavouriteGroup1.2.Label)]"/>
				<param name="Widgetcontent_path" value="$INFO[Skin.String(CustomFavouriteGroup1.2.List)]"/>
				<param name="widgetcontent_target" value=""/>
				<param name="widgetcontent_sortby" value=""/>
				<param name="widgetcontent_sortorder" value=""/>
				<param name="Widgetlist_id" value="9086"/>
				<param name="Widgetonup_id" value="9085"/>
				<param name="Widgetondown_id" value="9087"/>
				<param name="Widgetlist_height" value="390"/>
				<param name="Widgetlist_width" value="1285"/>
				<param name="Widgetlist_visible" value="!String.IsEmpty(Skin.String(CustomFavouriteGroup1.2.Label))"/>
			</include>
			<!-- Favourite 3 -->
			<include content="WidgetLayoutAll">
				<param name="widget_header" value="$INFO[Skin.String(CustomFavouriteGroup1.3.Label)]"/>
				<param name="Widgetcontent_path" value="$INFO[Skin.String(CustomFavouriteGroup1.3.List)]"/>
				<param name="widgetcontent_target" value=""/>
				<param name="widgetcontent_sortby" value=""/>
				<param name="widgetcontent_sortorder" value=""/>
				<param name="Widgetlist_id" value="9087"/>
				<param name="Widgetonup_id" value="9086"/>
				<param name="Widgetondown_id" value="9088"/>
				<param name="Widgetlist_height" value="390"/>
				<param name="Widgetlist_width" value="1285"/>
				<param name="Widgetlist_visible" value="!String.IsEmpty(Skin.String(CustomFavouriteGroup1.3.Label))"/>
			</include>
			<!-- Favourite 4 -->
			<include content="WidgetLayoutAll">
				<param name="widget_header" value="$INFO[Skin.String(CustomFavouriteGroup1.4.Label)]"/>
				<param name="Widgetcontent_path" value="$INFO[Skin.String(CustomFavouriteGroup1.4.List)]"/>
				<param name="widgetcontent_target" value=""/>
				<param name="widgetcontent_sortby" value=""/>
				<param name="widgetcontent_sortorder" value=""/>
				<param name="Widgetlist_id" value="9088"/>
				<param name="Widgetonup_id" value="9087"/>
				<param name="Widgetondown_id" value="noop"/>
				<param name="Widgetlist_height" value="390"/>
				<param name="Widgetlist_width" value="1285"/>
				<param name="Widgetlist_visible" value="!String.IsEmpty(Skin.String(CustomFavouriteGroup1.4.Label))"/>
			</include>
		
		</control>
		
		<!-- Custom Favorite Group2 Widget (Multiwidget) value="9120" -->
		
		
		
		
		<!-- Default Widgets (Singlewidget) -->
		<control type="grouplist" id="9002">
			<orientation>vertical</orientation>
			<left>570</left>
			<top>170</top>
			<height>827</height>
			<scrolltime tween="cubic" easing="out">500</scrolltime>
			<itemgap>0</itemgap>
			<visible>!SubString(Container(9000).ListItem.Property(Widget),Multi)</visible>  <!--  + [StringCompare(Container(9000).ListItem.Property(Widget),Favourites) | StringCompare(Container(9000).ListItem.Property(Widget),pvr)] -->
			
			<!-- All Content Widget (default shortcut Widget) -->
			<include content="WidgetLayoutAll">
				<param name="widget_header" value="$INFO[Container(9000).ListItem.Property(widgetName)]"/>
				<param name="Widgetcontent_path" value="$INFO[Container(9000).ListItem.Property(widgetPath)]"/>
				<param name="widgetcontent_target" value="$INFO[Container(9000).ListItem.Property(widgetTarget)]"/>
				<param name="widgetcontent_sortby" value=""/>
				<param name="widgetcontent_sortorder" value=""/>
				<param name="Widgetlist_id" value="9011"/>
				<param name="Widgetonup_id" value="noop"/>
				<param name="Widgetondown_id" value="noop"/>
				<param name="Widgetlist_height" value="390"/>
				<param name="Widgetlist_width" value="1285"/>
				<param name="Widgetlist_visible" value="!String.IsEmpty(Container(9000).ListItem.Property(widgetPath))"/>
			</include>
			
			<!-- Favourites Widget -->
			<include content="WidgetLayoutFavoritesPanel">
				<param name="widget_header" value="$LOCALIZE[1036]"/>
				<param name="Widgetcontent_include" value="FavouriteItems"/>
				<param name="widgetcontent_target" value=""/>
				<param name="widgetcontent_sortby" value=""/>
				<param name="widgetcontent_sortorder" value=""/>
				<param name="Widgetlist_id" value="9017"/>
				<param name="Widgetonup_id" value="noop"/>
				<param name="Widgetondown_id" value="noop"/>
				<param name="Widgetlist_height" value="800"/>
				<param name="Widgetlist_width" value="1285"/>
				<param name="Widgetlist_visible" value="StringCompare(Container(9000).ListItem.Property(Widget),Favourites) + [Integer.IsGreater(Container(9017).NumItems,0) | Container(9017).IsUpdating]"/>
			</include>
			
		</control>	
		
		
		

	</include>

</includes>