<includes>

	<!-- KN SWITCHTIMER  -->
	<variable name="TimerLabel">
		<value condition="!String.IsEmpty(Window(Home).Property(t0:date))">$LOCALIZE[31113]</value>
		<value condition="!String.IsEmpty(Window(Home).Property(t1:date))">$LOCALIZE[31113]</value>
		<value condition="!String.IsEmpty(Window(Home).Property(t2:date))">$LOCALIZE[31113]</value>
		<value condition="!String.IsEmpty(Window(Home).Property(t3:date))">$LOCALIZE[31113]</value>
		<value condition="!String.IsEmpty(Window(Home).Property(t4:date))">$LOCALIZE[31113]</value>
		<value condition="!String.IsEmpty(Window(Home).Property(t5:date))">$LOCALIZE[31113]</value>
		<value condition="!String.IsEmpty(Window(Home).Property(t6:date))">$LOCALIZE[31113]</value>
		<value condition="!String.IsEmpty(Window(Home).Property(t7:date))">$LOCALIZE[31113]</value>
		<value condition="!String.IsEmpty(Window(Home).Property(t8:date))">$LOCALIZE[31113]</value>
		<value condition="!String.IsEmpty(Window(Home).Property(t9:date))">$LOCALIZE[31113]</value>
		<value>$LOCALIZE[31114]</value>
    </variable>
	
	<include name="KNSwitcherContent">
		<item>
			<label>$VAR[TimerLabel]</label>
			<onclick>RunScript(service.kn.switchtimer,action=delall)</onclick>
			<property name="Icon">noop</property>
		</item>
		<include content="KNSwitcherItem">
			<param name="knswitcheritem_id" value="t0" />
		</include>
		<include content="KNSwitcherItem">
			<param name="knswitcheritem_id" value="t1" />
		</include>
		<include content="KNSwitcherItem">
			<param name="knswitcheritem_id" value="t2" />
		</include>
		<include content="KNSwitcherItem">
			<param name="knswitcheritem_id" value="t3" />
		</include>
		<include content="KNSwitcherItem">
			<param name="knswitcheritem_id" value="t4" />
		</include>
		<include content="KNSwitcherItem">
			<param name="knswitcheritem_id" value="t5" />
		</include>
		<include content="KNSwitcherItem">
			<param name="knswitcheritem_id" value="t6" />
		</include>
		<include content="KNSwitcherItem">
			<param name="knswitcheritem_id" value="t7" />
		</include>
		<include content="KNSwitcherItem">
			<param name="knswitcheritem_id" value="t8" />
		</include>
	</include>
	
	<include name="KNSwitcherItem">
		<item>
			<label>$INFO[Window(Home).Property($PARAM[knswitcheritem_id]:date)]</label>
			<label2>$INFO[Window(Home).Property($PARAM[knswitcheritem_id]:channel)]</label2>
			<onclick>RunScript(service.kn.switchtimer,action=del,timer=$PARAM[knswitcheritem_id])</onclick>
			<property name="Title">$INFO[Window(Home).Property($PARAM[knswitcheritem_id]:title)]</property>
			<property name="Value">$PARAM[knswitcheritem_id]</property>
			<property name="Icon">$INFO[Window(Home).Property($PARAM[knswitcheritem_id]:icon)]</property>
			<visible>!String.IsEmpty(Window(Home).Property($PARAM[knswitcheritem_id]:date))</visible>
		</item>
	</include>
	<!-- KN SWITCHTIMER CLOSE  -->
	
</includes>