<?xml version="1.0" encoding="UTF-8"?>
<window>
	<!-- visualisation -->
	<defaultcontrol>-</defaultcontrol>
	<onload condition="System.HasAddon(script.artistslideshow)">RunScript(script.artistslideshow)</onload>
	
	<onload condition="System.IdleTime(20)">Skin.Reset(ExtraInfoAudio)</onload>
	<onunload>Skin.Reset(ExtraInfoAudio)</onunload>
	

	<controls>

		<!-- Visualisation -->
		<control type="visualisation" id="2">
			<include>FullscreenDimensions</include>
			<visible>Player.HasAudio</visible>
		</control>

		<!-- Artist slideshow -->
		<control type="multiimage">
			<include>FullscreenDimensions</include>
			<imagepath background="true">$INFO[Window(Visualisation).Property(ArtistSlideshow)]</imagepath>   <!-- $INFO[MusicPlayer.Property(Fanart_Image)] -->
			<aspectratio>scale</aspectratio>
			<timeperimage>10000</timeperimage>
			<fadetime>2000</fadetime>
			<randomize>true</randomize>
			<visible>Player.HasAudio + System.HasAddon(script.artistslideshow) + Skin.HasSetting(EnableArtistFanart)</visible>
			<animation effect="fade" start="100" end="50" time="0" condition="Skin.HasSetting(FadeArtistFanart)">Conditional</animation>
		</control>
		
		<!-- CD-Cover if Visualisation disabled -->
		<control type="group">
			<top>280</top>
			<visible>!Visualisation.Enabled</visible>
			
			<control type="image">
				<centerleft>50%</centerleft>
				<top>0</top>
				<width>554</width>
				<height>505</height>
				<texture>$INFO[MusicPlayer.Cover]</texture>
				<aspectratio aligny="top">keep</aspectratio>
				<include>BorderTextureNF</include>
				<bordersize>5</bordersize>
				<visible></visible>
			</control>
			
			<!-- Equalizer Animation -->
			<control type="image">
				<centerleft>50%</centerleft>
				<top>415</top>
				<width>475</width>
				<height>70</height>
				<texture>views/now-playing-animation.gif</texture>
				<aspectratio align="left">keep</aspectratio>
				<visible></visible>
			</control>
			
			<control type="group">
				<left>0</left>
				<top>520</top>
				<visible>Player.HasAudio + !String.IsEqual(MusicPlayer.Title,MusicPlayer.offset(-1).Title) + !Container.OnNext + !Container.OnScrollNext + !String.IsEmpty(MusicPlayer.Cover)</visible>
				<!--visible>!String.IsEmpty(MusicPlayer.PlaylistPosition)</visible-->
				
				<animation type="VisibleChange" reversible="false">
					<effect type="fade" start="0" end="100" delay="400" time="400" />
					<effect type="slide" start="1720,0" end="0,0" center="auto" delay="400" time="1000" tween="cubic" easing="out" />
				</animation>
				
				<!-- Title Label -->
				<control type="grouplist" id="1">
					<left>90</left>
					<top>0</top>
					<width>1740</width>	
					<height>60</height>
					<align>center</align>
					<itemgap>0</itemgap>
					<orientation>horizontal</orientation>
					<!-- Song title -->
					<control type="label" id="1">
						<width>auto</width>
						<height>60</height>
						<font>Font48</font>
						<textcolor>ffeaeaea</textcolor>
						<shadowcolor>ff000000</shadowcolor>
						<label>$INFO[MusicPlayer.TrackNumber,, • ]$INFO[MusicPlayer.Title]</label>
						<visible>!String.IsEmpty(MusicPlayer.Title)</visible>
					</control>
					<!-- Stream title -->
					<control type="label" id="1">
						<width>auto</width>
						<height>60</height>
						<font>Font48</font>
						<textcolor>ffeaeaea</textcolor>
						<shadowcolor>ff000000</shadowcolor>
						<label>$INFO[MusicPlayer.TrackNumber,, • ]$INFO[Player.Title]</label>
						<visible>String.IsEmpty(MusicPlayer.Title)</visible>
					</control>
					<!-- File title -->
					<control type="label" id="1">
						<width>auto</width>
						<height>60</height>
						<font>Font48</font>
						<textcolor>ffeaeaea</textcolor>
						<shadowcolor>ff000000</shadowcolor>
						<label>$INFO[MusicPlayer.TrackNumber,, • ]$INFO[Player.Filename]</label>
						<visible>String.IsEmpty(MusicPlayer.Title) + String.IsEmpty(Player.Title)</visible>
					</control>
				</control>
				
				<!--  2nd Title Label -->
				<control type="label" id="1">
					<top>60</top>
					<width>auto</width>
					<height>40</height>
					<align>center</align>
					<font>Font30</font>
					<textcolor>fffe8e8e8</textcolor>
					<shadowcolor>ff000000</shadowcolor>
					<label>$VAR[MusicPlayerTitle2]</label>
				</control>
				
			</control>
			
		</control>
		
		
		
		<!-- ***** Testlabels ***** -->
		
		<control type="group">
		<top>50</top>
		<visible>false</visible>
			
		<control type="label">
			<left>90</left>
			<top>60</top>
			<width>1720</width>	
			<height>70</height>
			<align>left</align>
			<font>Font33</font>
			<textcolor>ffeaeaea</textcolor>
			<shadowcolor>ff000000</shadowcolor>
			<label>Player.Title: $INFO[Player.Title]</label>
			<visible></visible>
		</control>
		
		<control type="label">
			<left>90</left>
			<top>90</top>
			<width>1720</width>	
			<height>70</height>
			<align>left</align>
			<font>Font33</font>
			<textcolor>ffeaeaea</textcolor>
			<shadowcolor>ff000000</shadowcolor>
			<label>MusicPlayer.Title: $INFO[MusicPlayer.Title]</label>
			<visible></visible>
		</control>
		
		<control type="label">
			<left>90</left>
			<top>120</top>
			<width>1720</width>	
			<height>70</height>
			<align>left</align>
			<font>Font33</font>
			<textcolor>ffeaeaea</textcolor>
			<shadowcolor>ff000000</shadowcolor>
			<label>Player.Filename: $INFO[Player.Filename]</label>
			<visible></visible>
		</control>
		
		<control type="label">
			<left>90</left>
			<top>150</top>
			<width>1720</width>	
			<height>70</height>
			<align>left</align>
			<font>Font33</font>
			<textcolor>ffeaeaea</textcolor>
			<shadowcolor>ff000000</shadowcolor>
			<label>Player.Folderpath : $INFO[Player.Folderpath]</label>
			<visible></visible>
		</control>
		
		<control type="label">
			<left>90</left>
			<top>180</top>
			<width>1720</width>	
			<height>70</height>
			<align>left</align>
			<font>Font33</font>
			<textcolor>ffeaeaea</textcolor>
			<shadowcolor>ff000000</shadowcolor>
			<label>Player.Filenameandpath: $INFO[Player.Filenameandpath]</label>
			<visible></visible>
		</control>
		
		<control type="label">
			<left>90</left>
			<top>210</top>
			<width>1720</width>	
			<height>70</height>
			<align>left</align>
			<font>Font33</font>
			<textcolor>ffeaeaea</textcolor>
			<shadowcolor>ff000000</shadowcolor>
			<label>MusicPlayer.Artist: $INFO[MusicPlayer.Artist]</label>
			<visible></visible>
		</control>
		
		<control type="label">
			<left>90</left>
			<top>240</top>
			<width>1720</width>	
			<height>70</height>
			<align>left</align>
			<font>Font33</font>
			<textcolor>ffeaeaea</textcolor>
			<shadowcolor>ff000000</shadowcolor>
			<label>MusicPlayer.Album: $INFO[MusicPlayer.Album]</label>
			<visible></visible>
		</control>
		
		<control type="label">
			<left>90</left>
			<top>270</top>
			<width>1720</width>	
			<height>70</height>
			<align>left</align>
			<font>Font33</font>
			<textcolor>ffeaeaea</textcolor>
			<shadowcolor>ff000000</shadowcolor>
			<label>MusicPlayer.Comment: $INFO[MusicPlayer.Comment]</label>
			<visible></visible>
		</control>
		
		<control type="label">
			<left>90</left>
			<top>300</top>
			<width>1720</width>	
			<height>70</height>
			<align>left</align>
			<font>Font33</font>
			<textcolor>ffeaeaea</textcolor>
			<shadowcolor>ff000000</shadowcolor>
			<label>MusicPlayer.TrackNumber: $INFO[MusicPlayer.TrackNumber]</label>
			<visible></visible>
		</control>
		
		<control type="label">
			<left>90</left>
			<top>330</top>
			<width>1720</width>	
			<height>70</height>
			<align>left</align>
			<font>Font33</font>
			<textcolor>ffeaeaea</textcolor>
			<shadowcolor>ff000000</shadowcolor>
			<label>MusicPlayer.ChannelNumber: $INFO[MusicPlayer.ChannelNumber]</label>
			<visible></visible>
		</control>
		
		<control type="label">
			<left>90</left>
			<top>360</top>
			<width>1720</width>	
			<height>70</height>
			<align>left</align>
			<font>Font33</font>
			<textcolor>ffeaeaea</textcolor>
			<shadowcolor>ff000000</shadowcolor>
			<label>MusicPlayer.ChannelName: $INFO[MusicPlayer.ChannelName]</label>
			<visible></visible>
		</control>
		
		<control type="label">
			<left>90</left>
			<top>390</top>
			<width>1720</width>	
			<height>70</height>
			<align>left</align>
			<font>Font33</font>
			<textcolor>ffeaeaea</textcolor>
			<shadowcolor>ff000000</shadowcolor>
			<label>MusicPlayer.PlaylistPosition: $INFO[MusicPlayer.PlaylistPosition]</label>
			<visible></visible>
		</control>
		
		<control type="label">
			<left>90</left>
			<top>420</top>
			<width>1720</width>	
			<height>70</height>
			<align>left</align>
			<font>Font33</font>
			<textcolor>ffeaeaea</textcolor>
			<shadowcolor>ff000000</shadowcolor>
			<label>MusicPlayer.PlaylistLength: $INFO[MusicPlayer.PlaylistLength]</label>
			<visible></visible>
		</control>
		</control>
		
		
		<!-- ***** Testlabels End ***** -->
		
		<!-- Playerstatus and seek marks -->
		<control type="grouplist" id="1">
			<right>90</right>
			<top>50</top>
			<width>700</width>
			<align>right</align>
			<itemgap>0</itemgap>
			<onleft>220</onleft>
			<onright>205</onright>
			<orientation>horizontal</orientation>
			<animation effect="fade" time="200">VisibleChange</animation>
			<include>WindowFadeAnimation</include>
			<!--visible>![[Skin.HasSetting(OSDSmallInfoStyle2) | Skin.HasSetting(ExtraInfoAudio) | Skin.HasSetting(ExtraInfoAudioPlus)] + [Player.ShowInfo | Window.IsActive(MusicOSD)]]</visible-->
			<visible>![Skin.HasSetting(OSDSmallInfoStyle2) | Skin.HasSetting(ExtraInfoAudio) | [Player.ShowInfo + Skin.HasSetting(ExtraInfoPlusAudio)]]</visible>  <!---  + [Player.ShowInfo | Window.IsActive(VideoOSD)] --> <!-- disables the search Info if "small Info style 2" is Enabled and visible -->
			
			
			<!--
			<animation type="WindowOpen" condition="!Window.IsActive(seekbar) + !Player.ShowInfo">
				<effect type="zoom" start="90" end="100" center="auto" tween="back" easing="out" time="200"/>
				<effect type="fade" start="0" end="100" time="200"/>
			</animation>
			<animation type="WindowClose" condition="!Window.IsActive(seekbar) + !Player.ShowInfo">
				<effect type="zoom" start="100" end="90" center="auto" easing="in" time="200"/>
				<effect type="fade" start="100" end="0" time="200"/>
			</animation>
			-->
			
			<!-- Pause Background -->
			<control type="image" id="1">
				<width>80</width>
				<height>60</height>
				<texture border="1">osd/OSDBack.png</texture>
				<animation effect="slide" start="0,0" end="80,0" condition="true">Conditional</animation>
				<visible>player.paused</visible>
			</control>
			<!-- Pause -->
			<control type="image" id="1">
				<left>0</left>
				<width>80</width>
				<height>60</height>
				<texture>osd/OSDPauseNF.png</texture>
				<aspectratio>keep</aspectratio>
				<visible>player.paused</visible>
			</control>
			<!-- Seek Icon FF -->
			<control type="button" id="1">
				<width>78</width>
				<height>60</height>
				<align>right</align>
				<texturefocus>osd/OSDBackFF.png</texturefocus>
				<texturenofocus>osd/OSDBackFF.png</texturenofocus>
				<aspectratio>stretch</aspectratio>
				<visible>Player.Forwarding</visible>
			</control>
			<!-- Seek Icon FR -->
			<control type="button" id="1">
				<width>78</width>
				<height>60</height>
				<align>right</align>
				<texturefocus>osd/OSDBackFR.png</texturefocus>
				<texturenofocus>osd/OSDBackFR.png</texturenofocus>
				<aspectratio>stretch</aspectratio>
				<visible>Player.Rewinding</visible>
			</control>
			<!-- Seek Status Label -->
			<control type="button" id="1">
				<width>auto</width>
				<height>60</height>
				<align>center</align>
				<label>$VAR[PlayerStatus]</label>
				<font>Font42</font>
				<textcolor>DialogTextColor2</textcolor>
				<textoffsetx>10</textoffsetx>
				<texturefocus>osd/OSDBack.png</texturefocus>
				<texturenofocus>osd/OSDBack.png</texturenofocus>
				<aspectratio>keep</aspectratio>
				<visible>Player.Forwarding | Player.Rewinding</visible>
			</control>
			<!-- Seekstep Label (+X/-X) -->
			<control type="button" id="1">
				<width>auto</width>
				<height>60</height>
				<align>center</align>
				<label>$INFO[Player.SeekStepSize]</label>
				<font>Font42</font>
				<textcolor>TextColor2</textcolor>
				<textoffsetx>10</textoffsetx>
				<texturefocus>osd/OSDBack.png</texturefocus>
				<texturenofocus>osd/OSDBack.png</texturenofocus>
				<aspectratio>keep</aspectratio>
				<visible>Player.Seeking</visible>
			</control>
			
			<!-- Playlist pos. and Song count -->
			<control type="button" id="1">
				<width>auto</width>
				<height>60</height>
				<align>center</align>
				<label>$INFO[MusicPlayer.PlaylistPosition,(,/]$INFO[MusicPlayer.PlaylistLength,,)]</label>
				<font>Font36</font>
				<textcolor>TextColor2</textcolor>
				<align>center</align>
				<textoffsetx>10</textoffsetx>
				<texturefocus>osd/OSDBack.png</texturefocus>
				<texturenofocus>osd/OSDBack.png</texturenofocus>
				<aspectratio>keep</aspectratio>
				<visible>!player.paused + IntegerGreaterThan(MusicPlayer.PlaylistLength,0) + [Player.DisplayAfterSeek | Player.Seeking | Player.Forwarding | Player.Rewinding | [[Player.ShowInfo | Window.IsActive(MusicOSD)] + !Skin.HasSetting(ExtraInfoAudio) + !Skin.HasSetting(ExtraInfoAudioPlus)] | [!Player.ShowInfo + Window.IsActive(MusicOSD) + !Skin.HasSetting(OSDSmallInfoStyle2) + Skin.HasSetting(ExtraInfoAudioPlus)]]</visible>
			</control>
			
		</control>
		

		<!-- Music Info  -->
		<control type="group">
			<!--visible>[Player.ShowInfo | Window.IsActive(MusicOSD)]</visible-->
			<animation effect="fade" time="200">VisibleChange</animation>
			<visible>!Window.IsVisible(script-cu-lrclyrics-main.xml)</visible>
			<!--
			<label>$INFO[Player.Filename] • $INFO[MusicPlayer.BitRate] • $INFO[MusicPlayer.Channels] • $INFO[MusicPlayer.SampleRate] • $INFO[MusicPlayer.BitsPerSample] bit • $INFO[MusicPlayer.Codec]</label>
			-->			
			
			<!-- Info (small) Text -->
			<control type="group" id="1">
				<visible>[[Player.ShowInfo | Window.IsActive(MusicOSD)] + !Skin.HasSetting(OSDSmallInfoStyle2) + !Skin.HasSetting(ExtraInfoAudio) + !Skin.HasSetting(ExtraInfoAudioPlus)] | [!Player.ShowInfo + Window.IsActive(MusicOSD) + !Skin.HasSetting(OSDSmallInfoStyle2) + Skin.HasSetting(ExtraInfoAudioPlus)]</visible>
				
				<!--<visible>!Skin.HasSetting(ExtraInfoAudio) + !Skin.HasSetting(ExtraInfoAudioPlus) + !Skin.HasSetting(OSDSmallInfoStyle2)</visible> -->
				
				<!-- Starrating Info  -->
				<control type="image">
					<description>Rating</description>
					<left>90</left>
					<top>50</top>
					<width>170</width>
					<height>50</height>
					<aspectratio align="center">keep</aspectratio>
					<texture fallback="rating-audio/rating0.png">$INFO[MusicPlayer.UserRating,rating-audio/rating,.png]</texture>
				</control>
				
				<!-- Title Label -->
				<control type="grouplist" id="1">
					<left>90</left>
					<top>45</top>
					<width>1740</width>	
					<height>60</height>
					<align>center</align>
					<itemgap>0</itemgap>
					<orientation>horizontal</orientation>
					<visible>Visualisation.Enabled</visible>
					<!-- Song title -->
					<control type="label" id="1">
						<width>auto</width>
						<height>60</height>
						<font>Font48</font>
						<textcolor>ffeaeaea</textcolor>
						<shadowcolor>ff000000</shadowcolor>
						<label>$INFO[MusicPlayer.Title]</label>
						<visible>!String.IsEmpty(MusicPlayer.Title)</visible>
					</control>
					<!-- Stream title -->
					<control type="label" id="1">
						<width>auto</width>
						<height>60</height>
						<font>Font48</font>
						<textcolor>ffeaeaea</textcolor>
						<shadowcolor>ff000000</shadowcolor>
						<label>$INFO[Player.Title]</label>
						<visible>String.IsEmpty(MusicPlayer.Title)</visible>
					</control>
					<!-- File title -->
					<control type="label" id="1">
						<width>auto</width>
						<height>60</height>
						<font>Font48</font>
						<textcolor>ffeaeaea</textcolor>
						<shadowcolor>ff000000</shadowcolor>
						<label>$INFO[Player.Filename]</label>
						<visible>String.IsEmpty(MusicPlayer.Title) + String.IsEmpty(Player.Title)</visible>
					</control>
				</control>
				
				<!--  2nd Title Label -->
				<control type="grouplist" id="1">
					<left>90</left>
					<top>107</top>
					<width>1740</width>
					<height>40</height>
					<align>center</align>
					<itemgap>20</itemgap>
					<orientation>horizontal</orientation>
					<visible>Visualisation.Enabled</visible>
					<!--  Artist -->
					<control type="label" id="1">
						<top>127</top>
						<width>auto</width>
						<height>40</height>
						<align>center</align>
						<font>Font30</font>
						<textcolor>fffe8e8e8</textcolor>
						<shadowcolor>ff000000</shadowcolor>
						<label>$VAR[MusicPlayerTitle2]</label>
					</control>

				</control>
			</control>
			
			<!-- Info (small) Bar) -->
			<control type="group" id="1">
				<visible>[[Window.IsActive(MusicOSD) + !Skin.HasSetting(ExtraInfoAudio)] | [Player.ShowInfo + !Skin.HasSetting(ExtraInfoAudioPlus)]] + Skin.HasSetting(OSDSmallInfoStyle2)</visible>

				<!-- Background -->
				<control type="image" id="1">
					<left>50</left>
					<top>40</top>
					<width>1810</width>
					<height>75</height>
					<texture border="1">osd/OSDBack.png</texture>
				</control>
					
				<!-- Title -->
				<control type="label" id="1">
					<left>500</left>
					<top>40</top>
					<width>920</width>	
					<height>70</height>
					<align>center</align>
					<font>Font48</font>
					<textcolor>ffeaeaea</textcolor>
					<shadowcolor>ff000000</shadowcolor>
					<label>$VAR[MusicPlayerTitle]</label>
					<visible></visible>
				</control>
				
				<!--  2nd Title Label (left) -->
				<control type="label" id="1">
					<left>90</left>
					<top>40</top>
					<width>410</width>
					<height>60</height>
					<align>left</align>
					<font>Font30</font>
					<textcolor>TextColor2</textcolor>
					<label>$VAR[MusicPlayerTitle2]</label>
				</control>
				
				<!--  3nd Title Label (right) -->
				<control type="label" id="1">
					<right>90</right>
					<top>40</top>
					<width>410</width>
					<height>60</height>
					<align>right</align>
					<font>Font30</font>
					<textcolor>TextColor2</textcolor>
					<label>$VAR[MusicPlayerTitle3]</label>
					<visible>!Player.Forwarding + !Player.Rewinding + !Player.Seeking + !player.paused</visible>
				</control>
				
				<!-- Playerstatus -->
				<control type="grouplist" id="1">
					<right>90</right>
					<top>40</top>
					<width>700</width>
					<height>70</height>
					<align>right</align>
					<itemgap>0</itemgap>
					<orientation>horizontal</orientation>
					<animation effect="fade" time="200">VisibleChange</animation>
					<include>WindowFadeAnimation</include>
					<visible></visible>
					
					<!-- Pause -->
					<control type="image" id="1">
						<width>80</width>
						<height>60</height>
						<texture>osd/OSDPauseNF.png</texture>
						<aspectratio>keep</aspectratio>
						<visible>player.paused</visible>
					</control>
					<!-- Seek Icon FF -->
					<control type="button" id="1">
						<width>78</width>
						<height>60</height>
						<align>right</align>
						<texturefocus>Button-Icons/OSDFastForward.png</texturefocus>
						<texturenofocus>Button-Icons/OSDFastForward.png</texturenofocus>
						<aspectratio>stretch</aspectratio>
						<visible>Player.Forwarding</visible>
					</control>
					<!-- Seek Icon FR -->
					<control type="button" id="1">
						<width>78</width>
						<height>60</height>
						<align>right</align>
						<texturefocus>Button-Icons/OSDRewind.png</texturefocus>
						<texturenofocus>Button-Icons/OSDRewind.png</texturenofocus>
						<aspectratio>stretch</aspectratio>
						<visible>Player.Rewinding</visible>
					</control>
					<!-- Seek Label (Status) -->
					<control type="button" id="1">
						<width>auto</width>
						<height>60</height>
						<align>center</align>
						<label>$VAR[PlayerStatus]</label>
						<font>Font42</font>
						<textcolor>DialogTextColor2</textcolor>
						<textoffsetx>10</textoffsetx>
						<visible>Player.Forwarding | Player.Rewinding</visible>
					</control>
					<!-- Skipstep Label -->
					<control type="button" id="1">
						<width>auto</width>
						<height>60</height>
						<align>center</align>
						<label>$INFO[Player.SeekStepSize]</label>
						<font>Font42</font>
						<textcolor>TextColor2</textcolor>
						<textoffsetx>10</textoffsetx>
						<visible>Player.Seeking</visible>
					</control>
					<!-- Playlist pos. and Song count -->
					<control type="button" id="1">
						<width>auto</width>
						<height>60</height>
						<align>center</align>
						<label>$INFO[MusicPlayer.PlaylistPosition,(,/]$INFO[MusicPlayer.PlaylistLength,,)]</label>
						<font>Font36</font>
						<textcolor>TextColor2</textcolor>
						<textoffsetx>10</textoffsetx>
						<visible>!player.paused + IntegerGreaterThan(MusicPlayer.PlaylistLength,0) + [Player.DisplayAfterSeek | Player.Seeking | Player.Forwarding | Player.Rewinding | [[Player.ShowInfo | Window.IsActive(MusicOSD)] + [!Skin.HasSetting(ExtraInfoAudio) + !Skin.HasSetting(ExtraInfoAudioPlus)]]]</visible>
					</control>
				</control>
				
			</control>
			
			<!-- Info Plus -->
			<control type="group" id="1">
				<visible>[[Window.IsActive(MusicOSD) + Skin.HasSetting(ExtraInfoAudio)] | [Player.ShowInfo + Skin.HasSetting(ExtraInfoAudioPlus)]]</visible>  <!--  + !Window.IsActive(123) + !Window.IsActive(124) -->
				<control type="group" id="1">
					<left>50</left>
					<top>40</top>
					<width>1810</width>
					<height>245</height>

					<!-- Background -->
					<control type="image" id="1">
						<width>1820</width>
						<height>275</height>
						<texture border="1">osd/OSDBack.png</texture>
					</control>
					
					<!-- Icon -->
					<control type="image" id="1">
						<left>1</left>
						<top>1</top>
						<width>273</width>
						<height>273</height>
						<aspectratio align="left">stretch</aspectratio>
						<texture>$VAR[MusicPlayerIcon]</texture>
					</control>

					<!-- Title -->
					<control type="grouplist">
						<left>300</left>
						<top>5</top>
						<width>1145</width>
						<height>60</height>
						<align>left</align>
						<itemgap>0</itemgap>
						<orientation>horizontal</orientation>
						<visible>!Pvr.IsPlayingRadio</visible>  <!-- !VideoPlayer.Content(LiveTV) -->
						<!--  Track Nr. -->
						<control type="label">
							<width>auto</width>
							<height>60</height>
							<align>center</align>
							<font>Font48</font>
							<textcolor>fffe8e8e8</textcolor>
							<shadowcolor>ff000000</shadowcolor>
							<label>$INFO[MusicPlayer.TrackNumber]. </label>
							<visible>!String.IsEmpty(MusicPlayer.TrackNumber)</visible>
						</control>
						<!-- Title -->
						<control type="label">
							<width>auto</width>
							<height>60</height>
							<font>Font48</font>
							<textcolor>DialogTextColor1</textcolor>
							<label>$VAR[MusicPlayerTitle_InfoPlus_spez]</label>
							<animation effect="slide" start="0,0" end="30,0" time="0" condition="Pvr.IsPlayingTv">Conditional</animation>
						</control>
						<!--  Artist -->
						<control type="label">
							<width>auto</width>
							<height>60</height>
							<align>center</align>
							<font>Font48</font>
							<textcolor>fffe8e8e8</textcolor>
							<shadowcolor>ff000000</shadowcolor>
							<label>$INFO[MusicPlayer.Artist, - ]</label>
							<visible>!String.IsEmpty(MusicPlayer.Artist)</visible>
						</control>
						<!--  Album. -->
						<control type="label">
							<width>auto</width>
							<height>60</height>
							<align>center</align>
							<font>Font48</font>
							<textcolor>fffe8e8e8</textcolor>
							<shadowcolor>ff000000</shadowcolor>
							<label>  -  $INFO[MusicPlayer.Album]</label>
							<visible>!String.IsEmpty(MusicPlayer.Album)</visible>
						</control>
						<!--  Playlist pos. -->
						<control type="label">
							<width>auto</width>
							<height>60</height>
							<align>center</align>
							<font>Font48</font>
							<textcolor>fffe8e8e8</textcolor>
							<shadowcolor>ff000000</shadowcolor>
							<label> - $INFO[MusicPlayer.PlaylistPosition,(,/]$INFO[MusicPlayer.PlaylistLength,,)]</label>
							<visible>!String.IsEmpty(MusicPlayer.PlaylistPosition)</visible>
						</control>
						<!-- CD Nr. -->
						<control type="label">
							<left>20</left>
							<top>127</top>
							<width>auto</width>
							<height>60</height>
							<align>center</align>
							<font>Font48</font>
							<textcolor>fffe8e8e8</textcolor>
							<shadowcolor>ff000000</shadowcolor>
							<label>$INFO[MusicPlayer.DiscNumber, • CD:]</label>
							<visible>!String.IsEmpty(MusicPlayer.DiscNumber) + !StringCompare(MusicPlayer.DiscNumber,1)</visible>
						</control>
					</control>
					
					<!-- Title -->
					<control type="grouplist">
						<left>260</left>
						<top>5</top>
						<width>1145</width>
						<height>60</height>
						<align>left</align>
						<itemgap>0</itemgap>
						<orientation>horizontal</orientation>
						<visible>Pvr.IsPlayingRadio</visible>  <!-- VideoPlayer.Content(LiveTV) -->
						<!--  Channel Nr. -->
						<control type="label">
							<left>20</left>
							<top>127</top>
							<width>auto</width>
							<height>60</height>
							<align>center</align>
							<font>Font48</font>
							<textcolor>fffe8e8e8</textcolor>
							<shadowcolor>ff000000</shadowcolor>
							<label>$INFO[MusicPlayer.ChannelNumber]  - </label>
							<visible>Pvr.IsPlayingRadio + !String.IsEmpty(MusicPlayer.ChannelNumber)</visible>
						</control>
						<!-- Title -->
						<control type="label">
							<left>210</left>
							<top>14</top>
							<width>auto</width>
							<height>60</height>
							<font>Font48</font>
							<textcolor>DialogTextColor1</textcolor>
							<label>$INFO[MusicPlayer.ChannelName]$INFO[MusicPlayer.Title, • (,)]</label>
							<animation effect="slide" start="0,0" end="30,0" time="0" condition="Pvr.IsPlayingTv">Conditional</animation>
							<visible>Pvr.IsPlayingRadio + !String.IsEmpty(MusicPlayer.ChannelName)</visible>
						</control>
						
					</control>
					
					<!-- "Flagging" PVR Radio -->
					<control type="label" id="1">    <!-- Fix me! -->
						<right>15</right>
						<top>15</top>
						<width>1500</width>
						<height>30</height>
						<font>Font30</font>
						<align>right</align>
						<textcolor>TextColor3</textcolor>
						<label>$INFO[VideoPlayer.VideoResolution]$INFO[VideoPlayer.VideoCodec, • ]$INFO[VideoPlayer.AudioCodec, • [UPPERCASE],[/UPPERCASE]]$VAR[AudioChannelsOSD, • ]</label>
						<visible>false</visible>
					</control>
					
					
					<!-- "Flagging" -->
					<control type="label" id="1">
						<right>15</right>
						<top>15</top>
						<width>1500</width>
						<height>30</height>
						<font>Font30</font>
						<align>right</align>
						<textcolor>TextColor3</textcolor>
						<label>$INFO[MusicPlayer.Codec,[UPPERCASE],[/UPPERCASE]]$INFO[MusicPlayer.BitRate, • , kbit/s]$VAR[AudioChannelsOSD, • ]</label>
						<visible>!Player.Forwarding + !Player.Rewinding + !Player.Seeking + !player.paused</visible>
					</control>
					
					<!-- "Flagging" 2 -->
					<control type="label" id="1">
						<right>15</right>
						<top>45</top>
						<width>1500</width>
						<height>30</height>
						<font>Font30</font>
						<align>right</align>
						<textcolor>TextColor3</textcolor>
						<label>($INFO[MusicPlayer.BitsPerSample,, bit] / $INFO[MusicPlayer.SampleRate,, kHz])</label>
						<visible>!Player.Forwarding + !Player.Rewinding + !Player.Seeking + !player.paused + [!String.IsEmpty(MusicPlayer.BitsPerSample) + !String.IsEmpty(MusicPlayer.SampleRate)]</visible>
					</control>
					
					<!-- Playerstatus -->
					<control type="grouplist" id="1">
						<right>20</right>
						<top>8</top>
						<width>700</width>
						<height>70</height>
						<align>right</align>
						<itemgap>0</itemgap>
						<orientation>horizontal</orientation>
						<animation effect="fade" time="200">VisibleChange</animation>
						<include>WindowFadeAnimation</include>
						<visible></visible>
						
						<!-- Pause -->
						<control type="image" id="1">
							<width>80</width>
							<height>60</height>
							<texture>osd/OSDPauseNF.png</texture>
							<aspectratio>keep</aspectratio>
							<visible>player.paused</visible>
						</control>
						<!-- Seek Icon FF -->
						<control type="button" id="1">
							<width>78</width>
							<height>60</height>
							<align>right</align>
							<texturefocus>Button-Icons/OSDFastForward.png</texturefocus>
							<texturenofocus>Button-Icons/OSDFastForward.png</texturenofocus>
							<aspectratio>stretch</aspectratio>
							<visible>Player.Forwarding</visible>
						</control>
						<!-- Seek Icon FR -->
						<control type="button" id="1">
							<width>78</width>
							<height>60</height>
							<align>right</align>
							<texturefocus>Button-Icons/OSDRewind.png</texturefocus>
							<texturenofocus>Button-Icons/OSDRewind.png</texturenofocus>
							<aspectratio>stretch</aspectratio>
							<visible>Player.Rewinding</visible>
						</control>
						<!-- Seek Label (Status) -->
						<control type="button" id="1">
							<width>auto</width>
							<height>60</height>
							<align>center</align>
							<label>$VAR[PlayerStatus]</label>
							<font>Font42</font>
							<textcolor>DialogTextColor2</textcolor>
							<textoffsetx>10</textoffsetx>
							<visible>Player.Forwarding | Player.Rewinding</visible>
						</control>
						<!-- Skipstep Label -->
						<control type="button" id="1">
							<width>auto</width>
							<height>60</height>
							<align>center</align>
							<label>$INFO[Player.SeekStepSize]</label>
							<font>Font42</font>
							<textcolor>TextColor2</textcolor>
							<textoffsetx>10</textoffsetx>
							<visible>Player.Seeking</visible>
						</control>
					</control>

					<!-- Plot -->
					<control type="textbox" id="1">
						<left>300</left>
						<top>82</top>
						<width>1450</width>
						<height>180</height>
						<label>$VAR[MusicPlayerPlot]</label>  <!-- $VAR[VideoPlayerPlot] -->
						<font>Font30</font>
						<align>left</align>
						<textcolor>DialogTextColor2</textcolor>
						<autoscroll delay="10000" time="5000" repeat="15000">true</autoscroll>
						<visible>!MusicPlayer.HasNext</visible>
					</control>
					
					<!-- Next Track-Info(Plot) -->
					<control type="group" id="1">
						<visible>MusicPlayer.HasNext</visible>
						<left>300</left>
						
						<control type="textbox" id="1">
							<left>0</left>
							<top>70</top>
							<width>1500</width>
							<height>105</height>
							<label>$VAR[MusicPlayerPlot]</label>
							<font>Font30</font>
							<align>left</align>
							<textcolor>DialogTextColor2</textcolor>
							<autoscroll delay="10000" time="5000" repeat="15000">true</autoscroll>
						</control>
						
						<control type="label" id="1">
							<left>0</left>
							<top>179</top>
							<width>1140</width>
							<height>48</height>
							<font>Font33</font>
							<textcolor>DialogTextColor1</textcolor>
							<label>$LOCALIZE[19031]:</label>
						</control>
						
						<control type="textbox" id="1">
							<left>0</left>
							<top>222</top>
							<width>1500</width>
							<height>40</height>
							<label>$INFO[MusicPlayer.offset(1).TrackNumber,,. ]$INFO[MusicPlayer.Offset(1).Artist,, - ]$INFO[MusicPlayer.Offset(1).Title]</label>
							<font>Font30</font>
							<align>left</align>
							<textcolor>DialogTextColor2</textcolor>
							<autoscroll>false</autoscroll>
						</control>
					
					
					</control>

				</control>
				
			</control>
			
		</control>
		
		<!-- Progress bar and Labels -->
		<control type="group">
			<visible>Player.DisplayAfterSeek | Player.Seeking | Player.Forwarding | Player.Rewinding | [Player.ShowInfo | Window.IsActive(MusicOSD) | Window.IsActive(seekbar)]</visible>
			<animation effect="fade" time="200">VisibleChange</animation>
			
			<!-- Start Progress bar -->
			<control type="group">
				<animation effect="slide" start="0,0" end="0,65" time="200" condition="!Window.IsActive(MusicOSD)">Conditional</animation>
				<left>0</left>
				<top>960</top>
				<width>1920</width>
				<height>60</height>
				<animation type="WindowOpen" condition="!Window.IsActive(seekbar) + !Window.IsActive(fullscreeninfo)">
					<effect type="zoom" start="90" end="100" center="auto" tween="back" easing="out" time="200"/>
					<effect type="fade" start="0" end="100" time="200"/>
				</animation>
				<animation type="WindowClose" condition="!Window.IsActive(seekbar) + !Window.IsActive(fullscreeninfo)">
					<effect type="zoom" start="100" end="90" center="auto" easing="in" time="200"/>
					<effect type="fade" start="100" end="0" time="200"/>
				</animation>

				<!-- Background -->
				<control type="image">
					<top>0</top>
					<left>-15</left>
					<width>1950</width>
					<height>120</height>
					<texture colordiffuse="$VAR[OverlayColordiffuse]">common/Base.png</texture>
				</control>

				<!--  Current position/Time remaining -->
				<control type="label">
					<left>20</left>
					<width>320</width>
					<height>60</height>
					<font>Font27</font>
					<textcolor>DialogTextColor2</textcolor>
					<label>$INFO[System.Time,$LOCALIZE[142] ,    |    ]$INFO[Player.Time]</label>
				</control>

				<!--  Progress bar -->
				<control type="progress">
					<left>350</left>
					<top>27</top>
					<width>1220</width>
					<height>6</height>
					<info>Player.Progress</info>
					<texturebg border="2">osd/OSDProgressBack.png</texturebg>
					<lefttexture>-</lefttexture>
					<midtexture border="2">osd/OSDProgressBar.png</midtexture>
					<righttexture>-</righttexture>
					<overlaytexture>-</overlaytexture>
				</control>

				<!--  Cache bar -->
				<control type="progress">
					<left>350</left>
					<top>27</top>
					<width>1220</width>
					<height>6</height>
					<info>Player.ProgressCache</info>
					<texturebg colordiffuse="00ffffff" border="2">osd/OSDProgressBack.png</texturebg>
					<lefttexture>-</lefttexture>
					<midtexture colordiffuse="66ffffff" border="2">osd/OSDProgressBar.png</midtexture>
					<righttexture>-</righttexture>
					<overlaytexture>-</overlaytexture>
				</control>

				<!-- Current Time/End Time -->
				<control type="label">
					<left>1580</left>
					<width>320</width>
					<height>60</height>
					<align>right</align>
					<font>Font27</font>
					<textcolor>DialogTextColor2</textcolor>
					<label>$INFO[Player.Duration]$INFO[Player.FinishTime,     |    $LOCALIZE[19081]: ]</label>
				</control>
			</control>
			<!-- End Progress bar -->
		</control>
		
	</controls>

</window>