<?xml version="1.0" encoding="UTF-8"?>
<window>
	<!-- musicplaylisteditor -->
	<backgroundcolor>0x00000000</backgroundcolor>
	<onload>SetFocus(50)</onload>
	<onload>SetFocus(6)</onload>

	<controls>

		<!-- Fake previous window (music library) -->
		<!-- Background -->
		<!--include>WindowBackgroundImage</include-->
		<control type="image">
			<include>FullscreenDimensions</include>
			<aspectratio>stretch</aspectratio>
			<texture>fallbacks/BG-Fanartfallback.png</texture>
		</control>
		<control type="image">
			<include>FullscreenDimensions</include>
			<texture colordiffuse="CommonFanartOverlay">common/Base.png</texture>
		</control>

		
		<!-- Window Header -->
		<include>WindowHeaderCommon</include>

		<!-- Time -->
		<include>Time</include>
		
		<!-- Main Window Mouse Buttons -->
		<include>MainWindowMouseButtons</include>

		<!-- Image -->
		<!--control type="image">
			<left>120</left>
			<top>225</top>
			<width>405</width>
			<height>600</height>
			<texture>DefaultFile.png</texture>
			<colordiffuse>OverlayColorFO</colordiffuse>
			<aspectratio aligny="center">keep</aspectratio>
		</control-->

		<!-- List -->
		<control type="grouplist">
			<left>721</left>
			<centertop>50%</centertop>
			<width>1135</width>
			<height>720</height>
			<itemgap>0</itemgap>
			<orientation>vertical</orientation>
			<control type="label">
				<width>1018</width>
				<height>70</height>
				<font>Font36</font>
				<label>$INFO[Window(Music).Property(ListItem-4)]</label>
				<textcolor>TextColor2</textcolor>
				<visible>!Skin.HasSetting(View50Style2)</visible>
			</control>
			<control type="label">
				<width>1018</width>
				<height>70</height>
				<font>Font36</font>
				<label>$INFO[Window(Music).Property(ListItem-3)]</label>
				<textcolor>TextColor2</textcolor>
				<visible>!Skin.HasSetting(View50Style2)</visible>
			</control>
			<control type="label">
				<width>1018</width>
				<height>70</height>
				<font>Font36</font>
				<label>$INFO[Window(Music).Property(ListItem-2)]</label>
				<textcolor>TextColor2</textcolor>
				<visible>!Skin.HasSetting(View50Style2)</visible>
			</control>
			<control type="label">
				<width>1018</width>
				<height>70</height>
				<font>Font36</font>
				<label>$INFO[Window(Music).Property(ListItem-1)]</label>
				<textcolor>TextColor2</textcolor>
				<visible>!Skin.HasSetting(View50Style2)</visible>
			</control>
			<control type="label">
				<width>1018</width>
				<height>160</height>
				<font>Font48</font>
				<label>$INFO[Window(Music).Property(ListItem)]</label>
				<textcolor>TextColor1</textcolor>
				<shadowcolor>ShadowColor</shadowcolor>
				<visible>!Skin.HasSetting(View50Style2)</visible>
			</control>
			<control type="label">
				<width>1018</width>
				<height>70</height>
				<font>Font36</font>
				<label>$INFO[Window(Music).Property(ListItem1)]</label>
				<textcolor>TextColor2</textcolor>
				<visible>!Skin.HasSetting(View50Style2)</visible>
			</control>
			<control type="label">
				<width>1018</width>
				<height>70</height>
				<font>Font36</font>
				<label>$INFO[Window(Music).Property(ListItem2)]</label>
				<textcolor>TextColor2</textcolor>
				<visible>!Skin.HasSetting(View50Style2)</visible>
			</control>
			<control type="label">
				<width>1018</width>
				<height>70</height>
				<font>Font36</font>
				<label>$INFO[Window(Music).Property(ListItem3)]</label>
				<textcolor>TextColor2</textcolor>
				<visible>!Skin.HasSetting(View50Style2)</visible>
			</control>
			<control type="label">
				<width>1018</width>
				<height>70</height>
				<font>Font36</font>
				<label>$INFO[Window(Music).Property(ListItem4)]</label>
				<textcolor>TextColor2</textcolor>
				<visible>!Skin.HasSetting(View50Style2)</visible>
			</control>
			
			<control type="label">
				<width>1018</width>
				<height>90</height>
				<font>Font36</font>
				<label>$INFO[Window(Music).Property(ListItem-3)]</label>
				<textcolor>TextColor2</textcolor>
				<visible>Skin.HasSetting(View50Style2)</visible>
			</control>
			<control type="label">
				<width>1018</width>
				<height>90</height>
				<font>Font36</font>
				<label>$INFO[Window(Music).Property(ListItem-2)]</label>
				<textcolor>TextColor2</textcolor>
				<visible>Skin.HasSetting(View50Style2)</visible>
			</control>
			<control type="label">
				<width>1018</width>
				<height>90</height>
				<font>Font36</font>
				<label>$INFO[Window(Music).Property(ListItem-1)]</label>
				<textcolor>TextColor2</textcolor>
				<visible>Skin.HasSetting(View50Style2)</visible>
			</control>
			<control type="label">
				<width>1018</width>
				<height>180</height>
				<font>Font60</font>
				<label>$INFO[Window(Music).Property(ListItem)]</label>
				<textcolor>TextColor1</textcolor>
				<shadowcolor>ShadowColor</shadowcolor>
				<visible>Skin.HasSetting(View50Style2)</visible>
			</control>
			<control type="label">
				<width>1018</width>
				<height>90</height>
				<font>Font36</font>
				<label>$INFO[Window(Music).Property(ListItem1)]</label>
				<textcolor>TextColor2</textcolor>
				<visible>Skin.HasSetting(View50Style2)</visible>
			</control>
			<control type="label">
				<width>1018</width>
				<height>90</height>
				<font>Font36</font>
				<label>$INFO[Window(Music).Property(ListItem2)]</label>
				<textcolor>TextColor2</textcolor>
				<visible>Skin.HasSetting(View50Style2)</visible>
			</control>
			<control type="label">
				<width>1018</width>
				<height>90</height>
				<font>Font36</font>
				<label>$INFO[Window(Music).Property(ListItem3)]</label>
				<textcolor>TextColor2</textcolor>
				<visible>Skin.HasSetting(View50Style2)</visible>
			</control>
		</control>

		<!-- Item count -->
		<control type="grouplist">
			<right>75</right> 
			<bottom>40</bottom>
			<width>800</width>
			<height>45</height>
			<itemgap>6</itemgap>
			<align>right</align>
			<orientation>horizontal</orientation>
			<usecontrolcoords>true</usecontrolcoords>
			<control type="label">
				<top>3</top>
				<width>auto</width>
				<height>44</height>
				<align>right</align>
				<label>$INFO[Window(Music).Property(NumberItems)]</label>
				<font>Font25</font>
				<textcolor>TextColor2</textcolor>
			</control>
			<control type="label">
				<width>auto</width>
				<height>44</height>
				<align>right</align>
				<label>136</label>
				<font>Font33</font>
				<textcolor>TextColor2</textcolor>
			</control>
		</control>
		
		<!-- Fakecontend End -->
		

		<!-- Playlist editor controls -->
		<control type="group">
			<include>DialogZoomAnimation</include>

			<!-- Background -->
			<include>DialogBackgroundImage</include>
			
			<!-- Window Header -->
			<!--include>WindowHeaderCommon</include-->
			
			<!-- Heading -->
			<control type="label">
				<include>DialogHeaderLabelInner</include>
			</control>

			<!-- Heading -->
			<!--control type="label">
				<left>150</left>
				<top>96</top>
				<width>1620</width>
				<height>72</height>
				<font>Font72</font>
				<label>10503</label>
			</control-->
			
			<!-- Close Window Button -->
			<control type="button">
				<description>Close Window button</description>
				<right>70</right>
				<top>21</top>
				<width>120</width>
				<height>50</height>
				<label>[B]x[/B]</label>
				<font>Font42</font>
				<align>center</align>
				<aligny>bottom</aligny>
				<textoffsetx></textoffsetx>
				<textoffsety>-12</textoffsety>
				<onclick>PreviousMenu</onclick>
				<texturefocus border="15" colordiffuse="CommonDialogButtonFO">Buttons/DialogCloseButton.png</texturefocus>
				<texturenofocus border="15" colordiffuse="CommonDialogButtonNF">Buttons/DialogCloseButton.png</texturenofocus>
				<visible>system.getbool(input.enablemouse) + Skin.HasSetting(ShowMouseButtons)</visible>
			</control>
			
			<!-- Left list BG -->
			<control type="image">
				<left>80</left>
				<top>204</top>
				<width>610</width>
				<height>664</height>
				<texture border="5" colordiffuse="SettingsPanelOverlayColor">common/Base.png</texture>
				<aspectratio>stretch</aspectratio>
				<visible></visible>
			</control>

			<!-- Left group -->
			<control type="group">
				<left>90</left>
				<top>204</top>

				<!-- Heading -->
				<control type="label">
					<width>610</width>
					<height>66</height>
					<textcolor>DialogTextColor1</textcolor>
					<label>31007</label>
				</control>

				<!-- Seperator -->
				<control type="image">
					<left>-10</left>
					<top>66</top>
					<width>610</width>
					<height>20</height>
					<texture border="1,12,1,1" colordiffuse="DialogOverlayColorNF">common/ScrollBackgroundHorizontal.png</texture>
				</control>

				<!-- Left list -->
				<control type="list" id="50">
					<top>86</top>
					<width>610</width>
					<height>594</height>
					<onleft>noop</onleft>
					<onright>9000</onright>
					<onup>50</onup>
					<ondown>50</ondown>
					<scrolltime>200</scrolltime>

					<itemlayout height="66" width="610">
						<control type="label">
							<width>610</width>
							<textcolor>DialogTextColor2</textcolor>
							<label>$INFO[ListItem.Label]</label>
						</control>
					</itemlayout>

					<focusedlayout height="66" width="610">
						<control type="label">
							<width>610</width>
							<textcolor>DialogTextColor1</textcolor>
							<label>$INFO[ListItem.Label]</label>
							<animation effect="fade" start="100" end="75" time="200" tween="cubic" easing="out" reversible="true" condition="!Control.HasFocus(50)">Conditional</animation>
						</control>
					</focusedlayout>

				</control>

				<!-- Number label -->
				<control type="grouplist">
					<top>698</top>
					<width>610</width>
					<height>44</height>
					<align>right</align>
					<itemgap>6</itemgap>
					<orientation>horizontal</orientation>
					<usecontrolcoords>true</usecontrolcoords>
					<control type="label">
						<top>3</top>
						<width>auto</width>
						<height>44</height>
						<align>right</align>
						<font>Font25</font>
						<label>$INFO[Container(50).NumItems]</label>
						<textcolor>DialogTextColor2</textcolor>
					</control>
					<control type="label">
						<width>auto</width>
						<height>44</height>
						<align>right</align>
						<label>31000</label>
						<font>Font33</font>
						<textcolor>TextColor2</textcolor>
						<visible>!IntegerGreaterThan(Container(50).NumItems,1)</visible>
					</control>
					<control type="label">
						<width>auto</width>
						<height>44</height>
						<align>right</align>
						<label>31001</label>
						<font>Font33</font>
						<textcolor>TextColor2</textcolor>
						<visible>IntegerGreaterThan(Container(50).NumItems,1)</visible>
					</control>
				</control>

			</control>

			<!-- Middle group -->
			<control type="group">
				<centerleft>50%</centerleft>
				<top>204</top>
				<width>460</width>

				<!-- Heading -->
				<control type="label">
					<width>460</width>
					<height>66</height>
					<align>center</align>
					<textcolor>DialogTextColor1</textcolor>
					<label>31008</label>
				</control>

				<control type="group">
					<visible>Control.HasFocus(50)</visible>

					<!-- Image -->
					<control type="image">
						<left>80</left>
						<top>80</top>
						<width>300</width>
						<height>300</height>
						<texture fallback="DefaultAddonMusic.png">$INFO[Container(50).ListItem.Icon]</texture>
						<aspectratio aligny="top">scale</aspectratio>
					</control>

					<!-- Details -->
					<control type="textbox">
						<left>70</left>
						<top>390</top>
						<width>320</width>
						<font>Font25</font>
						<textcolor>DialogTextColor1</textcolor>
						<label>$INFO[Container(50).ListItem.Artist,[COLOR=SelectedColor]$LOCALIZE[557]:[/COLOR] ,[CR]]$INFO[Container(50).ListItem.Album,[COLOR=SelectedColor]$LOCALIZE[558]: [/COLOR]]</label>
					</control>

				</control>

				<control type="group">
					<visible>Control.HasFocus(100)</visible>

					<!-- Image -->
					<control type="image">
						<left>80</left>
						<top>80</top>
						<width>300</width>
						<height>300</height>
						<texture fallback="DefaultAddonMusic.png">$INFO[Container(100).ListItem.Icon]</texture>
						<aspectratio aligny="top">scale</aspectratio>
					</control>

					<!-- Details -->
					<control type="textbox">
						<left>70</left>
						<top>390</top>
						<width>320</width>
						<height>330</height>
						<font>Font25</font>
						<textcolor>DialogTextColor1</textcolor>
						<label>$INFO[Container(100).ListItem.Artist,[COLOR=SelectedColor]$LOCALIZE[557]:[/COLOR] ,[CR]]$INFO[Container(100).ListItem.Album,[COLOR=SelectedColor]$LOCALIZE[558]: [/COLOR]]</label>
					</control>

				</control>

				<!-- Middle grouplist -->
				<control type="grouplist" id="9000">
					<top>472</top>
					<width>460</width>
					<height>476</height>
					<itemgap>6</itemgap>
					<onleft>50</onleft>
					<onright>100</onright>
					<onup>noop</onup>
					<ondown>noop</ondown>
					<orientation>vertical</orientation>

					<!-- Open Button -->
					<control type="button" id="6">
						<align>center</align>
						<label>31009</label>
						<width>460</width>
						<include condition="!Skin.HasSetting(DialogButtonStyleJustText)">DialogButtonStyle</include>
					</control>

					<!-- Save Button -->
					<control type="button" id="7">
						<align>center</align>
						<label>31010</label>
						<width>460</width>
						<include condition="!Skin.HasSetting(DialogButtonStyleJustText)">DialogButtonStyle</include>
					</control>

					<!-- Clear Button -->
					<control type="button" id="8">
						<align>center</align>
						<label>31011</label>
						<width>460</width>
						<include condition="!Skin.HasSetting(DialogButtonStyleJustText)">DialogButtonStyle</include>
					</control>

				</control>

			</control>
			
			<!-- Right list BG -->
			<control type="image">
				<right>80</right>
				<top>204</top>
				<width>610</width>
				<height>664</height>
				<texture border="5" colordiffuse="SettingsPanelOverlayColor">common/Base.png</texture>
				<aspectratio>stretch</aspectratio>
				<visible></visible>
			</control>

			<!-- Right group -->
			<control type="group">
				<right>70</right>
				<top>204</top>
				<width>610</width>

				<!-- Heading -->
				<control type="label">
					<width>610</width>
					<height>66</height>
					<textcolor>DialogTextColor1</textcolor>
					<label>31012</label>
				</control>

				<!-- Seperator -->
				<control type="image">
					<left>-10</left>
					<top>66</top>
					<width>610</width>
					<height>20</height>
					<texture border="1,12,1,1" colordiffuse="DialogOverlayColorNF">common/ScrollBackgroundHorizontal.png</texture>
				</control>

				<!-- Right list -->
				<control type="list" id="100">
					<top>86</top>
					<width>610</width>
					<height>594</height>
					<onleft>9000</onleft>
					<onright>noop</onright>
					<onup>100</onup>
					<ondown>100</ondown>
					<scrolltime>200</scrolltime>

					<itemlayout height="66" width="610">
						<control type="label">
							<width>610</width>
							<textcolor>DialogTextColor2</textcolor>
							<label>$INFO[ListItem.Label]</label>
						</control>
						<control type="label">
							<width>610</width>
							<align>right</align>
							<textcolor>DialogTextColor2</textcolor>
							<label>$INFO[ListItem.Label2]</label>
						</control>
					</itemlayout>

					<focusedlayout height="66" width="610">
						<control type="group">
							<animation effect="fade" start="100" end="75" time="200" tween="cubic" easing="out" reversible="true" condition="!Control.HasFocus(100)">Conditional</animation>
							<control type="label">
								<width>610</width>
								<textcolor>DialogTextColor1</textcolor>
								<label>$INFO[ListItem.Label]</label>
							</control>
							<control type="label">
								<width>610</width>
								<align>right</align>
								<textcolor>DialogTextColor1</textcolor>
								<label>$INFO[ListItem.Label2]</label>
							</control>
						</control>
					</focusedlayout>

				</control>

				<!-- Number label -->
				<control type="grouplist">
					<top>698</top>
					<width>610</width>
					<height>44</height>
					<align>right</align>
					<itemgap>6</itemgap>
					<orientation>horizontal</orientation>
					<usecontrolcoords>true</usecontrolcoords>
					<control type="label">
						<top>3</top>
						<width>auto</width>
						<height>44</height>
						<align>right</align>
						<font>Font25</font>
						<label>$INFO[Container(100).NumItems]</label>
						<textcolor>DialogTextColor2</textcolor>
					</control>
					<control type="label">
						<width>auto</width>
						<height>44</height>
						<align>right</align>
						<label>31000</label>
						<font>Font33</font>
						<textcolor>TextColor2</textcolor>
						<visible>!IntegerGreaterThan(Container(100).NumItems,1)</visible>
					</control>
					<control type="label">
						<width>auto</width>
						<height>44</height>
						<align>right</align>
						<label>31001</label>
						<font>Font33</font>
						<textcolor>TextColor2</textcolor>
						<visible>IntegerGreaterThan(Container(100).NumItems,1)</visible>
					</control>
				</control>

			</control>

		</control>

	</controls>

</window>
