<?xml version="1.0" encoding="UTF-8"?>
<window>
	<!-- videolibrary -->
	<backgroundcolor>0x00000000</backgroundcolor>
	<defaultcontrol>50</defaultcontrol>

	<controls>

		<!-- Background -->
		<include>WindowBackgroundImage</include>
		
		<!-- Fanart -->
		<include>Fanart-PVR</include>
		

		<!-- Main group -->
		<control type="group">
			<include>WindowFadeAnimation</include>

			<!-- Curve -->
			<!--
			<control type="image">
				<left>20</left>
				<top>20</top>
				<width>1620</width>
				<height>1040</height>
				<texture flipx="true" border="0,0,40,0">common/Curve.png</texture>
				<visible>Skin.HasSetting(ShowCurve)</visible>
			</control>
			-->
			
			<!-- Ruler-background image Top -->
			<control type="image">
				<left>72</left>
				<top>137</top>
				<width>1776</width>
				<height>43</height>
				<colordiffuse>FF000000</colordiffuse>
				<texture>common/Base.png</texture>
			</control>
			
			<!-- Ruler-background image Bottom -->
			<control type="image">
				<left>72</left>
				<top>960</top>
				<width>1776</width>
				<height>35</height>
				<colordiffuse>FF000000</colordiffuse>
				<texture>common/Base.png</texture>
			</control>
			
			
			<!-- Header Group -->
			<control type="group">
				<left>70</left>
				<top>140</top>
					
				<!-- Channel & Time Label -->
				<control type="label">
					<left>20</left>
					<width>280</width>
					<textcolor>TextColor2</textcolor>
					<label>$LOCALIZE[19029] & $LOCALIZE[555]</label>
				</control>
				
				<!-- Titel Label -->
				<control type="label">
					<left>500</left>
					<width>280</width>
					<textcolor>TextColor2</textcolor>
					<label>369</label>
				</control>
				
				<!-- Status Label -->
				<control type="label">
					<left>1540</left>
					<width>280</width>
					<textcolor>TextColor2</textcolor>
					<label>126</label>
				</control>

			</control>

			<control type="list" id="50">
				<left>70</left>
				<top>182</top>
				<width>1780</width>
				<height>776</height>
				<onup>50</onup>
				<ondown>50</ondown>
				<onleft>3000</onleft>
				<onright>70</onright>
				<onback>3000</onback>
				<pagecontrol>70</pagecontrol>
				<preloaditems>2</preloaditems>
				<viewtype label="535">list</viewtype>				
				<scrolltime tween="sine" easing="out">240</scrolltime>

				<itemlayout width="1780" height="97">
				
					<!-- Background -->
					<control type="image">
						<left>3</left>
						<top>3</top>
						<width>1774</width>
						<height>91</height>
						<colordiffuse>3effffff</colordiffuse>
						<texture border="5" fallback="pvr/epg-genres/0.png">pvr/epg-genres/0.png"</texture>
						<visible></visible>
					</control>
				
					<!-- Channel image -->
					<control type="image">
						<left>8</left>
						<top>2</top>
						<width>93</width>
						<height>93</height>
						<aspectratio>keep</aspectratio>
						<texture background="true" fallback="pvr/defaultchannel.png">$VAR[PVRChannelIcon]</texture>
						<visible>String.IsEmpty(ListItem.Thumb) + !StringCompare(ListItem.Label,$LOCALIZE[19026])</visible>
					</control>
				
					<!-- Thumb -->
					<control type="image">
						<left>8</left>
						<top>2</top>
						<width>181</width>
						<height>93</height>
						<aspectratio>scale</aspectratio>
						<texture fallback="pvr/NoImage.png">$INFO[ListItem.Thumb]</texture>
						<visible>!String.IsEmpty(ListItem.Thumb) + !StringCompare(ListItem.Label,$LOCALIZE[19026])</visible>
					</control>

					<!-- Start date -->
					<control type="label">
						<left>110</left>
						<top>8</top>
						<width>370</width>
						<textcolor>TextColor2</textcolor>
						<label>$INFO[ListItem.StartDate]</label>
						<visible>String.IsEmpty(ListItem.Thumb)</visible>
					</control>

					<!-- Start time - End time -->
					<control type="label">
						<left>110</left>
						<top>58</top>
						<width>370</width>
						<height>27</height>
						<font>Font27</font>
						<textcolor>TextColor3</textcolor>
						<label>$INFO[ListItem.StartTime]$INFO[ListItem.EndTime, - ,]$INFO[ListItem.ChannelName, - (,)]</label>
						<visible>String.IsEmpty(ListItem.Thumb)</visible>
					</control>
					
					<!-- Start date if Thumb is available -->
					<control type="label">
						<left>200</left>
						<top>8</top>
						<width>280</width>
						<textcolor>TextColor2</textcolor>
						<label>$INFO[ListItem.StartDate]</label>
						<visible>!String.IsEmpty(ListItem.Thumb)</visible>
					</control>

					<!-- Start time - End time if Thumb is available -->
					<control type="label">
						<left>200</left>
						<top>58</top>
						<width>280</width>
						<height>27</height>
						<font>Font27</font>
						<textcolor>TextColor3</textcolor>
						<label>$INFO[ListItem.StartTime]$INFO[ListItem.EndTime, - ,]$INFO[ListItem.ChannelName, - (,)]</label>
						<visible>!String.IsEmpty(ListItem.Thumb)</visible>
					</control>

					<!-- Program name -->
					<control type="label">
						<left>500</left>
						<top>8</top>
						<width>960</width>
						<textcolor>TextColor2</textcolor>
						<label>$INFO[ListItem.Label]</label>
					</control>

					<!-- Channel name -->
					<control type="label">
						<left>500</left>
						<top>58</top>
						<width>960</width>
						<height>27</height>
						<font>Font27</font>
						<textcolor>TextColor3</textcolor>
						<label>$INFO[ListItem.ChannelName]</label>
					</control>

					<!-- Program comment (Status) -->
					<control type="label">
						<left>1540</left>
						<top>8</top>
						<width>240</width>
						<textcolor>TextColor2</textcolor>
						<label>$INFO[ListItem.Comment]</label>
					</control>

				</itemlayout>

				<focusedlayout width="1780" height="97">

					<!-- Background -->
					<control type="image">
						<left>3</left>
						<top>3</top>
						<width>1774</width>
						<height>91</height>
						<colordiffuse>3effffff</colordiffuse>
						<texture border="5" fallback="pvr/epg-genres/0.png">pvr/epg-genres/0.png"</texture>
						<visible>!Control.HasFocus(50)</visible>
					</control>
					
					<!-- Background -->
					<control type="image">
						<left>3</left>
						<top>3</top>
						<width>1774</width>
						<height>89</height>
						<texture border="5" colordiffuse="88ffffff" fallback="pvr/epg-genres/0.png">pvr/epg-genres/0.png</texture>
						<bordertexture border="5">pvr/EPGBorder.png</bordertexture>
						<bordersize>2</bordersize>
						<visible>Control.HasFocus(50)</visible>
					</control>

					<!-- Channel image -->
					<control type="image">
						<left>8</left>
						<top>2</top>
						<width>93</width>
						<height>93</height>
						<aspectratio>keep</aspectratio>
						<texture background="true" fallback="pvr/defaultchannel.png">$VAR[PVRChannelIcon]</texture>
						<visible>String.IsEmpty(ListItem.Thumb) + !StringCompare(ListItem.Label,$LOCALIZE[19026])</visible>
					</control>
				
					<!-- Thumb -->
					<control type="image">
						<left>8</left>
						<top>2</top>
						<width>181</width>
						<height>91</height>
						<aspectratio>scale</aspectratio>
						<texture fallback="pvr/NoImage.png">$INFO[ListItem.Thumb]</texture>
						<visible>!String.IsEmpty(ListItem.Thumb) + !StringCompare(ListItem.Label,$LOCALIZE[19026])</visible>
					</control>

					<!-- Start date -->
					<control type="label">
						<left>110</left>
						<top>8</top>
						<width>370</width>
						<label>$INFO[ListItem.StartDate]</label>
						<visible>String.IsEmpty(ListItem.Thumb)</visible>
					</control>

					<!-- Start time - End time -->
					<control type="label">
						<left>110</left>
						<top>58</top>
						<width>370</width>
						<height>27</height>
						<font>Font27</font>
						<textcolor>TextColor2</textcolor>
						<label>$INFO[ListItem.StartTime]$INFO[ListItem.EndTime, - ,]$INFO[ListItem.ChannelName, - (,)]</label>
						<visible>String.IsEmpty(ListItem.Thumb)</visible>
					</control>
					
					<!-- Start date if Thumb is available -->
					<control type="label">
						<left>200</left>
						<top>8</top>
						<width>280</width>
						<label>$INFO[ListItem.StartDate]</label>
						<visible>!String.IsEmpty(ListItem.Thumb)</visible>
					</control>

					<!-- Start time - End time if Thumb is available -->
					<control type="label">
						<left>200</left>
						<top>58</top>
						<width>280</width>
						<height>27</height>
						<font>Font27</font>
						<textcolor>TextColor2</textcolor>
						<label>$INFO[ListItem.StartTime]$INFO[ListItem.EndTime, - ,]$INFO[ListItem.ChannelName, - (,)]</label>
						<visible>!String.IsEmpty(ListItem.Thumb)</visible>
					</control>

					<!-- Program name -->
					<control type="label">
						<left>500</left>
						<top>8</top>
						<width>960</width>
						<label>$INFO[ListItem.Label]</label>
					</control>

					<!-- Channel name -->
					<control type="label">
						<left>500</left>
						<top>58</top>
						<width>960</width>
						<height>27</height>
						<font>Font27</font>
						<textcolor>TextColor2</textcolor>
						<label>$INFO[ListItem.ChannelName]</label>
					</control>

					<!-- Program comment (Status) -->
					<control type="label">
						<left>1540</left>
						<top>8</top>
						<width>240</width>
						<label>$INFO[ListItem.Comment]</label>
					</control>

				</focusedlayout>

			</control>

			<!-- Scrollbar -->
			<control type="scrollbar" id="70">
				<left>1845</left>
				<top>184</top>
				<width>20</width>
				<height>756</height>
				<onleft>50</onleft>
				<showonepage>false</showonepage>
				<orientation>vertical</orientation>
				<colordiffuse>OverlayColorNF</colordiffuse>
				<texturesliderbackground border="6,1,8,1">common/ScrollBackground.png</texturesliderbackground>
				<texturesliderbar border="8,1,6,1">common/ScrollbarGripNF.png</texturesliderbar>
				<texturesliderbarfocus border="8,1,6,1" colordiffuse="DialogOverlayColorFO">common/ScrollbarGripFO.png</texturesliderbarfocus>
				<textureslidernib>-</textureslidernib>
				<textureslidernibfocus>-</textureslidernibfocus>
				<visible>!Skin.HasSetting(Scrollbars)</visible>
			</control>
			
			<!-- Bottom Group -->
			<control type="group">
				<left>75</left>
				<bottom>72</bottom>
				<width>1770</width>
				<height>50</height>
					
				<!-- Next Recording Label -->
				<control type="label">
					<left>20</left>
					<width>1010</width>
					<font>Font27</font>
					<textcolor>TextColor2</textcolor>
					<label>$INFO[PVR.NextTimer]</label>
					<visible>PVR.HasTimer</visible>
				</control>
				
				<!-- Discspace Label -->
				<control type="label">
					<right>20</right>
					<width>500</width>
					<font>Font27</font>
					<textcolor>TextColor2</textcolor>
					<label>$INFO[PVR.backenddiskspace,(,)]</label>
					<align>right</align>
					<visible>!IntegerGreaterThan(PVR.backenddiskspaceprogr,100)</visible>
				</control>

			</control>

			<!-- Entry count -->
			<control type="grouplist">
				<right>75</right>
				<bottom>40</bottom>
				<width>800</width>
				<height>44</height>
				<itemgap>6</itemgap>
				<align>right</align>
				<orientation>horizontal</orientation>
				<usecontrolcoords>true</usecontrolcoords>
				<animation effect="slide" start="0,0" end="-160,0" time="0" condition="system.getbool(input.enablemouse) + Skin.HasSetting(ShowMouseButtons)">conditional</animation>

				<control type="label">
					<top>3</top>
					<width>auto</width>
					<height>44</height>
					<align>right</align>
					<label>$INFO[Container(50).NumItems]</label>
					<font>Font25</font>
					<textcolor>TextColor2</textcolor>
				</control>

				<control type="label">
					<width>auto</width>
					<height>44</height>
					<align>right</align>
					<label>$VAR[ContentType]</label>
					<font>Font33</font>
					<textcolor>TextColor2</textcolor>
				</control>

			</control>

		</control>

		<!-- Window Header -->
		<include>WindowHeaderCommon</include>
		
		<!-- Time -->
		<include>Time</include>
		
		<!-- "Now Playing" Info -->
		<include>NowPlayingInfo</include>
		
		<!-- Main Window Mouse Buttons -->
		<include>MainWindowMouseButtons</include>

		<!-- Options -->
		<include condition="!Skin.Hassetting(SidebladeStyleSimple)">SidebladePVR</include>

		<include condition="Skin.Hassetting(SidebladeStyleSimple)">SidebladePVRV2</include>

	</controls>

</window>