<?xml version="1.0" encoding="UTF-8"?>
<window>
    <defaultcontrol always="true">5000</defaultcontrol>
    <allowoverlay>no</allowoverlay>
    <controls>
	
		<!-- BG -->
        <control type="image">
            <left>0</left>
            <top>0</top>
            <width>1920</width>
            <height>1080</height>
            <fadetime>500</fadetime>
            <texture colordiffuse="FF000000">common/Base.png</texture>
            <animation effect="fade" start="0" end="100" time="300" tween="sine">WindowOpen</animation>
            <animation effect="fade" end="100" time="200" tween="sine">WindowClose</animation>
        </control>
		
		<!-- Busy Indicator -->
        <control type="image">
            <left>910</left>
            <top>503</top>
            <width>100</width>
            <height>100</height>
            <visible>!Container(5000).OnScrollPrevious + !Container(5000).OnScrollNext</visible>
            <animation effect="fade" time="320" delay="400">Visible</animation>
            <animation effect="rotate" end="-360" center="auto" time="2000" loop="true" reversible="false" condition="true">Conditional</animation>
            <texture colordiffuse="FFFAFAFA">busy.png</texture>
			<aspectratio>keep</aspectratio>
            <animation effect="fade" start="70" time="1200" condition="true" pulse="true">Conditional</animation>
        </control>
        <control type="image">
            <left>925</left>
            <top>518</top>
            <width>70</width>
            <height>70</height>
            <visible>!Container(5000).OnScrollPrevious + !Container(5000).OnScrollNext</visible>
            <animation effect="fade" time="320" delay="400">Visible</animation>
            <animation effect="rotate" end="360" center="auto" time="2000" loop="true" reversible="false" condition="true">Conditional</animation>
            <texture flipx="true" colordiffuse="FFFAFAFA">busy.png</texture>
			<aspectratio>keep</aspectratio>       
            <animation effect="fade" start="70" time="1200" condition="true" pulse="true">Conditional</animation>
        </control>
		
		<!-- List -->
        <control type="list" id="5000">
            <left>-90</left>
            <top>0</top>
            <width>2100</width>
            <height>1080</height>
            <onleft>5000</onleft>
            <onright>5000</onright>
            <ondown>9001</ondown>
            <animation effect="fade" start="0" end="100" time="300" tween="sine">WindowOpen</animation>
            <animation effect="fade" end="100" time="200" tween="sine">WindowClose</animation>
            <scrolltime tween="sine">400</scrolltime>
            <orientation>Horizontal</orientation>
            <itemlayout height="1080" width="1920">
                <control type="image">
                    <left>90</left>
                    <top>0</top>
                    <width>1920</width>
                    <height>1080</height>
                    <aspectratio>keep</aspectratio>
                    <fadetime>200</fadetime>
                    <texture>$INFO[ListItem.Property(Original)]</texture>
                </control>
            </itemlayout>
            <focusedlayout height="1080" width="1920">
                <control type="image">
                    <left>90</left>
                    <top>0</top>
                    <width>1920</width>
                    <height>1080</height>
                    <aspectratio>keep</aspectratio>
                    <fadetime>200</fadetime>
                    <texture>$INFO[ListItem.Property(Original)]</texture>
                </control>
            </focusedlayout>
        </control>
		
		<!-- Number -->
		<control type="label">
			<right>30</right>
			<top>0</top>
			<width>500</width>
			<height>40</height>
			<font>Font30</font>
			<scroll>true</scroll>
			<textcolor>TextColor2</textcolor>
			<label>$INFO[Container(5000).CurrentPage,, / ]$INFO[Container(5000).NumPages]</label> <!-- $INFO[Container(5000).ListItem(1).Label,,  /  ]$INFO[Container(5000).NumItems,,  •  ] -->
			<aligny>center</aligny>
			<align>right</align>
			<animation effect="slide" start="0,0" end="-120,0" time="0" condition="system.getbool(input.enablemouse)">Conditional</animation>
			<!--visible>stringcompare(Window.Property(InfoContent),350)</visible-->
		</control>
		
		<!-- Close Window Button -->
		<control type="button">
			<description>Close Window button</description>
			<right>25</right>
			<top>0</top>
			<width>120</width>
			<height>50</height>
			<label>[B]x[/B]</label>
			<font>Font42</font>
			<align>center</align>
			<aligny>bottom</aligny>
			<textoffsetx></textoffsetx>
			<textoffsety>-12</textoffsety>
			<onclick>PreviousMenu</onclick>
			<texturefocus border="15" colordiffuse="CommonDialogButtonFO">Buttons/DialogCloseButton.png</texturefocus>
			<texturenofocus border="15" colordiffuse="CommonDialogButtonNF">Buttons/DialogCloseButton.png</texturenofocus>
			<visible>system.getbool(input.enablemouse) + Skin.HasSetting(ShowMouseButtons)</visible>
		</control>
		
    </controls>
</window>
