<?xml version="1.0" encoding="UTF-8"?>
<includes>

	<!-- Default File List -->
	<include name="Viewtype54">

		<control type="group">
			<visible>Control.IsVisible(54)</visible>			

			<!-- List -->
			<control type="fixedlist" id="54">
				<left>80</left>
				<top>189</top>
				<width>2100</width>
				<height>772</height>
				<onup condition="!Skin.HasSetting(ViewType54ScrollVertical) + !Skin.HasSetting(KioskMode)">3001</onup>
				<ondown condition="!Skin.HasSetting(ViewType54ScrollVertical)">60</ondown>
				<onleft condition="!Skin.HasSetting(ViewType54ScrollVertical)">54</onleft>
				<onright condition="!Skin.HasSetting(ViewType54ScrollVertical)">54</onright>
				<onup condition="Skin.HasSetting(ViewType54ScrollVertical)">54</onup>
				<ondown condition="Skin.HasSetting(ViewType54ScrollVertical)">54</ondown>
				<onleft condition="Skin.HasSetting(ViewType54ScrollVertical) + !Skin.HasSetting(KioskMode)">3001</onleft>
				<onright condition="Skin.HasSetting(ViewType54ScrollVertical)">61</onright>
				<oninfo condition="Container.Content(Actors)">RunScript(script.extendedinfo,info=extendedactorinfo,name=$INFO[ListItem.Label])</oninfo>
				<oninfo condition="Container.Content(Sets) + System.HasAddon(script.skin.helper.service)">ActivateWindow(1158)</oninfo>
				<include condition="!Skin.HasSetting(ViewType54ScrollVertical)">PagecontrolHorizontal</include>
				<include condition="Skin.HasSetting(ViewType54ScrollVertical)">PagecontrolVertical</include>
				<!--pagecontrol>60</pagecontrol-->
				<include condition="!Skin.HasSetting(ViewType54ScrollVertical)">ScrollOrientationHorizontal</include>
				<include condition="Skin.HasSetting(ViewType54ScrollVertical)">ScrollOrientationVertical</include>
				<!--orientation>horizontal</orientation-->
				<viewtype label="Single Poster Slide">list X</viewtype>
				<scrolltime tween="sine" easing="out">240</scrolltime>
				<!--visible>String.IsEmpty(Window(Home).Property(SettingsList)) + [[Window.IsVisible(music) + !Container.Content(albums) + !Container.Content(songs) + !Container.Content(artists)] | [Container.Content(songs) + Window.IsVisible(musicplaylist)] | [!Container.Content(movies) + !Container.Content(tvshows) + !Container.Content(seasons) + !Container.Content(episodes) + !Container.Content(albums) + !Container.Content(songs) + !Container.Content(artists) + !Window.IsVisible(pictures)]]</visible-->
				<visible>Container.Content(movies)</visible>
				
				<itemlayout height="770" width="1920">
							
					
				</itemlayout>

				<focusedlayout height="770" width="1920">
					
					<!-- Image -->
					<control type="group">
						
						<control type="image">
							<left>0</left>
							<top>0</top>
							<width>495</width>
							<height>703</height>
							<texture>$INFO[ListItem.Icon]</texture>
							<colordiffuse>OverlayColorFO</colordiffuse>
							<aspectratio aligny="center">keep</aspectratio>
							<visible>ListItem.IsParentFolder</visible>   <!-- SubString(ListItem.Icon,Default) -->
						</control>
						
						<control type="group">
							<visible>!ListItem.IsParentFolder</visible>
						
							<control type="image">
								<left>0</left>
								<top>0</top>
								<width>495</width>
								<height>769</height>
								<texture>$INFO[ListItem.Icon]</texture>
								<aspectratio aligny="top">stretch</aspectratio>
								<bordertexture border="1,1,1,69">views/DropShadow.png</bordertexture>
								<bordersize>0,0,0,66</bordersize>
								<visible>!Container.Content(sets) + !Container.Content(actors)</visible>
							</control>
							<control type="image">
								<left>-5</left>
								<top>-5</top>
								<width>505</width>
								<height>713</height>
								<texture colordiffuse="00ffffff">$INFO[ListItem.Icon]</texture>
								<aspectratio aligny="top">stretch</aspectratio>
								<bordertexture border="21,21,21,150">views/OverlayEffect.png</bordertexture>
								<visible>!Container.Content(sets) + !Container.Content(actors) + Skin.HasSetting(Overlays)</visible>
							</control>
							
							<!-- Setposter -->
							<control type="image">
								<left>0</left>
								<top>0</top>
								<width>495</width>
								<height>769</height>
								<texture>$INFO[ListItem.Icon]</texture>
								<aspectratio aligny="center">stretch</aspectratio>
								<bordertexture border="1,1,1,69">views/DropShadow.png</bordertexture>
								<bordersize>0,0,0,66</bordersize>
								<visible>Container.Content(sets)</visible>
							</control>
							
							<!-- Actor Thumb -->
							<control type="image">
								<left>0</left>
								<top>0</top>
								<width>495</width>
								<height>769</height>
								<texture>$INFO[ListItem.Icon]</texture>
								<aspectratio aligny="center">scale</aspectratio>
								<bordertexture border="1,1,1,69">views/DropShadow.png</bordertexture>
								<bordersize>0,0,0,66</bordersize>
								<visible>Container.Content(actors)</visible>
							</control>
							
							<!-- overlay -->
							<control type="image">
								<left>-5</left>
								<top>-5</top>
								<width>505</width>
								<height>713</height>
								<texture>views/OverlayEffect-default.png</texture>
								<bordersize>5</bordersize>
								<visible>Skin.HasSetting(Overlays)</visible>
							</control>
							
							<!-- 3D Flag -->
							<control type="image">
								<left>-5</left>
								<top>-5</top>
								<width>105</width>
								<height>105</height>
								<texture>flagging/IsStereoscopicFlag.png</texture>
								<bordersize>5</bordersize>
								<visible>!String.IsEmpty(ListItem.StereoscopicMode) + !String.IsEqual(ListItem.StereoscopicMode,mono)</visible>
							</control>
							
							<!-- Watched status -->
							<control type="image">
								<left>458</left>
								<top>683</top>
								<width>35</width>
								<height>49</height>
								<texture>$VAR[StatusOverlayWide]</texture>
								<visible>!Skin.HasSetting(HideWatchedFlags)</visible>
							</control>
							
						</control>
						
					</control>
					
					<!-- info -->
					<control type="group">
						<left>529</left>
						<top>-5</top>
						<width>1150</width>
						<height>720</height>

						<!-- Title (1st row Label, Movies, )-->
						<control type="label">
							<left>0</left>
							<top>0</top>
							<width>1150</width>
							<height>55</height>
							<font>Font60</font>
							<textcolor>TextColor1</textcolor>
							<shadowcolor>ShadowColor</shadowcolor>
							<label>$INFO[ListItem.Label]</label>
							<align>top</align>
						</control>

						<!-- Details -->
						<!--
						<control type="label">
							<left>0</left>
							<top>60</top>
							<width>1150</width>
							<height>27</height>
							<font>Font27</font>
							<label>$VAR[Label2]</label>
							<textcolor>TextColor2</textcolor>
							<shadowcolor>ShadowColor</shadowcolor>
						</control>
						-->
						
						<!-- 2nd row Label (Movies)-->
						<control type="label">
							<left>0</left>
							<top>65</top>
							<width>1150</width>
							<height>45</height>
							<font>Font33</font>
							<textcolor>TextColor2</textcolor>
							<label>$INFO[ListItem.Year]$INFO[ListItem.Studio, • ]$INFO[ListItem.Genre, • ]</label>
							<visible>Container.Content(movies)</visible>
						</control>
						
						
						<!-- 2nd row Label (TV Shows) -->
						<control type="label">
							<left>0</left>
							<top>65</top>
							<width>1150</width>
							<height>45</height>
							<font>Font33</font>
							<textcolor>TextColor2</textcolor>
							<label>$INFO[ListItem.Year]$INFO[ListItem.Studio, • ]$INFO[ListItem.Property(TotalSeasons), • $LOCALIZE[36905]: ]$INFO[ListItem.Genre, • ]</label>
							<visible>Container.Content(tvshows)</visible>
						</control>
						
						<!-- 2nd row Label (Seasons) -->
						<control type="label">
							<left>0</left>
							<top>65</top>
							<width>1150</width>
							<height>45</height>
							<font>Font33</font>
							<textcolor>TextColor2</textcolor>
							<label>$INFO[ListItem.TVShowTitle]</label>
							<visible>Container.Content(seasons)</visible>
						</control>
						
						<!-- 3nd row Label (TV Shows, Seasons) -->
						<control type="label">
							<left>0</left>
							<top>116</top>
							<width>1150</width>
							<height>45</height>
							<font>Font30</font>
							<textcolor>TextColor3</textcolor>
							<label>$INFO[ListItem.Episode,$LOCALIZE[20453]: ]$INFO[ListItem.Property(UnWatchedEpisodes), / $LOCALIZE[16101]: ]</label>
							<visible>!Container.Content(movies)</visible>
						</control>
						
						<!-- 3rd row Label (Movies) -->
						<control type="grouplist">
							<top>125</top>
							<height>27</height>
							<width>1150</width>
							<itemgap>15</itemgap>
							<orientation>horizontal</orientation>
							<visible>Container.Content(movies)</visible>
							
							<include condition="!Skin.HasSetting(RatingCountryUK) + !Skin.HasSetting(RatingCountryGer) + !Skin.HasSetting(RatingCountryNone)">Rating_MPAA</include>
							<include condition="Skin.HasSetting(RatingCountryUK)">Rating_BBFC</include>
							<include condition="Skin.HasSetting(RatingCountryGer)">Rating_FSK</include>
							
							<!--
							<control type="label">
								<width>auto</width>
								<height>27</height>
								<font>Font30</font>
								<label>$INFO[ListItem.Rating,IMDB: ]</label>
								<textcolor>TextColor3</textcolor>
								<visible>!String.IsEmpty(ListItem.Rating)</visible>
							</control>
							
							<control type="label">
								<width>auto</width>
								<height>27</height>
								<font>Font30</font>
								<label>$INFO[ListItem.Duration,• , Min.]</label>
								<textcolor>TextColor3</textcolor>
								<visible>!String.IsEmpty(ListItem.Duration)</visible>
							</control>
							
							<control type="label">
								<width>auto</width>
								<height>27</height>
								<font>Font30</font>
								<label>• $VAR[AudioChannels]</label>
								<textcolor>TextColor3</textcolor>
								<visible>!String.IsEmpty(ListItem.AudioChannels)</visible>
							</control>
							
							<control type="label">
								<width>auto</width>
								<height>27</height>
								<font>Font30</font>
								<label>• $INFO[ListItem.VideoResolution]</label>
								<textcolor>TextColor3</textcolor>
								<visible>!String.IsEmpty(ListItem.VideoResolution)</visible>
							</control>
							-->
							
						</control>
						
						<control type="label">
							<top>125</top>
							<left>0</left>
							<height>27</height>
							<width>1150</width>
							<font>Font30</font>
							<label>$INFO[ListItem.Rating,IMDB: ]$INFO[ListItem.Duration, • , Min.]$VAR[AudioChannels, • ]$INFO[ListItem.VideoResolution, • ]</label>
							<textcolor>TextColor3</textcolor>
							<animation effect="slide" start="0,0" end="40,0" condition="!String.IsEmpty(ListItem.Mpaa) + [SubString(ListItem.Mpaa,0,right) | [SubString(ListItem.Mpaa,6,right) + !SubString(ListItem.Mpaa,16,right)] | SubString(ListItem.Mpaa,12,right) | SubString(ListItem.Mpaa,16,right) | SubString(ListItem.Mpaa,18,right)] + Skin.HasSetting(RatingCountryGer)">Conditional</animation>
							<animation effect="slide" start="0,0" end="40,0" condition="!String.IsEmpty(ListItem.Mpaa) + [SubString(ListItem.Mpaa,pg,right) | SubString(ListItem.Mpaa,12,right) | SubString(ListItem.Mpaa,12a,right) | SubString(ListItem.Mpaa,15,right) | SubString(ListItem.Mpaa,18,right) | SubString(ListItem.Mpaa,u,right)] + Skin.HasSetting(RatingCountryUK)">Conditional</animation>
							<visible>!SubString(ListItem.Icon,Default)</visible>
						</control>
						
						<!-- Plot -->
						<control type="textbox">
							<left>0</left>
							<top>170</top>   <!-- old:157 -->
							<width>870</width>
							<height>530</height>   <!-- old:145 -->
							<label>$VAR[Plot]</label>
							<font>Font30</font>
							<textcolor>TextColor1</textcolor>
							<shadowcolor>TextColor4</shadowcolor>
							<align>left</align>
							<autoscroll delay="9500" time="2750" repeat="12000">!Skin.HasSetting(dontautoscroll)</autoscroll>  <!-- true -->
							<visible></visible>
						</control>

					</control>
					
				</focusedlayout>
				

			</control>
			
			<!-- Scrollbar (list) -->
			
			<control type="scrollbar" id="60">
				<centerleft>50%</centerleft>
				<top>900</top>
				<width>1680</width>
				<height>20</height>
				<onup>50</onup>
				<ondown condition="!Skin.HasSetting(KioskMode)">3001</ondown>
				<showonepage>false</showonepage>
				<orientation>horizontal</orientation>
				<colordiffuse>OverlayColorNF</colordiffuse>
				<texturesliderbackground border="1,12,1,1">common/ScrollBackgroundHorizontal.png</texturesliderbackground>
				<texturesliderbar border="1,12,1,1">common/ScrollbarGripHorizontalNF.png</texturesliderbar>
				<texturesliderbarfocus border="1,12,1,1" colordiffuse="DialogOverlayColorFO">common/ScrollbarGripHorizontalFO.png</texturesliderbarfocus>
				<textureslidernib>-</textureslidernib>
				<textureslidernibfocus>-</textureslidernibfocus>
				<visible>!Skin.HasSetting(ViewType54ScrollVertical) + !Skin.HasSetting(Scrollbars) + Control.IsVisible(54)</visible>
				<!--animation effect="slide" start="0,0" end="0,550" condition="true">Conditional</animation-->
			</control>
			
			<control type="scrollbar" id="61">
				<right>70</right>
				<centertop>50%</centertop>
				<width>20</width>
				<height>720</height>
				<onleft>54</onleft>
				<onright condition="!Skin.HasSetting(KioskMode)">3001</onright>
				<showonepage>false</showonepage>
				<orientation>vertical</orientation>
				<colordiffuse>OverlayColorNF</colordiffuse>
				<texturesliderbackground border="11,1,1,1">common/ScrollBackground.png</texturesliderbackground>
				<texturesliderbar border="11,1,1,1">common/ScrollbarGripNF.png</texturesliderbar>
				<texturesliderbarfocus border="11,1,1,1" colordiffuse="DialogOverlayColorFO">common/ScrollbarGripFO.png</texturesliderbarfocus>
				<textureslidernib>-</textureslidernib>
				<textureslidernibfocus>-</textureslidernibfocus>
				<visible>Skin.HasSetting(ViewType54ScrollVertical) + !Skin.HasSetting(Scrollbars) + Control.IsVisible(54)</visible>
				<!--animation effect="slide" start="0,0" end="120,0" condition="true">Conditional</animation-->
			</control>
			


		</control>

	</include>

</includes>
