<?xml version="1.0" encoding="UTF-8"?>
<includes>

	<!-- Banner View -->
	<include name="Viewtype79">

		<control type="group">
			<visible>Control.IsVisible(79) + Skin.HasSetting(ShowAdditionalTVShowsView)</visible>
			
			
			<!-- ***** Right Content ***** -->
			
			<!-- Video Info -->
			<control type="group">
				<left>1146</left>
				<top>200</top>
				<visible>!SubString(ListItem.Icon,Default) + [Container.Content(tvshows)] + Skin.HasSetting(ShowAdditionalTVShowsView)</visible>

				<!-- Fanart image -->
				<control type="group">
					<control type="image">
						<left>0</left>
						<top>0</top>
						<width>486</width>
						<height>358</height>
						<texture border="1,1,1,69">views/DropShadow.png</texture>
					</control>
					<control type="image">
						<left>0</left>
						<top>0</top>
						<width>486</width>
						<height>292</height>
						<fadetime>200</fadetime>
						<texture background="true">$INFO[ListItem.Art(fanart)]</texture>
						<aspectratio aligny="center">scale</aspectratio>
						<visible></visible>
					</control>
					<control type="image">
						<left>0</left>
						<top>0</top>
						<width>486</width>
						<height>292</height>
						<texture>views/OverlayEffect-default-square.png</texture>
						<visible>Skin.HasSetting(Overlays)</visible>
					</control>
				</control>
				
			</control>
			

			<!-- Info -->
			<control type="group">
				<left>946</left>
				<top>200</top>
				<visible>!SubString(ListItem.Icon,Default) + [Container.Content(tvshows)] + Skin.HasSetting(ShowAdditionalTVShowsView)</visible>
			
				<!-- Season  Info -->
				<control type="group">
					<!-- 1st row Label (TV Shows, Seasons, Episodes) -->
					<control type="label">
						<left>0</left>
						<top>311</top>
						<width>686</width>
						<height>45</height>
						<font>Font42</font>
						<label>$INFO[ListItem.TVShowTitle]</label>
						<textcolor>TextColor1</textcolor>
					</control>
					<!-- 2nd row Label (TV Shows) -->
					<control type="label">
						<left>0</left>
						<top>364</top>
						<width>686</width>
						<height>45</height>
						<font>Font33</font>
						<textcolor>TextColor2</textcolor>
						<label>$INFO[ListItem.Property(TotalSeasons),$LOCALIZE[36905]: ]</label>
						<visible>Container.Content(tvshows)</visible>
					</control>
					<!-- 3nd row Label (TV Shows, Seasons) -->
					<control type="label">
						<left>0</left>
						<top>419</top>
						<width>686</width>
						<height>45</height>
						<font>Font30</font>
						<textcolor>TextColor3</textcolor>
						<label>$INFO[ListItem.Episode,$LOCALIZE[20453]: ]$INFO[ListItem.Property(UnWatchedEpisodes), / $LOCALIZE[16101]: ]</label>
						<visible></visible>
					</control>
					
				</control>
				
				
				<!-- Plot -->
				<control type="textbox">
					<left>0</left>
					<top>475</top>
					<width>886</width>
					<height>215</height>
					<label>$VAR[Plot]</label>
					<font>Font30</font>
					<textcolor>TextColor1</textcolor>
					<shadowcolor>TextColor4</shadowcolor>
					<align>left</align>
					<autoscroll delay="7500" time="2100" repeat="12000">!Skin.HasSetting(dontautoscroll)</autoscroll>  <!-- true -->
				</control>
				
			</control>

			
			
			

			<!-- List -->
			<control type="fixedlist" id="79">
				<left>85</left>
				<top>190</top>
				<!--centertop>50%</centertop-->
				<width>724</width>
				<height>700</height>
				<onup>79</onup>
				<ondown>79</ondown>
				<onleft condition="!Skin.HasSetting(KioskMode)">3001</onleft>
				<onright>60</onright>
				<pagecontrol>60</pagecontrol>
				<focusposition>2</focusposition>
				<orientation>vertical</orientation>
				<viewtype label="Banner View">list</viewtype>
				<scrolltime tween="sine" easing="out">240</scrolltime>
				<visible>Container.Content(tvshows) + Skin.HasSetting(ShowAdditionalTVShowsView)</visible>

				<itemlayout height="140" width="724">
				
					<control type="image">
						<top>5</top>
						<width>724</width>
						<height>130</height>
						<texture>$INFO[ListItem.Icon]</texture>
						<colordiffuse>OverlayColorNF</colordiffuse>
						<aspectratio align="center" aligny="center">keep</aspectratio>
						<visible>StringCompare(ListItem.Label,..)</visible>
					</control>
				
					<control type="image">
						<top>5</top>
						<width>724</width>
						<height>130</height>
						<texture background="true" colordiffuse="$VAR[UnfocusColordiffuse]">$INFO[ListItem.Art(banner)]</texture>
						<include>BorderTextureNF</include>
						<bordersize>5</bordersize>
						<aspectratio align="center">stretch</aspectratio>
						<visible>!StringCompare(ListItem.Label,..)</visible>
					</control>
					<control type="image">
						<top>5</top>
						<width>724</width>
						<height>130</height>
						<texture>views/OverlayPosterNF.png</texture>
						<bordersize>5</bordersize>
						<visible>Skin.HasSetting(Overlays) + !StringCompare(ListItem.Label,..)</visible>
					</control>
					
					<!-- Watched status -->
					<control type="image">
						<left>680</left>
						<top>110</top>
						<width>30</width>
						<height>42</height>
						<texture>$VAR[StatusOverlayWide]</texture>
						<colordiffuse>OverlayColorNF</colordiffuse>
						<animation effect="fade" start="50" end="50" condition="true">Conditional</animation>
						<visible>!Skin.HasSetting(HideWatchedFlags)</visible>
					</control>
				</itemlayout>

				<focusedlayout height="140" width="724">
				
					<control type="image">
						<top>5</top>
						<width>724</width>
						<height>130</height>
						<texture>$INFO[ListItem.Icon]</texture>
						<aspectratio align="center" aligny="center">keep</aspectratio>
						<visible>StringCompare(ListItem.Label,..)</visible>
					</control>
				
					<control type="image">
						<top>5</top>
						<width>724</width>
						<height>130</height>
						<texture background="true">$INFO[ListItem.Art(banner)]</texture>
						<include condition="!Skin.HasSetting(FocusStyleDarkBright)">BorderTextureFO</include>
						<include condition="Skin.HasSetting(FocusStyleDarkBright)">BorderTextureNF</include>
						<bordersize>5</bordersize>
						<aspectratio align="center">stretch</aspectratio>
					</control>
					<control type="image">
						<top>5</top>
						<width>724</width>
						<height>130</height>
						<texture>views/OverlayPosterFO.png</texture>
						<bordersize>5</bordersize>
						<visible>Skin.HasSetting(Overlays) + !StringCompare(ListItem.Label,..)</visible>
					</control>
					
					<!-- Watched status -->
					<control type="image">
						<left>680</left>
						<top>110</top>
						<width>30</width>
						<height>42</height>
						<texture>$VAR[StatusOverlayWide]</texture>
						<colordiffuse>OverlayColorFO</colordiffuse>
						<animation effect="fade" start="100" end="50" time="200" tween="cubic" easing="out" reversible="true" condition="!Control.HasFocus(79)">Conditional</animation>
						<visible>!Skin.HasSetting(HideWatchedFlags)</visible>
					</control>
				</focusedlayout>

			</control>
			
			<!-- Scrollbar (list) -->
			<control type="scrollbar" id="60">
				<right>1035</right>
				<centertop>50%</centertop>
				<width>20</width>
				<height>680</height>
				<onleft>50</onleft>
				<onright condition="!Skin.HasSetting(KioskMode)">3001</onright>
				<showonepage>false</showonepage>
				<orientation>vertical</orientation>
				<colordiffuse>OverlayColorNF</colordiffuse>
				<texturesliderbackground border="9,1,6,1">common/ScrollBackground.png</texturesliderbackground>
				<texturesliderbar border="8,1,6,1">common/ScrollbarGripNF.png</texturesliderbar>
				<texturesliderbarfocus border="8,1,6,1" colordiffuse="DialogOverlayColorFO">common/ScrollbarGripFO.png</texturesliderbarfocus>
				<textureslidernib>-</textureslidernib>
				<textureslidernibfocus>-</textureslidernibfocus>
				<visible>!Skin.HasSetting(Scrollbars) + Control.IsVisible(79)</visible>
			</control>

		</control>

	</include>

</includes>
