<?xml version="1.0" encoding="UTF-8"?>
<includes>

	<!-- Thumbnail (Video Addons) -->
	<include name="Viewtype78">

		<control type="group">
			<visible>Control.IsVisible(78)</visible>
			
			<!-- Thumbs -->
			<control type="panel" id="78">
				<left>58</left>
				<top>182</top>
				<!--centertop>50%</centertop-->  <!-- [Container.Content(addons) + !Skin.HasSetting(View78SmallAddonThumbs)]  -->
				<width>1820</width>
				<include condition="!Skin.HasSetting(View78Style2) + [!Window.IsActive(Music) | Window.IsActive(Music) + !Skin.HasSetting(View78SmallMusicThumbs)]">View500Style1Hight</include>
				<include condition="!Skin.HasSetting(View78Style2) + Window.IsActive(Music) + Skin.HasSetting(View78SmallMusicThumbs)">View500Style1HightSpez</include>
				<include condition="Skin.HasSetting(View78Style2) + [!Window.IsActive(Music) | Window.IsActive(Music) + !Skin.HasSetting(View78SmallMusicThumbs)]">View500Style2Hight</include>
				<include condition="Skin.HasSetting(View78Style2) + Window.IsActive(Music) + Skin.HasSetting(View78SmallMusicThumbs)">View500Style2HightSpez</include>
				<!--height>750</height-->
				<onleft condition="!Skin.HasSetting(KioskMode)">3001</onleft>
				<onright>60</onright>
				<onup>78</onup>
				<ondown>78</ondown>
				<pagecontrol>60</pagecontrol>
				<preloaditems>4</preloaditems>
				<viewtype label="Fanart Thumb (78)">icon</viewtype>
				<scrolltime tween="sine" easing="out">240</scrolltime>
				<animation effect="slide" start="0,0" end="0,-20" time="0" condition="[[Container.Content(albums) | Container.Content(artists) | [Container.Content(files) + Window.IsActive(Music)]] + Skin.HasSetting(View78SmallMusicThumbs)] | [Container.Content(addons) + Skin.HasSetting(View78SmallAddonThumbs)]">conditional</animation>
				<visible>[Substring(Container.FolderPath,plugin://plugin.video,Left) | Substring(Container.FolderPath,addons://sources,Left)] + String.IsEmpty(Window(Home).Property(SettingsList))</visible>

				
				<itemlayout condition="[Substring(Container.FolderPath,plugin://plugin.video,Left) | Substring(Container.FolderPath,addons://sources,Left)] + [Container.Content(movies) | Container.Content(sets) | Container.Content(tvshows) | Container.Content(seasons) | Container.Content(files)] + !Skin.HasSetting(View78Style2)" width="600" height="390">
					<control type="image">
						<left>12</left>
						<width>575</width>
						<height>325</height>
						<texture>$INFO[ListItem.Icon]</texture>
						<colordiffuse>OverlayColorNF</colordiffuse>
						<aspectratio align="center" aligny="center">keep</aspectratio>
						<visible>StringCompare(ListItem.Label,..)</visible>
					</control>
					<control type="group">
						<visible>!StringCompare(ListItem.Label,..)</visible>
						
						<control type="image">
							<left>12</left>
							<width>575</width>
							<height>325</height>
							<texture background="true" colordiffuse="$VAR[UnfocusColordiffuse]">$INFO[ListItem.Icon]</texture>
							<include>BorderTextureNF</include>
							<bordersize>5</bordersize>
							<aspectratio align="center">scale</aspectratio>
						</control>
						<control type="image">
							<left>12</left>
							<width>575</width>
							<height>325</height>
							<texture>views/OverlayPosterNF.png</texture>
							<bordersize>5</bordersize>
							<visible>Skin.HasSetting(Overlays)</visible>
						</control>
						<!-- Title -->
						<control type="label">
							<left>15</left>
							<top>325</top>
							<width>570</width>
							<height>30</height>
							<font>Font27</font>
							<align>left</align>
							<textcolor>TextColor2</textcolor>
							<shadowcolor>ShadowColor</shadowcolor>
							<label>$INFO[ListItem.Label]</label>
						</control>
						<!-- Rating Image -->
						<control type="image">
							<left>15</left>
							<top>360</top>
							<width>29</width>
							<height>22</height>
							<colordiffuse>ffdadada</colordiffuse>
							<texture>rating/fsk/$INFO[ListItem.Mpaa].png</texture>
							<aspectratio align="left">keep</aspectratio>
							<visible>test</visible>
						</control>
						<!-- Additional Infos -->
						<control type="label">
							<left>15</left>
							<top>355</top>
							<width>570</width>
							<height>30</height>
							<font>Font25</font>
							<align>left</align>
							<textcolor>TextColor3</textcolor>
							<shadowcolor>ShadowColor</shadowcolor>
							<label>$INFO[ListItem.Year] • $INFO[ListItem.Rating,IMDB: ]</label>
						</control>
						<!-- Watched status -->
						<control type="image">
							<left>537</left>
							<top>297</top>
							<width>30</width>
							<height>42</height>
							<texture>$VAR[StatusOverlayWide]</texture>
							<visible>!Skin.HasSetting(HideWatchedFlags)</visible>
						</control>
					</control>
				</itemlayout>

				<focusedlayout condition="[Substring(Container.FolderPath,plugin://plugin.video,Left) | Substring(Container.FolderPath,addons://sources,Left)] + [Container.Content(movies) | Container.Content(sets) | Container.Content(tvshows) | Container.Content(seasons) | Container.Content(files)] + !Skin.HasSetting(View78Style2)" width="600" height="390">
					<control type="image">
						<left>12</left>
						<width>575</width>
						<height>325</height>
						<texture>$INFO[ListItem.Icon]</texture>
						<aspectratio align="center" aligny="center">keep</aspectratio>
						<visible>StringCompare(ListItem.Label,..)</visible>
					</control>
					<control type="group">
						<visible>!StringCompare(ListItem.Label,..)</visible>
						
						<control type="image">
							<left>12</left>
							<width>575</width>
							<height>325</height>
							<texture background="true">$INFO[ListItem.Icon]</texture>
							<!--bordertexture border="7">Borders/BorderFO.png</bordertexture-->
							<include condition="!Skin.HasSetting(FocusStyleDarkBright)">BorderTextureFO</include>
							<include condition="Skin.HasSetting(FocusStyleDarkBright)">BorderTextureNF</include>
							<bordersize>5</bordersize>
							<aspectratio align="center">scale</aspectratio>
						</control>
						<control type="image">
							<left>12</left>
							<width>575</width>
							<height>325</height>
							<texture>views/OverlayPosterFO.png</texture>
							<bordersize>5</bordersize>
							<visible>Skin.HasSetting(Overlays)</visible>
						</control>
						<!-- Title -->
						<control type="label">
							<left>15</left>
							<top>325</top>
							<width>570</width>
							<height>30</height>
							<font>Font27</font>
							<align>left</align>
							<textcolor>TextColor1</textcolor>
							<shadowcolor>ShadowColor</shadowcolor>
							<label>$INFO[ListItem.Label]</label>
						</control>
						<!-- Additional Infos -->
						<control type="label">
							<left>15</left>
							<top>355</top>
							<width>560</width>
							<height>30</height>
							<font>Font25</font>
							<align>left</align>
							<textcolor>TextColor2</textcolor>
							<shadowcolor>ShadowColor</shadowcolor>
							<label>$INFO[ListItem.Year] • $INFO[ListItem.Rating,IMDB: ]</label>
						</control>
						<!-- Watched status -->
						<control type="image">
							<left>537</left>
							<top>297</top>
							<width>30</width>
							<height>42</height>
							<texture>$VAR[StatusOverlayWide]</texture>
							<visible>!Skin.HasSetting(HideWatchedFlags)</visible>
						</control>
					</control>
				</focusedlayout>
				
				<itemlayout condition="[Substring(Container.FolderPath,plugin://plugin.video,Left) | Substring(Container.FolderPath,addons://sources,Left)] + [Container.Content(movies) | Container.Content(sets) | Container.Content(tvshows) | Container.Content(seasons) | Container.Content(files)] + Skin.HasSetting(View78Style2)" width="600" height="360">
					<control type="image">
						<left>12</left>
						<width>575</width>
						<height>315</height>
						<texture>$INFO[ListItem.Icon]</texture>
						<colordiffuse>OverlayColorNF</colordiffuse>
						<aspectratio align="center" aligny="center">keep</aspectratio>
						<visible>StringCompare(ListItem.Label,..)</visible>
					</control>
					<control type="group">
						<visible>!StringCompare(ListItem.Label,..)</visible>
						
						<control type="image">
							<left>12</left>
							<width>575</width>
							<height>315</height>
							<texture background="true" colordiffuse="$VAR[UnfocusColordiffuse]">$INFO[ListItem.Icon]</texture>
							<include>BorderTextureNF</include>
							<bordersize>5</bordersize>
							<aspectratio align="center">scale</aspectratio>
						</control>
						<control type="image">
							<left>12</left>
							<width>575</width>
							<height>315</height>
							<texture>views/OverlayPosterNF.png</texture>
							<bordersize>5</bordersize>
							<visible>Skin.HasSetting(Overlays)</visible>
						</control>
						<!-- Watched status -->
						<control type="image">
							<left>537</left>
							<top>297</top>
							<width>30</width>
							<height>42</height>
							<texture>$VAR[StatusOverlayWide]</texture>
							<visible>!Skin.HasSetting(HideWatchedFlags)</visible>
						</control>
					</control>
				</itemlayout>

				<focusedlayout condition="[Substring(Container.FolderPath,plugin://plugin.video,Left) | Substring(Container.FolderPath,addons://sources,Left)] + [Container.Content(movies) | Container.Content(sets) | Container.Content(tvshows) | Container.Content(seasons) | Container.Content(files)] + Skin.HasSetting(View78Style2)" width="600" height="360">
					<control type="image">
						<left>12</left>
						<width>575</width>
						<height>325</height>
						<texture>$INFO[ListItem.Icon]</texture>
						<aspectratio align="center" aligny="center">keep</aspectratio>
						<visible>StringCompare(ListItem.Label,..)</visible>
					</control>
					<control type="group">
						<visible>!StringCompare(ListItem.Label,..)</visible>
						
						<control type="image">
							<left>12</left>
							<width>575</width>
							<height>325</height>
							<texture background="true">$INFO[ListItem.Icon]</texture>
							<!--bordertexture border="7">Borders/BorderFO.png</bordertexture-->
							<include condition="!Skin.HasSetting(FocusStyleDarkBright)">BorderTextureFO</include>
							<include condition="Skin.HasSetting(FocusStyleDarkBright)">BorderTextureNF</include>
							<bordersize>5</bordersize>
							<aspectratio align="center">scale</aspectratio>
						</control>
						<control type="image">
							<left>12</left>
							<width>575</width>
							<height>325</height>
							<texture>views/OverlayPosterFO.png</texture>
							<bordersize>5</bordersize>
							<visible>Skin.HasSetting(Overlays)</visible>
						</control>
						<!-- Watched status -->
						<control type="image">
							<left>537</left>
							<top>297</top>
							<width>30</width>
							<height>42</height>
							<texture>$VAR[StatusOverlayWide]</texture>
							<visible>!Skin.HasSetting(HideWatchedFlags)</visible>
						</control>
					</control>
				</focusedlayout>
				
				
			</control>
			
			<!-- Scrollbar (wall) -->
			<control type="scrollbar" id="60">
				<right>50</right>
				<top>190</top>
				<width>20</width>
				<height>700</height>
				<onleft>78</onleft>
				<onright condition="!Skin.HasSetting(KioskMode)">3001</onright>
				<showonepage>false</showonepage>
				<orientation>vertical</orientation>
				<colordiffuse>OverlayColorNF</colordiffuse>
				<texturesliderbackground border="6,1,8,1">common/ScrollBackground.png</texturesliderbackground>
				<texturesliderbar border="8,1,6,1">common/ScrollbarGripNF.png</texturesliderbar>
				<texturesliderbarfocus border="8,1,6,1" colordiffuse="DialogOverlayColorFO">common/ScrollbarGripFO.png</texturesliderbarfocus>
				<textureslidernib>-</textureslidernib>
				<textureslidernibfocus>-</textureslidernibfocus>
				<visible>!Skin.HasSetting(Scrollbars)</visible>
			</control>

			<control type="group">
				<centerleft>50%</centerleft>
				<top>920</top>
				<width>1920</width>
				<height>100</height>
				<visible>Skin.HasSetting(View78Style2)</visible>

				<!-- Title -->
				<control type="label">
					<left>75</left>
					<top>0</top>
					<width>1770</width>
					<height>72</height>
					<font>Font72</font>
					<align>center</align>
					<textcolor>TextColor1</textcolor>
					<shadowcolor>ShadowColor</shadowcolor>
					<label>$INFO[ListItem.Label]</label>
				</control>

				<!-- Details -->
				<control type="label">
					<left>75</left>
					<top>88</top>
					<width>1770</width>
					<height>27</height>
					<font>Font27</font>
					<align>center</align>
					<label>$VAR[Label2]</label>
					<textcolor>TextColor2</textcolor>
					<shadowcolor>ShadowColor</shadowcolor>
				</control>

			</control>
	

		</control>
		

	</include>

</includes>
