<?xml version="1.0" encoding="UTF-8"?>
<includes>

	<!-- simple List (Addonbrowser & Addons) -->
	<include name="Viewtype56">

		<control type="group">
			<visible>Control.IsVisible(56)</visible>


			<!-- Image -->
			<control type="image">
				<left>80</left>
				<top>189</top>
				<width>495</width>
				<height>769</height>
				<texture>$INFO[ListItem.Icon]</texture>
				<aspectratio aligny="top">keep</aspectratio>
				<bordertexture border="1,1,1,69">views/DropShadow.png</bordertexture>
				<bordersize>0,0,0,66</bordersize>
				<visible>!SubString(ListItem.Icon,Default)</visible>
			</control>
			<control type="image">
				<left>80</left>
				<top>189</top>
				<width>495</width>
				<height>703</height>
				<texture colordiffuse="00ffffff">$INFO[ListItem.Icon]</texture>
				<aspectratio aligny="top">keep</aspectratio>
				<bordertexture border="21,21,21,150">views/OverlayEffect.png</bordertexture>
				<visible>!SubString(ListItem.Icon,Default) + Skin.HasSetting(Overlays)</visible>
			</control>
			<control type="image">
				<left>80</left>
				<top>189</top>
				<width>495</width>
				<height>703</height>
				<texture>$INFO[ListItem.Icon]</texture>
				<colordiffuse>OverlayColorFO</colordiffuse>
				<aspectratio aligny="top">keep</aspectratio>
				<visible>SubString(ListItem.Icon,Default)</visible>
			</control>

			<!-- List -->
			<control type="fixedlist" id="56">
				<left>689</left>
				<centertop>50%</centertop>
				<width>1050</width>
				<height>720</height>
				<onup>56</onup>
				<ondown>56</ondown>
				<onleft>60</onleft>
				<onright condition="!Skin.HasSetting(KioskMode)">3001</onright>
				<pagecontrol>60</pagecontrol>
				<focusposition>3</focusposition>
				<orientation>vertical</orientation>
				<viewtype label="$LOCALIZE[535]">list</viewtype>
				<scrolltime tween="sine" easing="out">240</scrolltime>
				<visible>!String.IsEmpty(Container.FolderPath)</visible>

				<itemlayout height="90" width="1050">
					<control type="label">
						<left>32</left>
						<top>0</top>
						<width>1018</width>
						<height>90</height>
						<font>Font36</font>
						<label>$INFO[ListItem.Label]</label>
						<textcolor>TextColor2</textcolor>
					</control>
					<!-- Watched status -->
					<control type="image">
						<left>0</left>
						<top>38</top>
						<width>14</width>
						<height>14</height>
						<texture>$VAR[StatusOverlay]</texture>
						<colordiffuse>OverlayColorNF</colordiffuse>
						<animation effect="fade" start="50" end="50" condition="true">Conditional</animation>
						<visible>!Skin.HasSetting(HideWatchedFlags) | Window.IsVisible(addonbrowser)</visible>
					</control>
				</itemlayout>

				<focusedlayout height="180" width="1050">
					<control type="label">
						<left>32</left>
						<top>0</top>
						<width>1018</width>
						<height>180</height>
						<font>Font72</font>
						<label>$INFO[ListItem.Label]</label>
						<textcolor>TextColor1</textcolor>
						<shadowcolor>ShadowColor</shadowcolor>
						<animation effect="fade" start="100" end="50" time="200" tween="cubic" easing="out" reversible="true" condition="!Control.HasFocus(56)">Conditional</animation>
						<visible>String.IsEmpty(ListItem.Label2)</visible>
					</control>
					<control type="group">
						<visible>!String.IsEmpty(ListItem.Label2)</visible>
						<control type="label">
							<left>32</left>
							<top>43</top>
							<width>1018</width>
							<height>48</height>
							<font>Font48</font>
							<label>$VAR[Label1]</label>
							<textcolor>TextColor1</textcolor>
							<shadowcolor>ShadowColor</shadowcolor>
							<animation effect="fade" start="100" end="50" time="200" tween="cubic" easing="out" reversible="true" condition="!Control.HasFocus(56)">Conditional</animation>
						</control>
						<control type="label">
							<left>32</left>
							<top>100</top>
							<width>1018</width>
							<height>27</height>
							<font>Font27</font>
							<label>$INFO[ListItem.Label2]</label>
							<textcolor>TextColor2</textcolor>
							<shadowcolor>ShadowColor</shadowcolor>
							<animation effect="fade" start="100" end="50" time="200" tween="cubic" easing="out" reversible="true" condition="!Control.HasFocus(56)">Conditional</animation>
						</control>
						<!-- Watched status -->
						<control type="image">
							<left>0</left>
							<top>61</top>
							<width>14</width>
							<height>14</height>
							<texture>$VAR[StatusOverlay]</texture>
							<colordiffuse>OverlayColorFO</colordiffuse>
							<animation effect="fade" start="100" end="50" time="200" tween="cubic" easing="out" reversible="true" condition="!Control.HasFocus(56)">Conditional</animation>
							<visible>!Skin.HasSetting(HideWatchedFlags) | Window.IsVisible(addonbrowser)</visible>
						</control>
					</control>
				</focusedlayout>

			</control>

			<!-- Scrollbar (list) -->
			<control type="scrollbar" id="60">
				<left>640</left>
				<centertop>50%</centertop>
				<width>20</width>
				<height>720</height>
				<onleft condition="!Skin.HasSetting(KioskMode)">3001</onleft>
				<onright>50</onright>
				<showonepage>false</showonepage>
				<orientation>vertical</orientation>
				<colordiffuse>OverlayColorNF</colordiffuse>
				<texturesliderbackground border="9,1,6,1">common/ScrollBackground.png</texturesliderbackground>
				<texturesliderbar border="8,1,6,1">common/ScrollbarGripNF.png</texturesliderbar>
				<texturesliderbarfocus border="8,1,6,1" colordiffuse="DialogOverlayColorFO">common/ScrollbarGripFO.png</texturesliderbarfocus>
				<textureslidernib>-</textureslidernib>
				<textureslidernibfocus>-</textureslidernibfocus>
				<visible>!Skin.HasSetting(Scrollbars) + Control.IsVisible(56)</visible>
			</control>

		</control>

	</include>

</includes>
