<?xml version="1.0" encoding="utf-8"?>
<!--Titan-->
<includes>
    <include name="View_525_Netflix_Landscape">
	<!--Panel-->
        <control type="group">
            <width>100%</width>
            <height>100%</height>
            <visible>Control.IsVisible(525) + Integer.IsGreater(Container.NumItems,0)</visible>
            <include>animation_view_change</include>
			
			
			<!-- preview window -->
			<control type="group">
				<include content="SpotlightVideoWindow">
					<param name="width" value="1395" />
					<param name="height" value="884" />
				</include>
			</control>
		   
			<!-- spotlight artwork section right -->
			<control type="group">
				<visible>!Skin.HasSetting(View525_DetailsShowFanart)</visible>
			     <include content="SpotlightArtwork">
					<param name="width" value="100%" />
					<param name="height" value="100%" />
					<param name="diffuse" value="" />
				</include>
				<!-- spotlight overlay section right -->
				<control type="image">
					<texture flipx="true" colordiffuse="$INFO[Skin.String(NetflixBGColor)]">overlay/gradient_overlay_info.png</texture>
				</control>
			</control>
			
			<control type="group">
				<visible>Skin.HasSetting(View525_DetailsShowFanart) + Skin.HasSetting(View525_UseFixedLayout)</visible>
				<include content="SpotlightArtwork">
					<param name="width" value="1344" />
					<param name="height" value="770" />
					<param name="diffuse" value="diffuse/netflixnornerdiffuse.png" />
				</include>
			</control>
			<control type="group">
				<visible>Skin.HasSetting(View525_DetailsShowFanart) + !Skin.HasSetting(View525_UseFixedLayout)</visible>
				<include content="SpotlightArtwork">
					<param name="width" value="1249" />
					<param name="height" value="708" />
					<param name="diffuse" value="diffuse/netflixnornerdiffuse.png" />
				</include>
			</control>
            
           <!-- spotlight info section left-->
            <control type="group">
				<top>0</top>
				<left>0</left>
				<width>100%</width>
				<height>600</height>
                
					<!-- INFOS -->
				<control type="grouplist">
					<width>100%</width>
					<height>650</height>
					<left>80</left>
					<top>0</top>
					<bottom>10</bottom>
					<orientation>vertical</orientation>
					<itemgap>5</itemgap>
					<usecontrolcoords>true</usecontrolcoords> 
					
					<!-- clearlogo -->
					<control type="image">
						<height>240</height>
						<width>600</width>
						<aspectratio align="left" aligny="bottom">keep</aspectratio>
						<texture background="true" fallback="colors/color_transparent.png">$VAR[ListItemClearLogo]</texture>
						<visible>!$EXP[NoClearlogo]</visible>
					</control>
					<!-- Label, no clearlogo -->
					<control type="label">
						<height>240</height>
						<width>600</width>
						<wrapmultiline>true</wrapmultiline>
						<include condition="Skin.HasSetting(UseHelveticaNeueNetflix_font)">font_Netflix_Title</include>
						<include condition="!Skin.HasSetting(UseHelveticaNeueNetflix_font)">font_Def_Title</include>
						<align>left</align>
						<aligny>center</aligny>
						<textcolor>$INFO[Skin.String(ViewNetfixHighlightTextColor)]</textcolor>
						<label>$VAR[HomeMenuWidgetInfoLabel]</label>
						<visible>$EXP[NoClearlogo]</visible>
					</control>
					
					<!-- title for season -->
					<control type="textbox">
						<height>50</height>
						<width>auto</width>
						<font>Bold40</font>
						<align>left</align>
						<aligny>center</aligny>
						<label>$INFO[ListItem.Label]</label> 
						<textcolor>$INFO[Skin.String(ViewNetfixHighlightTextColor)]</textcolor>
						<visible>[Container.Content(seasons) | String.IsEqual(ListItem.DBTYPE,season)]</visible>
					</control>
					<!-- detail 1 -->
					<control type="group">
						<height>50</height>
						<width>100%</width>
						<include>Netflix_FlagsDetails</include>
					</control>
					
					<!-- subtitle: MOTTO for Movies-->
					<control type="label">
						<top>-8</top>
						<height>50</height>
						<width>700</width>
						<include condition="Skin.HasSetting(UseHelveticaNeueNetflix_font)">font_Netflix_DetailRow</include>
						<include condition="!Skin.HasSetting(UseHelveticaNeueNetflix_font)">font_Def_DetailRow</include>
						<align>left</align>
						<aligny>center</aligny>
						<wrapmultiline>true</wrapmultiline>
						<textcolor>$INFO[Skin.String(ViewNetfixHighlightTextColor)]</textcolor>
						<label>$INFO[ListItem.TagLine,[B][I],[/B][/I]]</label>
						<visible>!String.IsEmpty(ListItem.TagLine)</visible>
					</control>
					
					<!-- PLOT -->
					<control type="textbox">
						<height max="204">auto</height>
						<width>620</width>
						<label>$VAR[Plots]</label>
						<textcolor>$INFO[Skin.String(NetflixPrimaryTextColor)]</textcolor>
						<align>left</align>
						<include condition="Skin.HasSetting(UseHelveticaNeueNetflix_font)">font_Netflix_Plot</include>
						<include condition="!Skin.HasSetting(UseHelveticaNeueNetflix_font)">font_Plot</include>
					</control>
					<!-- Genre (no random cast,genre,director,nominations -->
					<control type="group">
						<include>Netflix_Genre</include>
					</control>
				</control>
				 <!-- media flags , fixed -->
                <control type="group">
					<posx>80</posx>
                    <height>52</height>
                    <top>690</top>
                    <include>mediaflags</include>
					<visible>Skin.HasSetting(View525_UseFixedLayout)</visible>
					<animation effect="zoom" alignx="true" end="80,80" time="0" condition="Skin.String(mediaflagsstyle,large) | Skin.String(mediaflagsstyle,large_color)">Conditional</animation>
				</control>
				<!-- media flags , non-fixed -->
				<control type="group">
					<posx>700</posx>
                    <height>52</height>
                    <top>570</top>
                    <include>mediaflags</include>
					<visible>!Skin.HasSetting(View525_UseFixedLayout)</visible>
					<!-- <animation effect="slide" end="-280,-5" time="0" condition="String.IsEqual(ListItem.DBTYPE,movie) | String.IsEqual(ListItem.DBTYPE,episode) | String.IsEqual(ListItem.DBTYPE,tvshow)">Conditional</animation>
					 -->
					<!-- <animation effect="zoom" alignx="true" end="80,80" time="0" condition="!String.IsEqual(ListItem.DBTYPE,movie) + [Skin.String(mediaflagsstyle,large) | Skin.String(mediaflagsstyle,large_color)]">Conditional</animation>
					<animation effect="zoom" alignx="true" end="80,80" time="0" condition="String.IsEqual(ListItem.DBTYPE,movie) + [Skin.String(mediaflagsstyle,large) | Skin.String(mediaflagsstyle,large_color)]">Conditional</animation>
					-->
					<animation effect="zoom" alignx="true" end="80,80" time="0" condition="[Skin.String(mediaflagsstyle,large) | Skin.String(mediaflagsstyle,large_color)]">Conditional</animation>
				</control>
                <!-- rating , fixed -->
                <control type="group">
					<visible>String.IsEqual(ListItem.DBTYPE,movie) | String.IsEqual(ListItem.DBTYPE,episode) | String.IsEqual(ListItem.DBTYPE,tvshow) | String.IsEqual(ListItem.DBTYPE,season)</visible>
                    <right>20</right>
                    <height>150</height>
                    <width>1000</width>
                    <top>600</top>
                    <include condition="[Skin.HasSetting(StudioInFooter) | Skin.HasSetting(IMDBRatingInFooter) | Skin.HasSetting(TV_TMdbRatingInFooter) | Skin.HasSetting(RTRatingInFooter)]">AltRatingFooter</include>
					<visible>Skin.HasSetting(View525_UseFixedLayout)</visible>
				</control>
				<!-- rating , non-fixed -->
				<control type="group">
					<visible>String.IsEqual(ListItem.DBTYPE,movie) | String.IsEqual(ListItem.DBTYPE,episode) | String.IsEqual(ListItem.DBTYPE,tvshow) | String.IsEqual(ListItem.DBTYPE,season)</visible>
                    <right>20</right>
                    <height>150</height>
                    <width>1000</width>
                    <top>480</top>
                    <include condition="[Skin.HasSetting(StudioInFooter) | Skin.HasSetting(IMDBRatingInFooter) | Skin.HasSetting(TV_TMdbRatingInFooter) | Skin.HasSetting(RTRatingInFooter)]">AltRatingFooter</include>
					<visible>!Skin.HasSetting(View525_UseFixedLayout)</visible>
                </control>
				<!-- CAST on Trailer -100 -->
				<control type="panel"> 
					<top>780</top>
					<left>630</left>
					<height>300</height>
					<width>1260</width>
					<orientation>horizontal</orientation>
					<visible>Skin.HasSetting(View525_UseFixedLayout) + Player.HasVideo + Skin.HasSetting(ShowCastOnTrailer) + [String.IsEqual(ListItem.DBTYPE,tvshow) | String.IsEqual(ListItem.DBTYPE,episode) | String.IsEqual(ListItem.DBTYPE,movie)]</visible>
					<animation effect="fade" start="0" end="100" delay="200" time="1200" pulse="false" condition="Player.HasVideo">Conditional</animation>
					<itemlayout height="225" width="158">
						<control type="image">
							<texture border="1" diffuse="diffuse/poster.png" background="true" fallback="DefaultActor.png">$INFO[ListItem.Thumb]</texture>
							<aspectratio scalediffuse="true" aligny="top" align="center">scale</aspectratio>
							<bordersize>4</bordersize>
						</control>
						<control type="label">
							<font>reg18</font>
							<label>$INFO[Container(50).ListItem.Label,[B],[/B][CR]]$INFO[Container(50).ListItem.Label2]</label>
							<wrapmultiline>true</wrapmultiline>
							<textcolor>$INFO[Skin.String(NetflixPrimaryTextColor)]</textcolor>
							<top>220</top>
							<left>5</left>
							<width>150</width>
							<height>50</height>
							<aligny>top</aligny>
							<align>center</align>
							<textoffsetx>0</textoffsetx>
							<scroll>true</scroll>
							<scrollspeed>20</scrollspeed>
						</control>
					</itemlayout>
					<focusedlayout></focusedlayout>
					<content>$VAR[VAR_EmbuaryCast]</content>
                </control>
			</control>
            <!-- menu button,check, add extra touch buttons sometime  -->
            <control type="radiobutton" id="5001">
                <width>60</width>
                <height>60</height>
                <right>20</right>
                <top>20</top>
                <font></font>
                <selected>Control.HasFocus(5001)</selected>
                <texturefocus></texturefocus>
                <texturenofocus></texturenofocus>
                <textureradiofocus colordiffuse="$INFO[Skin.String(ButtonTextFocusColor)]">touchcontrols/icon_back.png</textureradiofocus>
                <textureradionofocus colordiffuse="$INFO[Skin.String(ButtonTextColor)]">touchcontrols/icon_back.png</textureradionofocus>
                <radiowidth>60</radiowidth>
                <radioheight>60</radioheight>
                <onclick>Close</onclick>
                <visible>Skin.HasSetting(EnableTouchSupport) + !Window.IsActive(Home)</visible>
                <ondown>510</ondown>
            </control>
			
            <!-- View 525 -->
			<include condition="Skin.HasSetting(View525_UseFixedLayout)">View525_layout_fixed</include>
			<include condition="!Skin.HasSetting(View525_UseFixedLayout)">View525_layout_normal</include>
			<control type="image">
				<bottom>38</bottom>
				<left>48</left>
				<width>484</width>
				<height>274</height>
				<texture border="2">$VAR[FocusFrame525]</texture>
				<colordiffuse>$INFO[Skin.String(NetflixViewDetailsBorderFocusColor)]</colordiffuse>
				<visible>Skin.HasSetting(View525_UseFixedLayout)</visible>
			</control>
			<control type="image">
				<bottom>225</bottom>
				<left>14</left>
				<width>384</width>
				<height>225</height>
				<texture border="2">$VAR[FocusFrame525]</texture> <!-- check,un-repack for themed(rounded) layout instead of variable -->
				<colordiffuse>$INFO[Skin.String(NetflixViewDetailsBorderFocusColor)]</colordiffuse>
				<visible>!Skin.HasSetting(View525_UseFixedLayout)</visible>
				<animation effect="slide" start="0" end="-30,0" time="150" condition="Control.HasFocus(70) | Control.HasFocus(6002)">Conditional</animation>
				<animation effect="slide" end="380,0" time="300" condition="Container(525).Column(1)">conditional</animation>
				<animation effect="slide" end="760,0" time="300" condition="Container(525).Column(2)">conditional</animation>
				<animation effect="slide" end="1140,0" time="300" condition="Container(525).Column(3)">conditional</animation>
				<animation effect="slide" end="1520,0" time="300" condition="Container(525).Column(4)">conditional</animation>
			</control>
			<!-- discart fixed visible delay -->
			 <control type="image"> 
				<visible>Skin.HasSetting(View525_UseFixedLayout) + Skin.HasSetting(View525_ShowCDart)</visible>
                <width>200</width>
                <height>200</height>
				<bottom>10</bottom>
                <posx>480</posx>
				<fadetime>300</fadetime>
				<texture background="true" diffuse="diffuse/cdmask_new.png">$VAR[DiscArtImage]</texture>
				<aspectratio scalediffuse="false" align="center" aligny="center">scale</aspectratio>
				<visible>!Container.Content(episodes) | Container.Content(tvshows) | Container.Content(movies)</visible>
			</control> 
			
         	<!-- Scrollbars-->
			<control type="group">
				<!-- horizontal -->
				<control type="scrollbar" id="60">
					<visible>Skin.HasSetting(View525_UseFixedLayout) + Control.IsVisible(525) + Integer.IsGreater(Container.Numitems,4)</visible>
					<left>80</left>
					<bottom>1</bottom>
					<width>1760</width>
					<height>20</height>
					<onup>525</onup>
					<ondown>9000</ondown>
					<onleft>60</onleft>
					<onright>60</onright>
					<orientation>horizontal</orientation>
					<animation effect="fade" start="0" end="100" time="400" condition="[Control.HasFocus(60) | Skin.HasSetting(EnableTouchSupport) | Container.Scrolling | Skin.HasSetting(alwaysShowScrollbars)]">Conditional</animation>
					<animation effect="fade" start="100" end="0" time="400" condition="![Control.HasFocus(60) | Skin.HasSetting(EnableTouchSupport) | Container.Scrolling | Skin.HasSetting(alwaysShowScrollbars)]">Conditional</animation>					
				</control>
				<!-- vertical -->
				<control type="scrollbar" id="70">
					<visible>!Skin.HasSetting(View525_UseFixedLayout) + Control.IsVisible(525) + Integer.IsGreater(Container.Numitems,10)</visible>
					<right>5</right>
					<bottom>5</bottom>
					<width>17</width>
					<height>430</height>
					<onleft>525</onleft>
					<onright>9000</onright>
					<onup>70</onup>
					<ondown>70</ondown>
					<orientation>vertical</orientation>
					<animation effect="fade" start="0" end="100" time="400" condition="[Control.HasFocus(70) | Skin.HasSetting(EnableTouchSupport) | Container.Scrolling | Skin.HasSetting(alwaysShowScrollbars)]">Conditional</animation>
					<animation effect="fade" start="100" end="0" time="400" condition="![Control.HasFocus(70) | Skin.HasSetting(EnableTouchSupport) | Container.Scrolling | Skin.HasSetting(alwaysShowScrollbars)]">Conditional</animation>					
				</control>
			</control>
        </control>
 	</include>

    <include name="View525_layout_fixed">
		<control type="fixedlist" id="525">
            <focusposition>0</focusposition>
			 <orientation>horizontal</orientation>
			 <left>50</left>
			 <bottom>40</bottom>
			 <height>270</height>
			 <pagecontrol>60</pagecontrol>
			 <!-- <movement>4</movement> will not move focus frame -->
			 <ondown condition="!Player.HasVideo + !Control.IsVisible(60)">9000</ondown>
			 <ondown condition="Skin.HasSetting(EnableQuickJump) + Control.IsVisible(60) + !Player.HasVideo">7000</ondown>
			 <ondown condition="!Skin.HasSetting(EnableQuickJump) + Control.IsVisible(60) + !Player.HasVideo">60</ondown>
			 <include>trailer_onup</include>
			 <include>View525_layout</include>
		</control>
	</include>
	
	<include name="View525_layout_normal">
		<control type="panel" id="525">
			 <orientation>vertical</orientation>
			 <pagecontrol>70</pagecontrol>
			 <left>15</left>
			 <bottom>10</bottom>
			 <height>440</height>
			 <onleft>9000</onleft>
			 <onright condition="!Control.IsVisible(70)">525</onright>
			 <onright condition="Skin.HasSetting(EnableQuickJump) + Control.IsVisible(70)">6000</onright>
			 <onright condition="!Skin.HasSetting(EnableQuickJump) + Control.IsVisible(70)">70</onright>
			 <onup>525</onup>
			 <ondown>525</ondown>
			 <include>View525_layout</include>
			 <animation effect="slide" start="0" end="-30,0" time="150" condition="Control.HasFocus(70) | Control.HasFocus(6002)">Conditional</animation>
		</control>
	</include>
    
    <include name="View525_layout">
        <viewtype label="31918">icons</viewtype>
		<scrolltime tween="cubic" easing="in">425</scrolltime>
        <width>1910</width>
        <preloaditems>2</preloaditems>
        <visible>String.IsEqual(Window(Home).Property(SkinHelper.ForcedView),525) | String.IsEmpty(Window(Home).Property(SkinHelper.ForcedView))</visible>
		<onleft>525</onleft>
        <onright>525</onright>
		<!-- non fixed -->
        <itemlayout width="380" height="224" condition="!Skin.HasSetting(View525_UseFixedLayout)">
			<control type="group">
				<width>382</width>
				<height>224</height>
				<include content="ThumbsViewLayout">
					<param name="colordiffuse" value="none" />
					<param name="border" value="thumbsborder_unfocused" />
				</include>
				<animation effect="fade" start="100" end="20" delay="200" time="1200" pulse="false" condition="Player.HasVideo">Conditional</animation>
			</control> 
        </itemlayout>
        <focusedlayout width="380" height="220" condition="!Skin.HasSetting(View525_UseFixedLayout)">
			<control type="group">
				<width>382</width>
				<height>224</height>
				<include>AutoTrailerButton</include>
				<include content="ThumbsViewLayout">
					<param name="colordiffuse" value="none" />
					<param name="border" value="thumbsborder_unfocused" />
				</include>
			</control>
		</focusedlayout>
		<!-- fixed -->
        <itemlayout width="480" height="269" condition="Skin.HasSetting(View525_UseFixedLayout)">
			<control type="group">
				<width>480</width>
				<height>269</height>
				<include content="ThumbsViewLayout">
					<param name="colordiffuse" value="none" />
					<param name="border" value="thumbsborder_unfocused" />
				</include>
				<animation effect="fade" start="100" end="20" delay="200" time="1200" pulse="false" condition="Player.HasVideo">Conditional</animation>
				<animation effect="slide" start="0,0" end="0,310" delay="100" time="1000" pulse="false" condition="Player.HasVideo + Skin.HasSetting(ShowCastOnTrailer)">Conditional</animation>
			</control>
        </itemlayout>
        <focusedlayout width="480" height="269" condition="Skin.HasSetting(View525_UseFixedLayout)">
			<control type="group">
				<width>480</width>
				<height>269</height>
				<include>AutoTrailerButton</include>
				<include content="ThumbsViewLayout">
					<param name="colordiffuse" value="none" />
					<param name="border" value="thumbsborder_unfocused" />
				</include>
			</control>
		</focusedlayout>
	</include>
    
    <variable name="View525_FallbackTitle">
        <value condition="Container.Content(episodes)">$INFO[ListItem.TvshowTitle]</value>
        <value>$INFO[ListItem.Title]</value>
    </variable>
    
    <variable name="View525_SubTitle">
        <value condition="Container.Content(episodes)">$INFO[ListItem.Label]</value>
        <value>$INFO[ListItem.TagLine]</value>
    </variable>
	<variable name="FocusFrame525">
		<value condition="Skin.HasTheme(modern_rounded)">netflix/frame/slimframe_modernrounded.png</value>
        <value>netflix/frame/slimframe_hardedge.png</value>
	</variable>
</includes>