<shortcuts>
	<!-- Addons sub -->
	<shortcut>
		<action>ActivateWindow(Videos,Addons,return)</action>
		<label>1037</label>
		<label2>32018</label2>
		<defaultID>1037</defaultID>
		<icon>DefaultAddonVideo.png</icon>
		<thumb />
	</shortcut>
	<shortcut>
		<action>ActivateWindow(MusicLibrary,Addons,return)</action>
		<label>1038</label>
		<label2>32019</label2>
		<defaultID>1038</defaultID>
		<icon>DefaultAddonMusic.png</icon>
		<thumb />
	</shortcut>
	<shortcut>
		<action>ActivateWindow(Pictures,Addons,return)</action>
		<label>1039</label>
		<label2>32020</label2>
		<defaultID>1039</defaultID>
		<icon>DefaultAddonPicture.png</icon>
		<thumb />
	</shortcut>
	<shortcut>
		<action>ActivateWindow(Programs,Addons,return)</action>
		<label>1043</label>
		<label2>31063</label2>
		<defaultID>1043</defaultID>
		<icon>DefaultAddonPrograms.png</icon>
		<thumb />
	</shortcut>
	<shortcut>
		<action>ActivateWindow(Addonbrowser)</action>
		<label>31100</label>
		<label2>32021</label2>
		<defaultID>31100</defaultID>
		<icon>DefaultAddonPrograms.png</icon>
		<thumb />
	</shortcut>
	
</shortcuts>
