<shortcuts>
	<shortcut>
		<label>19019</label>
		<label2>Radio</label2>
		<defaultID>19019</defaultID>
		<icon>home/radio.png</icon>
		<thumb />
		<action>ActivateWindow(RadioChannels)</action>
	</shortcut>
	<shortcut>
		<label>22020</label>
		<label2>Radio</label2>
		<defaultID>22020</defaultID>
		<icon>home/epg.png</icon>
		<thumb />
		<action>ActivateWindow(RadioGuide)</action>
	</shortcut>
	<shortcut>
		<label>19163</label>
		<label2>Radio</label2>
		<defaultID>19163</defaultID>
		<icon>home/recordings.png</icon>
		<thumb />
		<action>ActivateWindow(RadioRecordings)</action>
	</shortcut>
	<shortcut>
		<label>19040</label>
		<label2>Radio</label2>
		<defaultID>19040</defaultID>
		<icon>home/timers.png</icon>
		<thumb />
		<action>ActivateWindow(RadioTimers)</action>
	</shortcut>
	<shortcut>
		<label>137</label>
		<label2>Radio</label2>
		<defaultID>137</defaultID>
		<icon>home/search-tv.png</icon>
		<thumb />
		<action>ActivateWindow(RadioSearch)</action>
	</shortcut>
</shortcuts>
