<?xml version="1.0" encoding="UTF-8"?>
<window type="dialog" id="1159">
    <onload condition="Player.Playing">Pause</onload>
    <onload>ClearProperty(theme_ready,home)</onload>
	<onload>ClearProperty(PlayingOST,Home)</onload>
    <visible>!String.IsEqual(ListItem.Path,Window(home).Property(OST))</visible>
    <visible>Container.Content(movies) | Container.Content(tvshows)</visible>
    <visible>!Window.IsActive(movieinformation) + Skin.HasSetting(playTheme)</visible>
    <controls></controls>
</window>
	