<?xml version="1.0" encoding="UTF-8"?>
<fonts>
	<fontset id="Default" idloc="31390">
		<!-- Lyrics -->
		<font>
			<name>lyr1</name>
			<filename>lyrics/Theboldfont.ttf</filename>
			<size>120</size>
		</font>
		<font>
			<name>lyr2</name>
			<filename>lyrics/Luckiest Guy.ttf</filename>
			<style>uppercase</style>
			<linespacing>0.9</linespacing>
			<size>130</size>
		</font>
		<font>
			<name>lyr2b</name>
			<filename>lyrics/Luckiest Guy.ttf</filename>
			<style>uppercase</style>
			<linespacing>0.9</linespacing>
			<size>158</size>
		</font>
		<font>
			<name>lyr3</name>
			<filename>lyrics/SF Distant Galaxy.ttf</filename>
			<style>lowercase</style>
			<aspect>0.85</aspect>
			<linespacing>0.9</linespacing>
			<size>132</size>
		</font>
		<font>
			<name>lyr4</name>
			<filename>lyrics/Geomancy - Extra Bold.ttf</filename>
			<linespacing>0.9</linespacing>
			<size>120</size>
		</font>
		<font>
			<name>lyr5</name>
			<filename>lyrics/BOXING.ttf</filename>
			<aspect>1.3</aspect>
			<style>lowercase</style>
			<linespacing>0.9</linespacing>
			<size>104</size>
		</font>
		<font>
			<name>lyr6</name>
			<style>uppercase</style>
			<filename>lyrics/Luckiest Guy.ttf</filename>
			<size>110</size>
		</font>
		<font>
			<name>lyr6a</name>
			<style>uppercase</style>
			<filename>lyrics/Luckiest Guy.ttf</filename>
			<size>165</size>
		</font>
		<font>
			<name>lyr6b</name>
			<style>uppercase</style>
			<filename>lyrics/Luckiest Guy.ttf</filename>
			<size>220</size>
		</font>
		<font>
			<name>lyr7</name>
			<filename>lyrics/Theboldfont.ttf</filename>
			<size>120</size>
		</font>
		<font>
			<name>lyr8</name>
			<filename>lyrics/SF Distant Galaxy.ttf</filename>
			<style>lowercase</style>
			<aspect>0.85</aspect>
			<linespacing>0.9</linespacing>
			<size>132</size>
		</font>
		<font>
			<name>lyr9</name>
			<filename>lyrics/Geomancy - Extra Bold.ttf</filename>
			<linespacing>0.9</linespacing>
			<size>130</size>
		</font>
		<font>
			<name>lyr9b</name>
			<filename>lyrics/Geomancy - Extra Bold.ttf</filename>
			<linespacing>0.9</linespacing>
			<size>142</size>
		</font>
		<font>
			<name>lyr10</name>
			<style>uppercase</style>
			<filename>lyrics/Luckiest Guy.ttf</filename>
			<size>170</size>
		</font>
		<font>
			<name>lyr10b</name>
			<style>uppercase</style>
			<filename>lyrics/Luckiest Guy.ttf</filename>
			<size>145</size>
		</font>
		<font>
			<name>lyr10c</name>
			<style>uppercase</style>
			<filename>lyrics/Luckiest Guy.ttf</filename>
			<size>120</size>
		</font>
		<font>
			<name>lyr11</name>
			<filename>lyrics/Theboldfont.ttf</filename>
			<size>120</size>
		</font>
		<font>
			<name>lyr11b</name>
			<filename>lyrics/Theboldfont.ttf</filename>
			<size>146</size>
		</font>
		<font>
			<name>lyr12</name>
			<filename>lyrics/BOXING.ttf</filename>
			<style>lowercase</style>
			<linespacing>0.9</linespacing>
			<size>275</size>
		</font>
		<font>
			<name>lyr12b</name>
			<filename>lyrics/BOXING.ttf</filename>
			<style>lowercase</style>
			<linespacing>0.9</linespacing>
			<size>165</size>
		</font>
		<font>
			<name>lyr12c</name>
			<filename>lyrics/BOXING.ttf</filename>
			<style>lowercase</style>
			<linespacing>0.9</linespacing>
			<size>220</size>
		</font>
		<font>
			<name>lyrund</name>
			<filename>lyrics/Fredoka One.ttf</filename>
			<linespacing>0.9</linespacing>
			<size>58</size>
		</font>
		<font>
			<name>lyr13</name>
			<filename>lyrics/SF Distant Galaxy.ttf</filename>
			<style>lowercase</style>
			<aspect>0.85</aspect>
			<linespacing>0.9</linespacing>
			<size>132</size>
		</font>
		<font>
			<name>lyr14</name>
			<style>uppercase</style>
			<filename>lyrics/Luckiest Guy.ttf</filename>
			<size>130</size>
		</font>
		<font>
			<name>lyr14b</name>
			<style>uppercase</style>
			<filename>lyrics/Luckiest Guy.ttf</filename>
			<size>150</size>
		</font>
		<font>
			<name>lyr14c</name>
			<style>uppercase</style>
			<filename>lyrics/Luckiest Guy.ttf</filename>
			<size>170</size>
		</font>
		<font>
			<name>lyr15</name>
			<filename>lyrics/Geomancy - Extra Bold.ttf</filename>
			<linespacing>0.9</linespacing>
			<size>130</size>
		</font>
		<font>
			<name>lyr15b</name>
			<filename>lyrics/Geomancy - Extra Bold.ttf</filename>
			<linespacing>0.9</linespacing>
			<size>138</size>
		</font>
		<font>
			<name>lyr16</name>
			<filename>lyrics/Theboldfont.ttf</filename>
			<size>120</size>
		</font>
		<font>
			<name>lyr17</name>
			<style>uppercase</style>
			<filename>lyrics/Luckiest Guy.ttf</filename>
			<size>110</size>
		</font>
		<font>
			<name>lyr17a</name>
			<style>uppercase</style>
			<filename>lyrics/Luckiest Guy.ttf</filename>
			<size>165</size>
		</font>
		<font>
			<name>lyr17b</name>
			<style>uppercase</style>
			<filename>lyrics/Luckiest Guy.ttf</filename>
			<size>220</size>
		</font>
		<font>
			<name>lyr18</name>
			<filename>lyrics/Geomancy - Extra Bold.ttf</filename>
			<linespacing>0.9</linespacing>
			<size>120</size>
		</font>
		<font>
			<name>lyr18b</name>
			<filename>lyrics/Geomancy - Extra Bold.ttf</filename>
			<linespacing>0.9</linespacing>
			<size>140</size>
		</font>
		<font>
			<name>lyr19</name>
			<filename>lyrics/BOXING.ttf</filename>
			<style>lowercase</style>
			<linespacing>0.9</linespacing>
			<size>230</size>
		</font>
		<font>
			<name>lyr19b</name>
			<filename>lyrics/BOXING.ttf</filename>
			<style>lowercase</style>
			<linespacing>0.9</linespacing>
			<size>170</size>
		</font>
		<font>
			<name>lyr19c</name>
			<filename>lyrics/BOXING.ttf</filename>
			<style>lowercase</style>
			<linespacing>0.9</linespacing>
			<size>115</size>
		</font>
		<font>
			<name>lyr20</name>
			<filename>lyrics/SF Distant Galaxy.ttf</filename>
			<style>lowercase</style>
			<aspect>0.85</aspect>
			<linespacing>0.9</linespacing>
			<size>132</size>
		</font>
		<!-- Normal Fonts -->
		<font>
			<name>font_MainMenu</name>
			<filename>The Bold Font.ttf</filename>
			<size>80</size>
		</font>
		<font>
			<name>Font_plot</name>
			<filename>Kiye Sans.ttf</filename>
			<size>28</size>
		</font>
		<font>
			<name>Font_subtitle</name>
			<filename>Kiye Sans.ttf</filename>
			<linespacing>0.9</linespacing>
			<size>30</size>
		</font>
		<font>
			<name>font13_title</name>
			<filename>Kiye Sans.ttf</filename>
			<size>30</size>
		</font>
		<font>
			<name>font13_title_sel</name>
			<filename>Kiye Sans.ttf</filename>
			<style>bold</style>
			<size>31</size>
		</font>
		<font>
			<name>font_musicviz</name>
			<filename>The Bold Font.ttf</filename>
			<size>92</size>
		</font>
		<font>
			<name>font10t</name>
			<filename>Kiye Sans.ttf</filename>
			<size>21</size>
		</font>
		<font>
			<name>font12d</name>
			<filename>Kiye Sans.ttf</filename>
			<size>32</size>
		</font>
		<font>
			<name>font12e</name>
			<filename>Kiye Sans.ttf</filename>
			<style>bold</style>
			<size>28</size>
			<linespacing>0.90</linespacing>
		</font>
		<font>
			<name>font14t</name>
			<filename>Kiye Sans.ttf</filename>
			<size>33</size>
		</font>
		<font>
			<name>font14_bold</name>
			<filename>Kiye Sans.ttf</filename>
			<style>bold</style>
			<size>33</size>
		</font>
		<font>
			<name>font15t</name>
			<filename>Kiye Sans.ttf</filename>
			<size>35</size>
		</font>
		<font>
			<name>font30t</name>
			<filename>Kiye Sans.ttf</filename>
			<size>45</size>
		</font>
		<font>
			<name>titleshelf3D</name>
			<filename>The Bold Font.ttf</filename>
			<linespacing>1.05</linespacing>
			<size>48</size>
		</font>
		<font>
			<name>fontmusic</name>
			<filename>Kiye Sans.ttf</filename>
			<style>bold</style>
			<size>36</size>
		</font>
		<font>
			<name>fontmusic2</name>
			<filename>Kiye Sans.ttf</filename>
			<size>36</size>
		</font>
		<font>
			<name>Font_plot2</name>
			<filename>Kiye Sans.ttf</filename>
			<linespacing>.92</linespacing>
			<size>28</size>
		</font>
		<font>
			<name>Font_plot3</name>
			<filename>Kiye Sans.ttf</filename>
			<size>28</size>
			<style>bold</style>
		</font>
		<font>
			<name>Font_plot4</name>
			<filename>Kiye Sans.ttf</filename>
			<linespacing>.90</linespacing>
			<size>28</size>
		</font>
		<font>
			<name>titleartist</name>
			<filename>The Bold Font.ttf</filename>
			<size>22</size>
		</font>
		<font>
			<name>titlesmall</name>
			<filename>The Bold Font.ttf</filename>
			<size>30</size>
		</font>
		<font>
			<name>titletri</name>
			<filename>The Bold Font.ttf</filename>
			<linespacing>0.90</linespacing>
			<size>35</size>
		</font>
		<font>
			<name>titlewall</name>
			<filename>The Bold Font.ttf</filename>
			<size>36</size>
		</font>
		<font>
			<name>titlemus</name>
			<filename>The Bold Font.ttf</filename>
			<size>44</size>
		</font>
		<font>
			<name>titlemus2</name>
			<filename>The Bold Font.ttf</filename>
			<linespacing>0.9</linespacing>
			<size>44</size>
		</font>
		<font>
			<name>titleshelf</name>
			<filename>The Bold Font.ttf</filename>
			<size>48</size>
		</font>
		<font>
			<name>titlelist</name>
			<filename>The Bold Font.ttf</filename>
			<size>70</size>
		</font>
		<font>
			<name>titlelist2</name>
			<filename>The Bold Font.ttf</filename>
			<size>80</size>
		</font>
		<font>
			<name>titlefanart</name>
			<filename>The Bold Font.ttf</filename>
			<size>90</size>
		</font>
		<font>
			<name>titletest</name>
			<filename>The Bold Font.ttf</filename>
			<size>58</size>
		</font>
		<font>
			<name>titlemove</name>
			<filename>The Bold Font.ttf</filename>
			<size>60</size>
		</font>
		<font>
			<name>titlemove2</name>
			<filename>The Bold Font.ttf</filename>
			<linespacing>0.8</linespacing>
			<size>60</size>
		</font>
		<font>
			<name>spiner</name>
			<filename>Mikodacs.ttf</filename>
			<aspect>1.3</aspect>
			<style>uppercase italics</style>
			<size>11</size>
		</font>
		<font>
			<name>spiner2</name>
			<filename>Mikodacs.ttf</filename>
			<aspect>1.3</aspect>
			<style>uppercase italics</style>
			<size>8</size>
		</font>
		<font>
			<name>spiner3</name>
			<filename>Mikodacs.ttf</filename>
			<aspect>1.3</aspect>
			<style>uppercase italics</style>
			<size>12</size>
		</font>
		<font>
			<name>Backplot</name>
			<filename>Kiye Sans.ttf</filename>
			<linespacing>0.8</linespacing>
			<size>9</size>
		</font>
		<font>
			<name>Bluback9</name>
			<filename>hemi head bd it.ttf</filename>
			<linespacing>0.8</linespacing>
			<size>10</size>
		</font>
		<font>
			<name>bcd0</name>
			<filename>lyrics/Theboldfont.ttf</filename>
			<size>18</size>
		</font>
		<font>
			<name>bcd1</name>
			<filename>hemi head bd it.ttf</filename>
			<linespacing>1.04</linespacing>
			<size>17</size>
		</font>
		<font>
			<name>bcd2</name>
			<filename>Lobster_1.3.ttf</filename>
			<linespacing>1.25</linespacing>
			<size>19</size>
		</font>
		<font>
			<name>bcd3</name>
			<filename>Mikodacs.ttf</filename>
			<linespacing>0.88</linespacing>
			<size>18</size>
		</font>
		<font>
			<name>bcd4</name>
			<filename>lyrics/Exo2-Black.ttf</filename>
			<linespacing>0.92</linespacing>
			<size>17</size>
		</font>
		<font>
			<name>bcd5</name>
			<filename>Hammersmith One.ttf</filename>
			<linespacing>0.98</linespacing>
			<size>16</size>
		</font>
		<font>
			<name>bcd6</name>
			<filename>lyrics/PollerOne.ttf</filename>
			<size>16</size>
		</font>
		<font>
			<name>bcd7</name>
			<filename>Chunkfive.ttf</filename>
			<linespacing>1.1</linespacing>
			<size>16</size>
		</font>
		<font>
			<name>bcd8</name>
			<filename>fafers.ttf</filename>
			<linespacing>1.14</linespacing>
			<size>17</size>
		</font>
		<font>
			<name>bcd9</name>
			<filename>lyrics/Fredoka One.ttf</filename>
			<linespacing>0.93</linespacing>
			<size>17</size>
		</font>
		<font>
			<name>Bluback4</name>
			<filename>hemi head bd it.ttf</filename>
			<linespacing>0.8</linespacing>
			<style>bold</style>
			<size>15</size>
		</font>
		<font>
			<name>font13_bold</name>
			<filename>Kiye Sans.ttf</filename>
			<style>bold</style>
			<size>30</size>
		</font>
		
		<font>
			<name>fontArial15</name>
			<filename>Arial.ttf</filename>
			<size>35</size>
		</font>
		<font>
			<name>font10</name>
			<filename>Kiye Sans.ttf</filename>
			<size>21</size>
		</font>
		<font>
			<name>font12</name>
			<filename>Kiye Sans.ttf</filename>
			<size>26</size>
		</font>
		<font>
			<name>font13</name>
			<filename>Kiye Sans.ttf</filename>
			<size>30</size>
		</font>
		<font>
			<name>font14_textbox</name>
			<filename>Kiye Sans.ttf</filename>
			<size>33</size>
			<linespacing>1.27</linespacing>
		</font>
		<font>
			<name>font14_textbox2</name>
			<filename>Kiye Sans.ttf</filename>
			<size>33</size>
			<linespacing>1.1</linespacing>
		</font>
		<font>
			<name>font15_textbox</name>
			<filename>Kiye Sans.ttf</filename>
			<size>35</size>
			<linespacing>1.4</linespacing>
		</font>
		<font>
			<name>font15_textbox2</name>
			<filename>Kiye Sans.ttf</filename>
			<size>35</size>
			<linespacing>1.7</linespacing>
		</font>
		<font>
			<name>font14</name>
			<filename>Kiye Sans.ttf</filename>
			<size>33</size>
		</font>
		<font>
			<name>font15</name>
			<filename>Kiye Sans.ttf</filename>
			<size>35</size>
		</font>
		<font>
			<name>font15_bold</name>
			<filename>Kiye Sans.ttf</filename>
			<style>bold</style>
			<size>35</size>
		</font>
		<font>
			<name>font16</name>
			<filename>Kiye Sans.ttf</filename>
			<size>38</size>
		</font>
		<font>
			<name>font30</name>
			<filename>Kiye Sans.ttf</filename>
			<size>45</size>
		</font>
		<font>
			<name>font48</name>
			<filename>Kiye Sans.ttf</filename>
			<size>48</size>
		</font>
		<font>
			<name>font48_bold</name>
			<filename>Kiye Sans.ttf</filename>
			<style>bold</style>
			<size>48</size>
		</font>
		<!-- LiveTV Fonts -->
		<font>
			<name>font65</name>
			<filename>Kiye Sans.ttf</filename>
			<size>64</size>
		</font>
		<font>
			<name>font24_bold</name>
			<filename>Kiye Sans.ttf</filename>
			<size>23.5</size>
			<style>bold</style>
		</font>
		<font>
			<name>font28_bold</name>
			<filename>Kiye Sans.ttf</filename>
			<size>27.5</size>
			<style>bold</style>
		</font>
		<font>
			<name>font52_bold</name>
			<filename>Kiye Sans.ttf</filename>
			<style>bold</style>
			<size>47.5</size>
		</font>
		<font>
			<name>font11</name>
			<filename>Kiye Sans.ttf</filename>
			<size>24</size>
		</font>
		<font>
			<name>font12b</name>
			<filename>Kiye Sans.ttf</filename>
			<size>28</size>
		</font>
		<font>
			<name>font13b</name>
			<filename>Kiye Sans.ttf</filename>
			<size>32</size>
		</font>
		<!-- Title Fonts -->
		<font>
			<name>font12_title</name>
			<filename>Kiye Sans.ttf</filename>
			<style>uppercase</style>
			<size>26</size>
		</font>
		<font>
			<name>font14_title</name>
			<filename>Kiye Sans.ttf</filename>
			<style>uppercase</style>
			<size>33</size>
		</font>
		<font>
			<name>font15_title</name>
			<filename>Kiye Sans.ttf</filename>
			<style>uppercase</style>
			<size>35</size>
		</font>
		<font>
			<name>font16_title</name>
			<filename>Kiye Sans.ttf</filename>
			<style>uppercase</style>
			<size>38</size>
		</font>
		<font>
			<name>font16_title_bold</name>
			<filename>Kiye Sans.ttf</filename>
			<style>uppercase bold</style>
			<size>38</size>
		</font>
		<font>
			<name>font24_title</name>
			<filename>Kiye Sans.ttf</filename>
			<style>uppercase</style>
			<size>36</size>
		</font>
		<font>
			<name>font30_title</name>
			<filename>Kiye Sans.ttf</filename>
			<style>uppercase</style>
			<size>45</size>
		</font>
		<font>
			<name>font30_title_bold</name>
			<filename>Kiye Sans.ttf</filename>
			<style>uppercase bold</style>
			<size>45</size>
		</font>
		<font>
			<name>font48_title</name>
			<filename>Kiye Sans.ttf</filename>
			<style>uppercase</style>
			<size>48</size>
		</font>
		<font>
			<name>font35_title_bold</name>
			<filename>Kiye Sans.ttf</filename>
			<style>uppercase bold</style>
			<size>52</size>
		</font>
		<font>
			<name>font45caps_title</name>
			<filename>Kiye Sans.ttf</filename>
			<style>uppercase</style>
			<size>68</size>
		</font>
		<font>
			<name>WeatherTemp</name>
			<filename>Kiye Sans.ttf</filename>
			<style>uppercase</style>
			<size>120</size>
		</font>
		<!-- Icons -->
		<font>
			<name>IconTiny</name>
			<filename>webhostinghub-glyphs.ttf</filename>
			<size>26</size>
		</font>
		<font>
			<name>IconSmall</name>
			<filename>webhostinghub-glyphs.ttf</filename>
			<size>30</size>
		</font>
		<font>
			<name>IconMedium</name>
			<filename>webhostinghub-glyphs.ttf</filename>
			<size>36</size>
		</font>
		<font>
			<name>CloseButton</name>
			<filename>webhostinghub-glyphs.ttf</filename>
			<size>20</size>
		</font>
	</fontset>
</fonts>