<?xml version="1.0" encoding="UTF-8"?>
<window>
	<defaultcontrol always="true">50</defaultcontrol>
	<onload condition="String.Contains(Player.Filenameandpath,tajo_melodies)">Stop</onload>
	<onload>SetProperty(Window.HasSettings,True,home)</onload>
	<onload>ClearProperty(MediaMenu,Home)</onload>
	<onunload>ClearProperty(Window.HasSettings,Home)</onunload>
	<views>50,591,593,596,597,598,599</views>
	<menucontrol>9051</menucontrol>
	<controls>
					<control type="fadelabel" id="5874">
					<top>-1000</top>
					<width>1</width>
					<height>1</height>
					<info>ListItem.Art(fanart)</info>
					<info>ListItem.Art(fanart1)</info>
					<info>ListItem.Art(fanart2)</info>
					<info>ListItem.Art(fanart3)</info>
					<info>ListItem.Art(fanart4)</info>
					<info>ListItem.Art(fanart5)</info>
					<info>ListItem.Art(fanart6)</info>
					<info>ListItem.Art(fanart7)</info>
					<info>ListItem.Art(fanart8)</info>
					<info>ListItem.Art(fanart9)</info>
					<info>ListItem.Art(artist.fanart)</info>
					<info>ListItem.Art(artist.fanart1)</info>
					<info>ListItem.Art(artist.fanart2)</info>
					<info>ListItem.Art(artist.fanart3)</info>
					<info>ListItem.Art(artist.fanart4)</info>
					<info>ListItem.Art(artist.fanart5)</info>
					<info>ListItem.Art(artist.fanart6)</info>
					<info>ListItem.Art(artist.fanart7)</info>
					<info>ListItem.Art(artist.fanart8)</info>
					<info>ListItem.Art(artist.fanart9)</info>
					<randomize>false</randomize>
					<pauseatend>6000</pauseatend>
					<scroll>false</scroll>
					<scrollout>false</scrollout>
					<resetonlabelchange>true</resetonlabelchange>
				</control>
		<include>CommonBackground</include>
		<control type="group">
			<include>WindowOpenCloseAnimation</include>
			<include condition="!Skin.HasSetting(Enable.SlimList)">MusicList</include>
			<include condition="Skin.HasSetting(Enable.SlimList)">SlimMusicList</include>
			<!-- view id = 50 -->
			<include>ViewTriple3Dm</include>
			<!-- view id = 591 -->
			<include>ViewFanart3D</include>
			<!-- view id = 593 -->
			<include>ViewList3Dm</include>
			<!-- view id = 596 -->
			<include>ViewWall3Dm</include>
			<!-- view id = 597 -->
			<include>ViewShelf3Dm</include>
			<!-- view id = 598 -->
			<include>ViewMagazine3D</include>
			<!-- view id = 599 -->
		</control>
		<control type="group">
			<visible>Control.IsVisible(55) | Control.IsVisible(54) | Control.IsVisible(52) | Control.IsVisible(500) | Control.IsVisible(57)</visible>
			<visible>!Window.IsActive(addoninformation)</visible>
			<animation effect="slide" tween="cubic" time="720" start="0,806" end="0,0">VisibleChange</animation>
			<animation effect="slide" tween="cubic" time="720" start="0,806" end="0,0">WindowOpen</animation>
			<animation effect="slide" tween="cubic" time="720" end="0,806" start="0,0">WindowClose</animation>
			<top>-30</top>
			<control type="group">
				<visible>Control.IsVisible(500) | Control.IsVisible(55) | Control.IsVisible(57)</visible>
				<animation effect="slide" tween="cubic" time="720" start="0,806" end="0,0">VisibleChange</animation>
				<control type="group">
					<left>90</left>
					<top>1010</top>
					<visible>!Control.IsVisible(55)</visible>
					<control type="label">
						<right>680</right>
						<height>48</height>
						<font>font16_title_bold</font>
						<textcolor>white</textcolor>
						<scroll>true</scroll>
						<label>$INFO[ListItem.Label]</label>
						<textoffsetx>30</textoffsetx>
					</control>
					<control type="label">
						<right>680</right>
						<top>45</top>
						<height>30</height>
						<font>font13_title</font>
						<textcolor>white</textcolor>
						<label>$VAR[FloorLabel2Var]</label>
						<textoffsetx>30</textoffsetx>
					</control>
				</control>
				<control type="grouplist">
					<right>80</right>
					<top>1000</top>
					<width>594</width>
					<height>90</height>
					<align>right</align>
					<orientation>horizontal</orientation>
					<visible>Container.Content(albums) | Container.Content(songs)</visible>
					<control type="image">
						<width>198</width>
						<include>MediaFlagVars</include>
						<texture>$INFO[ListItem.FileExtension,flags/audio/,.png]</texture>
					</control>
					<control type="image">
						<width>198</width>
						<include>MediaFlagVars</include>
						<texture>$INFO[ListItem.UserRating,flags/rating/,.png]</texture>
						<visible>!String.IsEmpty(ListItem.UserRating)</visible>
					</control>
					<control type="image">
						<width>198</width>
						<include>MediaFlagVars</include>
						<texture fallback="rating0.png">$INFO[ListItem.Rating,rating,.png]</texture>
						<visible>String.IsEmpty(ListItem.UserRating)</visible>
					</control>
					<control type="label">
						<width>198</width>
						<height>90</height>
						<align>center</align>
						<label fallback="• • • •">$INFO[ListItem.Year]</label>
						<font>font35_title_bold</font>
						<textcolor>white</textcolor>
						<wrapmultiline>true</wrapmultiline>
					<visible>!Control.IsVisible(55)</visible>
					</control>
				</control>
			</control>
			<control type="image">
				<top>970</top>
				<width>100%</width>
				<height>140</height>
				<texture border="1">gradient_floor.png</texture>
			</control>
		</control>
		<control type="group">
			<left>-440</left>
			<include>SideBladeLeft</include>
			<control type="grouplist" id="9050">
				<include>MediaMenuTop</include>
				<control type="button" id="201">
					<description>View options</description>
					<textwidth>352</textwidth>
					<font>font13_title</font>
					<include>ButtonCommonValues</include>
					<label>31026</label>
					<enable>no</enable>
					<disabledcolor>themecolor</disabledcolor>
				</control>
				<control type="button" id="8">
					<description>Search</description>
					<include>ButtonCommonValues</include>
					<label>137</label>
				</control>
				<control type="edit" id="19">
					<visible>Container.CanFilter + !Container.CanFilterAdvanced</visible>
					<description>Filter</description>
					<textwidth>345</textwidth>
					<include>ButtonCommonValues</include>
					<label>587</label>
				</control>
				<control type="radiobutton" id="98">
					<visible>Container.CanFilterAdvanced</visible>
					<description>Filter</description>
					<include>ButtonCommonValues</include>
					<label>587</label>
					<selected>Container.Filtered</selected>
					<onclick>right</onclick>
					<onclick>Filter</onclick>
				</control>
				<control type="radiobutton" id="16">
					<description>PartyMode</description>
					<label>589</label>
					<include>ButtonCommonValues</include>
				</control>
				<control type="button" id="203">
					<description>Actions</description>
					<textwidth>352</textwidth>
					<font>font13_title</font>
					<include>ButtonCommonValues</include>
					<label>31039</label>
					<enable>no</enable>
					<disabledcolor>themecolor</disabledcolor>
				</control>
				<control type="togglebutton" id="20">
					<description>Update library</description>
					<include>ButtonCommonValues</include>
					<label>653</label>
					<altlabel>13353</altlabel>
					<usealttexture>library.isscanningmusic</usealttexture>
				</control>
				<control type="button" id="613">
					<description>Get more</description>
					<include>ButtonCommonValues</include>
					<label>$LOCALIZE[21452]</label>
					<onclick>ActivateWindow(addonbrowser,addons://more/audio/,return)</onclick>
					<visible>Container.Content(addons)</visible>
				</control>
				<control type="button" id="614">
					<description>Add-on settings</description>
					<include>ButtonCommonValues</include>
					<label>$LOCALIZE[10140]</label>
					<onclick>Addon.OpenSettings($INFO[Container.PluginName])</onclick>
					<visible>!String.IsEmpty(Container.PluginName)</visible>
				</control>
				<control type="button" id="615">
					<description>Settings button</description>
					<include>ButtonCommonValues</include>
					<label>$LOCALIZE[5]</label>
					<onclick>ActivateWindow(mediasettings,music)</onclick>
					<visible>Container.Content(albums) | Container.Content(artists) | Container.Content(songs)</visible>
				</control>
				<control type="button" id="612">
					<description>Go to playlist</description>
					<include>ButtonCommonValues</include>
					<label>13350</label>
					<onclick>ActivateWindow(musicplaylist)</onclick>
					<visible>!String.IsEqual(Playlist.Length(music),0)</visible>
				</control>
				<control type="button" id="616">
					<description>Go to playercontrols</description>
					<include>ButtonCommonValues</include>
					<label>$LOCALIZE[31177]</label>
					<onclick condition="Player.HasAudio">ClearProperty(MediaMenu,Home)</onclick>
					<onclick condition="Player.HasAudio">SetFocus(50)</onclick>
					<onclick condition="Player.HasAudio">ActivateWindow(playercontrols)</onclick>
					<onclick condition="Player.HasVideo">Fullscreen</onclick>
					<onclick condition="Player.HasVideo">ActivateWindow(videoosd)</onclick>
					<onclick>ClearProperty(MediaMenu,Home)</onclick>
					<visible>Player.HasMedia</visible>
				</control>
			</control>
		</control>
	</controls>
</window>