<?xml version="1.0" encoding="UTF-8"?>
<window>
	<defaultcontrol always="true">50</defaultcontrol>
	<onload>SetProperty(Window.HasSettings,True,home)</onload>
	<onload>ClearProperty(MediaMenu,Home)</onload>
	<onunload>ClearProperty(Window.HasSettings,Home)</onunload>
	<onunload>ClearProperty(Progams.Games,Home)</onunload>
	<views>50,500</views>
	<menucontrol>9051</menucontrol>
	<controls>
		<include>CommonBackground</include>
						<control type="image">
					<left>-30</left>
					<top>-30</top>
					<width>2040</width>
					<height>1277</height>
					<texture background="true">black.png</texture>
					<animation effect="fade" end="85" condition="true">Conditional</animation>
				</control>
		<control type="group">
			<include>WindowOpenCloseAnimation</include>
			<include condition="!Skin.HasSetting(Enable.SlimList)">AddonList</include>
			<include condition="Skin.HasSetting(Enable.SlimList)">SlimList</include>
			<!-- view id = 50 -->
			<include>AddonWall</include>
			<!-- view id = 500 -->
		</control>
		<control type="group">
			<visible>Control.IsVisible(54) | Control.IsVisible(500) | Control.IsVisible(57)</visible>
			<visible>!Window.IsActive(addoninformation)</visible>
			<animation effect="slide" tween="cubic" time="720" start="0,806" end="0,0">VisibleChange</animation>
			<animation effect="slide" tween="cubic" time="720" start="0,806" end="0,0">WindowOpen</animation>
			<animation effect="slide" tween="cubic" time="720" end="0,806" start="0,0">WindowClose</animation>
			<top>-30</top>
			<control type="group">
				<visible>Control.IsVisible(500) | Control.IsVisible(57)</visible>
				<animation effect="slide" tween="cubic" time="720" start="0,806" end="0,0">VisibleChange</animation>
				<control type="group">
					<visible>Control.IsVisible(500) | Control.IsVisible(57)</visible>
					<animation effect="slide" tween="cubic" time="720" start="0,806" end="0,0">VisibleChange</animation>
					<control type="group">
						<left>90</left>
						<top>1010</top>
						<control type="label">
							<width>1150</width>
							<height>48</height>
							<font>font16_title_bold</font>
							<textcolor>white</textcolor>
							<scroll>true</scroll>
							<label>$INFO[ListItem.Label]</label>
							<textoffsetx>30</textoffsetx>
						</control>
						<control type="label">
							<top>45</top>
							<width>1500</width>
							<height>30</height>
							<font>font13_title</font>
							<textcolor>white</textcolor>
							<label>$INFO[ListItem.AddonSummary]</label>
							<textoffsetx>30</textoffsetx>
						</control>
					</control>
					<control type="label">
						<right>120</right>
						<top>1000</top>
						<width>198</width>
						<height>90</height>
						<align>right</align>
						<label>$INFO[ListItem.AddonVersion]</label>
						<font>font35_title_bold</font>
						<textcolor>white</textcolor>
						<wrapmultiline>true</wrapmultiline>
					</control>
				</control>
			</control>
			<control type="image">
				<top>970</top>
				<width>100%</width>
				<height>140</height>
				<texture border="1">gradient_floor.png</texture>
			</control>
		</control>
		
		
		<control type="group">
			<left>-440</left>
			<include>SideBladeLeft</include>
			<control type="grouplist" id="9050">
				<include>MediaMenuTop</include>
				<control type="edit" id="19">
					<visible>Container.CanFilter + !Container.CanFilterAdvanced</visible>
					<description>Filter</description>
					<textwidth>345</textwidth>
					<include>ButtonCommonValues</include>
					<label>587</label>
				</control>
				<control type="radiobutton" id="20">
					<visible>Container.CanFilterAdvanced</visible>
					<description>Filter</description>
					<include>ButtonCommonValues</include>
					<label>587</label>
					<onclick>right</onclick>
					<onclick>Filter</onclick>
				</control>
				<control type="button" id="203">
					<description>Actions</description>
					<textwidth>352</textwidth>
					<font>font13_title</font>
					<include>ButtonCommonValues</include>
					<label>31039</label>
					<enable>no</enable>
					<disabledcolor>themecolor</disabledcolor>
				</control>
				<control type="button" id="613">
					<description>Get more</description>
					<include>ButtonCommonValues</include>
					<label>$LOCALIZE[21452]</label>
					<onclick>ActivateWindow(addonbrowser,addons://more/executable/,return)</onclick>
					<visible>Container.Content(addons)</visible>
				</control>
				<control type="button" id="614">
					<description>Add-on settings</description>
					<include>ButtonCommonValues</include>
					<label>$LOCALIZE[10140]</label>
					<onclick>Addon.OpenSettings($INFO[Container.PluginName])</onclick>
					<visible>!String.IsEmpty(Container.PluginName)</visible>
				</control>
				<control type="button" id="616">
					<description>Go to playercontrols</description>
					<include>ButtonCommonValues</include>
					<label>$LOCALIZE[31177]</label>
					<onclick condition="Player.HasAudio">ClearProperty(MediaMenu,Home)</onclick>
					<onclick condition="Player.HasAudio">SetFocus(50)</onclick>
					<onclick condition="Player.HasAudio">ActivateWindow(playercontrols)</onclick>
					<onclick condition="Player.HasVideo">Fullscreen</onclick>
					<onclick condition="Player.HasVideo">ActivateWindow(videoosd)</onclick>
					<onclick>ClearProperty(MediaMenu,Home)</onclick>
					<visible>Player.HasMedia</visible>
				</control>
			</control>
		</control>
	</controls>
</window>