<?xml version="1.0" encoding="UTF-8"?>
<window>
	<onload>SetProperty(Window.HasSettings,True,home)</onload>
	<onload>ClearProperty(MediaMenu,Home)</onload>
	<onunload>ClearProperty(Window.HasSettings,Home)</onunload>
	
	<controls>
		<include>CommonBackground</include>
						<control type="image">
					<left>-30</left>
					<top>-30</top>
					<width>2040</width>
					<height>1277</height>
					<texture background="true">black.png</texture>
					<animation effect="fade" end="85" condition="true">Conditional</animation>
				</control>
		<control type="group">
			<top>128</top>
			<include>WindowOpenCloseAnimation</include>
			<control type="list" id="9000">
				<left>82</left>
				<top>32</top>
				<width>356</width>
				<height>720</height>
				<onleft>61</onleft>
				<onright condition="Container(9000).HasFocus(1)">200</onright>
				<onright condition="Container(9000).HasFocus(2)">201</onright>
				<onright condition="Container(9000).HasFocus(3)">202</onright>
				<onright condition="Container(9000).HasFocus(4)">203</onright>
				<onright condition="Container(9000).HasFocus(5)">204</onright>
				<onright condition="Container(9000).HasFocus(6)">205</onright>
				<onright condition="Container(9000).HasFocus(7)">206</onright>
				<onright condition="Container(9000).HasFocus(8)">207</onright>
				<onright condition="Container(9000).HasFocus(9)">208</onright>
				<onright condition="Container(9000).HasFocus(10)">209</onright>
				<onright condition="Container(9000).HasFocus(11)">210</onright>
				<onright condition="Container(9000).HasFocus(12)">211</onright>
				<onright condition="Container(9000).HasFocus(13)">212</onright>
				<onright condition="Container(9000).HasFocus(14)">213</onright>
				<onright condition="Container(9000).HasFocus(15)">214</onright>
				<onright condition="Container(9000).HasFocus(16)">215</onright>
				<onup>9000</onup>
				<ondown>9000</ondown>
				<pagecontrol>61</pagecontrol>
				<scrolltime tween="quadratic">300</scrolltime>
				<itemlayout height="90" width="356">
					<control type="group">
						<visible>!String.IsEqual(System.Date(ddd),ListItem.Property(day))</visible>
						<control type="label">
							<width>356</width>
							<height>90</height>
							<font>font15_bold</font>
							<textoffsetx>20</textoffsetx>
							<textcolor>grey2</textcolor>
							<selectedcolor>selected</selectedcolor>
							<label>$INFO[ListItem.Label]</label>
						</control>
						<control type="label">
							<width>356</width>
							<height>90</height>
							<font>font15</font>
							<textoffsetx>20</textoffsetx>
							<textcolor>grey2</textcolor>
							<selectedcolor>selected</selectedcolor>
							<align>right</align>
							<label>$INFO[ListItem.Label2]</label>
						</control>
					</control>
					<control type="group">
						<visible>String.IsEqual(System.Date(ddd),ListItem.Property(day))</visible>
						<control type="label">
							<width>356</width>
							<height>90</height>
							<font>font15_bold</font>
							<textoffsetx>20</textoffsetx>
							<textcolor>selected</textcolor>
							<selectedcolor>selected</selectedcolor>
							<label>$INFO[ListItem.Label]</label>
						</control>
						<control type="label">
							<width>356</width>
							<height>90</height>
							<font>font15</font>
							<textoffsetx>20</textoffsetx>
							<textcolor>selected</textcolor>
							<selectedcolor>selected</selectedcolor>
							<align>right</align>
							<label>$INFO[ListItem.Label2]</label>
						</control>
					</control>
				</itemlayout>
				<focusedlayout height="90" width="356">
					<control type="image">
						<width>356</width>
						<height>90</height>
						<texture border="4">listselect_fo.png</texture>
						<visible>Control.HasFocus(9000)</visible>
						<include>VisibleFadeAnimation</include>
					</control>
					<control type="group">
						<control type="label">
							<width>356</width>
							<height>90</height>
							<font>font15_bold</font>
							<textoffsetx>20</textoffsetx>
							<selectedcolor>selected</selectedcolor>
							<label>$INFO[ListItem.Label]</label>
						</control>
						<control type="label">
							<width>356</width>
							<height>90</height>
							<font>font15</font>
							<textoffsetx>20</textoffsetx>
							<selectedcolor>selected</selectedcolor>
							<align>right</align>
							<label>$INFO[ListItem.Label2]</label>
						</control>
					</control>
				</focusedlayout>
				<content>
					<item id="1">
						<label>$INFO[Window(home).Property(NextAired.200.Wday)]$INFO[Container(200).NumItems, (,)]</label>
						<label2>$INFO[Window(Home).Property(NextAired.200.Date)]</label2>
						<onclick>noop</onclick>
						<icon />
						<visible>!String.IsEmpty(Window(home).Property(NextAired.200.Wday))</visible>
					</item>
					<item id="2">
						<label>[COLOR selected]$INFO[Window(home).Property(NextAired.201.Wday)]$INFO[Container(201).NumItems, (,)][/COLOR]</label>
						<label2>[COLOR selected]$INFO[Window(Home).Property(NextAired.201.Date)][/COLOR]</label2>
						<onclick>noop</onclick>
						<icon />
					</item>
					<item id="3">
						<label>$INFO[Window(home).Property(NextAired.202.Wday)]$INFO[Container(202).NumItems, (,)]</label>
						<label2>$INFO[Window(Home).Property(NextAired.202.Date)]</label2>
						<onclick>noop</onclick>
						<icon />
					</item>
					<item id="4">
						<label>$INFO[Window(home).Property(NextAired.203.Wday)]$INFO[Container(203).NumItems, (,)]</label>
						<label2>$INFO[Window(Home).Property(NextAired.203.Date)]</label2>
						<onclick>noop</onclick>
						<icon />
					</item>
					<item id="5">
						<label>$INFO[Window(home).Property(NextAired.204.Wday)]$INFO[Container(204).NumItems, (,)]</label>
						<label2>$INFO[Window(Home).Property(NextAired.204.Date)]</label2>
						<onclick>noop</onclick>
						<icon />
					</item>
					<item id="6">
						<label>$INFO[Window(home).Property(NextAired.205.Wday)]$INFO[Container(205).NumItems, (,)]</label>
						<label2>$INFO[Window(Home).Property(NextAired.205.Date)]</label2>
						<onclick>noop</onclick>
						<icon />
					</item>
					<item id="7">
						<label>$INFO[Window(home).Property(NextAired.206.Wday)]$INFO[Container(206).NumItems, (,)]</label>
						<label2>$INFO[Window(Home).Property(NextAired.206.Date)]</label2>
						<onclick>noop</onclick>
						<icon />
					</item>
					<item id="8">
						<label>$INFO[Window(home).Property(NextAired.207.Wday)]$INFO[Container(207).NumItems, (,)]</label>
						<label2>$INFO[Window(Home).Property(NextAired.207.Date)]</label2>
						<onclick>noop</onclick>
						<icon />
					</item>
					<item id="9">
						<label>$INFO[Window(home).Property(NextAired.208.Wday)]$INFO[Container(208).NumItems, (,)]</label>
						<label2>$INFO[Window(Home).Property(NextAired.208.Date)]</label2>
						<onclick>noop</onclick>
						<icon />
					</item>
					<item id="10">
						<label>$INFO[Window(home).Property(NextAired.209.Wday)]$INFO[Container(209).NumItems, (,)]</label>
						<label2>$INFO[Window(Home).Property(NextAired.209.Date)]</label2>
						<onclick>noop</onclick>
						<icon />
					</item>
					<item id="11">
						<label>$INFO[Window(home).Property(NextAired.210.Wday)]$INFO[Container(210).NumItems, (,)]</label>
						<label2>$INFO[Window(Home).Property(NextAired.210.Date)]</label2>
						<onclick>noop</onclick>
						<icon />
					</item>
					<item id="12">
						<label>$INFO[Window(home).Property(NextAired.211.Wday)]$INFO[Container(211).NumItems, (,)]</label>
						<label2>$INFO[Window(Home).Property(NextAired.211.Date)]</label2>
						<onclick>noop</onclick>
						<icon />
					</item>
					<item id="13">
						<label>$INFO[Window(home).Property(NextAired.212.Wday)]$INFO[Container(212).NumItems, (,)]</label>
						<label2>$INFO[Window(Home).Property(NextAired.212.Date)]</label2>
						<onclick>noop</onclick>
						<icon />
					</item>
					<item id="14">
						<label>$INFO[Window(home).Property(NextAired.213.Wday)]$INFO[Container(213).NumItems, (,)]</label>
						<label2>$INFO[Window(Home).Property(NextAired.213.Date)]</label2>
						<onclick>noop</onclick>
						<icon />
					</item>
					<item id="15">
						<label>$INFO[Window(home).Property(NextAired.214.Wday)]$INFO[Container(214).NumItems, (,)]</label>
						<label2>$INFO[Window(Home).Property(NextAired.214.Date)]</label2>
						<onclick>noop</onclick>
						<icon />
					</item>
					<item id="16">
						<label>$INFO[Window(home).Property(NextAired.215.Wday)]$INFO[Container(215).NumItems, (,)]</label>
						<label2>$INFO[Window(Home).Property(NextAired.215.Date)]</label2>
						<onclick>noop</onclick>
						<icon />
					</item>
				</content>
			</control>
			<control type="scrollbar" id="61">
				<left>65</left>
				<top>32</top>
				<width>14</width>
				<height>720</height>
				<onleft>SetProperty(MediaMenu,True,home)</onleft>
				<onleft>8</onleft>
				<onright>9000</onright>
				<ondown>61</ondown>
				<onup>61</onup>
				<showonepage>false</showonepage>
				<texturesliderbackground />
				<texturesliderbar colordiffuse="55ffffff" border="1">scrollbar/texturesliderbar2.png</texturesliderbar>
				<texturesliderbarfocus border="1">scrollbar/texturesliderbar2.png</texturesliderbarfocus>
			</control>
			<control type="image">
				<description>LOGO</description>
				<left>82</left>
				<top>752</top>
				<width>356</width>
				<height>120</height>
				<aspectratio>keep</aspectratio>
				<texture>aeon-tajo.png</texture>
			</control>
			<control type="group" id="9001">
				<control type="scrollbar" id="60">
					<left>522</left>
					<top>18</top>
					<width>1316</width>
					<height>12</height>
					<onup>9001</onup>
					<ondown condition="Container(9000).HasFocus(1)">200</ondown>
					<ondown condition="Container(9000).HasFocus(2)">201</ondown>
					<ondown condition="Container(9000).HasFocus(3)">202</ondown>
					<ondown condition="Container(9000).HasFocus(4)">203</ondown>
					<ondown condition="Container(9000).HasFocus(5)">204</ondown>
					<ondown condition="Container(9000).HasFocus(6)">205</ondown>
					<ondown condition="Container(9000).HasFocus(7)">206</ondown>
					<ondown condition="Container(9000).HasFocus(8)">207</ondown>
					<ondown condition="Container(9000).HasFocus(9)">208</ondown>
					<ondown condition="Container(9000).HasFocus(10)">209</ondown>
					<ondown condition="Container(9000).HasFocus(11)">210</ondown>
					<ondown condition="Container(9000).HasFocus(12)">211</ondown>
					<ondown condition="Container(9000).HasFocus(13)">212</ondown>
					<ondown condition="Container(9000).HasFocus(14)">213</ondown>
					<ondown condition="Container(9000).HasFocus(15)">214</ondown>
					<ondown condition="Container(9000).HasFocus(16)">215</ondown>
					<onleft>9000</onleft>
					<texturesliderbackground />
					<texturesliderbar border="6,0,6,0">scrollbar/texturesliderbar_hor.png</texturesliderbar>
					<texturesliderbarfocus border="6,0,6,0">scrollbar/texturesliderbarfocus_hor.png</texturesliderbarfocus>
					<textureslidernib />
					<textureslidernibfocus />
					<showonepage>false</showonepage>
					<orientation>horizontal</orientation>
					<animation effect="fade" start="100" end="0" time="500" delay="500" condition="!Control.HasFocus(60) + !Container.Scrolling">Conditional</animation>
				</control>
				<control type="panel" id="200">
					<visible allowhiddenfocus="true">[Control.HasFocus(9000) + Container(9000).HasFocus(1)] | Control.HasFocus(200) | [Container(9000).HasFocus(1) + Control.HasFocus(60)]</visible>
					<include>SettingsFadeAnimation</include>
					<onright>200</onright>
					<include>TVNextAiredListCommonLayout</include>
				</control>
				<control type="panel" id="201">
					<visible allowhiddenfocus="true">[Control.HasFocus(9000) + Container(9000).HasFocus(2)] | Control.HasFocus(201) | [Container(9000).HasFocus(2) + Control.HasFocus(60)]</visible>
					<include>SettingsFadeAnimation</include>
					<onright>201</onright>
					<include>TVNextAiredListCommonLayout</include>
				</control>
				<control type="panel" id="202">
					<visible allowhiddenfocus="true">[Control.HasFocus(9000) + Container(9000).HasFocus(3)] | Control.HasFocus(202) | [Container(9000).HasFocus(3) + Control.HasFocus(60)]</visible>
					<include>SettingsFadeAnimation</include>
					<onright>202</onright>
					<include>TVNextAiredListCommonLayout</include>
				</control>
				<control type="panel" id="203">
					<visible allowhiddenfocus="true">[Control.HasFocus(9000) + Container(9000).HasFocus(4)] | Control.HasFocus(203) | [Container(9000).HasFocus(4) + Control.HasFocus(60)]</visible>
					<include>SettingsFadeAnimation</include>
					<onright>203</onright>
					<include>TVNextAiredListCommonLayout</include>
				</control>
				<control type="panel" id="204">
					<visible allowhiddenfocus="true">[Control.HasFocus(9000) + Container(9000).HasFocus(5)] | Control.HasFocus(204) | [Container(9000).HasFocus(5) + Control.HasFocus(60)]</visible>
					<include>SettingsFadeAnimation</include>
					<onright>204</onright>
					<include>TVNextAiredListCommonLayout</include>
				</control>
				<control type="panel" id="205">
					<visible allowhiddenfocus="true">[Control.HasFocus(9000) + Container(9000).HasFocus(6)] | Control.HasFocus(205) | [Container(9000).HasFocus(6) + Control.HasFocus(60)]</visible>
					<include>SettingsFadeAnimation</include>
					<onright>205</onright>
					<include>TVNextAiredListCommonLayout</include>
				</control>
				<control type="panel" id="206">
					<visible allowhiddenfocus="true">[Control.HasFocus(9000) + Container(9000).HasFocus(7)] | Control.HasFocus(206) | [Container(9000).HasFocus(7) + Control.HasFocus(60)]</visible>
					<include>SettingsFadeAnimation</include>
					<onright>206</onright>
					<include>TVNextAiredListCommonLayout</include>
				</control>
				<control type="panel" id="207">
					<visible allowhiddenfocus="true">[Control.HasFocus(9000) + Container(9000).HasFocus(8)] | Control.HasFocus(207) | [Container(9000).HasFocus(8) + Control.HasFocus(60)]</visible>
					<include>SettingsFadeAnimation</include>
					<onright>207</onright>
					<include>TVNextAiredListCommonLayout</include>
				</control>
				<control type="panel" id="208">
					<visible allowhiddenfocus="true">[Control.HasFocus(9000) + Container(9000).HasFocus(9)] | Control.HasFocus(208) | [Container(9000).HasFocus(9) + Control.HasFocus(60)]</visible>
					<include>SettingsFadeAnimation</include>
					<onright>208</onright>
					<include>TVNextAiredListCommonLayout</include>
				</control>
				<control type="panel" id="209">
					<visible allowhiddenfocus="true">[Control.HasFocus(9000) + Container(9000).HasFocus(10)] | Control.HasFocus(209) | [Container(9000).HasFocus(10) + Control.HasFocus(60)]</visible>
					<include>SettingsFadeAnimation</include>
					<onright>209</onright>
					<include>TVNextAiredListCommonLayout</include>
				</control>
				<control type="panel" id="210">
					<visible allowhiddenfocus="true">[Control.HasFocus(9000) + Container(9000).HasFocus(11)] | Control.HasFocus(210) | [Container(9000).HasFocus(11) + Control.HasFocus(60)]</visible>
					<include>SettingsFadeAnimation</include>
					<onright>210</onright>
					<include>TVNextAiredListCommonLayout</include>
				</control>
				<control type="panel" id="211">
					<visible allowhiddenfocus="true">[Control.HasFocus(9000) + Container(9000).HasFocus(12)] | Control.HasFocus(211) | [Container(9000).HasFocus(12) + Control.HasFocus(60)]</visible>
					<include>SettingsFadeAnimation</include>
					<onright>211</onright>
					<include>TVNextAiredListCommonLayout</include>
				</control>
				<control type="panel" id="212">
					<visible allowhiddenfocus="true">[Control.HasFocus(9000) + Container(9000).HasFocus(13)] | Control.HasFocus(212) | [Container(9000).HasFocus(13) + Control.HasFocus(60)]</visible>
					<include>SettingsFadeAnimation</include>
					<onright>212</onright>
					<include>TVNextAiredListCommonLayout</include>
				</control>
				<control type="panel" id="213">
					<visible allowhiddenfocus="true">[Control.HasFocus(9000) + Container(9000).HasFocus(14)] | Control.HasFocus(213) | [Container(9000).HasFocus(14) + Control.HasFocus(60)]</visible>
					<include>SettingsFadeAnimation</include>
					<onright>213</onright>
					<include>TVNextAiredListCommonLayout</include>
				</control>
				<control type="panel" id="214">
					<visible allowhiddenfocus="true">[Control.HasFocus(9000) + Container(9000).HasFocus(15)] | Control.HasFocus(214) | [Container(9000).HasFocus(15) + Control.HasFocus(60)]</visible>
					<include>SettingsFadeAnimation</include>
					<onright>214</onright>
					<include>TVNextAiredListCommonLayout</include>
				</control>
				<control type="panel" id="215">
					<visible allowhiddenfocus="true">[Control.HasFocus(9000) + Container(9000).HasFocus(16)] | Control.HasFocus(215) | [Container(9000).HasFocus(16) + Control.HasFocus(60)]</visible>
					<include>SettingsFadeAnimation</include>
					<onright>215</onright>
					<include>TVNextAiredListCommonLayout</include>
				</control>
			</control>
		</control>
		
		<control type="group">
			<left>-440</left>
			<animation effect="slide" start="440,0" end="0,0" time="400" tween="quadratic" easing="out" condition="String.IsEmpty(Window(home).Property(MediaMenu))">Conditional</animation>
			<control type="button" id="8999">
				<description>Close Window button</description>
				<left>350</left>
				<width>64</width>
				<height>48</height>
				<label></label>
				<font>CloseButton</font>
				<textcolor>grey</textcolor>
				<focusedcolor>themecolor</focusedcolor>
				<onclick>ClearProperty(MediaMenu,Home)</onclick>
				<onclick>SetFocus(50)</onclick>
				<texturefocus />
				<texturenofocus />
				<align>center</align>
				<visible>system.getbool(input.enablemouse)</visible>
			</control>
			<control type="image">
				<description>LOGO</description>
				<width>400</width>
				<height>120</height>
				<aspectratio>keep</aspectratio>
				<texture>aeon-tajo.png</texture>
			</control>
			<control type="grouplist" id="9050">
				<top>100</top>
				<width>400</width>
				<height>1080</height>
				<control type="label" id="20001">
					<width>400</width>
					<height>52</height>
					<textoffsetx>15</textoffsetx>
					<font>font13_title</font>
					<label>$INFO[System.AddonTitle(script.tv.show.next.aired)]</label>
					<textcolor>themecolor</textcolor>
				</control>
				<control type="button" id="8">
					<description>Settings</description>
					<textwidth>352</textwidth>
					<onright>ClearProperty(MediaMenu,Home)</onright>
					<onup>8</onup>
					<ondown>8</ondown>
					<onback>ClearProperty(MediaMenu,Home)</onback>
					<onback>2000</onback>
					<include>ButtonCommonValues</include>
					<label>5</label>
					<onright>9000</onright>
				</control>
			</control>
		</control>
	</controls>
</window>