<?xml version="1.0" encoding="UTF-8"?>
<window>
	<controls>
		<control type="group">
		<visible>!Skin.HasSetting(noLyrics)</visible>
		<control type="group">
			<control type="list" id="110">
				<left>45</left>
				<top>45</top>
				<width>1830</width>
				<height>450</height>
				<onleft>111</onleft>
				<onright>111</onright>
				<onup>110</onup>
				<ondown>110</ondown>
				<pagecontrol>101</pagecontrol>
				<scrolltime tween="quadratic" easing="out">200</scrolltime>
				<itemlayout height="50">
					<control type="label">
						<width>1830</width>
						<height>50</height>
						<font>font15t</font>
						<textcolor>01ffffff</textcolor>
						<align>center</align>
						<selectedcolor>selected</selectedcolor>
						<info>ListItem.Label</info>
					</control>
				</itemlayout>
				<focusedlayout height="50">
					<control type="label">
						<width>1830</width>
						<height>50</height>
						<font>font15t</font>
						<align>center</align>
						<textcolor>01ffffff</textcolor>
						<label fallback="--">$INFO[ListItem.Label]</label>
					</control>
				</focusedlayout>
			</control>
			<control type="label">
				<description>Scraper label</description>
				<left>870</left>
				<top>1020</top>
				<width>825</width>
				<height>45</height>
				<label>$LOCALIZE[31205] - $INFO[Control.GetLabel(200)]</label>
				<font>font12_title</font>
				<align>right</align>
				<textcolor>grey2</textcolor>
				<visible>false</visible>
			</control>
			<control type="label" id="200">
				<description>Scraper label</description>
				<visible>false</visible>
			</control>
		</control>
		<control type="group">
		      <top>-20</top>
				<visible>!String.IsEmpty(Container(110).ListItem.Label) + !Skin.HasSetting(Classic.lyrics)</visible>
				<control type="group">
					<visible>[!String.IsEmpty(Window(Home).Property(culrc.islrc)) + Integer.IsGreater(Container(110).ListItem.Property(duration),299) + !Integer.IsGreater(Container(110).ListItem.Property(duration),1449)] | String.IsEmpty(Container(110).ListItem.Property(part4))</visible>
					<!--Short LINE 1-->
					<control type="grouplist">
						<left>0</left>
					      <top>199</top>
					      <width>1920</width>
					      <height>100</height>
					      <itemgap>10</itemgap>
					      <scrolltime>0</scrolltime>
					      <orientation>horizontal</orientation>
					      <visible>true</visible>
					      <align>center</align>
					<include content="Line1">
					</include>
					</control>
					<control type="grouplist">
						<left>1</left>
					      <top>200</top>
					      <width>1920</width>
					      <height>100</height>
					      <itemgap>10</itemgap>
					      <scrolltime>0</scrolltime>
					      <orientation>horizontal</orientation>
					      <visible>true</visible>
					      <align>center</align>
					<include content="Line1">
					<param name="col11">$VAR[Col_lyr1]</param>
					<param name="col12">$VAR[Col_lyr2]</param>
					<param name="col13">$VAR[Col_lyr3]</param>
					</include>
					</control>
					<include content="Line1b">
						<param name="1b_left">509</param>
						<param name="1b_top">223</param>
					</include>
					<include content="Line1b">
						<param name="col14">$VAR[Col_lyr4]</param>
					</include>
					<!--Short LINE 2-->
					<include content="Line2">
					</include>
					<include content="Line2">
						<param name="col21">$VAR[Col_lyr1]</param>
						<param name="col22">$VAR[Col_lyr2]</param>
						<param name="col23">$VAR[Col_lyr3]</param>
						<param name="col24">$VAR[Col_lyr4]</param>
						<param name="2_left">11</param>
						<param name="2_top">-19</param>
					</include>
					<!--Short LINE 3-->
					<control type="grouplist">
						<left>0</left>
					      <top>199</top>
					      <width>1920</width>
					      <height>120</height>
					      <itemgap>3</itemgap>
					      <scrolltime>0</scrolltime>
					      <orientation>horizontal</orientation>
					      <visible>true</visible>
					      <align>center</align>
					<include content="Line3">
					</include>
					</control>
					<control type="grouplist">
						<left>1</left>
					      <top>200</top>
					      <width>1920</width>
					      <height>120</height>
					      <itemgap>3</itemgap>
					      <scrolltime>0</scrolltime>
					      <orientation>horizontal</orientation>
					      <visible>true</visible>
					      <align>center</align>
					<include content="Line3">
					<param name="col31">$VAR[Col_lyr1]</param>
					<param name="col32">$VAR[Col_lyr2]</param>
					<param name="col33">$VAR[Col_lyr3]</param>
					</include>
					</control>
					<include content="Line3b">
						<param name="3b_left">509</param>
						<param name="3b_top">229</param>
					</include>
					<include content="Line3b">
						<param name="col34">$VAR[Col_lyr4]</param>
					</include>
					<!--Short LINE 4-->
					<include content="Line4">
					</include>
					<include content="Line4">
						<param name="col41">$VAR[Col_lyr1]</param>
						<param name="col42">$VAR[Col_lyr2]</param>
						<param name="col43">$VAR[Col_lyr3]</param>
						<param name="col44">$VAR[Col_lyr4]</param>
						<param name="4_left">1</param>
						<param name="4_top">251</param>
					</include>
					<!--Short LINE 5-->
					<control type="grouplist">
						<left>0</left>
					      <top>99</top>
					      <width>1920</width>
					      <height>350</height>
					      <itemgap>10</itemgap>
					      <scrolltime>0</scrolltime>
					      <orientation>horizontal</orientation>
					      <visible>true</visible>
					      <align>center</align>
					<include content="Line5">
					</include>
					</control>
					<control type="grouplist">
						<left>1</left>
					      <top>100</top>
					      <width>1920</width>
					      <height>350</height>
					      <itemgap>10</itemgap>
					      <scrolltime>0</scrolltime>
					      <orientation>horizontal</orientation>
					      <visible>true</visible>
					      <align>center</align>
					<include content="Line5">
					<param name="col51">$VAR[Col_lyr1]</param>
					<param name="col52">$VAR[Col_lyr2]</param>
					<param name="col53">$VAR[Col_lyr3]</param>
					<param name="col54">$VAR[Col_lyr4]</param>
					</include>
					</control>
					<!--Short LINE 6-->
					<control type="grouplist">
						<left>0</left>
					      <top>199</top>
					      <width>1920</width>
					      <height>100</height>
					      <itemgap>10</itemgap>
					      <scrolltime>0</scrolltime>
					      <orientation>horizontal</orientation>
					      <visible>true</visible>
					      <align>center</align>
					<include content="Line6">
					</include>
					</control>
					<control type="grouplist">
						<left>1</left>
					      <top>200</top>
					      <width>1920</width>
					      <height>100</height>
					      <itemgap>10</itemgap>
					      <scrolltime>0</scrolltime>
					      <orientation>horizontal</orientation>
					      <visible>true</visible>
					      <align>center</align>
					<include content="Line6">
					<param name="col61">$VAR[Col_lyr1]</param>
					<param name="col62">$VAR[Col_lyr2]</param>
					<param name="col63">$VAR[Col_lyr3]</param>
					</include>
					</control>
					<include content="Line6b">
						<param name="6b_left">509</param>
						<param name="6b_top">223</param>
					</include>
					<include content="Line6b">
						<param name="col64">$VAR[Col_lyr4]</param>
					</include>
					<!--Short LINE 7-->
					<include content="Line7">
					</include>
					<include content="Line7">
						<param name="col71">$VAR[Col_lyr1]</param>
						<param name="col72">$VAR[Col_lyr2]</param>
						<param name="col73">$VAR[Col_lyr3]</param>
						<param name="col74">$VAR[Col_lyr4]</param>
						<param name="7_left">11</param>
						<param name="7_top">-19</param>
					</include>
					<!--Short LINE 8-->
					<control type="grouplist">
						<left>0</left>
					      <top>199</top>
					      <width>1920</width>
					      <height>120</height>
					      <itemgap>3</itemgap>
					      <scrolltime>0</scrolltime>
					      <orientation>horizontal</orientation>
					      <visible>true</visible>
					      <align>center</align>
					<include content="Line8">
					</include>
					</control>
					<control type="grouplist">
						<left>1</left>
					      <top>200</top>
					      <width>1920</width>
					      <height>120</height>
					      <itemgap>3</itemgap>
					      <scrolltime>0</scrolltime>
					      <orientation>horizontal</orientation>
					      <visible>true</visible>
					      <align>center</align>
					<include content="Line8">
					<param name="col81">$VAR[Col_lyr1]</param>
					<param name="col82">$VAR[Col_lyr2]</param>
					<param name="col83">$VAR[Col_lyr3]</param>
					</include>
					</control>
					<include content="Line8b">
						<param name="8b_left">509</param>
						<param name="8b_top">229</param>
					</include>
					<include content="Line8b">
						<param name="col84">$VAR[Col_lyr4]</param>
					</include>
					<!--Short LINE 9-->
					<include content="Line9">
					</include>
					<include content="Line9">
						<param name="col91">$VAR[Col_lyr1]</param>
						<param name="col92">$VAR[Col_lyr2]</param>
						<param name="col93">$VAR[Col_lyr3]</param>
						<param name="col94">$VAR[Col_lyr4]</param>
						<param name="9_left">1</param>
						<param name="9_top">231</param>
					</include>
					<!--Short LINE 0-->
					<control type="grouplist">
						<left>0</left>
					      <top>99</top>
					      <width>1920</width>
					      <height>350</height>
					      <itemgap>10</itemgap>
					      <scrolltime>0</scrolltime>
					      <orientation>horizontal</orientation>
					      <visible>true</visible>
					      <align>center</align>
					<include content="Line0">
					</include>
					</control>
					<control type="grouplist">
						<left>1</left>
					      <top>100</top>
					      <width>1920</width>
					      <height>350</height>
					      <itemgap>10</itemgap>
					      <scrolltime>0</scrolltime>
					      <orientation>horizontal</orientation>
					      <visible>true</visible>
					      <align>center</align>
					<include content="Line0">
					<param name="col01">$VAR[Col_lyr1]</param>
					<param name="col02">$VAR[Col_lyr2]</param>
					<param name="col03">$VAR[Col_lyr3]</param>
					<param name="col04">$VAR[Col_lyr4]</param>
					</include>
					</control>
				</control>
				<control type="group">
					<visible>!String.IsEmpty(Container(110).ListItem.Property(part4)) + [Integer.IsGreater(Container(110).ListItem.Property(duration),1449) | String.IsEmpty(Window(Home).Property(culrc.islrc))]</visible>
					<!--Line 1-->
					<control type="grouplist">
						<left>0</left>
					      <top>199</top>
					      <width>1920</width>
					      <height>100</height>
					      <itemgap>10</itemgap>
					      <scrolltime>0</scrolltime>
					      <orientation>horizontal</orientation>
					      <visible>true</visible>
					      <align>center</align>
					<include content="Lyrics1">
					</include>
					</control>
					<control type="grouplist">
						<left>1</left>
					      <top>200</top>
					      <width>1920</width>
					      <height>100</height>
					      <itemgap>10</itemgap>
					      <scrolltime>0</scrolltime>
					      <orientation>horizontal</orientation>
					      <visible>true</visible>
					      <align>center</align>
					<include content="Lyrics1">
					<param name="col11">$VAR[Col_lyr1]</param>
					<param name="col12">$VAR[Col_lyr2]</param>
					<param name="col13">$VAR[Col_lyr3]</param>
					</include>
					</control>
					<include content="Lyrics1b">
						<param name="1b_left">509</param>
						<param name="1b_top">223</param>
					</include>
					<include content="Lyrics1b">
						<param name="col14">$VAR[Col_lyr4]</param>
					</include>
					<!--Line 2-->
					<include content="Lyrics2">
					</include>
					<include content="Lyrics2">
						<param name="col21">$VAR[Col_lyr1]</param>
						<param name="col22">$VAR[Col_lyr2]</param>
						<param name="col23">$VAR[Col_lyr3]</param>
						<param name="col24">$VAR[Col_lyr4]</param>
						<param name="2_left">1</param>
						<param name="2_top">251</param>
					</include>
					<!--Line 3-->
					<control type="grouplist">
						<left>0</left>
					      <top>199</top>
					      <width>1920</width>
					      <height>120</height>
					      <itemgap>3</itemgap>
					      <scrolltime>0</scrolltime>
					      <orientation>horizontal</orientation>
					      <visible>true</visible>
					      <align>center</align>
					<include content="Lyrics3">
					</include>
					</control>
					<control type="grouplist">
						<left>1</left>
					      <top>200</top>
					      <width>1920</width>
					      <height>120</height>
					      <itemgap>3</itemgap>
					      <scrolltime>0</scrolltime>
					      <orientation>horizontal</orientation>
					      <visible>true</visible>
					      <align>center</align>
					<include content="Lyrics3">
					<param name="col31">$VAR[Col_lyr1]</param>
					<param name="col32">$VAR[Col_lyr2]</param>
					<param name="col33">$VAR[Col_lyr3]</param>
					</include>
					</control>
					<include content="Lyrics3b">
						<param name="3b_left">509</param>
						<param name="3b_top">229</param>
					</include>
					<include content="Lyrics3b">
						<param name="col34">$VAR[Col_lyr4]</param>
					</include>
					<!--Line 4-->
					<include content="Lyrics4">
					</include>
					<include content="Lyrics4">
						<param name="col41">$VAR[Col_lyr1]</param>
						<param name="col42">$VAR[Col_lyr2]</param>
						<param name="col43">$VAR[Col_lyr3]</param>
						<param name="col44">$VAR[Col_lyr4]</param>
						<param name="4_left">111</param>
						<param name="4_top">-89</param>
					</include>
					<!--Line 5-->
					<control type="grouplist">
						<left>1950</left>
					      <top>99</top>
					      <width>1920</width>
					      <height>350</height>
					      <itemgap>10</itemgap>
					      <scrolltime>0</scrolltime>
					      <orientation>horizontal</orientation>
					      <visible>true</visible>
					      <align>center</align>
					<include content="Lyrics5">
					</include>
					</control>
					<control type="grouplist">
						<left>1951</left>
					      <top>100</top>
					      <width>1920</width>
					      <height>350</height>
					      <itemgap>10</itemgap>
					      <scrolltime>0</scrolltime>
					      <orientation>horizontal</orientation>
					      <visible>true</visible>
					      <align>center</align>
					<include content="Lyrics5">
					<param name="col51">$VAR[Col_lyr1]</param>
					<param name="col52">$VAR[Col_lyr2]</param>
					<param name="col53">$VAR[Col_lyr3]</param>
					<param name="col54">$VAR[Col_lyr4]</param>
					</include>
					</control>
					<!--Line 6-->
					<include content="Lyrics6">
					</include>
					<include content="Lyrics6">
						<param name="col61">$VAR[Col_lyr1]</param>
						<param name="col62">$VAR[Col_lyr2]</param>
						<param name="col63">$VAR[Col_lyr3]</param>
						<param name="col64">$VAR[Col_lyr4]</param>
						<param name="6_left">11</param>
						<param name="6_top">-174</param>
					</include>
					<!--Line 7-->
					<control type="grouplist">
						<left>0</left>
					      <top>-201</top>
					      <width>1920</width>
					      <height>100</height>
					      <itemgap>10</itemgap>
					      <scrolltime>0</scrolltime>
					      <orientation>horizontal</orientation>
					      <visible>true</visible>
					      <align>center</align>
					<include content="Lyrics7">
					</include>
					</control>
					<control type="grouplist">
						<left>1</left>
					      <top>-200</top>
					      <width>1920</width>
					      <height>100</height>
					      <itemgap>10</itemgap>
					      <scrolltime>0</scrolltime>
					      <orientation>horizontal</orientation>
					      <visible>true</visible>
					      <align>center</align>
					<include content="Lyrics7">
					<param name="col71">$VAR[Col_lyr1]</param>
					<param name="col72">$VAR[Col_lyr2]</param>
					<param name="col73">$VAR[Col_lyr3]</param>
					</include>
					</control>
					<include content="Lyrics7b">
						<param name="7b_left">509</param>
						<param name="7b_top">223</param>
					</include>
					<include content="Lyrics7b">
						<param name="col74">$VAR[Col_lyr4]</param>
					</include>
					<!--Line 8-->
					<control type="grouplist">
						<left>0</left>
					      <top>179</top>
					      <width>1920</width>
					      <height>140</height>
					      <itemgap>10</itemgap>
					      <scrolltime>0</scrolltime>
					      <orientation>horizontal</orientation>
					      <visible>true</visible>
					      <align>center</align>
					<include content="Lyrics8">
					</include>
					</control>
					<control type="grouplist">
						<left>1</left>
					      <top>180</top>
					      <width>1920</width>
					      <height>140</height>
					      <itemgap>10</itemgap>
					      <scrolltime>0</scrolltime>
					      <orientation>horizontal</orientation>
					      <visible>true</visible>
					      <align>center</align>
					<include content="Lyrics8">
					<param name="col81">$VAR[Col_lyr1]</param>
					<param name="col82">$VAR[Col_lyr2]</param>
					<param name="col83">$VAR[Col_lyr3]</param>
					</include>
					</control>
					<include content="Lyrics8b">
						<param name="8b_left">509</param>
						<param name="8b_top">249</param>
					</include>
					<include content="Lyrics8b">
						<param name="col84">$VAR[Col_lyr4]</param>
					</include>
					<!--Line 9-->
					<include content="Lyrics9">
					</include>
					<include content="Lyrics9">
						<param name="col91">$VAR[Col_lyr1]</param>
						<param name="col92">$VAR[Col_lyr2]</param>
						<param name="col93">$VAR[Col_lyr3]</param>
						<param name="col94">$VAR[Col_lyr4]</param>
						<param name="9_left">21</param>
						<param name="9_top">-49</param>
					</include>
					<!--Line 10-->
					<control type="grouplist">
						<left>0</left>
					      <top>149</top>
					      <width>1920</width>
					      <height>350</height>
					      <itemgap>30</itemgap>
					      <scrolltime>0</scrolltime>
					      <orientation>horizontal</orientation>
					      <visible>true</visible>
					      <align>center</align>
					<include content="Lyrics10">
					</include>
					</control>
					<control type="grouplist">
						<left>1</left>
					      <top>150</top>
					      <width>1920</width>
					      <height>350</height>
					      <itemgap>30</itemgap>
					      <scrolltime>0</scrolltime>
					      <orientation>horizontal</orientation>
					      <visible>true</visible>
					      <align>center</align>
					<include content="Lyrics10">
					<param name="col101">$VAR[Col_lyr1]</param>
					<param name="col102">$VAR[Col_lyr2]</param>
					<param name="col103">$VAR[Col_lyr3]</param>
					</include>
					</control>
					<include content="Lyrics10b">
						<param name="col104">black</param>
					</include>
					<include content="Lyrics10b">
						<param name="10b_left">621</param>
						<param name="10b_top">321</param>
						<param name="col104">$VAR[Col_lyr4]</param>
					</include>
					<!--Line 11-->
					<include content="Lyrics11">
					</include>
					<include content="Lyrics11">
						<param name="col111">$VAR[Col_lyr1]</param>
						<param name="col112">$VAR[Col_lyr2]</param>
						<param name="col113">$VAR[Col_lyr3]</param>
						<param name="col114">$VAR[Col_lyr4]</param>
						<param name="11_left">1</param>
						<param name="11_top">251</param>
					</include>
					<!--Line 12-->
					<include content="Lyrics12">
					</include>
					<include content="Lyrics12">
						<param name="col121">$VAR[Col_lyr1]</param>
						<param name="12_left">11</param>
						<param name="12_top">1</param>
					</include>
					<include content="Lyrics12b">
					</include>
					<include content="Lyrics12b">
						<param name="col122">$VAR[Col_lyr2]</param>
						<param name="col123">$VAR[Col_lyr3]</param>
						<param name="12b_left">11</param>
						<param name="12b_top">181</param>
					</include>
					<include content="Lyrics12c">
					</include>
					<include content="Lyrics12c">
						<param name="col124">$VAR[Col_lyr4]</param>
						<param name="12c_left">11</param>
						<param name="12c_top">1</param>
					</include>
					<!--Line 13-->
					<control type="grouplist">
						<left>0</left>
					      <top>199</top>
					      <width>1920</width>
					      <height>125</height>
					      <itemgap>10</itemgap>
					      <scrolltime>0</scrolltime>
					      <orientation>horizontal</orientation>
					      <visible>true</visible>
					      <align>center</align>
					<include content="Lyrics13">
					</include>
					</control>
					<control type="grouplist">
						<left>1</left>
					      <top>200</top>
					      <width>1920</width>
					      <height>125</height>
					      <itemgap>10</itemgap>
					      <scrolltime>0</scrolltime>
					      <orientation>horizontal</orientation>
					      <visible>true</visible>
					      <align>center</align>
					<include content="Lyrics13">
					<param name="col131">$VAR[Col_lyr1]</param>
					<param name="col132">$VAR[Col_lyr2]</param>
					<param name="col133">$VAR[Col_lyr3]</param>
					</include>
					</control>
					<include content="Lyrics13b">
						<param name="13b_left">509</param>
						<param name="13b_top">219</param>
					</include>
					<include content="Lyrics13b">
						<param name="col134">$VAR[Col_lyr4]</param>
					</include>
					<!--Line 14-->
					<control type="grouplist">
						<left>0</left>
					      <top>139</top>
					      <width>1920</width>
					      <height>350</height>
					      <itemgap>20</itemgap>
					      <scrolltime>0</scrolltime>
					      <orientation>horizontal</orientation>
					      <visible>true</visible>
					      <align>center</align>
					<include content="Lyrics14">
					<param name="col141">black</param>
					</include>
					</control>
					<control type="grouplist">
						<left>0</left>
					      <top>139</top>
					      <width>1920</width>
					      <height>350</height>
					      <itemgap>20</itemgap>
					      <scrolltime>0</scrolltime>
					      <orientation>horizontal</orientation>
					      <visible>true</visible>
					      <align>center</align>
					<include content="Lyrics14">
					<param name="col142">black</param>
					</include>
					</control>
					<control type="grouplist">
						<left>0</left>
					      <top>139</top>
					      <width>1920</width>
					      <height>350</height>
					      <itemgap>20</itemgap>
					      <scrolltime>0</scrolltime>
					      <orientation>horizontal</orientation>
					      <visible>true</visible>
					      <align>center</align>
					<include content="Lyrics14">
					<param name="col143">black</param>
					</include>
					</control>
					<control type="grouplist">
						<top>140</top>
						<left>1</left>
					      <width>1920</width>
					      <height>350</height>
					      <itemgap>20</itemgap>
					      <scrolltime>0</scrolltime>
					      <orientation>horizontal</orientation>
					      <visible>true</visible>
					      <align>center</align>
					<include content="Lyrics14">
					<param name="col141">$VAR[Col_lyr1]</param>
					</include>
					</control>
					<control type="grouplist">
						<top>140</top>
						<left>1</left>
					      <width>1920</width>
					      <height>350</height>
					      <itemgap>20</itemgap>
					      <scrolltime>0</scrolltime>
					      <orientation>horizontal</orientation>
					      <visible>true</visible>
					      <align>center</align>
					<include content="Lyrics14">
					<param name="col142">$VAR[Col_lyr2]</param>
					</include>
					</control>
					<control type="grouplist">
						<top>140</top>
						<left>1</left>
					      <width>1920</width>
					      <height>350</height>
					      <itemgap>20</itemgap>
					      <scrolltime>0</scrolltime>
					      <orientation>horizontal</orientation>
					      <visible>true</visible>
					      <align>center</align>
					<include content="Lyrics14">
					<param name="col143">$VAR[Col_lyr3]</param>
					</include>
					</control>
					<include content="Lyrics14b">
						<param name="col144">black</param>
					</include>
					<include content="Lyrics14b">
						<param name="14b_left">611</param>
						<param name="14b_top">331</param>
						<param name="col144">$VAR[Col_lyr4]</param>
					</include>
					<!--Line 15-->
					<include content="Lyrics15">
					</include>
					<include content="Lyrics15">
						<param name="col151">$VAR[Col_lyr1]</param>
						<param name="col152">$VAR[Col_lyr2]</param>
						<param name="col153">$VAR[Col_lyr3]</param>
						<param name="col154">$VAR[Col_lyr4]</param>
						<param name="15_left">171</param>
						<param name="15_top">-24</param>
					</include>
					<!--Line 16-->
					<control type="grouplist">
						<left>0</left>
					      <top>199</top>
					      <width>1920</width>
					      <height>100</height>
					      <itemgap>10</itemgap>
					      <scrolltime>0</scrolltime>
					      <orientation>horizontal</orientation>
					      <visible>true</visible>
					      <align>center</align>
					<include content="Lyrics16">
					</include>
					</control>
					<control type="grouplist">
						<left>1</left>
					      <top>200</top>
					      <width>1920</width>
					      <height>100</height>
					      <itemgap>10</itemgap>
					      <scrolltime>0</scrolltime>
					      <orientation>horizontal</orientation>
					      <visible>true</visible>
					      <align>center</align>
					<include content="Lyrics16">
					<param name="col161">$VAR[Col_lyr1]</param>
					<param name="col162">$VAR[Col_lyr2]</param>
					<param name="col163">$VAR[Col_lyr3]</param>
					</include>
					</control>
					<include content="Lyrics16b">
						<param name="16b_left">509</param>
						<param name="16b_top">223</param>
					</include>
					<include content="Lyrics16b">
						<param name="col164">$VAR[Col_lyr4]</param>
					</include>
					<!--Line 17-->
					<include content="Lyrics17">
					</include>
					<include content="Lyrics17">
						<param name="col171">$VAR[Col_lyr1]</param>
						<param name="col172">$VAR[Col_lyr2]</param>
						<param name="col173">$VAR[Col_lyr3]</param>
						<param name="col174">$VAR[Col_lyr4]</param>
						<param name="17_left">11</param>
						<param name="17_top">-19</param>
					</include>
					<!--Line 18-->
					<include content="Lyrics18">
					</include>
					<include content="Lyrics18">
						<param name="col181">$VAR[Col_lyr1]</param>
						<param name="col182">$VAR[Col_lyr2]</param>
						<param name="col183">$VAR[Col_lyr3]</param>
						<param name="col184">$VAR[Col_lyr4]</param>
						<param name="18_left">111</param>
						<param name="18_top">11</param>
					</include>
					<!--Line 19-->
					<control type="grouplist">
						<left>0</left>
					      <top>69</top>
					      <width>1920</width>
					      <height>350</height>
					      <itemgap>30</itemgap>
					      <scrolltime>0</scrolltime>
					      <orientation>horizontal</orientation>
					      <visible>true</visible>
					      <align>center</align>
					<include content="Lyrics19">
					</include>
					</control>
					<control type="grouplist">
						<left>1</left>
					      <top>70</top>
					      <width>1920</width>
					      <height>350</height>
					      <itemgap>30</itemgap>
					      <scrolltime>0</scrolltime>
					      <orientation>horizontal</orientation>
					      <visible>true</visible>
					      <align>center</align>
					<include content="Lyrics19">
					<param name="col191">$VAR[Col_lyr1]</param>
					<param name="col192">$VAR[Col_lyr2]</param>
					<param name="col193">$VAR[Col_lyr3]</param>
					</include>
					</control>
					<include content="Lyrics19b">
						<param name="col194">black</param>
					</include>
					<include content="Lyrics19b">
						<param name="19b_left">611</param>
						<param name="19b_top">226</param>
						<param name="col194">$VAR[Col_lyr4]</param>
					</include>
					<!--Line 20-->
					<include content="Lyrics20">
					</include>
					<include content="Lyrics20">
						<param name="col201">$VAR[Col_lyr1]</param>
						<param name="col202">$VAR[Col_lyr2]</param>
						<param name="col203">$VAR[Col_lyr3]</param>
						<param name="col204">$VAR[Col_lyr4]</param>
						<param name="20_left">1</param>
						<param name="20_top">51</param>
					</include>
				</control>
			</control>
		<control type="group">
			<animation effect="slide" end="0,0" start="0,-540" delay="100" time="200" tween="quadratic" easing="out">WindowOpen</animation>
			<control type="list" id="120">
				<left>45</left>
				<top>45</top>
				<width>1830</width>
				<height>450</height>
				<onup>120</onup>
				<ondown>120</ondown>
				<scrolltime tween="quadratic" easing="out">200</scrolltime>
				<itemlayout height="60" width="1282">
					<control type="label">
						<width>630</width>
						<height>60</height>
						<font>font14t</font>
						<textoffsetx>15</textoffsetx>
						<textcolor>grey2</textcolor>
						<selectedcolor>selected</selectedcolor>
						<label>$INFO[ListItem.Label]</label>
					</control>
					<control type="label">
						<width>630</width>
						<height>60</height>
						<font>font14t</font>
						<textoffsetx>15</textoffsetx>
						<textcolor>grey2</textcolor>
						<selectedcolor>selected</selectedcolor>
						<align>right</align>
						<label>$INFO[ListItem.Label2]</label>
					</control>
				</itemlayout>
				<focusedlayout height="60" width="1282">
					<control type="image">
						<left>1</left>
						<width>630</width>
						<height>60</height>
						<texture border="5">listselect_fo.png</texture>
						<visible>Control.HasFocus(120)</visible>
						<include>VisibleFadeAnimation</include>
					</control>
					<control type="label">
						<width>630</width>
						<height>60</height>
						<font>font14t</font>
						<textoffsetx>15</textoffsetx>
						<textcolor>white</textcolor>
						<selectedcolor>selected</selectedcolor>
						<label>$INFO[ListItem.Label]</label>
						<animation effect="fade" start="100" end="70" time="300" tween="sine" easing="inout" condition="!Control.HasFocus(120)">Conditional</animation>
					</control>
					<control type="label">
						<width>630</width>
						<height>60</height>
						<font>font14t</font>
						<textoffsetx>15</textoffsetx>
						<textcolor>grey</textcolor>
						<selectedcolor>selected</selectedcolor>
						<align>right</align>
						<label>$INFO[ListItem.Label2]</label>
						<animation effect="fade" start="100" end="70" time="300" tween="sine" easing="inout" condition="!Control.HasFocus(120)">Conditional</animation>
					</control>
				</focusedlayout>
			</control>
		</control>
		</control>
	</controls>
</window>