<?xml version="1.0" encoding="UTF-8"?>
<window>
	<defaultcontrol>3</defaultcontrol>
	<onload>SetProperty(Window.HasSettings,True,home)</onload>
	<onload>ClearProperty(MediaMenu,Home)</onload>
	<onunload>ClearProperty(Window.HasSettings,Home)</onunload>
	<controls>
		<include content="CommonBackground">
			<param name="windowOpen" value="![Window.Previous(settings) | Window.Previous(skinsettings)]" />
			<param name="windowClose" value="![Window.Next(settings) | Window.Next(skinsettings)]" />
		</include>
		<control type="image">
				<left>-10</left>
				<top>-10</top>
				<width>1950</width>
				<height>1100</height>
				<aspectratio>stretch</aspectratio>
				<texture background="true">black.png</texture>
				<animation effect="fade" end="85" condition="true">Conditional</animation>
		</control>
		<control type="group">
			<top>128</top>
			<left>SettingsLeft</left>
			<include content="WindowOpenCloseAnimation">
				<param name="windowOpen" value="![Window.Previous(settings) | Window.Previous(skinsettings)]" />
				<param name="windowClose" value="![Window.Next(settings) | Window.Next(skinsettings)]" />
			</include>
			<control type="grouplist" id="3">
				<description>button area</description>
				<left>82</left>
				<top>32</top>
				<width>356</width>
				<height>840</height>
				<onleft>61</onleft>
				<onright>5</onright>
				<onup>3</onup>
				<ondown>3</ondown>
				<pagecontrol>61</pagecontrol>
			</control>
			<control type="scrollbar" id="61">
				<left>65</left>
				<top>32</top>
				<width>14</width>
				<height>720</height>
				<onleft>SetProperty(MediaMenu,True,home)</onleft>
				<onleft>SetFocus(9050)</onleft>
				<onright>3</onright>
				<ondown>61</ondown>
				<onup>61</onup>
				<showonepage>false</showonepage>
				<texturesliderbackground />
				<texturesliderbar colordiffuse="55ffffff" border="1">scrollbar/texturesliderbar2.png</texturesliderbar>
				<texturesliderbarfocus border="1">scrollbar/texturesliderbar2.png</texturesliderbarfocus>
			</control>
			<control type="textbox" id="6">
				<description>description area</description>
				<left>552</left>
				<top>754</top>
				<width>1256</width>
				<height>120</height>
				<font>font15_textbox</font>
				<textcolor>grey2</textcolor>
				<autoscroll time="3000" delay="4000" repeat="5000">true</autoscroll>
				<animation effect="fade" start="0" end="100" time="300" tween="sine" easing="inout">Visible</animation>
				<animation effect="fade" start="100" end="0" time="0" tween="sine" easing="inout">Hidden</animation>
				<visible>ControlGroup(5).HasFocus()</visible>
			</control>
			<control type="grouplist" id="5">
				<description>control area</description>
				<left>522</left>
				<top>32</top>
				<width>1316</width>
				<height>720</height>
				<pagecontrol>60</pagecontrol>
				<onleft>3</onleft>
				<onright>60</onright>
				<onup>5</onup>
				<ondown>5</ondown>
			</control>
			<control type="scrollbar" id="60">
				<left>1838</left>
				<top>32</top>
				<width>14</width>
				<height>720</height>
				<onleft>5</onleft>
				<onright>3</onright>
				<ondown>60</ondown>
				<onup>60</onup>
				<showonepage>false</showonepage>
				<texturesliderbackground />
				<texturesliderbar colordiffuse="55ffffff" border="1">scrollbar/texturesliderbar2.png</texturesliderbar>
				<texturesliderbarfocus border="1">scrollbar/texturesliderbar2.png</texturesliderbarfocus>
			</control>
			<control type="image">
				<description>LOGO</description>
				<left>82</left>
				<top>752</top>
				<width>356</width>
				<height>120</height>
				<aspectratio>keep</aspectratio>
				<texture>aeon-tajo.png</texture>
			</control>
		</control>
		<control type="button" id="10">
			<description>Default Category Button</description>
			<height>90</height>
			<width>356</width>
			<textoffsetx>15</textoffsetx>
			<align>right</align>
			<font>font15</font>
			<texturefocus>listselect_fo.png</texturefocus>
		</control>
		<control type="button" id="7">
			<description>Default Button</description>
			<width>1136</width>
			<height>90</height>
			<font>font15</font>
			<textcolor>grey2</textcolor>
			<textoffsetx>30</textoffsetx>
			<focusedcolor>white</focusedcolor>
			<texturefocus>listselect_fo.png</texturefocus>
		</control>
		<control type="radiobutton" id="8">
			<description>Default RadioButton</description>
			<width>1316</width>
			<height>90</height>
			<font>font15</font>
			<textcolor>grey2</textcolor>
			<textoffsetx>30</textoffsetx>
			<focusedcolor>white</focusedcolor>
			<texturefocus>listselect_fo.png</texturefocus>
		</control>
		<control type="spincontrolex" id="9">
			<description>Default SpinControlex</description>
			<width>1316</width>
			<height>90</height>
			<font>font15</font>
			<textcolor>grey2</textcolor>
			<textoffsetx>30</textoffsetx>
			<focusedcolor>white</focusedcolor>
			<texturefocus>listselect_fo.png</texturefocus>
			<reverse>true</reverse>
			<spinposx>10</spinposx>
		</control>
		<control type="sliderex" id="13">
			<description>Default Slider</description>
			<width>1316</width>
			<height>90</height>
			<font>font15</font>
			<textcolor>grey2</textcolor>
			<textoffsetx>30</textoffsetx>
			<focusedcolor>white</focusedcolor>
			<texturenofocus>tajo/background.png</texturenofocus>
		</control>
		<control type="label" id="14">
			<description>Default Label</description>
			<width>1136</width>
			<height>88</height>
			<font>font15</font>
			<textcolor>themecolor</textcolor>
			<textoffsetx>30</textoffsetx>
		</control>
		<control type="label" id="2">
			<description>Fake Label so we can pass it value down to the one below</description>
			<width>0</width>
			<height>0</height>
			<font />
			<visible>false</visible>
		</control>
		
		<control type="group">
			<left>-440</left>
			<include>SideBladeLeft</include>
			<control type="grouplist" id="9050">
				<include>NoMediaMenu</include>
			</control>
		</control>
	</controls>
</window>