<?xml version="1.0" encoding="UTF-8"?>
<window>
	<defaultcontrol always="true">5555</defaultcontrol>
	<backgroundcolor>$VAR[color_home_background_layer1]</backgroundcolor>
	<menucontrol>9000</menucontrol>
	<onload condition="!Skin.HasSetting(initial_startup_done)">ReplaceWindow(1101)</onload>
	<onload condition="!Control.Group(5555).HasFocus()">SetFocus(5555)</onload>
	
	<!-- <onload condition="!String.IsEmpty(Window(home).property(myvideos.selectaction)">RunScript(script.embuary.helper,action=getkodisetting,setting=myvideos.selectaction)</onload> -->
	
	<onload condition="!String.IsEmpty(Window(Home).Property(MenucontrolHomeActive))">ClearProperty(MenucontrolHomeActive,home)</onload>
	<!-- ids
	window - (1)0000
	widget grouplist - 5555
	menucontrol/main menu - 9000
	-->
	
	<controls>
		<!-- weather retrival ,check need -->
		<control type="label">
			<info>Weather.FanartCode</info>
			<include>HiddenObject</include>
		</control>
		
		<include condition="!String.IsEqual(Skin.String(HomeLayout),MenuTiles)" content="GlobalBackground" />
	
		<!-- keep idea
main menu - restricted? custom items
submenu - restricted depending on custom skinstring mainmenu item - use/show submenu container where static items lead to window,and dynamic show content - slide top?, hide/slide common main widgets

- e.g. template
		param name="content" value="videodb://movies/years/"
		param name="target" value="videodb://movies/years/"
		
		<focusedlayout>
			- use circe?-layout for static
			- use ?-layout for dynamic content
		</focusedlayout>
		<content>
			<item id="1$PARAM[id]">
				<label>Movies Year</label>
				<label2 />
				<onclick>ActivateWindow($PARAM[target],$PARAM[content],return)</onclick>
				<icon>default[foo].png/Skin.String(foo1)</icon>
				<thumb>default[foo].png/Skin.String(foo1)</thumb>
			</item>
		</content>
		<content target="$PARAM[target]">$PARAM[content]</content>

		-->
		
		
		<!-- menucontrol -->
		
		<control type="group">
			<!-- TEMP SLIDE -->
			<!-- <animation effect="slide" start="450,0" end="0,0" time="300" tween="cubic" easing="inout" condition="!ControlGroup(9000).HasFocus()">Conditional</animation> -->
			<animation effect="zoom" start="70" end="100" time="250" center="85%,25%" condition="!ControlGroup(9000).HasFocus()">Conditional</animation>
		
			<include content="Animation_TransitionFadeOut">
				<param name="condition" value="$EXP[Infodialog_IsActive] | Window.IsActive(mediasource) | Window.IsActive(shutdownmenu)" />
			</include>
			
			<!-- Widget/Home Layouts -->
			<include condition="String.IsEqual(Skin.String(HomeLayout),Spotlight)">Home_Layout_Spotlight</include>
			<include condition="String.IsEmpty(Skin.String(HomeLayout)) | String.IsEqual(Skin.String(HomeLayout),WidgetsOnly)">Home_Layout_WidgetOnly</include>
		</control>
		
		<control type="group">
			<description>MENU</description>
			<animation effect="fade" start="100" end="0" time="300" condition="$EXP[Infodialog_IsActive] + !String.IsEqual(Skin.String(HomeLayout),MenuTiles)">Conditional</animation>
			<!-- Layouts in Early Progress -->
			<include content="menucontrol_home_iconpanel_left" condition="Skin.HasSetting(useshortcut_mainmenu) + !String.IsEqual(Skin.String(HomeLayout),MenuTiles)" />
			<include content="Menucontrol_Home_test1" condition="!Skin.HasSetting(useshortcut_mainmenu) + !String.IsEqual(Skin.String(HomeLayout),MenuTiles)" />
			<include content="Menucontrol_Home_MenuTiles" condition="String.IsEqual(Skin.String(HomeLayout),MenuTiles)" />
			<!-- Home_Layout_MainMenuOnly_Center -->
		</control>
		
		<include content="swan_debug_overlay">
			<param name="textleft" value="1  istitem.imdbtop250 :    $INFO[listitem.top250]
1  istitem.filenameandpath :    $INFO[listitem.filenameandpath]
2  listitem.path :    $INFO[listitem.path]
3  listitem.folderpath :    $INFO[listitem.folderpath]
4  container().FolderPath   $INFO[container().folderpath]
$INFO[ListItem.FileExtension]
6  $INFO[Container.FolderPath] and $INFO[ListItemAbsolute(0).label]

6  $INFO[Container(5555).CurrentItem]

[B] 7 prop  listitemtrailer : $INFO[Window(home).Property(listitemtrailer)]  [/B]
[B] 8 listitem trailer      : $INFO[listitem.trailer]  [/B]
44 $INFO[Container.ListItem.Label] - $INFO[ListItem.Label]

44 $INFO[Container.ListItem.Title] - $INFO[ListItem.Title]

4  container().FolderPath   $INFO[container().folderpath]

8  $INFO[listitem.dbid,current dbid :    ,    ]
9  $INFO[listitem.DBTYPE,current DBTYPE :    ,    ]
10 $INFO[listitem.label,label:    ,    ]

11 $INFO[ListItem.Overlay ,   use me as var ? ,    ]

$INFO[ListItemAbsolute(0).DBID,,  ListItemAbsolute(0).DBID : ]
$INFO[ListItemAbsolute(0).title,,  ListItemAbsolute(0).title : ]
$INFO[ListItemAbsolute(2).DBID,,  ListItemAbsolute(2).DBID : ]
$INFO[ListItemAbsolute(2).title,,  ListItemAbsolute(2).title : ]
$INFO[container.listitem.dbid,container dbid :    ,    ]
$INFO[container.listitem.dbtype,container dbtype :    ,    ]
$INFO[container.listitem.label,container.listitem.label :    ,    ]
$INFO[container.listitem.label2,container.listitem.label2 :    ,    ]
"/>
</include>
	</controls>
</window>
