<?xml version="1.0" encoding="UTF-8"?>
<includes>
	<constant name="BackgroundPanelRight">100</constant> <!-- Scrollbar BG Panel -->
	<constant name="Header">120</constant>
	<constant name="Footer">100</constant>
	<constant name="BackgroundPanelLeft">90</constant>
	
	<!-- 
	<constant name="ScrollbarRight">100</constant>
	<constant name="PreMenuLeft">100</constant>
	-->
	
	<!-- constants stereoscopcic estuary -->
	<constant name="DepthDialog">0.50</constant>
	<constant name="DepthDialog+">0.52</constant>
	<constant name="DepthDialog-">0.48</constant>
	<constant name="DepthMax">0.54</constant>
	<constant name="DepthOSD">0.40</constant>
	<constant name="DepthOSD+">0.44</constant>
	<constant name="DepthContentPopout">0.10</constant>
	<constant name="DepthContentPanel">0.05</constant>
	<constant name="DepthBars">0.12</constant>
	<constant name="DepthBackground">-0.80</constant>
	<constant name="DepthBackground2">-0.78</constant>
	<constant name="DepthSideBlade">0.10</constant>
	<!-- 
	poster_h_common
	poster_w_common
	use?
	...
	 -->
	
</includes>
