<!--Titan, thx to Manfeed-->
<window type="dialog" id="1355">
    <onload>Stop</onload>
	<onload condition="[String.IsEmpty(Window(home).Property(PlayingOST)) + !String.Contains(ListItem.Path,http)]">PlayMedia($ESCINFO[ListItem.Path,,theme.mp3])</onload>
	<onload>SetProperty(OST,$INFO[ListItem.Path],home)</onload>
    <onload>SetProperty(PlayingOST,True,home)</onload>
	
    <visible>System.IdleTime(2) + [!String.IsEqual(ListItem.Path,Window(home).Property(OST)) | !Player.Playing]</visible>
	<visible>!ListItem.IsCollection + !String.Contains(ListItem.Path,thumb:) + !String.Contains(ListItem.Path,image:) + !String.Contains(ListItem.Path,plugin) + !String.Contains(ListItem.Path,videodb:)</visible>
    <visible>Container.Content(movies) | [Container.Content(tvshows) + !Player.Playing] | [Container.Content(seasons) + !Player.Playing]</visible>
    <visible>!Window.IsActive(movieinformation)</visible>
    <visible>Window.IsActive(videos)</visible>
	<visible>!Player.HasVideo</visible>
	<visible>Skin.HasSetting(LibraryOSTthemes)</visible>
    <controls>
    </controls>
</window>

<!-- 
<window type="dialog" id="1355">
    <onload>Stop</onload>
    <onload condition="String.IsEmpty(Window(home).Property(PlayingOST)) + !String.Contains(ListItem.Path,http)">PlayMedia($ESCINFO[ListItem.Path,,theme.mp3])</onload>
	<onload>SetProperty(OST,$INFO[ListItem.Path],home)</onload>
    <onload>SetProperty(PlayingOST,True,home)</onload>
    <visible>System.IdleTime(2) + [!String.IsEqual(ListItem.Path,Window(home).Property(OST)) | !Player.Playing]</visible>
    <visible>!ListItem.IsCollection + !String.Contains(ListItem.Path,thumb:) + !String.Contains(ListItem.Path,image:) + !String.Contains(ListItem.Path,plugin) + !String.Contains(ListItem.Path,videodb:)</visible>
    <visible>Container.Content(movies) | [Container.Content(tvshows) + !Player.Playing] | [Container.Content(seasons) + !Player.Playing]</visible>
    <visible>!Window.IsActive(movieinformation)</visible>
    <visible>Window.IsActive(videos)</visible>
    <controls>
    </controls>
</window>
-->