<?xml version="1.0" encoding="UTF-8" standalone="yes"?>
<addon id="resource.images.busyspinners.basic" name="Animated Busy Spinners Pack" version="1.0.5" provider-name="marcelveldt,marduk">
	<extension point="kodi.resource.images" compile="false" type="busyspinners" />
	<requires>
		<import addon="kodi.resource" version="1.0.0"/>
	</requires>
	<extension point="xbmc.addon.metadata">
		<summary lang="en">Animated Busy Spinners Pack - Titan</summary>
		<description lang="en">Animated Busy Spinners Pack - Titan</description>
		<platform>all</platform>
	</extension>
</addon>
