<?xml version="1.0" encoding="UTF-8"?>
<window>
	<backgroundcolor>$VAR[color_global_background_layer1]</backgroundcolor>
 	<defaultcontrol always="true">99</defaultcontrol>
	<onload>99</onload>
	<onload>SetProperty(HideProfiles,true)</onload>
	<onload>RunScript(script.embuary.helper,action=blurimg,file='"$VAR[texture_profilelogin_background]"',prop=profileloginbg,radius=2)</onload>
	<onload>RunScript(script.embuary.helper,action=settimer,do='"ClearProperty(HideProfiles)||SetFocus(52)"',time=4000,busydialog=false)</onload>
	<onunload condition="!String.IsEmpty(Window.Property(HideProfiles))">ClearProperty(HideProfiles)</onunload>
	<onunload>ClearProperty(profileloginbg_blurred,home)</onunload>
	<onunload>ClearProperty(profileloginbg_color,home)</onunload>

	<controls>
		<control type="image">
			<animation effect="fade" start="0" end="100" time="250" condition="String.IsEmpty(Window.Property(HideProfiles))">conditional</animation>
			<texture>$INFO[Window(home).Property(profileloginbg_blurred)]</texture>
		</control>
		<control type="image">
			<animation effect="fade" start="100" end="0" time="250" condition="String.IsEmpty(Window.Property(HideProfiles))">conditional</animation>
			<texture>$VAR[texture_profilelogin_background]</texture>
		</control>
	
		<control type="group">
		<animation effect="fade" start="100" end="0" time="300" condition="Window.IsActive(shutdownmenu)">conditional</animation>
			
		<control type="label" id="2">
			<animation effect="fade" start="100" end="0" time="300" condition="!String.IsEmpty(Window.Property(HideProfiles))">conditional</animation>
			<top>25%</top>
			<centerleft>50%</centerleft>
			<height>100</height>
			<align>center</align>
			<textcolor>$VAR[color_profilelogin_text_main]</textcolor>
			<font>font_SpotlightTitle_Large</font>
			<label>Choose Your Profile</label>
		</control>
		
		<control type="group">
						 
			<animation effect="slide" start="0,0" end="0,-180" time="150" condition="String.IsEmpty(Window.Property(HideProfiles))">conditional</animation>
			<description>time and date weather</description>
			<centerleft>50%</centerleft>
			<top>250</top>
			
			<height>300</height>
			
			<control type="label">
				<width>100%</width>
				<height>50</height>
				<align>center</align>
				<info>System.Time</info>
				<font>font_clockbig</font>
				<textcolor>$VAR[color_profilelogin_accent]</textcolor>
			</control>
   
			<control type="label">
																																			  
				<top>80</top>
				<width>100%</width>
								
				<height>20</height>
				<align>center</align>
				<info>System.Date</info>
				<font>Header_Dialog</font>
				<textcolor>$VAR[color_profilelogin_text_main]</textcolor>
			</control>
			<control type="image">
				<animation effect="fade" start="0" end="100" time="350">VisibleChange</animation>
				<visible>String.IsEmpty(Window.Property(HideProfiles))</visible>
				<top>120</top>
				<height>2</height>
				<width>60%</width>
				<centerleft>50%</centerleft>
				<texture colordiffuse="$VAR[color_profilelogin_text_main]">colors/white20.png</texture>
				<aspectratio aligny="center" align="center">stretch</aspectratio>
			</control>
			
			<control type="group">
				<animation effect="fade" start="100" end="0" time="100" condition="String.IsEmpty(Window.Property(HideProfiles))">conditional</animation>
				<visible>[!String.Contains(Weather.Temperature,$LOCALIZE[503]) | [!String.IsEqual(Weather.fanartcode,na) + Weather.IsFetched]]</visible>
				<control type="image">
					<top>-230</top>
					<height>150</height>
					<aspectratio>keep</aspectratio>
					<texture colordiffuse="$VAR[color_profilelogin_text_main]">$INFO[Weather.FanartCode,resource://resource.images.weathericons.outline-hd/,.png]</texture>
				</control>
				<control type="label">
					<top>-75</top>
					<height>20</height>
					<align>center</align>
					<label>$INFO[Weather.Temperature]</label>
					<font>font25_title</font>
					<textcolor>$VAR[color_profilelogin_text_main]</textcolor>
				</control>
			</control>
		</control>
		
		<control type="button" id="99">
			<animation effect="fade" start="100" end="2" time="350" condition="String.IsEmpty(Window.Property(HideProfiles))">conditional</animation>
			<include content="Animation_Item_Focus" />
			<top>40%</top>
			<centerleft>50%</centerleft>
			<include content="icon_button">
				<param name="diameter" value="250" />
				<param name="texture" value="icons/kodiwatersign.png" />
			</include>
			<ondown>101</ondown>
			<onup>101</onup>
			<onclick>ClearProperty(HideProfiles)</onclick>
			<onclick>SetFocus(52)</onclick>
		</control>
		
		<control type="image">
			<animation effect="fade" start="0" end="100" time="350">VisibleChange</animation>
			<visible>String.IsEmpty(Window.Property(HideProfiles))</visible>
			<top>382</top>
			<height>323</height>
			<bordertexture border="2" diffuse="frames/frame.png" colordiffuse="$VAR[color_profilelogin_text_main]">colors/white20.png</bordertexture>
			<texture colordiffuse="$VAR[color_profilelogin_text_main]">colors/white20.png</texture>
			<aspectratio>stretch</aspectratio>
		</control>
		
		<include content="Universal_Container">
			<param name="id" value="52" />
			<param name="type_height" value="300" />
			<param name="type_pos_top" value="420" />
			<param name="tags_visible" value="true" />
			<param name="layout_height" value="300" />
			<param name="layout_width" value="270" />
			<param name="itemwidth" value="200" />
			<param name="itemheight" value="200" />
			<param name="layout" value="circle" />
			<param name="SetPropOnFocus" value="false" />
			<param name="focusoverlay_visible" value="false" />
			<onup>101</onup>
			<ondown>101</ondown>
			<left>325</left>
			<right>300</right>
			<onback>SetProperty(HideProfiles,true)</onback>
			<onback>99</onback>
			
			<animation effect="slide" start="0,0" end="125,0" time="0" reversible="false" condition="Integer.IsEqual(Container(52).NumItems,4)">conditional</animation>
			<animation effect="slide" start="0,0" end="265,0" time="0" reversible="false" condition="Integer.IsEqual(Container(52).NumItems,3)">conditional</animation>
			<animation effect="slide" start="0,0" end="400,0" time="0" reversible="false" condition="Integer.IsEqual(Container(52).NumItems,2)">conditional</animation>
			<animation effect="slide" start="0,0" end="535,0" time="0" reversible="false" condition="Integer.IsEqual(Container(52).NumItems,1)">conditional</animation>
			
			<animation effect="fade" start="100" end="0" time="0" reversible="false" condition="!String.IsEmpty(Window.Property(HideProfiles))">conditional</animation>
			<animation effect="fade" start="0" end="100" time="450" reversible="false" condition="String.IsEmpty(Window.Property(HideProfiles))">conditional</animation>
		</include>
		
		<control type="button" id="101">
			<include content="icon_button">
				<param name="diameter" value="120" />
				<param name="texture" value="icons/shutdown.png" />
			</include>
			<include content="Animation_Item_Focus" />
			<top>75%</top>
			<centerleft>50%</centerleft>
			<onup condition="!String.IsEmpty(Window.Property(HideProfiles))">99</onup>
			<ondown condition="!String.IsEmpty(Window.Property(HideProfiles))">99</ondown>
			<onup condition="String.IsEmpty(Window.Property(HideProfiles))">52</onup>
			<ondown condition="String.IsEmpty(Window.Property(HideProfiles))">52</ondown>
			<onclick>ActivateWindow(shutdownmenu)</onclick>
		</control>
	</control>
	</controls>
</window>