<?xml version="1.0" encoding="UTF-8"?>
<addon id="skin.titan.krypton.mod" version="17.1.9~alpha" name="T i t a n - M O D (BETA) for KRYPTON" provider-name="marcelveldt,mgonzales,marduk,cartmandos">
	<requires>
		<import version="5.12.0" addon="xbmc.gui"/>		
		<import addon="script.skinshortcuts" version="0.6.5"/>
		<import addon="script.skin.helper.service" version="1.0.0"/>
        <import addon="script.skin.helper.widgets" version="1.0.0"/>
        <import addon="script.skin.helper.backgrounds" version="1.0.0"/>
        <import addon="resource.uisounds.titan.modern" version="1.0.0"/>
        <import addon="resource.images.studios.coloured" version="0.0.9"/>
		<import addon="resource.images.studios.white" version="0.0.15"/>
		<import addon="resource.images.languageflags.colour" version="0.0.4"/>
        <import addon="resource.images.skinbackgrounds.titanium" version="1.0.0"/>
        <import addon="resource.images.skinicons.wide" version="1.0.0"/>
        <import addon="resource.images.backgroundoverlays.basic" version="1.0.0"/>
	</requires>
	<extension point="xbmc.gui.skin" debugging="false">		
		<res width="1920" height="1080" aspect="16:9" default="true" folder="1080i" />
		<res width="1920" height="1200" aspect="16:10" default="false" folder="1080i" />
	</extension>
	<extension point="xbmc.addon.metadata">
		<summary lang="bg_BG">Обликът "Titan BETA for Kodi K R Y P T O N" за MediaPortal адаптиран за Kodi, с много добавени функции.</summary>
		<summary lang="de_DE">MediaPortal's Titan BETA for Kodi K R Y P T O N Skin portiert für Kodi mit jeder Menge neuer Funktionen und einer vollständigen MediaBrowser Integration.</summary>
		<summary lang="en_AU">Titan MOD K R Y P T O N for Kodi K R Y P T O N skin ported to Kodi enriched with lot's of features.</summary>
		<summary lang="en_GB">MediaPortal's Titan MOD K R Y P T O N for Kodi K R Y P T O N skin ported to Kodi enriched with lot's of features.</summary>
		<summary lang="en_NZ">MediaPortal's Titan MOD K R Y P T O N for Kodi K R Y P T O N skin ported to Kodi enriched with lot's of features.</summary>
		<summary lang="en_US">MediaPortal's Titan MOD K R Y P T O N for Kodi K R Y P T O N skin ported to Kodi enriched with lot's of features.</summary>
		<summary lang="es_ES">El skin Titan MOD K R Y P T O N for Kodi K R Y P T O N de MediaPortal, portado a Kodi y enriquecido con muchas funciones.</summary>
		<summary lang="fi_FI">Perustuu MediaPortalin Titan MOD K R Y P T O N for Kodi K R Y P T O N-ulkoasuun.</summary>
		<summary lang="fr_FR">L'habillage Titan MOD K R Y P T O N for Kodi K R Y P T O N de MediaPortal adapté à Kodi et enrichi avec de nombreuses fonctionnalités</summary>
		<summary lang="he_IL">המעטפת Titan MOD K R Y P T O N for Kodi K R Y P T O N שבמקור נוצרה עבור MediaPortal, שודרגה ביכולות רבות ושילוב מלא של MediaBrowser.</summary>
		<summary lang="hr_HR">MediaPortal Titan MOD K R Y P T O N for Kodi K R Y P T O N presvlaka prebačena na Kodi i obogaćena s puno dodatnih mogućnosti.</summary>
		<summary lang="it_IT">La skin di MediaPortal Titan MOD K R Y P T O N for Kodi K R Y P T O N arriva su Kodi arricchita con molte feature e piena integrazione di MediaBrowser</summary>
		<summary lang="lt_LT">MediaPortal'o Titan MOD K R Y P T O N for Kodi K R Y P T O N teminė išvaizda perkelta į Kodi ir papildyta daugybe funkcijų bei pilna MediaBrowser integracija.</summary>
		<summary lang="ms_MY">Kulit Titan MOD K R Y P T O N for Kodi K R Y P T O N MediaPortal diport ke Kodi ditambahbaik dengan pelbagai fitur.</summary>
		<summary lang="nl_NL">De Titan MOD K R Y P T O N for Kodi K R Y P T O Nskin van MediaPortal is geconverteerd naar Kodi en verrijkt met talloze functionaliteiten</summary>
		<summary lang="pl_PL">Skóra Titan MOD K R Y P T O N for Kodi K R Y P T O N przeniesiona z programu MediaPortal do Kodi wzbogacona o dodatkowe funkcje.</summary>
		<summary lang="pt_BR">A skin Titan MOD K R Y P T O N for Kodi K R Y P T O N portada do MediaPortal para o Kodi foi enriquecida com várias funcionalidades.</summary>
		<summary lang="ru_RU">Обложка Titan MOD K R Y P T O N for Kodi K R Y P T O N была портирована с MediaPortal на Kodi и обзавелась множеством новых возможностей</summary>
		<summary lang="sr_RS">Titan MOD K R Y P T O N for Kodi K R Y P T O N маска MediaPortala портована за Kodi обогаћена са доста карактеристика.</summary>
		<summary lang="sr_RS@latin">Titan MOD K R Y P T O N for Kodi K R Y P T O N maska MediaPortala portovana za Kodi obogaćena sa dosta karakteristika.</summary>
		<summary lang="tr_TR">MediaPortal'ın Titan MOD K R Y P T O N for Kodi K R Y P T O N dış görünümü, pek çok özellikle zenginleştirilerek Kodi'ye aktarıldı.</summary>
		<summary lang="zh_CN">MediaPortal's Titan MOD K R Y P T O N for Kodi K R Y P T O N 皮肤富含大量的功能。</summary>
		<platform>all</platform>
		<license>GPL v2.0</license>
		<forum>https://forum.kodi.tv/showthread.php?tid=330749</forum>
		<website>http://forum.kodi.tv/forumdisplay.php?fid=212</website>
		<email></email>
		<source></source>
		<assets>
			<icon>icon.png</icon>
			<fanart>fanart.jpg</fanart>
			<screenshot>_screenshots/screenshot000.jpg</screenshot>
			<screenshot>_screenshots/screenshot001.jpg</screenshot>
			<screenshot>_screenshots/screenshot002.jpg</screenshot>
			<screenshot>_screenshots/screenshot003.jpg</screenshot>
			<screenshot>_screenshots/screenshot004.jpg</screenshot>
			<screenshot>_screenshots/screenshot005.jpg</screenshot>
			<screenshot>_screenshots/screenshot006.jpg</screenshot>
			<screenshot>_screenshots/screenshot007.jpg</screenshot>
			<screenshot>_screenshots/screenshot008.jpg</screenshot>
			<screenshot>_screenshots/screenshot009.jpg</screenshot>
			<screenshot>_screenshots/screenshot010.jpg</screenshot>
			<screenshot>_screenshots/screenshot011.jpg</screenshot>
			<screenshot>_screenshots/screenshot012.jpg</screenshot>
			<screenshot>_screenshots/screenshot013.jpg</screenshot>
			<screenshot>_screenshots/screenshot014.jpg</screenshot>
			<screenshot>_screenshots/screenshot015.jpg</screenshot>
			<screenshot>_screenshots/screenshot016.jpg</screenshot>
			<screenshot>_screenshots/screenshot017.jpg</screenshot>
			<screenshot>_screenshots/screenshot018.jpg</screenshot>
			<screenshot>_screenshots/screenshot019.jpg</screenshot>
		</assets>
		<news>
		[B][COLOR=FF00b8ff]Version -  17.1.9[/COLOR][/B]
		
		[B]LOCALLY STORED TRAILERS AND FALLBACK [/B]
			- The skin can check if local trailers exists on specific views (all with a preview window) but actual just playback with "on up" in  Netflix Views(525,523)

		[trailers need to be in ".mp4" format and named "(foldername)-trailer]

		example -> [*path*/(tvshow/movietitle=FOLDERNAME)/FOLDERNAME-trailer.mp4]

		example for Shows >		\*whatever*\Bates Motel\Bates Motel-trailer.mp4
		\*whatever*\House of Cards (US)\House of Cards (US)-trailer.mp4

		example for Movies >	\*whatever*\12 Years a Slave (2013)\12 Years a Slave (2013)-trailer.mp4
		\*whatever*\16 Uhr 50 ab Paddington (1961)\16 Uhr 50 ab Paddington (1961)-trailer.mp4

		[B]SCREEN CALIBRATION[/B]
		- wasnt working, fixed trough missing xml

		[B]CURRENTY PLAYING BAR[/B]
		- no info if trailer is playing, info if theme is playing
		- fixed some issues for PVR Video Preview
		- adjust for Netflix views

		[B]DIALOG CONFIRM :[/B]
		- fixed, no focus on cancel/ok if its the only available option

		[B]DIALOG VIDEO INFO[/B]
		- use multiline for titles, reduced width due to overlay issues with revenue. etc

		[B]FANART VIEW 507 - https://streamable.com/cjau0 [/B]
		- add/change layout if "show Info" enebled
		- add some more view options (frames, info right)
		- add play trailer method to on up, stop on down, go fullscreen if trailer is playing on up
		- add/import skin "bello" showcase overlay by User Nessus ->  https://streamable.com/wfxdq

		[B]PANEL VIEW 52 - https://streamable.com/crna1 [/B]
		- add layout for thumbs/fanart instead special info
		- add toggle option for booth (Info and thumbs) to show info on bottom
		- add toggle option for booth (Info and thumbs) to show info on bottom
		- add auto play trailer, and the new trailer check method

		[B]SKINSEETING[/B]
		- related to views (Netflix,525,523) - play locally stored trailers for tv shows, need to have "[TVSHOWTILTE=Foldername]-tvshowtrailer.mp4" in main directory of tvshow
		- added addon support for "TV Melodys" (plays theme.** audia files in library for movies and TV shows), - if playing its hiding the currently playing bar
		- dont show "use gradient color effect" if using netflix OSD

		[B]NETFLIX WIDE - View(526)[/B]
		- edjust labels Season and episodes seperate , to have no issues with custom names (had shifted labels before)

		[B]KODI LEIA CHANGE[/B]
		- kodi no longer supports digital sound processing addons. these two dialogs were removed:
		- AudioDSPManager (DialogAudioDSPManager.xml) ;  OSDAudioDSPSettings
		- DialogMasterModeFreeSurround.xml , DialogParametricEQ.xml , DialogSpeakerDistance.xml, DialogSpeakerGain.xml
		- this defaulticon is removed media/DefaultAddonAudioDSP.png 

		[B]VIDEOINFO AND SKINSETTING[/B]
		-  removed autoplay trailer option for videoinfo screen (temporally?) - beacuse playing in loop if not stop by keybord with "x"

		[B]OSD[/B]
		- make it slim again, if "Show Info on OSD" is toggled off (skinsetting /OSD Button to toggle) (SLIM)
		- conditional [CR], default OSD, no ionfo, fixed high width title overlays (DEFAULT)
		- fixed visible slider on OSD settings (ALL)
		- OSD Netflix : dim video when info /plot showing
		- OSD Netflix : reduce size of ClearLogo and Titles by 50%
		- OSD :  adjust clear art positions

		[B]BINGIE HOME[/B]
		- Home (Netflix2/Bingie) moved ratings 12 pixels up
		- removed big menu layout
		- improved focus spotlight on up, from 1st widget row
		- fix stuck in button 53 (e.g. yt scraped trailer dleted/n/a) - click down to focus widgets again
		- click left to focus custom shutdown (main has focus) - keept also onback/return
		- click left to focus main (custom shutdown has focus) - keept also onback/return
		- use custom shutdown menu
		- user can choose items via shortcut settings  (configure shortcuts -> customize powermenu)
		- user can hide custom shutdown via skinsetting (Homescreen Layout -> Homescreen Options)
		- removed uppercase from title , since uppercase tags inside the var is fine
		- add condition for circular nav (@cscott1)
		- on down from last main menu item the custom sd get focus...
		- on up from first custom sd item the last main menu item get focus...
		... if using circular navigation is enebled
    </news>
	</extension>
</addon>
