<?xml version="1.0" encoding="utf-8"?>
<window>
	<!-- <defaultcontrol always="true">3333</defaultcontrol> -->
	<defaultcontrol>3000</defaultcontrol>
	<menucontrol>8000</menucontrol>
	<onload>RunScript(script.embuary.helper,action=encode,string='"$VAR[ArtistOrTitle]"',prop=MusicInfoEncodedTitle)</onload>
	<onunload>ClearProperty(MusicInfoEncodedTitle,home)</onunload>
	<onload>SetFocus(3101)</onload>
	
	
<!-- 	1.14 DialogMusicInfo.xml
ID 	Type 		Description
6 	button 		Refresh artist information / Refresh album information
7 	button 		User rating
10 	button 		Get artist thumbnail / Get album thumbnail
11 	button 		Connect to the Last.fm radio channel for this artist
12 	button 		Get artist fanart image
13 	button 		Get song thumbnail
50 	container 	Discography of the selected artist / tracks on the selected album / contributors on the selected song  -->

<controls>
	
	
	
<include condition="!Skin.HasSetting(MusicInfo_layout1)">Musicinfo_Layout1</include>

<include condition="Skin.HasSetting(MusicInfo_layout2)">Musicinfo_Layout2</include>

<include content="swan_debug_overlay">
	<param name="textleft" value="
	
		
$INFO[Container(98).ListItem.dbid,dbid 98  : ,]
	
$INFO[ListItem.TrackNumber,TrackNumber: ,]
$INFO[ListItem.Artist]
$INFO[ListItem.AlbumArtist]
$INFO[ListItem.Property(Artist_Born)]
$INFO[ListItem.Property(Artist_Died)]
$INFO[ListItem.Property(Artist_Formed)]
$INFO[ListItem.Property(Artist_Disbanded)]
$INFO[ListItem.Property(Artist_YearsActive)]
$INFO[ListItem.Property(Artist_Instrument)]

$INFO[ListItem.Property(Artist_Mood)]
$INFO[ListItem.Property(Artist_Style)]
$INFO[ListItem.Property(Artist_Genre)]
$INFO[Listitem.Property(Artist_Sortname)]
$INFO[Listitem.Property(Artist_Type)]
$INFO[Listitem.Property(Artist_Gender)]
$INFO[Listitem.Property(Artist_Disambiguation)]

$INFO[Listitem.Album]
$INFO[Listitem.Property(Album_Mood)]
$INFO[Listitem.Property(Album_Style)]
$INFO[Listitem.Property(Album_Theme)]
$INFO[Listitem.Property(Album_Type)]
$INFO[Listitem.Property(Album_Label)]
$INFO[Listitem.Property(Album_Description)]
$INFO[Listitem.Property(Album_Rating)]
$INFO[Listitem.Property(Album_UserRating)]
$INFO[Listitem.DiscNumber]
$INFO[Listitem.Year]
$INFO[Listitem.Genre]
$INFO[Listitem.dbtype]
$INFO[Listitem.dbid]
$INFO[Listitem.duration]
$INFO[Listitem.duration(hh:mm:ss)]

"/>
</include>
<!-- $INFO[ListItem.Property(Artist_Description),description: ,] -->
</controls>


</window>
