<?xml version="1.0" encoding="UTF-8"?>
<window type="dialog" id="1112">

cant check for container if not current container in current wiondow
	<visible>Container(110).IsUpdating + !String.IsEmpty(Window(1111).Property(ForcedelayedFocus))</visible>
	
	<animation effect="fade" start="100" end="0" time="325">WindowClose</animation>
	
	<!-- 
	
	<onunload>RunScript(script.embuary.helper,action=resetposition,container=$INFO[Window(1111).Property(ContainerID)])</onunload>
	-->
	<onload>Notification(WINDOW 1112,IS VISIBLE)</onload>
	
	<onunload>SendClick(1111,333)</onunload>
	
	<controls />
</window>