<?xml version="1.0" encoding="UTF-8"?>
<window id="1101">
	<backgroundcolor>ff181818</backgroundcolor>
	<defaultcontrol always="true">100</defaultcontrol>
	<include>Animation_OpenClose_Zoom</include>
	
	<controls>
		
		<!--
		check for fail
		<setting id="userwidget$INFO[Window(home).Property(shortcutitem_nr)]_path,)</onfocus>
		-->
		<control type="button" id="103">
				<include content="HiddenObject" />
				<!-- reset settings , after skinhelper.addons disabled ? to get rid of them in skinsettings is worth a test -->
				<!-- <onfocus>Skin.ResetSettings</onfocus> -->
				
				
				<onfocus>Skin.SetBool(ShowFanartBackground)</onfocus>
				<onfocus>Skin.SetBool(BackgroundAnimation)</onfocus>
				<onfocus>Skin.SetBool(bg_use_coloredglass)</onfocus>
				
				
				<onfocus>Skin.SetString(texture_global_background_layer3,special://skin/extras/backgroundoverlay/Gradient Bottom.png)</onfocus>
				<onfocus>Skin.SetString(texture_global_background_layer3,special://skin/extras/backgroundoverlay/Gradient Bottom.png)</onfocus>
				<onfocus>Skin.SetString(texture_home_background_layer3,special://skin/extras/backgroundoverlay/overlay_3.png</onfocus>
   
				<onfocus>Skin.SetBool(useshortcut_mainmenu)</onfocus>
				
				<onfocus>Skin.SetString(mainmenuitem1_name,Search)</onfocus>
				<onfocus>Skin.SetString(mainmenuitem1_path,1120)</onfocus>
				<onfocus>Skin.SetString(mainmenuitem1_thumb,special://skin/extras/tempfoldersqaurethumbs/search.png)</onfocus>
				
				<onfocus condition="Library.HasContent(Music)">Skin.SetString(mainmenuitem3_name,Music Hub)</onfocus>
				<onfocus condition="Library.HasContent(Music)">Skin.SetString(mainmenuitem3_path,1110)</onfocus>
				<onfocus condition="Library.HasContent(Music)">Skin.SetString(mainmenuitem3_thumb,defaultaddonaudiodecoder.png)</onfocus>
				
				<onfocus condition="Library.HasContent(Movies)">Skin.SetString(mainmenuitem5_name,Movies)</onfocus>
				<onfocus condition="Library.HasContent(Movies)">Skin.SetString(mainmenuitem5_target,videos)</onfocus>
				<onfocus condition="Library.HasContent(Movies)">Skin.SetString(mainmenuitem5_path,videodb://movies/)</onfocus>
				<onfocus condition="Library.HasContent(Movies)">Skin.SetString(mainmenuitem5_thumb,special://skin/extras/tempfoldersqaurethumbs/studios.png)</onfocus>
				
				<onfocus condition="Library.HasContent(TVShows)">Skin.SetString(mainmenuitem6_name,TV shows)</onfocus>
				<onfocus condition="Library.HasContent(TVShows)">Skin.SetString(mainmenuitem6_target,videos)</onfocus>
				<onfocus condition="Library.HasContent(TVShows)">Skin.SetString(mainmenuitem6_path,videodb://tvshows/)</onfocus>
				<onfocus condition="Library.HasContent(TVShows)">Skin.SetString(mainmenuitem6_thumb,special://skin/extras/tempfoldersqaurethumbs/tv_2.png)</onfocus>
				
				<onfocus condition="System.HasAddon(plugin.video.netflix)">Skin.SetString(mainmenuitem7_name,NetfliX)</onfocus>
				<onfocus condition="System.HasAddon(plugin.video.netflix)">Skin.SetString(mainmenuitem7_target,videos)</onfocus>
				<onfocus condition="System.HasAddon(plugin.video.netflix)">Skin.SetString(mainmenuitem7_path,plugin://plugin.video.netflix/)</onfocus>
				<onfocus condition="System.HasAddon(plugin.video.netflix)">Skin.SetString(mainmenuitem7_thumb,icons/netflix.png)</onfocus>
				
				<onfocus condition="System.HasAddon(script.embuary.info)">Skin.SetString(mainmenuitem8_name,The movie db)</onfocus>
				<onfocus condition="System.HasAddon(script.embuary.info)">Skin.SetString(mainmenuitem8_target,videos)</onfocus>
				<onfocus condition="System.HasAddon(script.embuary.info)">Skin.SetString(mainmenuitem8_path,plugin://script.embuary.info/)</onfocus>
				<onfocus condition="System.HasAddon(script.embuary.info)">Skin.SetString(mainmenuitem8_thumb,icons/themoviedb.png)</onfocus>
				
				<onfocus condition="System.HasAddon(plugin.video.youtube)">Skin.SetString(mainmenuitem9_name,You Tube)</onfocus>
				<onfocus condition="System.HasAddon(plugin.video.youtube)">Skin.SetString(mainmenuitem9_target,videos)</onfocus>
				<onfocus condition="System.HasAddon(plugin.video.youtube)">Skin.SetString(mainmenuitem9_path,plugin://plugin.video.youtube/)</onfocus>
				<onfocus condition="System.HasAddon(plugin.video.youtube)">Skin.SetString(mainmenuitem9_thumb,icons/youtube.png)</onfocus>
				
				<onfocus condition="Library.HasContent(Music)">Skin.SetString(mainmenuitem10_name,Music)</onfocus>
				<onfocus condition="Library.HasContent(Music)">Skin.SetString(mainmenuitem10_target,music)</onfocus>
				<onfocus condition="Library.HasContent(Music)">Skin.SetString(mainmenuitem10_path,library://music/)</onfocus>
				<onfocus condition="Library.HasContent(Music)">Skin.SetString(mainmenuitem10_thumb,special://skin/extras/tempfoldersqaurethumbs/music_6.png)</onfocus>
				
				pictures ?
				
				<onfocus>Skin.SetString(mainmenuitem15_name,Favourites)</onfocus>
				<onfocus>Skin.SetString(mainmenuitem15_path,favourites)</onfocus>
				<onfocus>Skin.SetString(mainmenuitem15_thumb,special://skin/extras/tempfoldersqaurethumbs/favourites_1.png)</onfocus>
				
				
				
				<onfocus>Skin.SetBool(hideprofile_header)</onfocus>
				<onfocus>Skin.SetBool(show_studio_flag)</onfocus>
				<onfocus>Skin.SetBool(show_imdbtop250_rating)</onfocus>
					<!-- check addon settings to fetch defaults and just enable default scrapes and if set the aditional ones -->
				<onfocus>Skin.SetBool(show_themoviedb_rating)</onfocus>
				<onfocus>Skin.SetBool(show_tvdb_rating)</onfocus>
				<!--
				show_metacritic_rating
				show_tomatometerallaudience_rating
				show_tomatometerallcritics_rating
				-->
				<onfocus>Skin.SetBool(force_stayinmusichub)</onfocus>
				
				<onfocus>Skin.SetBool(showosd_onstart)</onfocus>
				<onfocus>Skin.SetBool(musicplayer_backgroundanimation)</onfocus>
				<onfocus>Skin.SetBool(rotating_musicplayerfanart)</onfocus>
				
				<onfocus condition="Library.HasContent(movies)">Skin.SetString(userwidget1_name,Movie Genres)</onfocus>
				<onfocus condition="Library.HasContent(movies)">Skin.SetBool(userwidget1_issection)</onfocus>
				<onfocus condition="Library.HasContent(movies)">Skin.SetBool(userwidget1_forceTag)</onfocus>
				<onfocus condition="Library.HasContent(movies)">Skin.SetString(userwidget1_layout,landscape)</onfocus>
				<onfocus condition="Library.HasContent(movies)">Skin.SetString(userwidget1_target,videos)</onfocus>
				<onfocus condition="Library.HasContent(movies)">Skin.SetString(userwidget1_path,videodb://movies/genres/)</onfocus>
							
				<onfocus condition="Library.HasContent(movies)">Skin.SetString(userwidget2_name,New Movies)</onfocus>
				<onfocus condition="Library.HasContent(movies)">Skin.SetBool(userwidget2_bottominfo)</onfocus>
				<onfocus condition="Library.HasContent(movies)">Skin.SetBool(userwidget2_forcefixedlist)</onfocus>
				<onfocus condition="Library.HasContent(movies)">Skin.SetString(userwidget2_layout,poster)</onfocus>
				<onfocus condition="Library.HasContent(movies)">Skin.SetString(userwidget2_target,videos)</onfocus>
				<onfocus condition="Library.HasContent(movies)">Skin.SetString(userwidget2_path,videodb://movies/titles/)</onfocus>
				<onfocus condition="Library.HasContent(movies)">Skin.SetString(userwidget2_sortby,dateadded)</onfocus>
				<onfocus condition="Library.HasContent(movies)">Skin.SetString(userwidget2_sortorder,descending)</onfocus>
				<onfocus condition="Library.HasContent(movies)">Skin.SetString(userwidget2_limit,100)</onfocus>
				
				<onfocus condition="Library.HasContent(movies)">Skin.SetString(userwidget3_name,Imdb Top 250 Movies)</onfocus>
				<onfocus condition="Library.HasContent(movies)">Skin.SetBool(userwidget3_bottominfo)</onfocus>
				<onfocus condition="Library.HasContent(movies)">Skin.SetBool(userwidget3_forcefixedlist)</onfocus>
				<onfocus condition="Library.HasContent(movies)">Skin.SetString(userwidget3_layout,landscape)</onfocus>
				<onfocus condition="Library.HasContent(movies)">Skin.SetString(userwidget3_target,videos)</onfocus>
				<onfocus condition="Library.HasContent(movies)">Skin.SetString(userwidget3_path,special://skin/playlists/video/ImdbTop250.xsp)</onfocus>
						<!-- workaraound for sortorder sortby not respected -->
						<onfocus condition="Library.HasContent(movies)">Skin.SetString(userwidget3_sortby,top250)</onfocus>
						<onfocus condition="Library.HasContent(movies)">Skin.SetString(userwidget3_sortorder,ascending)</onfocus>
				
				<onfocus condition="Library.HasContent(movies)">Skin.SetString(userwidget4_name,In Spothlight  Movies)</onfocus>
				<onfocus condition="Library.HasContent(movies)">Skin.SetBool(userwidget4_bottominfo)</onfocus>
				<onfocus condition="Library.HasContent(movies)">Skin.SetBool(userwidget4_forcefixedlist)</onfocus>
				<onfocus condition="Library.HasContent(movies)">Skin.SetString(userwidget4_layout,circle)</onfocus>
				<onfocus condition="Library.HasContent(movies)">Skin.SetString(userwidget4_target,videos)</onfocus>
				<onfocus condition="Library.HasContent(movies)">Skin.SetString(userwidget4_path,special://skin/playlists/video/spotlight_movies.xsp)</onfocus>
				<!-- <onfocus condition="Library.HasContent(movies)">Skin.SetString(userwidget4_path,videodb://movies/titles/?xsp=%7B%22limit%22%3A1%2C%22order%22%3A%7B%22direction%22%3A%22ascending%22%2C%22ignorefolders%22%3A0%2C%22method%22%3A%22random%22%7D%2C%22rules%22%3A%7B%22or%22%3A%5B%7B%22field%22%3A%22rating%22%2C%22operator%22%3A%22greaterthan%22%2C%22value%22%3A%5B%226.9%22%5D%7D%2C%7B%22field%22%3A%22playcount%22%2C%22operator%22%3A%22is%22%2C%22value%22%3A%5B%220%22%5D%7D%2C%7B%22field%22%3A%22dateadded%22%2C%22operator%22%3A%22inthelast%22%2C%22value%22%3A%5B%2260%20days%22%5D%7D%5D%7D%2C%22type%22%3A%22movies%22%7D)</onfocus> -->
				
				<onfocus condition="Library.HasContent(moviesets)">Skin.SetString(userwidget5_name,Movie Sets)</onfocus>
				<onfocus condition="Library.HasContent(moviesets)">Skin.SetBool(userwidget5_forceTag)</onfocus>
				<onfocus condition="Library.HasContent(moviesets)">Skin.SetString(userwidget5_layout,poster)</onfocus>
				<onfocus condition="Library.HasContent(moviesets)">Skin.SetString(userwidget5_target,videos)</onfocus>
				<onfocus condition="Library.HasContent(moviesets)">Skin.SetString(userwidget5_path,videodb://movies/sets/)</onfocus>
				<onfocus condition="Library.HasContent(moviesets)">Skin.SetString(userwidget5_limit,100)</onfocus>
				
				<onfocus condition="Library.HasContent(movies)">Skin.SetString(userwidget20_name,Upcoming Movies)</onfocus>
				<onfocus condition="Library.HasContent(movies)">Skin.SetBool(userwidget20_bottominfo)</onfocus>
				<onfocus condition="Library.HasContent(movies)">Skin.SetBool(userwidget20_forcefixedlist)</onfocus>
				<onfocus condition="Library.HasContent(movies)">Skin.SetString(userwidget20_layout,poster)</onfocus>
				<onfocus condition="Library.HasContent(movies)">Skin.SetString(userwidget20_target,videos)</onfocus>
				<onfocus condition="Library.HasContent(movies)">Skin.SetString(userwidget20_path,plugin://script.embuary.info/movie/upcoming)</onfocus>
				<onfocus condition="Library.HasContent(movies)">Skin.SetString(userwidget20_limit,50)</onfocus>
				
				<onfocus condition="Library.HasContent(tvshows)">Skin.SetString(userwidget30_name,TV Show Genres)</onfocus>
				<onfocus condition="Library.HasContent(tvshows)">Skin.SetBool(userwidget30_issection)</onfocus>
				<onfocus condition="Library.HasContent(tvshows)">Skin.SetBool(userwidget30_forceTag)</onfocus>
				<onfocus condition="Library.HasContent(tvshows)">Skin.SetString(userwidget30_layout,landscape)</onfocus>
				<onfocus condition="Library.HasContent(tvshows)">Skin.SetString(userwidget30_target,videos)</onfocus>
				<onfocus condition="Library.HasContent(tvshows)">Skin.SetString(userwidget30_path,videodb://tvshows/genres/)</onfocus>
				
				<onfocus condition="Library.HasContent(tvshows)">Skin.SetString(userwidget31_name,Recently Watched TV  Shows)</onfocus>
				<onfocus condition="Library.HasContent(tvshows)">Skin.SetBool(userwidget31_forceTag)</onfocus>
				<onfocus condition="Library.HasContent(tvshows)">Skin.SetString(userwidget31_layout,poster)</onfocus>
				<onfocus condition="Library.HasContent(tvshows)">Skin.SetString(userwidget31_target,videos)</onfocus>
				<onfocus condition="Library.HasContent(tvshows)">Skin.SetString(userwidget31_path,videodb://tvshows/titles/)</onfocus>
				<onfocus condition="Library.HasContent(tvshows)">Skin.SetString(userwidget31_sortby,lastplayed)</onfocus>
				<onfocus condition="Library.HasContent(tvshows)">Skin.SetString(userwidget31_sortorder,descending)</onfocus>
				<onfocus condition="Library.HasContent(tvshows)">Skin.SetString(userwidget31_limit,0)</onfocus>
							
				<onfocus condition="Library.HasContent(tvshows)">Skin.SetString(userwidget33_name,Next Up)</onfocus>
				<onfocus condition="Library.HasContent(tvshows)">Skin.SetBool(userwidget33_forceTag)</onfocus>
				<onfocus condition="Library.HasContent(tvshows)">Skin.SetString(userwidget33_layout,landscape)</onfocus>
				<onfocus condition="Library.HasContent(tvshows)">Skin.SetString(userwidget33_target,videos)</onfocus>
				<onfocus condition="Library.HasContent(tvshows)">Skin.SetString(userwidget33_path,plugin://script.embuary.helper/?info=getnextup&amp;type=tvshow)</onfocus>
				
				<onfocus condition="Library.HasContent(tvshows)">Skin.SetString(userwidget34_name,In Spothlight  Shows)</onfocus>
				<onfocus condition="Library.HasContent(tvshows)">Skin.SetBool(userwidget34_bottominfo)</onfocus>
				<onfocus condition="Library.HasContent(tvshows)">Skin.SetBool(userwidget34_forcefixedlist)</onfocus>
				<onfocus condition="Library.HasContent(tvshows)">Skin.SetString(userwidget34_layout,circle)</onfocus>
				<onfocus condition="Library.HasContent(tvshows)">Skin.SetString(userwidget34_target,videos)</onfocus>
				<onfocus condition="Library.HasContent(tvshows)">Skin.SetString(userwidget34_path,videodb://tvshows/titles/?xsp=%7B%22limit%22%3A100%2C%22order%22%3A%7B%22direction%22%3A%22ascending%22%2C%22ignorefolders%22%3A0%2C%22method%22%3A%22random%22%7D%2C%22rules%22%3A%7B%22or%22%3A%5B%7B%22field%22%3A%22rating%22%2C%22operator%22%3A%22greaterthan%22%2C%22value%22%3A%5B%226.9%22%5D%7D%2C%7B%22field%22%3A%22playcount%22%2C%22operator%22%3A%22is%22%2C%22value%22%3A%5B%220%22%5D%7D%2C%7B%22field%22%3A%22dateadded%22%2C%22operator%22%3A%22inthelast%22%2C%22value%22%3A%5B%2260%20days%22%5D%7D%5D%7D%2C%22type%22%3A%22tvshows%22%7D)</onfocus>
				
				
				<onfocus condition="Library.HasContent(music)">Skin.SetString(userwidget50_name,Music Genres)</onfocus>
				<onfocus condition="Library.HasContent(music)">Skin.SetBool(userwidget50_issection)</onfocus>
				<onfocus condition="Library.HasContent(music)">Skin.SetBool(userwidget50_forceTag)</onfocus>
				<onfocus condition="Library.HasContent(music)">Skin.SetString(userwidget50_layout,landscape)</onfocus>
				<onfocus condition="Library.HasContent(music)">Skin.SetString(userwidget50_target,music)</onfocus>
				<onfocus condition="Library.HasContent(music)">Skin.SetString(userwidget50_path,musicdb://genres/)</onfocus>
				
				
				<onfocus condition="Library.HasContent(music)">Skin.SetString(userwidget51_name,My Music Playlists)</onfocus>
				<onfocus condition="Library.HasContent(music)">Skin.SetString(userwidget51_layout,banner)</onfocus>
				<onfocus condition="Library.HasContent(music)">Skin.SetString(userwidget51_target,music)</onfocus>
				<onfocus condition="Library.HasContent(music)">Skin.SetString(userwidget51_path,special://musicplaylists/)</onfocus>
				
				
				<onfocus condition="Library.HasContent(music)">Skin.SetString(userwidget52_name,Random Artists)</onfocus>
				<onfocus condition="Library.HasContent(music)">Skin.SetBool(userwidget52_bottominfo)</onfocus>
				<onfocus condition="Library.HasContent(music)">Skin.SetBool(userwidget52_forcefixedlist)</onfocus>
				<onfocus condition="Library.HasContent(music)">Skin.SetString(userwidget52_layout,landscape)</onfocus>
				<onfocus condition="Library.HasContent(music)">Skin.SetString(userwidget52_target,music)</onfocus>
				<onfocus condition="Library.HasContent(music)">Skin.SetString(userwidget52_path,musicdb://artists/)</onfocus>
				<onfocus condition="Library.HasContent(music)">Skin.SetString(userwidget52_sortby,random)</onfocus>
				<onfocus condition="Library.HasContent(music)">Skin.SetString(userwidget52_limit,100)</onfocus>
				
				<onfocus condition="Library.HasContent(music)">Skin.SetString(userwidget53_name,New Albums)</onfocus>
				<onfocus condition="Library.HasContent(music)">Skin.SetBool(userwidget53_forceTag)</onfocus>
				<onfocus condition="Library.HasContent(music)">Skin.SetString(userwidget53_layout,square)</onfocus>
				<onfocus condition="Library.HasContent(music)">Skin.SetString(userwidget53_target,music)</onfocus>
				<onfocus condition="Library.HasContent(music)">Skin.SetString(userwidget53_path,musicdb://recentlyaddedalbums/)</onfocus>
				
<!-- <onfocus>Skin.SetString(userwidget55_name,ost test)</onfocus>
				<onfocus>Skin.SetBool(userwidget55_forceTag)</onfocus>
				<onfocus>Skin.SetString(userwidget55_layout,square)</onfocus>
				<onfocus>Skin.SetString(userwidget55_target,music)</onfocus>
 <onfocus>Skin.SetString(userwidget55_path,musicdb://albums/?xsp=%7B%22limit%22%3A0%2C%22order%22%3A%7B%22direction%22%3A%22ascending%22%2C%22ignorefolders%22%3A0%2C%22method%22%3A%22random%22%7D%2C%7B%22rules%22%3A%7B%22or%22%3A%5B%7B%22field%22%3A%22albumtype%22%2C%22operator%22%3A%22contains%22%2C%22value%22%3A%5B%22sound%22%5D%7D%5D%7D%2C%22type%22%3A%22albums%22%7D/)</onfocus>
 <onfocus>Skin.SetString(userwidget55_path,musicdb://albums/?xsp=%7B%22limit%22%3A0%2C%22order%22%3A%7B%22direction%22%3A%22ascending%22%2C%22ignorefolders%22%3A0%2C%22method%22%3A%22random%22%7D%2C%7B%22rules%22%3A%7B%22or%22%3A%5B%7B%22field%22%3A%22album%22%2C%22operator%22%3A%22contains%22%2C%22value%22%3A%5B%22ost%22%5D%7D%2C%7B%22field%22%3A%22album%22%2C%22operator%22%3A%22contains%22%2C%22value%22%3A%5B%22o.s.t.%22%5D%7D%2C%7B%22field%22%3A%22album%22%2C%22operator%22%3A%22contains%22%2C%22value%22%3A%5B%22soundtrack%22%5D%7D%2C%7B%22field%22%3A%22album%22%2C%22operator%22%3A%22contains%22%2C%22value%22%3A%5B%22original%20motion%20picture%22%5D%7D%2C%7B%22field%22%3A%22albumtype%22%2C%22operator%22%3A%22contains%22%2C%22value%22%3A%5B%22soundtrack%22%5D%7D%5D%7D%2C%22type%22%3A%22albums%22%7D</onfocus>
 -->
				<onfocus condition="Library.HasContent(musicvideos)">Skin.SetString(userwidget60_name,Music Videos)</onfocus>
				<onfocus condition="Library.HasContent(musicvideos)">Skin.SetBool(userwidget60_issection)</onfocus>
				<onfocus condition="Library.HasContent(musicvideos)">Skin.SetBool(userwidget60_forceTag)</onfocus>
				<onfocus condition="Library.HasContent(musicvideos)">Skin.SetString(userwidget60_layout,landscape)</onfocus>
				<onfocus condition="Library.HasContent(musicvideos)">Skin.SetString(userwidget60_target,music)</onfocus>
				<onfocus condition="Library.HasContent(musicvideos)">Skin.SetString(userwidget60_path,videodb://musicvideos/)</onfocus>
				
				<onfocus condition="Library.HasContent(musicvideos)">Skin.SetString(userwidget61_name,Random Musicvideos)</onfocus>
				<onfocus condition="Library.HasContent(musicvideos)">Skin.SetBool(userwidget61_bottominfo)</onfocus>
				<onfocus condition="Library.HasContent(musicvideos)">Skin.SetBool(userwidget61_forcefixedlist)</onfocus>
				<onfocus condition="Library.HasContent(musicvideos)">Skin.SetString(userwidget61_layout,landscape)</onfocus>
				<onfocus condition="Library.HasContent(musicvideos)">Skin.SetString(userwidget61_target,videos)</onfocus>
				<onfocus condition="Library.HasContent(musicvideos)">Skin.SetString(userwidget61_path,videodb://musicvideos/titles/)</onfocus>
				<onfocus condition="Library.HasContent(musicvideos)">Skin.SetString(userwidget61_sortby,random)</onfocus>
				<onfocus condition="Library.HasContent(musicvideos)">Skin.SetString(userwidget61_limit,100)</onfocus>
				
				<onfocus condition="Library.HasContent(musicvideos)">Skin.SetString(userwidget62_name,Music Video Genres)</onfocus>
				<onfocus condition="Library.HasContent(musicvideos)">Skin.SetString(userwidget62_layout,banner)</onfocus>
				<onfocus condition="Library.HasContent(musicvideos)">Skin.SetString(userwidget62_target,videos)</onfocus>
				<onfocus condition="Library.HasContent(musicvideos)">Skin.SetString(userwidget62_path,videodb://musicvideos/genres/)</onfocus>
				
				<onfocus>Skin.SetBool(initial_startup_done)</onfocus>
				
				<onfocus>ReplaceWindow($VAR[check_startup])</onfocus>
		</control>
		
		<!-- <control type="image">
			<texture colordiffuse="f2181818">colors/white.png</texture>
			<bordertexture>special://skin/extras/backgroundimages/mohammad-alizade-XgeZu2jBaVI-unsplash.jpg</bordertexture>
		</control> -->
		
		<control type="image">
			<texture colordiffuse="ff181818">colors/white.png</texture>
		</control>
		
		<control type="group">
			<control type="grouplist" id="99">
				
				<centerleft>50%</centerleft>
				<centertop>50%</centertop>
				
				<orientation>vertical</orientation>
				<itemgap>10</itemgap>
				<align>center</align>
				<width>100%</width>
				<height>90%</height>
				<usecontrolcoords>true</usecontrolcoords>
				
				<control type="label">
					<description>‡</description>
					<include>Animation_VisibleHidden_Zoom</include>
					<height>120</height>
					<font>font45_title</font>
					<textcolor>FFA71B6A</textcolor>
					<align>center</align>
					<aligny>bottom</aligny>
					<label>[B]Welcome[/B]</label>
				</control>
				
				<control type="group">
					
					<height>280</height>
					<width>100%</width>
					<control type="image">
						<top>-47</top>
						<height>315</height>
						<width>100%</width>
						<texture diffuse="colors/white70.png" colordiffuse="color_home_menu_accent">special://skin/extras/busy/busyload3.apng</texture>
						<aspectratio align="center">keep</aspectratio>
					</control>
					<control type="image">
						<animation effect="fade" start="100" end="50" time="1300" pulse="true" condition="true">conditional</animation>
						<!-- <animation effect="zoom" delay="700" start="100,100" center="auto" end="150,150" time="1000" pulse="true" condition="true">Conditional</animation> -->
						<height>220</height>
						<width>100%</width>
						<aspectratio align="center">keep</aspectratio>
						<texture colordiffuse="color_home_menu_accent">icons/swanglow.png</texture>
					</control>
				</control>
				<control type="textbox">
					<centerleft>50%</centerleft>
					<width>100%</width>
					<height>auto</height>
					<font>font30_title</font>
					<align>center</align>
					<label>[B]Before you Start[/B]   it's recommended to do the following - [I](to improve performance)[/I]</label>
				</control>
				<control type="textbox">
					<textcolor>ff009999</textcolor>
					<left>37%</left>
					<height>auto</height>
					<font>font12</font>
					<autoscroll>false</autoscroll>
					<label>• [B][COLOR FFA71B6A]disable[/COLOR][/B] [I]script.module.metadatautils[/I][CR]• [B][COLOR FFA71B6A]disable[/COLOR][/B] [I]script.skin.helper.service[/I][CR]• [B][COLOR FFA71B6A]disable[/COLOR][/B] [I]script.skin.helper.widgets[/I][CR]• [B][COLOR FFA71B6A]disable[/COLOR][/B] [I]script.skin.helper.backgrounds[/I]</label>
				</control>
				<include content="spacer_h">
					<param name="gap" value="50" />
				</include>
				<control type="textbox">
					<centerleft>50%</centerleft>
					<width>100%</width>
					<height>auto</height>
					<font>font30_title</font>
					<autoscroll>false</autoscroll>
					<align>center</align>
					<pagecontrol>110160</pagecontrol>
					<label>[B]Did you agree[/B]  ......</label>
				</control>
				
				<control type="grouplist" id="100">
					<height>200</height>
					<width>100%</width>
					<orientation>horizontal</orientation>
					<itemgap>10</itemgap>
					<align>center</align>
					
					<control type="button" id="101">
						<include>Animation_Item_Focus</include>
						<texturefocus colordiffuse="FFA71B6A">diffuse/gradientleft.png</texturefocus>
						<texturenofocus colordiffuse="color_global_button_panel_nf">diffuse/gradientleft.png</texturenofocus>
						<width>320</width>
						<height>120</height>
						<label>YES</label>
						<align>center</align>
						<font>font36_title</font>
						<onclick>RunScript(script.embuary.helper,action=toggleaddons,addonid=script.module.metadatautils+script.skin.helper.service+script.skin.helper.widgets+script.skin.helper.backgrounds,enable=false)</onclick>
						<onclick>RunScript(script.embuary.helper,action=setkodisetting,setting=videolibrary.tvshowsselectfirstunwatcheditem,value=1)</onclick>
						<onclick>SetFocus(103)</onclick>
					</control>
					<control type="button" id="102">
						<include>Animation_Item_Focus</include>
						<texturefocus flipx="true" colordiffuse="FFA71B6A">diffuse/gradientleft.png</texturefocus>
						<texturenofocus flipx="true" colordiffuse="color_global_button_panel_nf">diffuse/gradientleft.png</texturenofocus>
						<width>320</width>
						<height>120</height>
						<label>NO</label>
						<align>center</align>
						<font>font36_title</font>
						<onclick>SetFocus(103)</onclick>
					</control>
				</control>
				<control type="textbox">
					<centerleft>50%</centerleft>
					<width>100%</width>
					<height>auto</height>
					<font>font12</font>
					<textcolor>grey</textcolor>
					<align>center</align>
					<label>You can for sure enable them again via Addon Setting if you need to switch to another skin who use them as dependencie...</label>
				</control>
			</control>
		</control>
	</controls>
</window>