<?xml version="1.0" encoding="UTF-8"?>
<window>
	<defaultcontrol>12</defaultcontrol>
	<include content="Animation_OpenClose_Slide">
		<param name="slide_start" value="0,2000" />
		<param name="slide_end" value="0,0" />
	</include>
	
	<controls>
		
		<control type="button" id="11">
            <include content="HiddenObject" />
        </control>
		<control type="button" id="13">
            <include content="HiddenObject" />
        </control>
		<control type="button" id="14">
            <include content="HiddenObject" />
        </control>
		<control type="button" id="18">
            <include content="HiddenObject" />
        </control>
		
	
		<control type="group">
			<visible>!Window.IsVisible(virtualkeyboard) + !Window.IsVisible(filebrowser) + !Window.IsVisible(networksetup)</visible>
			<include>Animation_VisibleHidden_Zoom</include>
			<bottom>0</bottom>
			<centerleft>50%</centerleft>
			
			<include content="Dialog_Percent_BGPanel" />
			
			<control type="label">
				<bottom>49.5%</bottom>
				<centerleft>50%</centerleft>
				<width>60%</width>
				<height>10%</height>
				<font>font12</font>
				<align>left</align>
				<aligny>top</aligny>
				<textcolor>$VAR[color_global_dialog_accent]</textcolor>
				<label>$LOCALIZE[1022]</label>
			</control>
			
			<control type="edit" id="12">
				<onup>10</onup>
				<ondown>10</ondown>
				<bottom>48.5%</bottom>
				<centerleft>50%</centerleft>
				<width>60%</width>
				<textoffsetx>0</textoffsetx>
				<textoffsety>0</textoffsety>
				<height>10%</height>
				<font>edit_common</font>
				<texturefocus />
				<texturenofocus />
			</control>
			
			<include content="Dialog_Percent_ListBGPanel">
				<param name="width" value="52%" />
				<param name="height" value="43%" />
			</include>
				
			<control type="label" id="2">
				<description>Headining</description>
				<centerleft>50%</centerleft>
				<width>50%</width>
				<bottom>30%</bottom>
				<height>10%</height>
				<font>font12bold</font>
				<align>left</align>
				<aligny>bottom</aligny>
				<textcolor>$VAR[color_global_dialog_accent]</textcolor>
				<label>$LOCALIZE[13406]</label>
				<shadowcolor />
			</control>
			
			<include content="Simple_container_IconLabel">
				<param name="type" value="list" />
				<param name="id" value="10" />
				<param name="height" value="28%" />
				<param name="width" value="49%" />
				<param name="onup" value="12" />
				
				<onleft>9000</onleft>
				<onright condition="Control.IsVisible($PARAM[id]60)">$PARAM[id]60</onright>
				<onright condition="!Control.IsVisible($PARAM[id]60)">9000</onright>
			</include>
			
			<control type="scrollbar" id="1060">
				<bottom>5%</bottom>
				<height>26%</height>
				<centerleft>72%</centerleft>
				<onleft>10</onleft>
				<onright>9000</onright>
				<onup>1060</onup>
				<ondown>1060</ondown>
				<orientation>vertical</orientation>
			</control>
			
			<include content="Dialog_Percent_Buttongrouplist">
				<param name="bgpanel_height" value="43%" />
				<param name="grouplist_height" value="38%" />
				<param name="pos_right" value="17%" />
				
				<onup>12</onup>
				<ondown>9000</ondown>
				<onleft condition="Control.IsVisible(1060)">1060</onleft>
				<onleft condition="!Control.IsVisible(1060)">10</onleft>
				<onright>10</onright>
				
				<control type="radiobutton" id="211">
					<include content="Dialog_RadioButton">
						<param name="symbol" value="searchsource" />
					</include>
					<onclick>SendClick(11)</onclick>
				</control>
				<control type="radiobutton" id="213">
					<include content="Dialog_RadioButton">
						<param name="symbol" value="addsource" />
					</include>
					<onclick>SendClick(13)</onclick>
				</control>
				<control type="radiobutton" id="214">
					<include content="Dialog_RadioButton">
						<param name="symbol" value="removesource" />
					</include>
					<onclick>SendClick(14)</onclick>
				</control>
				<control type="radiobutton" id="218">
					<include content="Dialog_RadioButton">
						<param name="symbol" value="enter" />
					</include>
					<onclick>SendClick(18)</onclick>
				</control>
				<control type="radiobutton" id="19">
					<include content="Dialog_RadioButton">
						<param name="symbol" value="cancel" />
					</include>
				</control>
			</include>
		</control>
	</controls>
</window>
