<?xml version="1.0" encoding="UTF-8"?>
<window>
	<defaultcontrol always="true">312</defaultcontrol>
	<depth>DepthDialog+</depth>
	
	<onunload condition="!String.IsEmpty(Window(home).Property(DialogHeader))">ClearProperty(DialogHeader,home)</onunload>
	<controls>
	
		<control type="label" id="311">
            <include content="HiddenObject" />
        </control>
	
		<control type="group">
			<bottom>0</bottom>
			<centerleft>50%</centerleft>
			
			<include content="Animation_TransitionFadeOut">
				<param name="condition" value="Window.IsVisible(numericinput)" />
			</include>
			<include content="Animation_OpenClose_Slide">
				<param name="slide_start" value="1920,0" />
				<param name="slide_end" value="0,0" />
			</include>
			
			<include content="Dialog_Percent_BGPanel">
				<param name="bg_top_visible" value="true" />
			</include>
			
			<control type="label">
				<description>Headining</description>
				<bottom>49.5%</bottom>
				<centerleft>50%</centerleft>
				<width>60%</width>
				<height>10%</height>
				<label>$VAR[DialogHeader]</label>
				<font>font12</font>
				<align>left</align>
				<aligny>top</aligny>
				<textcolor>$VAR[color_global_dialog_accent]</textcolor>
				<shadowcolor />
			</control>
						
			<control type="edit" id="312">
				<onup condition="!Integer.IsGreater(Container(9010).NumItems,0)">167</onup>
				<onup condition="Integer.IsGreater(Container(9010).NumItems,0)">9010</onup>
				<ondown condition="Control.IsVisible(111)">111</ondown>
				<ondown condition="Control.IsVisible(100)">100</ondown>
				<bottom>48.5%</bottom>
				<centerleft>50%</centerleft>
				<width>60%</width>
				<textoffsetx>0</textoffsetx>
				<textoffsety>0</textoffsety>
				<height>10%</height>
				<font>edit_common</font>
				<texturefocus />
				<texturenofocus />
			</control>
			
			<control type="group" id="78500">
				<bottom>0</bottom>
				<height>45%</height>
				<width>100%</width>
				
				<control type="grouplist">
					<description>numpad</description>
					<align>center</align>
					<itemgap>10</itemgap>
					<orientation>horizontal</orientation>
					<onright>95200</onright>
					<control type="button" id="111">
						<onup>312</onup>
						<ondown>120</ondown>
						<include>KeyboardButton</include>
					</control>
					<control type="button" id="100">
						<onup>312</onup>
						<ondown>120</ondown>
						<include>KeyboardButton</include>
					</control>
					<control type="button" id="101">
						<onup>312</onup>
						<ondown>121</ondown>
						<include>KeyboardButton</include>
					</control>
					<control type="button" id="102">
						<onup>312</onup>
						<ondown>122</ondown>
						<include>KeyboardButton</include>
					</control>
					<control type="button" id="103">
						<onup>312</onup>
						<ondown>123</ondown>
						<include>KeyboardButton</include>
					</control>
					<control type="button" id="104">
						<onup>312</onup>
						<ondown>124</ondown>
						<include>KeyboardButton</include>
					</control>
					<control type="button" id="105">
						<onup>312</onup>
						<ondown>125</ondown>
						<include>KeyboardButton</include>
					</control>
					<control type="button" id="106">
						<onup>312</onup>
						<ondown>126</ondown>
						<include>KeyboardButton</include>
					</control>
					<control type="button" id="107">
						<onup>312</onup>
						<ondown>127</ondown>
						<include>KeyboardButton</include>
					</control>
					<control type="button" id="108">
						<onup>312</onup>
						<ondown>128</ondown>
						<include>KeyboardButton</include>
					</control>
					<control type="button" id="109">
						<onup>312</onup>
						<ondown>129</ondown>
						<include>KeyboardButton</include>
					</control>
					<control type="button" id="112">
						<onup>312</onup>
						<ondown>132</ondown>
						<include>KeyboardButton</include>
					</control>
				</control>
				<control type="image">
					<centerleft>50%</centerleft>
					<width>70%</width>
					<height>1</height>
					<top>80</top>
					<texture colordiffuse="midgrey">diffuse/gradienthorizontal.png</texture>
				</control>
				<control type="image">
					<height>110%</height>
					<left>73%</left>
					<width>1</width>
					<bottom>10</bottom>
					<aligny>bottom</aligny>
					<texture colordiffuse="midgrey">diffuse/gradientvertical.png</texture>
				</control>
				
				<control type="grouplist">
					<top>100</top>
					<align>center</align>
					<itemgap>10</itemgap>
					<orientation>horizontal</orientation>
					<onright>95200</onright>
					<control type="button" id="120">
						<onup>100</onup>
						<ondown>140</ondown>
						<include>KeyboardButton</include>
					</control>
					<control type="button" id="121">
						<onup>101</onup>
						<ondown>141</ondown>
						<include>KeyboardButton</include>
					</control>
					<control type="button" id="122">
						<onup>102</onup>
						<ondown>142</ondown>
						<include>KeyboardButton</include>
					</control>
					<control type="button" id="123">
						<onup>103</onup>
						<ondown>143</ondown>
						<include>KeyboardButton</include>
					</control>
					<control type="button" id="124">
						<onup>104</onup>
						<ondown>144</ondown>
						<include>KeyboardButton</include>
					</control>
					<control type="button" id="125">
						<onup>105</onup>
						<ondown>145</ondown>
						<include>KeyboardButton</include>
					</control>
					<control type="button" id="126">
						<onup>106</onup>
						<ondown>146</ondown>
						<include>KeyboardButton</include>
					</control>
					<control type="button" id="127">
						<onup>107</onup>
						<ondown>147</ondown>
						<include>KeyboardButton</include>
					</control>
					<control type="button" id="128">
						<onup>108</onup>
						<ondown>148</ondown>
						<include>KeyboardButton</include>
					</control>
					<control type="button" id="129">
						<onup>109</onup>
						<ondown>149</ondown>
						<include>KeyboardButton</include>
					</control>
					<control type="button" id="130">
						<onup>109</onup>
						<ondown>150</ondown>
						<include>KeyboardButton</include>
					</control>
					<control type="button" id="131">
						<onup>111</onup>
						<ondown>151</ondown>
						<include>KeyboardButton</include>
					</control>
					<control type="button" id="132">
						<onup>112</onup>
						<ondown>152</ondown>
						<include>KeyboardButton</include>
					</control>
				</control>
				<control type="grouplist">
					<top>190</top>
					<align>center</align>
					<itemgap>10</itemgap>
					<orientation>horizontal</orientation>
					<onright>95200</onright>
					<control type="button" id="140">
						<onup>120</onup>
						<ondown>160</ondown>
						<include>KeyboardButton</include>
					</control>
					<control type="button" id="141">
						<onup>121</onup>
						<ondown>160</ondown>
						<include>KeyboardButton</include>
					</control>
					<control type="button" id="142">
						<onup>122</onup>
						<ondown>160</ondown>
						<include>KeyboardButton</include>
					</control>
					<control type="button" id="143">
						<onup>123</onup>
						<ondown>161</ondown>
						<include>KeyboardButton</include>
					</control>
					<control type="button" id="144">
						<onup>124</onup>
						<ondown>162</ondown>
						<include>KeyboardButton</include>
					</control>
					<control type="button" id="145">
						<onup>125</onup>
						<ondown>163</ondown>
						<include>KeyboardButton</include>
					</control>
					<control type="button" id="146">
						<onup>126</onup>
						<ondown>164</ondown>
						<include>KeyboardButton</include>
					</control>
					<control type="button" id="147">
						<onup>127</onup>
						<ondown>165</ondown>
						<include>KeyboardButton</include>
					</control>
					<control type="button" id="148">
						<onup>128</onup>
						<ondown>166</ondown>
						<include>KeyboardButton</include>
					</control>
					<control type="button" id="149">
						<onup>129</onup>
						<ondown>169</ondown>
						<include>KeyboardButton</include>
					</control>
					<control type="button" id="150">
						<onup>130</onup>
						<ondown>166</ondown>
						<include>KeyboardButton</include>
					</control>
					<control type="button" id="151">
						<onup>131</onup>
						<ondown>171</ondown>
						<include>KeyboardButton</include>
					</control>
					<control type="button" id="152">
						<onup>132</onup>
						<ondown>172</ondown>
						<include>KeyboardButton</include>
					</control>
				</control>
				<control type="grouplist">
					<top>280</top>
					<align>center</align>
					<itemgap>10</itemgap>
					<orientation>horizontal</orientation>
					<onright>95200</onright>
					<control type="button" id="160">
						<onup>142</onup>
						<ondown>167</ondown>
						<include>KeyboardButton</include>
					</control>
					<control type="button" id="161">
						<onup>143</onup>
						<ondown>168</ondown>
						<include>KeyboardButton</include>
					</control>
					<control type="button" id="162">
						<onup>144</onup>
						<ondown>169</ondown>
						<include>KeyboardButton</include>
					</control>
					<control type="button" id="163">
						<onup>145</onup>
						<ondown>32</ondown>
						<include>KeyboardButton</include>
					</control>
					<control type="button" id="164">
						<onup>146</onup>
						<ondown>32</ondown>
						<include>KeyboardButton</include>
					</control>
					<control type="button" id="165">
						<onup>147</onup>
						<ondown>170</ondown>
						<include>KeyboardButton</include>
					</control>
					<control type="button" id="166">
						<onup>148</onup>
						<ondown>305</ondown>
						<include>KeyboardButton</include>
					</control>
				</control>
				<control type="grouplist">
					<top>370</top>
					<align>center</align>
					<itemgap>10</itemgap>
					<orientation>horizontal</orientation>
					<onright>95200</onright>
					<onleft>8</onleft>
					<control type="label" id="6776">
						<visible>Control.IsVisible(169)</visible>
						<height>50</height>
						<width>100</width>
						<font />
						<label />
					</control>
					<control type="label" id="6778">
						<visible>!Control.IsVisible(169)</visible>
						<height>50</height>
						<width>230</width>
						<font />
						<label />
					</control>
					<control type="button" id="167">
						<onup>160</onup>
						<ondown>100</ondown>
						<include>KeyboardButton</include>
					</control>
					<control type="button" id="168">
						<onup>161</onup>
						<ondown>100</ondown>
						<include>KeyboardButton</include>
					</control>
					<control type="button" id="169">
						<onup>162</onup>
						<ondown>100</ondown>
						<include>KeyboardButton</include>
					</control>
					<control type="button" id="171">
						<onup>162</onup>
						<ondown>100</ondown>
						<include>KeyboardButton</include>
					</control>
					<control type="button" id="172">
						<onup>160</onup>
						<ondown>100</ondown>
						<include>KeyboardButton</include>
					</control>
					<control type="button" id="32">
						<label>_________</label>
						<onup>163</onup>
						<ondown>100</ondown>
						<texturefocus colordiffuse="$VAR[color_global_button_panel_fo]">colors/white.png</texturefocus>
						<texturenofocus colordiffuse="$VAR[color_global_button_panel_nf]">colors/white.png</texturenofocus>
						<include content="KeyboardButton">
							<param name="width" value="170" />
							<param name="aligny" value="top" />
						</include>
					</control>
					<control type="button" id="170">
						<onup>165</onup>
						<ondown>100</ondown>
						<include>KeyboardButton</include>
					</control>
					<control type="button" id="110">
						<onup>165</onup>
						<ondown>100</ondown>
						<include>KeyboardButton</include>
					</control>
					<control type="label" id="6777">
						<height>50</height>
						<width>20</width>
						<font />
						<label />
					</control>
					<control type="button" id="305">
						<onup>166</onup>
						<ondown>100</ondown>
						<textoffsetx>0</textoffsetx>
						<align>center</align>
						<height>50</height>
						<width>50</width>
						<font>font27</font>
						<label>[B]&lt;[/B]</label>
					</control>
					<control type="button" id="306">
						<onup>166</onup>
						<ondown>100</ondown>
						<textoffsetx>0</textoffsetx>
						<align>center</align>
						<height>50</height>
						<width>50</width>
						<font>font27</font>
						<label>[B]&gt;[/B]</label>
					</control>
					<control type="label" id="6778">
						<visible>Control.IsVisible(305)</visible>
						<height>50</height>
						<width>20</width>
						<font />
						<label />
					</control>
				</control>
			</control>
			
			<control type="grouplist" id="95200">
				<bottom>0</bottom>
				<height>45%</height>
				<right>22%</right>
				<width>60</width>
				<orientation>vertical</orientation>
				<itemgap>10</itemgap>
				<onup condition="!Integer.IsGreater(Container(9010).NumItems,0)">95200</onup>
				<onup condition="Integer.IsGreater(Container(9010).NumItems,0)">9010</onup>
				<ondown>95200</ondown>
				<onleft>78500</onleft>
				<onright>95203</onright>
				
				<control type="radiobutton" id="8">
					<include content="Dialog_RadioButton">
						<param name="symbol" value="backspace" />
					</include>
				</control>
				<control type="label" id="6775">
					<height>50</height>
					<width>1</width>
					<font />
					<label />
				</control>
				<control type="radiobutton" id="304">
					<width>60</width>
					<height>60</height>
					<textoffsetx />
					<textoffsetx />
					<texturefocus />
					<texturenofocus />
					<focusedcolor />
					<textcolor />
					<align>center</align>
					<aligny>center</aligny>
					<font />
					<textureradioonfocus colordiffuse="$VAR[color_global_button_text_fo]">buttons/letters.png</textureradioonfocus>
					<textureradioonnofocus colordiffuse="$VAR[color_global_button_text_nf]">buttons/lettersnf.png</textureradioonnofocus>
					<textureradioofffocus colordiffuse="$VAR[color_global_button_selected]">buttons/letters.png</textureradioofffocus>
					<textureradiooffnofocus colordiffuse="$VAR[color_global_button_selected]">buttons/lettersnf.png</textureradiooffnofocus>
				</control>
				<control type="radiobutton" id="303">
					<include content="Dialog_RadioButton">
						<param name="onfo" value="color_global_button_selected" />
						<param name="onnf" value="color_global_button_selected" />
						<param name="symbol" value="capslock" />
					</include>
				</control>
				<control type="radiobutton" id="302">
					<include content="Dialog_RadioButton">
						<param name="onfo" value="color_global_button_selected" />
						<param name="onnf" value="color_global_button_selected" />
						<param name="symbol" value="capslock" />
						<param name="symbol" value="shift" />
					</include>
				</control>
			</control>
				
			<control type="grouplist" id="95203">
				<bottom>0</bottom>
				<height>35%</height>
				<right>2%</right>
				<width>300</width>
				<onup condition="!Integer.IsGreater(Container(9010).NumItems,0)">95203</onup>
				<onup condition="Integer.IsGreater(Container(9010).NumItems,0)">9010</onup>
				<itemgap>10</itemgap>
				<ondown>95203</ondown>
				<onleft>95200</onleft>
				<onright>95200</onright>
				<orientation>vertical</orientation>
				
				<include content="DefaultDialogButton">
					<param name="font" value="font25_narrow" />
					<param name="id" value="300" />
					<param name="label" value="$LOCALIZE[12321]" />
					<param name="width" value="280" />
					<param name="height">40</param>
				</include>
				<include content="DefaultDialogButton">
					<param name="font" value="font25_narrow" />
					<param name="id" value="301" />
					<param name="label" value="$LOCALIZE[222]" />
					<param name="width" value="280" />
					<param name="height">40</param>
				</include>
				<include content="DefaultDialogButton">
					<param name="font" value="font25_narrow" />
					<param name="id" value="309" />
					<param name="width" value="280" />
					<param name="height">40</param>
				</include>
				<include content="DefaultDialogButton">
					<param name="font" value="font25_narrow" />
					<param name="id" value="307" />
					<param name="label" value="$LOCALIZE[1006]" />
					<param name="width" value="280" />
					<param name="height">40</param>
				</include>
			</control>
			
			<control type="panel" id="9010">
				<description>autocompletion</description>
				<centerleft>50%</centerleft>
				<bottom>65%</bottom>
				<width>80%</width>
				<height>240</height>
				<scrolltime tween="cubic" easing="out">400</scrolltime>
				<orientation>horizontal</orientation>
				<onleft>9010</onleft>
				<onright>9010</onright>
				<onup>300</onup>
				<ondown>105</ondown>
				<visible>!Control.IsVisible(313)</visible>
				
				<itemlayout width="500" height="60">
					<control type="image">
						<width>450</width>
						<height>50</height>
						<texture colordiffuse="$VAR[color_global_button_panel_nf]">colors/white.png</texture>
					</control>
					<control type="label">
						<textoffsetx>20</textoffsetx>
						<textcolor>$VAR[color_global_button_text_nf]</textcolor>
						<width>450</width>
						<height>50</height>
						<label>$INFO[ListItem.Label]</label>
						<font>font12</font>
						<shadowcolor>text_shadow</shadowcolor>
						<aligny>center</aligny>
					</control>
				</itemlayout>
				<focusedlayout width="500" height="60">
					<control type="image">
						<width>450</width>
						<height>50</height>
						<texture colordiffuse="$VAR[color_global_button_panel_fo]">colors/white.png</texture>
					</control>
					<control type="label">
						<textoffsetx>20</textoffsetx>
						<textcolor>$VAR[color_global_button_text_fo]</textcolor>
						<width>450</width>
						<height>50</height>
						<label>$INFO[ListItem.Label]</label>
						<font>font12</font>
						<shadowcolor>text_shadow</shadowcolor>
						<aligny>center</aligny>
					</control>
				</focusedlayout>
				<content>$VAR[content_ProgramAutocompletion]</content>
			</control>
			
			<control type="label" id="313">
				<centerleft>50%</centerleft>
				<top>290</top>
				<width>1480</width>
				<height>90</height>
				<font>font37</font>
				<shadowcolor>text_shadow</shadowcolor>
				<aligny>center</aligny>
			</control>
			<control type="group">
				<visible>Control.IsVisible(313)</visible>
				<control type="image">
					<centerleft>50%</centerleft>
					<top>290</top>
					<width>1560</width>
					<height>90</height>
					<texture border="40">buttons/dialogbutton-nofo.png</texture>
				</control>
				<control type="image">
					<centerleft>50%</centerleft>
					<top>370</top>
					<width>1560</width>
					<height>90</height>
					<texture border="40">buttons/dialogbutton-nofo.png</texture>
				</control>
				<control type="label" id="314">
					<centerleft>50%</centerleft>
					<top>370</top>
					<width>1480</width>
					<height>90</height>
					<font>font37</font>
					<shadowcolor>text_shadow</shadowcolor>
					<aligny>center</aligny>
				</control>
			</control>
		</control>
		<include content="menucontrol_background_layer" />
		<control type="group">
			<animation effect="slide" start="-450,0" end="0,0" time="300" tween="cubic" easing="inout">VisibleHidden</animation>
			<visible>String.IsEqual(Window(Home).Property(MenucontrolActive),true)</visible>
			<include content="menucontrol_global" condition="String.IsEmpty(Window(home).Property(SetShortcutInProgress))">
				<param name="window_defaultcontrol_id" value="8000" />
				<param name="has_premenu" value="false" />
				<param name="has_no_premenu" value="true" />
			</include>
		</control>
	</controls>
</window>
