<?xml version="1.0" encoding="UTF-8"?>
<window>
	<include content="media_window_attributes">
		<param name="view_ids" value="50,51,52,53,54" />
	</include>

	<controls>
		
		<!-- native GUI Buttons -->
		<control type="button" id="3">
			<visible>Control.IsEnabled(3)</visible>
			<include content="HiddenObject" />
		</control>
		<control type="togglebutton" id="4">
			<visible>Control.IsEnabled(4)</visible>
			<include content="HiddenObject" />
		</control>
		<control type="group">
			<include>GlobalBackground</include>
		</control>
		
		<control type="group" id="70">
			<description>viewtypes</description>
			<include content="Animation_Close_MediaContainer" condition="String.IsEmpty(Window(home).Property(SetShortcutInProgress))" />
			<centerleft>50%</centerleft>
			
			<!-- 
			<include content="Animation_TransitionFadeOut">
				<param name="condition" value="$EXP[Infodialog_IsActive] | Window.IsActive(mediasource)" />
			</include> 
			-->
			<animation type="Conditional" condition="$EXP[Infodialog_IsActive] | Window.IsActive(mediasource)">
				<effect type="fade" start="100" end="0" time="250" tween="sine" easing="out" />
				<effect type="zoom" center="50%,50%" start="100" end="0" time="300" tween="cubic" easing="out" />
			</animation>
			
			<!-- Shortcut -->
			<include content="SwanShortcuts_Container" condition="!string.isempty(window(home).property(shortcutitem_nr))" />
				
			<!-- Regular -->
			<include condition="String.IsEmpty(Window(home).Property(SetShortcutInProgress))">view50</include>
			<include condition="String.IsEmpty(Window(home).Property(SetShortcutInProgress))">Simple_Panels</include>
			<include condition="String.IsEmpty(Window(home).Property(SetShortcutInProgress))">view58</include>
			
			<control type="scrollbar" id="60">
				<description>vertical</description>
				<visible>String.IsEmpty(Window(home).Property(SetShortcutInProgress))</visible>
				<visible>!Control.IsVisible(58)</visible>
				<right>2%</right>
				<top>160</top>
				<height>74%</height>
				<onup>60</onup>
				<ondown>60</ondown>
				<onleft>SetFocus(50)</onleft>
				<onright>19</onright>
			</control>
		</control>
		
		<include content="HeaderBar">
			<param name="HasBGPanel" value="Skin.HasSetting(MediaWindow_UseHeaderBG)" />
		</include>
		
		<!-- Pre-MenuControl -->
		<include content="PreMenucontrol" />
		
		<control type="group">
			<animation effect="slide" start="-450,0" end="0,0" time="300" tween="cubic" easing="inout">VisibleHidden</animation>
			<visible>ControlGroup(9000).HasFocus()</visible>
			<include content="menucontrol_global" condition="String.IsEmpty(Window(home).Property(SetShortcutInProgress))" />
		</control>
		
		<include content="swan_debug_overlay">
			<param name="textleft" value=""/>
		</include>
	
	</controls>
</window>


