<?xml version="1.0" encoding="UTF-8"?>
<includes>
	<!-- temp till matrix stuff till matrix branch or stopped leia support -->
	<include name="temp_matrix_static_artwork_beef">
		<item>
			<label>Artwork Beef</label>
			<icon>icons/artworkbeef.png</icon>
			<onclick condition="!System.HasAddon(script.artwork.beef) + !System.HasAddon(repository.rector.stuff)">InstallAddon(repository.rector.stuff)</onclick>
			<onclick condition="!System.HasAddon(script.artwork.beef) + System.HasAddon(repository.rector.stuff)">InstallAddon(script.artwork.beef)</onclick>
			<onclick condition="System.HasAddon(script.artwork.beef)">Addon.OpenSettings(script.artwork.beef)</onclick>
		</item>
	</include>
	<include name="temp_matrix_static_artwork_dump">
		<item>
			<label>Artwork Dump</label>
			<icon>icons/artworkbeef.png</icon>
			<onclick condition="!System.HasAddon(repository.rector.stuff)">InstallAddon(repository.rector.stuff)</onclick>
			<!-- does not work -->
			<onclick condition="System.HasAddon(repository.rector.stuff) + !System.HasAddon(script.artwork.dump)">InstallAddon(script.artwork.dump)</onclick>
			<!-- 
			not needed
			<onclick condition="System.HasAddon(script.artwork.dump) + !System.AddonIsEnabled(script.artwork.dump)">EnableAddon(script.artwork.dump)</onclick> -->
			<onclick condition="System.HasAddon(script.artwork.dump)">Addon.OpenSettings(script.artwork.dump)</onclick>
		</item>
	</include>
</includes>
