<?xml version="1.0" encoding="UTF-8"?>
<window type="window" id="1120">
    <defaultcontrol always="true">5600</defaultcontrol>
	<menucontrol>99001</menucontrol>
	<onload condition="String.IsEmpty(Skin.String(SearchTerm))">Back</onload>
	<onunload condition="!String.IsEmpty(Window(home).Property(CastMemberTumb))">ClearProperty(CastMemberTumb,home)</onunload>
	<onunload condition="!String.IsEmpty(Window(home).Property(CastMemberLabel))">ClearProperty(CastMemberLabel,home)</onunload>
    <onunload>Skin.Reset(SearchTerm)</onunload>
	<controls>
        
		
		<!-- id s -->
	<!-- 	https://kodi.wiki/view/List_of_built-in_functions#List_of_sort_methods
		https://github.com/xbmc/xbmc/blob/master/xbmc/utils/SortUtils.cpp#L529-L577 -->
		<control type="group">
			<visible>!Skin.HasSetting(BlurEnabled)</visible>
			<visible>String.IsEmpty(Window(home).Property(SetShortcutInProgress))</visible>
			<include>GlobalBackground</include>
		</control>
		<control type="group">
			<visible>Skin.HasSetting(BlurEnabled)</visible>
			<visible>String.IsEmpty(Window(home).Property(SetShortcutInProgress))</visible>
			<include>GlobalBlurredBackground</include>
		</control>
		
		<control type="group">
			<visible>!String.IsEmpty(Window(home).Property(CastMemberTumb)) + !Window.IsActive(movieinformation)</visible>
			<include content="View_BGPanel">
				<param name="width2" value="33%" />
				<param name="width3" value="0" />
			</include>
		</control>
		<!-- Header -->
		<include content="HeaderBar">
			<param name="HasBGPanel" value="Skin.HasSetting(MediaWindow_UseHeaderBG)" />
		</include>
		<!-- <include content="Info_ActorThumb">
		</include> -->
		<control type="group">
			<animation effect="fade" start="100" end="0" time="300" condition="$EXP[Infodialog_IsActive]">Conditional</animation>
			<animation type="WindowOpen">
					<effect type="slide" start="-2000,0" end="0" time="600" tween="cubic" easing="in" />
				</animation>
				
			<left>40</left>
			<top>135</top>
			<visible>!String.IsEmpty(Window(home).Property(CastMemberTumb))</visible>
			<control type="image">
				<fadetime>350</fadetime>
				<width>500</width>
				<height>750</height>
				<left>60</left>
				<bordersize>2</bordersize>
				<bordertexture>colors/white.png</bordertexture>
				<texture background="true">$INFO[Window(home).Property(CastMemberTumb)]</texture>
				<aspectratio scalediffuse="true" aligny="top">scale</aspectratio>
			</control>
			
			<control type="label">
				<top>750</top>
				<left>60</left>
				<width>500</width>
				<height>100</height>
				<aligny>top</aligny>
				<font>font45_title</font>
				<info>Skin.String(SearchTerm)</info>
				<wrapmultiline>true</wrapmultiline>
				<textcolor>$VAR[color_lib_text_main]</textcolor>
			</control>
		
		</control>
		
		<!--Footer -->
        <control type="button">
			<animation effect="fade" start="100" end="0" time="300" condition="$EXP[Infodialog_IsActive]">Conditional</animation>
			<description>just test height for footer groulist</description>
			<bottom>0</bottom>
			<height>90</height>
			<label>PLACEHOLDER   I n s e r t    M e d i a    F l a g s    h e r e</label>
			<align>center</align>
			<visible>false</visible>
		</control>
		
		<!-- spotlight info WIP -->
		<control type="group">
			<visible>Skin.HasSetting(search_info_spotlight)</visible>
			<control type="image">
				<fadetime>350</fadetime>
				<width>1152</width>
				<height>693</height>
				<left>0</left>
				<top>0</top>
				<texture background="true" diffuse="diffuse/spotlightwidetopleftdiffuse.png">$VAR[netflixThumb]</texture>
				<aspectratio scalediffuse="true" aligny="top">scale</aspectratio>
			</control>
			<control type="grouplist">
				<orientation>vertical</orientation>
				<itemgap>10</itemgap>
				<usecontrolcoords>true</usecontrolcoords>
				<width>700</width>
				<posx>1100</posx>
				<posy>25</posy>
					<control type="label">
						<visible>String.IsEmpty(Control.GetLabel(5888))</visible>
						<width>auto</width>
						<visible></visible>
						<height max="70">auto</height>
						<font>Bold30</font>
						<align>center</align>
						<aligny>top</aligny>
						<textcolor>$INFO[Skin.String(ViewDetailsHighlightTextColor)]</textcolor>
						<selectedcolor>$INFO[Skin.String(ViewDetailsHighlightTextColor)]</selectedcolor>
						<label>$INFO[ListItem.Label,[B],[/B]]$INFO[ListItem.Year, (,) ]</label>
					</control>
					<control type="image" id="5888">
						<visible>!String.IsEmpty(Control.GetLabel(5888))</visible>
						<height>120</height>
						<texture background="true">$VAR[ListItemClearLogo]</texture>
						<aspectratio align="center" aligny="center">keep</aspectratio>
					</control>
					
					<include content="StarsRating_Image">
						<param name="id" value="5889" />
						<param name="width" value="700" />
						<param name="height" value="35" />
						<param name="alignx" value="center" />
						<param name="colordiffuse" value="red" />
						<visible>!String.IsEmpty(Control.GetLabel(5889))</visible>
					</include>
					
					<control type="label">
						<visible>!String.IsEmpty(Control.GetLabel(5888))</visible>
						<height>35</height>
						<width>auto</width>
						<font>Bold30</font>
						<align>center</align>
						<aligny>top</aligny>
						<textcolor>$INFO[Skin.String(ViewDetailsTextColor)]</textcolor>
						<selectedcolor>$INFO[Skin.String(ViewDetailsTextColor)]</selectedcolor>
						<label>$INFO[ListItem.Year,• , •]</label>
					</control>
					<control type="textbox">
						<width>auto</width>
						<height max="200">auto</height>
						<wrapmultiline>true</wrapmultiline>
						<align>center</align>
						<aligny>top</aligny>
						<label>$VAR[SearchInfoWidget_Description]</label>
						<font>Reg28</font>
						<textcolor>$INFO[Skin.String(ViewDetailsTextColor)]</textcolor>
						<selectedcolor>$INFO[Skin.String(ViewDetailsTextColor)]</selectedcolor>
						<autoscroll delay="4000" time="4000" repeat="2000">true</autoscroll>
					</control>
					<control type="image">
						<height>130</height>
						<aspectratio align="center" aligny="center">keep</aspectratio>
						<colordiffuse>$INFO[Skin.String(ViewDetailsHighlightTextColor)]</colordiffuse>
						<texture background="true">$INFO[Skin.String(SkinHelper.studiologos.path)]$INFO[ListItem.Studio,,.png]</texture>
					</control>
				</control>
		</control>
		
		<control type="group">
			<include content="Animation_TransitionFadeOut">
				<param name="condition" value="$EXP[Infodialog_IsActive] | Window.IsActive(mediasource)" />
			</include>
			
            <top>120</top>
            <bottom>90</bottom>
			<include content="pos_left" condition="String.IsEmpty(Window(home).Property(CastMemberTumb))">
				<param name="left" value="80" />
			</include>
			<include content="pos_left" condition="!String.IsEmpty(Window(home).Property(CastMemberTumb))">
				<param name="left" value="660" />
			</include>
			
			<right>0</right>
			
			<control type="grouplist" id="5600">
                <animation type="WindowOpen">
					<effect type="slide" start="-2000,0" end="0" time="600" tween="cubic" easing="in" />
				</animation>
				<include condition="Skin.HasSetting(search_info_spotlight)">SearchInfoSpotlighPos</include>
				
				<scrolltime tween="quadratic">400</scrolltime>
                <onup>300</onup>
                <ondown>6000</ondown>
				<!-- <onleft>ActivateWindow()</onleft> -->
				<orientation>vertical</orientation>
                <itemgap>-45</itemgap>
                <usecontrolcoords>true</usecontrolcoords>
                
				<control type="group" id="8400">
					<height>-20</height>
				</control>
				
				<!-- MOVIES TITLES contains SearchString 21400 1411 $INFO[Skin.String(SearchTerm),$LOCALIZE[20338]-$LOCALIZE[369] $LOCALIZE[21400]  &quot; , &quot; ] $INFO[Container(5001).NumItems, (,)]  -->
				<include content="Universal_ContainerHeader">
                    <param name="groupid" value="7501" />
                    <param name="id" value="5001" />
                    <param name="label" value="$INFO[Skin.String(SearchTerm),$LOCALIZE[342]  $LOCALIZE[1411]  &quot; , &quot;]" />
                    <visible>Control.IsVisible(5001)</visible>
                </include>
				<include content="Universal_Container">
					<param name="id" value="5001" />
					<param name="visible" value="Integer.IsGreater(Container(5001).NumItems,0) | Container(5001).IsUpdating" />
					<param name="type_height" value="365" />
					<param name="tags_visible" value="true" />
					<param name="layout_height" value="345" />
					<param name="layout_width" value="200" />
					<param name="itemwidth" value="193" />
					<param name="itemheight" value="290" />
					<param name="layout" value="poster" />
					<content target="videos">videodb://movies/titles/?xsp=%7B%22order%22%3A%7B%22direction%22%3A%22ascending%22%2C%22ignorefolders%22%3A0%2C%22method%22%3A%22sorttitle%22%7D%2C%22rules%22%3A%7B%22and%22%3A%5B%7B%22field%22%3A%22title%22%2C%22operator%22%3A%22contains%22%2C%22value%22%3A%5B%22$INFO[Skin.String(SearchTerm)]%22%5D%7D%5D%7D%2C%22type%22%3A%22movies%22%7D</content>
				</include>
				
				<!-- TV shows TITLES contains SearchString-->
				<include content="Universal_ContainerHeader">
                    <param name="groupid" value="7502" />
                    <param name="id" value="5002" />
                    <param name="label" value="$INFO[Skin.String(SearchTerm),$LOCALIZE[20343]  $LOCALIZE[1411]  &quot; , &quot;]" />
                    <visible>Control.IsVisible(5002)</visible>
                </include>
                <include content="Universal_Container">
					<param name="id" value="5002" />
					<param name="visible" value="Integer.IsGreater(Container(5002).NumItems,0) | Container(5002).IsUpdating" />
					<param name="type_height" value="365" />
					<param name="tags_visible" value="true" />
					<param name="layout_height" value="345" />
					<param name="layout_width" value="200" />
					<param name="itemwidth" value="193" />
					<param name="itemheight" value="290" />
					<param name="layout" value="poster" />
					<content target="videos">videodb://tvshows/titles/?xsp=%7B%22order%22%3A%7B%22direction%22%3A%22ascending%22%2C%22ignorefolders%22%3A0%2C%22method%22%3A%22sorttitle%22%7D%2C%22rules%22%3A%7B%22and%22%3A%5B%7B%22field%22%3A%22title%22%2C%22operator%22%3A%22contains%22%2C%22value%22%3A%5B%22$INFO[Skin.String(SearchTerm)]%22%5D%7D%5D%7D%2C%22type%22%3A%22tvshows%22%7D</content>
                </include>
				
				<!-- Episodes TITLES contains SearchString-->
                <include content="Universal_ContainerHeader">
                    <param name="groupid" value="7503" />
                    <param name="id" value="5003" />
                    <param name="label" value="$INFO[Skin.String(SearchTerm),$LOCALIZE[20360]  $LOCALIZE[1411]  &quot; , &quot;]" />
                    <visible>Control.IsVisible(5003)</visible>
                </include>
				
				<include content="Universal_Container">
					<param name="id" value="5003" />
					<param name="visible" value="Integer.IsGreater(Container(5003).NumItems,0) | Container(5003).IsUpdating" />
					<param name="type_height" value="365" />
					<param name="tags_visible" value="true" />
					<param name="layout_height" value="355" />
					<param name="layout_width" value="490" />
					<param name="itemheight" value="280" />
					<param name="itemwidth" value="476" />
					<param name="layout" value="landscape" />
					<param name="ls_overlay_visible" value="true" />
					<content target="videos">videodb://tvshows/titles/-1/-1/-1/-1/?xsp=%7B%22order%22%3A%7B%22direction%22%3A%22ascending%22%2C%22ignorefolders%22%3A0%2C%22method%22%3A%22sorttitle%22%7D%2C%22rules%22%3A%7B%22and%22%3A%5B%7B%22field%22%3A%22title%22%2C%22operator%22%3A%22contains%22%2C%22value%22%3A%5B%22$INFO[Skin.String(SearchTerm)]%22%5D%7D%5D%7D%2C%22type%22%3A%22episodes%22%7D</content>
				</include>
				<!-- MOVIE and TV SHOW - Actors Named, 
				msgctxt "#344"
				msgid "Actors" 
				-->
                <include content="Universal_ContainerHeader">
                    <param name="groupid" value="7508" />
                    <param name="id" value="5008" />
                    <param name="label" value="$INFO[Skin.String(SearchTerm),$LOCALIZE[342] &amp; $LOCALIZE[20343] - $LOCALIZE[1411] $LOCALIZE[344]  &quot; , &quot;]" />
					<visible>Control.IsVisible(5008)</visible>
                </include>
                <include content="Universal_Container">
					<param name="id" value="5008" />
					<param name="visible" value="Integer.IsGreater(Container(5008).NumItems,0) | Container(5008).IsUpdating" />
					<param name="type_height" value="365" />
					<param name="tags_visible" value="true" />
					<param name="layout_height" value="345" />
					<param name="layout_width" value="200" />
					<param name="itemwidth" value="193" />
					<param name="itemheight" value="290" />
					<param name="layout" value="poster" />
					
					<content target="videos">videodb://movies/titles/?xsp=%7B%22order%22%3A%7B%22direction%22%3A%22ascending%22%2C%22ignorefolders%22%3A0%2C%22method%22%3A%22year%22%7D%2C%22rules%22%3A%7B%22and%22%3A%5B%7B%22field%22%3A%22actor%22%2C%22operator%22%3A%22contains%22%2C%22value%22%3A%5B%22$INFO[Skin.String(SearchTerm)]%22%5D%7D%5D%7D%2C%22type%22%3A%22movies%22%7D</content>
                    <content target="videos">videodb://tvshows/titles/?xsp=%7B%22order%22%3A%7B%22direction%22%3A%22ascending%22%2C%22ignorefolders%22%3A0%2C%22method%22%3A%22year%22%7D%2C%22rules%22%3A%7B%22and%22%3A%5B%7B%22field%22%3A%22actor%22%2C%22operator%22%3A%22contains%22%2C%22value%22%3A%5B%22$INFO[Skin.String(SearchTerm)]%22%5D%7D%5D%7D%2C%22type%22%3A%22tvshows%22%7D</content>
                </include>
				<!-- MOVIE and TV SHOW By Directors Named
				msgctxt "#20348"
				msgid "Directors"
				msgstr "Regisseure" -->
                <include content="Universal_ContainerHeader">
                    <param name="groupid" value="7513" />
                    <param name="id" value="5013" />
                    <param name="label" value="$INFO[Skin.String(SearchTerm),$LOCALIZE[342] $LOCALIZE[19156] $LOCALIZE[20339]  &quot;,&quot;]" />
                    <visible>Control.IsVisible(5013)</visible>
                </include>
				<include content="Universal_Container">
					<param name="id" value="5013" />
					<param name="visible" value="Integer.IsGreater(Container(5013).NumItems,0) | Container(5013).IsUpdating" />
					<param name="type_height" value="365" />
					<param name="tags_visible" value="true" />
					<param name="layout_height" value="345" />
					<param name="layout_width" value="200" />
					<param name="itemwidth" value="193" />
					<param name="itemheight" value="290" />
					<param name="layout" value="poster" />
					<content target="videos">videodb://movies/titles/?xsp=%7B%22order%22%3A%7B%22direction%22%3A%22ascending%22%2C%22ignorefolders%22%3A0%2C%22method%22%3A%22year%22%7D%2C%22rules%22%3A%7B%22and%22%3A%5B%7B%22field%22%3A%22director%22%2C%22operator%22%3A%22contains%22%2C%22value%22%3A%5B%22$INFO[Skin.String(SearchTerm)]%22%5D%7D%5D%7D%2C%22type%22%3A%22movies%22%7D</content>
                    <content target="videos">videodb://tvshows/titles/?xsp=%7B%22order%22%3A%7B%22direction%22%3A%22ascending%22%2C%22ignorefolders%22%3A0%2C%22method%22%3A%22year%22%7D%2C%22rules%22%3A%7B%22and%22%3A%5B%7B%22field%22%3A%22director%22%2C%22operator%22%3A%22contains%22%2C%22value%22%3A%5B%22$INFO[Skin.String(SearchTerm)]%22%5D%7D%5D%7D%2C%22type%22%3A%22tvshows%22%7D</content>
                </include>
				<!-- Episodes - ACTOR - contains SearchString-->
                <include content="Universal_ContainerHeader">
                    <param name="groupid" value="7517" />
                    <param name="id" value="5017" />
                    <param name="label" value="$INFO[Skin.String(SearchTerm),$LOCALIZE[20360] - $LOCALIZE[1411] $LOCALIZE[344]  &quot; , &quot;]" />
					<visible>Control.IsVisible(5017)</visible>
                </include>
				<include content="Universal_Container">
					<param name="id" value="5017" />
					<param name="visible" value="Integer.IsGreater(Container(5017).NumItems,0) | Container(5017).IsUpdating" />
					<param name="type_height" value="365" />
					<param name="tags_visible" value="true" />
					<param name="layout_height" value="355" />
					<param name="layout_width" value="490" />
					<param name="itemheight" value="280" />
					<param name="itemwidth" value="476" />
					<param name="ls_overlay_visible" value="true" />
					<param name="layout" value="landscape" />
					<content target="videos">videodb://tvshows/titles/-1/-1/?xsp=%7B%22order%22%3A%7B%22direction%22%3A%22ascending%22%2C%22ignorefolders%22%3A0%2C%22method%22%3A%22sorttitle%22%7D%2C%22rules%22%3A%7B%22and%22%3A%5B%7B%22field%22%3A%22actor%22%2C%22operator%22%3A%22contains%22%2C%22value%22%3A%5B%22$INFO[Skin.String(SearchTerm)]%22%5D%7D%5D%7D%2C%22type%22%3A%22episodes%22%7D</content>
                </include>
				
				<!-- MOVIE and TV SHOW - GENRE - contains SearchString $LOCALIZE[515]-->
                <include content="Universal_ContainerHeader">
                    <param name="groupid" value="7507" />
                    <param name="id" value="5007" />
					<param name="label" value="$INFO[Skin.String(SearchTerm),$LOCALIZE[135] $LOCALIZE[1411]  &quot; , &quot;]" />
                   <visible>Control.IsVisible(5007)</visible>
                </include>
				<include content="Universal_Container">
					<param name="id" value="5007" />
					<param name="visible" value="Integer.IsGreater(Container(5007).NumItems,0) | Container(5007).IsUpdating" />
					<param name="type_height" value="365" />
					<param name="tags_visible" value="true" />
					<param name="layout_height" value="345" />
					<param name="layout_width" value="200" />
					<param name="itemwidth" value="193" />
					<param name="itemheight" value="290" />
					<param name="layout" value="poster" />
					<content target="videos">videodb://movies/titles/?xsp=%7B%22order%22%3A%7B%22direction%22%3A%22ascending%22%2C%22ignorefolders%22%3A0%2C%22method%22%3A%22sorttitle%22%7D%2C%22rules%22%3A%7B%22and%22%3A%5B%7B%22field%22%3A%22genre%22%2C%22operator%22%3A%22contains%22%2C%22value%22%3A%5B%22$INFO[Skin.String(SearchTerm)]%22%5D%7D%5D%7D%2C%22type%22%3A%22movies%22%7D</content>
                    <content target="videos">videodb://tvshows/titles/?xsp=%7B%22order%22%3A%7B%22direction%22%3A%22ascending%22%2C%22ignorefolders%22%3A0%2C%22method%22%3A%22sorttitle%22%7D%2C%22rules%22%3A%7B%22and%22%3A%5B%7B%22field%22%3A%22genre%22%2C%22operator%22%3A%22contains%22%2C%22value%22%3A%5B%22$INFO[Skin.String(SearchTerm)]%22%5D%7D%5D%7D%2C%22type%22%3A%22tvshows%22%7D</content>
                </include>
				<!-- MOVIE and TV SHOW - YEAR - contains SearchString -->
                <include content="Universal_ContainerHeader">
                    <param name="groupid" value="7510" />
                    <param name="id" value="5010" />
                    <param name="label" value="$INFO[Skin.String(SearchTerm),$LOCALIZE[562]  &quot; , &quot;  ]" />
                    <visible>Control.IsVisible(5010)</visible>
                </include>
				<include content="Universal_Container">
					<param name="id" value="5010" />
					<param name="visible" value="Integer.IsGreater(Container(5010).NumItems,0) | Container(5010).IsUpdating" />
					<param name="type_height" value="365" />
					<param name="tags_visible" value="true" />
					<param name="layout_height" value="345" />
					<param name="layout_width" value="200" />
					<param name="itemwidth" value="193" />
					<param name="itemheight" value="290" />
					<param name="layout" value="poster" />
					<content target="videos">videodb://movies/titles/?xsp=%7B%22order%22%3A%7B%22direction%22%3A%22ascending%22%2C%22ignorefolders%22%3A0%2C%22method%22%3A%22sorttitle%22%7D%2C%22rules%22%3A%7B%22and%22%3A%5B%7B%22field%22%3A%22year%22%2C%22operator%22%3A%22contains%22%2C%22value%22%3A%5B%22$INFO[Skin.String(SearchTerm)]%22%5D%7D%5D%7D%2C%22type%22%3A%22movies%22%7D</content>
                    <content target="videos">videodb://tvshows/titles/?xsp=%7B%22order%22%3A%7B%22direction%22%3A%22ascending%22%2C%22ignorefolders%22%3A0%2C%22method%22%3A%22sorttitle%22%7D%2C%22rules%22%3A%7B%22and%22%3A%5B%7B%22field%22%3A%22year%22%2C%22operator%22%3A%22contains%22%2C%22value%22%3A%5B%22$INFO[Skin.String(SearchTerm)]%22%5D%7D%5D%7D%2C%22type%22%3A%22tvshows%22%7D</content>
                </include>
				<!-- MOVIE and TV SHOW - STUDIO - contains SearchString -->
                <include content="Universal_ContainerHeader">
                    <param name="groupid" value="7511" />
                    <param name="id" value="5011" />
                    <param name="label" value="$INFO[Skin.String(SearchTerm),$LOCALIZE[20388] $LOCALIZE[1411]  &quot; , &quot;]" />
                    <visible>Control.IsVisible(5011)</visible>
                </include>
                <include content="Universal_Container">
					<param name="id" value="5011" />
					<param name="visible" value="Integer.IsGreater(Container(5011).NumItems,0) | Container(5011).IsUpdating" />
					<param name="type_height" value="365" />
					<param name="tags_visible" value="true" />
					<param name="layout_height" value="345" />
					<param name="layout_width" value="200" />
					<param name="itemwidth" value="193" />
					<param name="itemheight" value="290" />
					<param name="layout" value="poster" />
					<content target="videos">videodb://movies/titles/?xsp=%7B%22order%22%3A%7B%22direction%22%3A%22ascending%22%2C%22ignorefolders%22%3A0%2C%22method%22%3A%22sorttitle%22%7D%2C%22rules%22%3A%7B%22and%22%3A%5B%7B%22field%22%3A%22studio%22%2C%22operator%22%3A%22contains%22%2C%22value%22%3A%5B%22$INFO[Skin.String(SearchTerm)]%22%5D%7D%5D%7D%2C%22type%22%3A%22movies%22%7D</content>
                    <content target="videos">videodb://tvshows/titles/?xsp=%7B%22order%22%3A%7B%22direction%22%3A%22ascending%22%2C%22ignorefolders%22%3A0%2C%22method%22%3A%22sorttitle%22%7D%2C%22rules%22%3A%7B%22and%22%3A%5B%7B%22field%22%3A%22studio%22%2C%22operator%22%3A%22contains%22%2C%22value%22%3A%5B%22$INFO[Skin.String(SearchTerm)]%22%5D%7D%5D%7D%2C%22type%22%3A%22tvshows%22%7D</content>
                </include>
				
				<!-- MOVIE and TV SHOW - COUNTRY - contains SearchString -->
                <include content="Universal_ContainerHeader">
                    <param name="groupid" value="7512" />
                    <param name="id" value="5012" />
                    <param name="label" value="$INFO[Skin.String(SearchTerm),$LOCALIZE[574] $LOCALIZE[1411]  &quot; , &quot;]" />
                    <visible>Control.IsVisible(5012)</visible>
                </include>
				<include content="Universal_Container">
					<param name="id" value="5012" />
					<param name="visible" value="Integer.IsGreater(Container(5012).NumItems,0) | Container(5012).IsUpdating" />
					<param name="type_height" value="365" />
					<param name="tags_visible" value="true" />
					<param name="layout_height" value="345" />
					<param name="layout_width" value="200" />
					<param name="itemwidth" value="193" />
					<param name="itemheight" value="290" />
					<param name="layout" value="poster" />
					<content target="videos">videodb://movies/titles/?xsp=%7B%22order%22%3A%7B%22direction%22%3A%22ascending%22%2C%22ignorefolders%22%3A0%2C%22method%22%3A%22sorttitle%22%7D%2C%22rules%22%3A%7B%22and%22%3A%5B%7B%22field%22%3A%22country%22%2C%22operator%22%3A%22contains%22%2C%22value%22%3A%5B%22$INFO[Skin.String(SearchTerm)]%22%5D%7D%5D%7D%2C%22type%22%3A%22movies%22%7D</content>
                   <!--  <content target="videos">videodb://tvshows/titles/?xsp=%7B%22order%22%3A%7B%22direction%22%3A%22ascending%22%2C%22ignorefolders%22%3A0%2C%22method%22%3A%22sorttitle%22%7D%2C%22rules%22%3A%7B%22and%22%3A%5B%7B%22field%22%3A%22country%22%2C%22operator%22%3A%22contains%22%2C%22value%22%3A%5B%22$INFO[Skin.String(SearchTerm)]%22%5D%7D%5D%7D%2C%22type%22%3A%22tvshows%22%7D</content> -->
				</include>
				
				<!-- Albums -->
                <include content="Universal_ContainerHeader">
                    <param name="groupid" value="7504" />
                    <param name="id" value="5004" />
                    <param name="label" value="$INFO[Skin.String(SearchTerm),$LOCALIZE[132]  $LOCALIZE[1411]  &quot; , &quot;]" />
                    <visible>Control.IsVisible(5004)</visible>
                </include>
				<include content="Universal_Container">
					<param name="id" value="5004" />
					<param name="visible" value="Integer.IsGreater(Container(5004).NumItems,0) | Container(5004).IsUpdating" />
					<param name="type_height" value="365" />
					<param name="tags_visible" value="true" />
					<param name="layout_height" value="360" />
					<param name="layout_width" value="300" />
					<param name="itemheight" value="290" />
					<param name="itemwidth" value="290" />
					<param name="layout" value="thumb" />
					<content target="music">musicdb://albums/?xsp=%7B%22order%22%3A%7B%22direction%22%3A%22ascending%22%2C%22ignorefolders%22%3A0%2C%22method%22%3A%22sorttitle%22%7D%2C%22rules%22%3A%7B%22and%22%3A%5B%7B%22field%22%3A%22album%22%2C%22operator%22%3A%22contains%22%2C%22value%22%3A%5B%22$INFO[Skin.String(SearchTerm)]%22%5D%7D%5D%7D%2C%22type%22%3A%22albums%22%7D</content>
				</include>
                
				<!-- Artists -->
                <include content="Universal_ContainerHeader">
                    <param name="groupid" value="7505" />
                    <param name="id" value="5005" />
                    <param name="label" value="$INFO[Skin.String(SearchTerm),$LOCALIZE[133]  $LOCALIZE[1411]  &quot; , &quot;]" />
                    <visible>Control.IsVisible(5005)</visible>
                </include>
				<include content="Universal_Container">
					<param name="id" value="5005" />
					<param name="visible" value="Integer.IsGreater(Container(5005).NumItems,0) | Container(5005).IsUpdating" />
					<param name="type_height" value="365" />
					<param name="tags_visible" value="true" />
					<param name="layout_height" value="355" />
					<param name="layout_width" value="490" />
					<param name="itemheight" value="280" />
					<param name="itemwidth" value="476" />
					<param name="layout" value="landscape" />
					<param name="ls_overlay_visible" value="true" />
					<content target="music">musicdb://artists/?xsp=%7B%22order%22%3A%7B%22direction%22%3A%22ascending%22%2C%22ignorefolders%22%3A0%2C%22method%22%3A%22sorttitle%22%7D%2C%22rules%22%3A%7B%22and%22%3A%5B%7B%22field%22%3A%22artist%22%2C%22operator%22%3A%22contains%22%2C%22value%22%3A%5B%22$INFO[Skin.String(SearchTerm)]%22%5D%7D%5D%7D%2C%22type%22%3A%22artists%22%7D</content>
                </include>
				
				<!-- Albums by Artist focused befor/above -->
                <include content="Universal_ContainerHeader">
                    <param name="groupid" value="7506" />
                    <param name="id" value="5006" />
                    <param name="label" value="$INFO[Container(5005).ListItem.Label,$LOCALIZE[132] $LOCALIZE[19156] ,]" />
                    <visible>Control.IsVisible(5006)</visible>
                </include>
				<include content="Universal_Container">
					<param name="id" value="5006" />
					<param name="visible" value="!String.IsEmpty(Container(5005).ListItem.Label) + [Integer.IsGreater(Container(5006).NumItems,0) | Container(5006).IsUpdating]" />
					<param name="type_height" value="365" />
					<param name="tags_visible" value="true" />
					<param name="layout_height" value="360" />
					<param name="layout_width" value="300" />
					<param name="itemheight" value="290" />
					<param name="itemwidth" value="290" />
					<param name="layout" value="thumb" />
					<content target="music">musicdb://albums/?xsp=%7B%22order%22%3A%7B%22direction%22%3A%22ascending%22%2C%22ignorefolders%22%3A0%2C%22method%22%3A%22sorttitle%22%7D%2C%22rules%22%3A%7B%22and%22%3A%5B%7B%22field%22%3A%22artist%22%2C%22operator%22%3A%22contains%22%2C%22value%22%3A%5B%22$INFO[Container(5005).ListItem.Label]%22%5D%7D%5D%7D%2C%22type%22%3A%22albums%22%7D</content>
                </include>
				
				<!-- Song Title -->
				<include content="Universal_ContainerHeader">
                    <param name="groupid" value="7577" />
                    <param name="id" value="5077" />
                    <param name="label" value="$INFO[Skin.String(SearchTerm),$LOCALIZE[134]  $LOCALIZE[1411]  &quot; , &quot;]"/>
                    <visible>Control.IsVisible(5077)</visible>
                </include>
				<include content="Universal_Container">
					<param name="id" value="5077" />
					<param name="visible" value="Integer.IsGreater(Container(5077).NumItems,0) | Container(5077).IsUpdating" />
					<param name="type_height" value="365" />
					<param name="tags_visible" value="true" />
					<param name="layout_height" value="355" />
					<param name="layout_width" value="490" />
					<param name="itemheight" value="280" />
					<param name="itemwidth" value="476" />
					<param name="layout" value="landscape" />
					<param name="ls_overlay_visible" value="true" />
					<content target="music">musicdb://songs/?xsp=%7B%22order%22%3A%7B%22direction%22%3A%22ascending%22%2C%22ignorefolders%22%3A0%2C%22method%22%3A%22sorttitle%22%7D%2C%22rules%22%3A%7B%22and%22%3A%5B%7B%22field%22%3A%22title%22%2C%22operator%22%3A%22contains%22%2C%22value%22%3A%5B%22$INFO[Skin.String(SearchTerm)]%22%5D%7D%5D%7D%2C%22type%22%3A%22songs%22%7D</content>
                </include>
		
				<!-- MUSICVIDEOS is SearchString in Title -->
                <include content="Universal_ContainerHeader">
                    <param name="groupid" value="7515" />
                    <param name="id" value="5015" />
                    <param name="label" value="$INFO[Skin.String(SearchTerm),[CAPITALIZE]$LOCALIZE[36909][/CAPITALIZE]  $LOCALIZE[1411]  &quot; , &quot;]" />
                   <visible>Control.IsVisible(5015)</visible>
                </include>
				<include content="Universal_Container">
					<param name="id" value="5015" />
					<param name="visible" value="Integer.IsGreater(Container(5015).NumItems,0) | Container(5015).IsUpdating" />
					<param name="type_height" value="365" />
					<param name="tags_visible" value="true" />
					<param name="layout_height" value="355" />
					<param name="layout_width" value="490" />
					<param name="itemheight" value="280" />
					<param name="itemwidth" value="476" />
					<param name="layout" value="landscape" />
					<param name="ls_overlay_visible" value="true" />
					<content target="videos">videodb://musicvideos/titles/?xsp=%7b%22order%22%3a%7b%22direction%22%3a%22ascending%22%2c%22ignorefolders%22%3a0%2c%22method%22%3a%22sorttitle%22%7d%2c%22rules%22%3a%7b%22and%22%3a%5b%7b%22field%22%3a%22title%22%2c%22operator%22%3a%22contains%22%2c%22value%22%3a%5b%22$INFO[Skin.String(SearchTerm)]%22%5d%7d%5d%7d%2c%22type%22%3a%22musicvideos%22%7d</content>
                </include>
		
				<!-- MUSICVIDEOS is SearchString in Artist -->
                <include content="Universal_ContainerHeader">
                    <param name="groupid" value="7516" />
                    <param name="id" value="5016" />
                    <param name="label" value="$INFO[Skin.String(SearchTerm),[CAPITALIZE]$LOCALIZE[36909][/CAPITALIZE] - $LOCALIZE[19159] $LOCALIZE[133]  &quot; , &quot; ]" />
                <visible>Control.IsVisible(5016)</visible>
                </include>
				<include content="Universal_Container">
					<param name="id" value="5016" />
					<param name="visible" value="Integer.IsGreater(Container(5016).NumItems,0) | Container(5016).IsUpdating" />
					<param name="type_height" value="365" />
					<param name="tags_visible" value="true" />
					<param name="layout_height" value="355" />
					<param name="layout_width" value="490" />
					<param name="itemheight" value="280" />
					<param name="itemwidth" value="476" />
					<param name="layout" value="landscape" />
					<param name="ls_overlay_visible" value="true" />
					<content target="videos">videodb://musicvideos/titles/?xsp=%7b%22order%22%3a%7b%22direction%22%3a%22ascending%22%2c%22ignorefolders%22%3a0%2c%22method%22%3a%22sorttitle%22%7d%2c%22rules%22%3a%7b%22and%22%3a%5b%7b%22field%22%3a%22artist%22%2c%22operator%22%3a%22contains%22%2c%22value%22%3a%5b%22$INFO[Skin.String(SearchTerm)]%22%5d%7d%5d%7d%2c%22type%22%3a%22musicvideos%22%7d</content>
                </include>
				
				<!-- youtube -->
                <include content="Universal_ContainerHeader">
                    <param name="groupid" value="7509" />
                    <param name="id" value="5009" />
                    <param name="label" value="$INFO[Skin.String(SearchTerm),$LOCALIZE[31180] [CAPITALIZE]$LOCALIZE[36913][/CAPITALIZE]  $LOCALIZE[1411]  &quot; , &quot;]" />
                    <visible>Control.IsVisible(5009)</visible>
                </include>
                <include condition="!$EXP[IsOfflineMode] + System.HasAddon(plugin.video.youtube)" content="Universal_Container">
					<param name="id" value="5009" />
					<param name="visible" value="Integer.IsGreater(Container(5009).NumItems,0) | Container(5009).IsUpdating" />
					<param name="type_height" value="365" />
					<param name="tags_visible" value="true" />
					<param name="layout_height" value="355" />
					<param name="layout_width" value="490" />
					<param name="itemheight" value="280" />
					<param name="itemwidth" value="476" />
					<param name="layout" value="landscape" />
					<content target="videos" sortby="file" limit="25">plugin://plugin.video.youtube/search/?q=$INFO[Skin.String(SearchTerm)]</content>
                    <visible>!$EXP[IsOfflineMode] + System.HasAddon(plugin.video.youtube)</visible>
                </include>
		
				<!-- Addons -->
                <include content="Universal_ContainerHeader">
                    <param name="groupid" value="7514" />
                    <param name="id" value="5014" />
                    <param name="label" value="$INFO[Skin.String(SearchTerm),$LOCALIZE[24001]  $LOCALIZE[1411]  &quot; , &quot;]" />
                    <visible>Control.IsVisible(5014)</visible>
                </include>
				<include content="Universal_Container">
					<param name="id" value="5014" />
					<param name="visible" value="Integer.IsGreater(Container(5014).NumItems,0) | Container(5014).IsUpdating" />
					<param name="type_height" value="365" />
					<param name="tags_visible" value="true" />
					<param name="layout_height" value="355" />
					<param name="layout_width" value="490" />
					<param name="itemheight" value="280" />
					<param name="itemwidth" value="476" />
					<param name="layout" value="landscape" />
					<content target="addons">addons://search/$INFO[Skin.String(SearchTerm)]</content>
                </include>
            </control>
        </control>
		
		<include content="swan_debug_overlay">
			<param name="textleft" value="
0  Winrop for vis conds came from xmlfile LibTargetSearch  :    $INFO[Window(home).Property(LibTargetSearch)]
1  Search String   $INFO[Skin.String(SearchTerm)]

2 placeholder

3  istitem.filenameandpath :    $INFO[listitem.filenameandpath]
4  listitem.path :    $INFO[listitem.path]
5  listitem.folderpath :    $INFO[listitem.folderpath]
6  container().FolderPath   $INFO[container().folderpath]
7  ListItem.FileExtension	$INFO[ListItem.FileExtension]
8  $INFO[Container.FolderPath] and $INFO[ListItemAbsolute(0).label]

9  container().FolderPath   $INFO[container().folderpath]

10  $INFO[listitem.dbid,current dbid :    ,    ]
11  $INFO[listitem.DBTYPE,current DBTYPE :    ,    ]
12 $INFO[listitem.label,label:    ,    ]

13 ListItem.Overlay  $INFO[ListItem.Overlay]

$INFO[container.listitem.dbid,container dbid :    ,    ]
$INFO[container.listitem.dbtype,container dbtype :    ,    ]
$INFO[container.listitem.label,container label :    ,    ]
$INFO[container.listitem.label2,container.label2 :    ,    ]
"/>
		</include>
    </controls>
</window>