<?xml version="1.0" encoding="UTF-8"?>
<window>
<include>Animation_OpenClose_Zoom</include>
<!-- 	

wip - acceptable but not done
1.8 DialogContextMenu.xml
ID 		Type 		Description
999 	image 		Background image of the context menu (center part) (deprecated)
998 	image 		Background image of the context menu (bottom part) (deprecated)
997 	image 		Background image of the context menu (top part) (deprecated)

996 	grouplist 	Grouplist template
999 	image 		Background image of the context menu
1000 	button 		Button template  
-->
<defaultcontrol>996</defaultcontrol>
	
	<!-- 
	<coordinates>
		<left>0</left>
		<top>0</top>
		<origin x="0" y="50">Window.IsActive(Home)</origin>
	</coordinates> 
	-->
	
	<controls>
		<control type="group">
			<description>BG</description>
			
			<control type="image">
				<bottom>-250</bottom>
				<height>700</height>
				<width>700</width>
				<centerleft>50%</centerleft>
				<texture diffuse="diffuse/circle.png" colordiffuse="$VAR[color_global_dialog_background]">colors/white90.png</texture>
				<aspectratio>stretch</aspectratio>
			</control>
		</control>
		
		<include content="Menucontrol_Grouplist">
			
			<param name="id" value="996"/>
			<param name="height" value="34%"/>
			<param name="onup" value="996"/>
			<param name="ondown" value="996"/>
			<param name="top" value="64%"/>
			<param name="width" value="25%" />
			
			<centerleft>50%</centerleft>
			<onleft>900</onleft>
			<onright>900</onright>
			
			<!-- 
			<control type="button" id="777">
				<texturefocus />
				<texturenofocus />
				<width>450</width>
				<align>center</align>
				<font>InfoCommon</font>
				<label>QUE ITEM TEST</label>
				<onclick>noop</onclick>
			</control>
			-->
			
		</include>
<!-- 
https://alwinesch.github.io/group__python___play_list.html

custom queing will need script


Function: add(url[, listitem, index]) 
 Adds a new file to the playlist.

Parameters
    url	string or unicode - filename or url to add.
    listitem	[opt] listitem - used with setInfo() to set different infolabels.
    index	[opt] integer - position to add playlist item. (default=end)

Note
    You can use the above as keywords for arguments and skip certain optional arguments.
    Once you use a keyword, all following arguments require the keyword.

Example:
..
playlist = xbmc.PlayList(xbmc.PLAYLIST_VIDEO)
video = 'F:\\movies\\Ironman.mov'
listitem = xbmcgui.ListItem('Ironman', thumbnailImage='F:\\movies\\Ironman.tbn')
listitem.setInfo('video', {'Title': 'Ironman', 'Genre': 'Science Fiction'})
playlist.add(url=video, listitem=listitem, index=7)n


may get position before to add as next instead  default index
§ getposition()
int XBMCAddon::xbmc::PlayList::getposition 	( 		) 	

Function: getposition()

Returns the position of the current song in this playlist.

Returns
    Position of the current song 


  -->
		<control type="button" id="1000">
			<texturefocus />
			<texturenofocus />
			<width>450</width>
			<align>center</align>
			<font>InfoCommon</font>
		</control>
		
	</controls>
</window>
