<?xml version="1.0" encoding="UTF-8"?>
<window>
	<defaultcontrol always="true"></defaultcontrol>
	<include>media_menucontrol</include>
<!-- 	1.49 
weather 	WINDOW_WEATHER 	12600 MyWeather.xml
ID 		Type 			Description
2 		button 			Refresh the weather information
3 		spincontrolex 	Change weather location
11 		label 			Shows the time of last weather update
31 		label 			Current day label
32 		label 			Today's high temperature value
33 		label 			Today's low temperature value
34 		label 			Today's weather condition
35 		image 			Today's weather icon
223 	label 			Localized “Temperature” string
224 	label 			Localized “Feels like” string
225 	label 			Localized “UV index” string
226 	label 			Localized “Wind” string
227 	label 			Localized “Dew point” string
228 	label 			Localized “Humidity” string  -->



	<defaultcontrol always="true">100</defaultcontrol>
	<backgroundcolor>black</backgroundcolor>
	<menucontrol />
	
	<controls>
		<control type="label" id="11">
			<include>HiddenObject</include>
		</control>
		
		<include content="HeaderBar" />
		
		<control type="group">
			<top>Header</top>
			<include content="Animation_Close_MediaContainer" condition="String.IsEmpty(Window(home).Property(SetShortcutInProgress))" />
			
			<control type="grouplist" id="100">
				<height>100</height>
				<orientation>horizontal</orientation>
				<align>center</align>
				<itemgap>20</itemgap>
				
				
				<control type="label" id="101">
					<width>auto</width>
					<height>40</height>
					<font>font_SpotlightMetaDataBar</font>
					<align>center</align>
					<aligny>center</aligny>
					<textcolor>white</textcolor>
					<label>$INFO[Control.GetLabel(3)]  $INFO[Control.GetLabel(11)]</label>
				</control>
				
				<control type="button" id="2">
					<width>auto</width>
					<height>60</height>
					<align>center</align>
				</control>
				
			</control>
			
			<control type="grouplist">
				<width>1820</width>
				<top>169</top>
				<right>50</right>
				<align>center</align>
				<height>853</height>
				<orientation>horizontal</orientation>
				<itemgap>0</itemgap>
				
				<control type="group">
					<left>5</left>
					<width>550</width>
					<control type="image">
						<height>100%</height>
						<!-- <texture background="true">$INFO[Weather.Fanartcode,special://skin/extras/weather/,.jpg]</texture>
							<aspectratio>scale</aspectratio>
						-->
						<texture colordiffuse="grey">colors/white.png</texture>
					</control>
					<control type="image">
						<centertop>50%</centertop>
						<height>272</height>
						<texture colordiffuse="green">colors/white.png</texture>
					</control>
					
					<control type="group">
						<centertop>50%</centertop>
						<height>243</height>
						<control type="label">
							<textoffsetx>23</textoffsetx>
							<width>50%</width>
							<height>38</height>
							<font>Light28</font>
							<label>$LOCALIZE[33006]</label>
							<textcolor>white</textcolor>
						</control>
						<control type="label">
							<right>0</right>
							<textoffsetx>23</textoffsetx>
							<width>50%</width>
							<height>38</height>
							<font>Light28</font>
							<align>right</align>
							<label>$LOCALIZE[19030]</label>
							<textcolor>white</textcolor>
						</control>
						<control type="textbox">
							<left>23</left>
							<width>50%</width>
							<top>49</top>
							<height>auto</height>
							<font>Med20</font>
							<label>$INFO[Window(Weather).Property(Day0.Outlook)]</label>
							<autoscroll>False</autoscroll>
							<textcolor>text_white</textcolor>
						</control>
						<control type="textbox">
							<right>23</right>
							<width>50%</width>
							<top>49</top>
							<height>auto</height>
							<font>Med20</font>
							<align>right</align>
							<label>$INFO[Window(Weather).Property(Current.Condition)]$INFO[Window(Weather).Property(Current.WindSpeed),[CR]$LOCALIZE[383] ]$INFO[Window(Weather).Property(Current.WindDirection), - ][CR]$INFO[Window(Weather).Property(Current.DewPoint),[CR]$LOCALIZE[405] ,°]$INFO[Window(Weather).Property(Current.Humidity),[CR]$LOCALIZE[406] ]</label>
							<autoscroll>False</autoscroll>
							<textcolor>text_white</textcolor>
						</control>
						<control type="image">
							<left>23</left>
							<right>23</right>
							<top>77</top>
							<width>140</width>
							<height>140</height>
							<texture background="true">$INFO[Window(Weather).Property(Day0.FanartCode),weather/icons/,.png]</texture>
							<aspectratio>keep</aspectratio>
						</control>
						<control type="label">
							<textoffsetx>23</textoffsetx>
							<width>50%</width>
							<top>214</top>
							<height>30</height>
							<font>Med20</font>
							<textcolor>white</textcolor>
							<label>$INFO[Window(Weather).Property(Day0.LowTemp),$LOCALIZE[391] ,°]    $INFO[Window(Weather).Property(Day0.HighTemp),$LOCALIZE[393] ,°]</label>
						</control>
						<control type="label">
							<right>0</right>
							<textoffsetx>23</textoffsetx>
							<width>50%</width>
							<top>214</top>
							<height>30</height>
							<font>Med20</font>
							<align>right</align>
							<textcolor>white</textcolor>
							<label>$INFO[Window(weather).Property(Current.Temperature),,°] $INFO[Window(weather).Property(Current.FeelsLike),($LOCALIZE[402] ,°)]</label>
						</control>
					</control>
				</control>
				
				<control type="image">
					<width>1</width>
					<height>100%</height>
					<texture colordiffuse="black">common/white.jpg</texture>
				</control>
				<include content="WeatherSmall">
					<param name="visible" value="!String.IsEmpty(Window(Weather).Property(Day1.Outlook))"/>
					<param name="art" value="$INFO[Window(Weather).Property(Day1.FanartCode),special://skin/extras/weather/,.jpg]"/>
					<param name="icon" value="$INFO[Window(Weather).Property(Day1.FanartCode),weather/icons/,.png]"/>
					<param name="day" value="$INFO[Window(Weather).Property(Day1.Title)]"/>
					<param name="outlook" value="$INFO[Window(Weather).Property(Day1.Outlook)]"/>
					<param name="temp" value="$INFO[Window(Weather).Property(Day1.LowTemp),$LOCALIZE[391] ,°]    $INFO[Window(Weather).Property(Day1.HighTemp),$LOCALIZE[393] ,°]"/>
				</include>
				<control type="image">
					<width>1</width>
					<height>100%</height>
					<texture colordiffuse="black">common/white.jpg</texture>
				</control>
				<include content="WeatherSmall">
					<param name="visible" value="!String.IsEmpty(Window(Weather).Property(Day2.Outlook))"/>
					<param name="art" value="$INFO[Window(Weather).Property(Day2.FanartCode),special://skin/extras/weather/,.jpg]"/>
					<param name="icon" value="$INFO[Window(Weather).Property(Day2.FanartCode),weather/icons/,.png]"/>
					<param name="day" value="$INFO[Window(Weather).Property(Day2.Title)]"/>
					<param name="outlook" value="$INFO[Window(Weather).Property(Day2.Outlook)]"/>
					<param name="temp" value="$INFO[Window(Weather).Property(Day2.LowTemp),$LOCALIZE[391] ,°]    $INFO[Window(Weather).Property(Day2.HighTemp),$LOCALIZE[393] ,°]"/>
				</include>
				<control type="image">
					<width>1</width>
					<height>100%</height>
					<texture colordiffuse="black">common/white.jpg</texture>
				</control>
				<include content="WeatherSmall">
					<param name="visible" value="!String.IsEmpty(Window(Weather).Property(Day3.Outlook))"/>
					<param name="art" value="$INFO[Window(Weather).Property(Day3.FanartCode),special://skin/extras/weather/,.jpg]"/>
					<param name="icon" value="$INFO[Window(Weather).Property(Day3.FanartCode),weather/icons/,.png]"/>
					<param name="day" value="$INFO[Window(Weather).Property(Day3.Title)]"/>
					<param name="outlook" value="$INFO[Window(Weather).Property(Day3.Outlook)]"/>
					<param name="temp" value="$INFO[Window(Weather).Property(Day3.LowTemp),$LOCALIZE[391] ,°]    $INFO[Window(Weather).Property(Day3.HighTemp),$LOCALIZE[393] ,°]"/>
				</include>
				<control type="image">
					<width>1</width>
					<height>100%</height>
					<texture colordiffuse="black">common/white.jpg</texture>
				</control>
				<include content="WeatherSmall">
					<param name="visible" value="!String.IsEmpty(Window(Weather).Property(Day4.Outlook))"/>
					<param name="art" value="$INFO[Window(Weather).Property(Day4.FanartCode),special://skin/extras/weather/,.jpg]"/>
					<param name="icon" value="$INFO[Window(Weather).Property(Day4.FanartCode),weather/icons/,.png]"/>
					<param name="day" value="$INFO[Window(Weather).Property(Day4.Title)]"/>
					<param name="outlook" value="$INFO[Window(Weather).Property(Day4.Outlook)]"/>
					<param name="temp" value="$INFO[Window(Weather).Property(Day4.LowTemp),$LOCALIZE[391] ,°]    $INFO[Window(Weather).Property(Day4.HighTemp),$LOCALIZE[393] ,°]"/>
				</include>
			</control>
		</control>
		
		<!-- Menu control -->
		<control type="group">
			<include content="DiffuseMask">
				<param name="visible">ControlGroup(4000).HasFocus + !Window.IsVisible(selectdialog)</param>
			</include>
			<control type="group">
				<visible>ControlGroup(4000).HasFocus + !Window.IsVisible(selectdialog)</visible>
				<centerleft>50%</centerleft>
				<width>800</width>
				<centertop>50%</centertop>
				<height>982</height>
				
				<control type="grouplist" id="4000">
					<orientation>vertical</orientation>
					<height>auto</height>
					<align>center</align>
					<itemgap>0</itemgap>
					<onright>100</onright>
					<onleft>100</onleft>
					<onback>100</onback>
					<usecontrolcoords>true</usecontrolcoords>
					<control type="image" id="4001">
						<width>100%</width>
						<height>61</height>
						<texture border="65,0,65,0" colordiffuse="context_color">dialogs/context/top.png</texture>
					</control>
					
					<control type="spincontrolex" id="3">
						
					</control>
					
					
				</control>
			</control>
		</control>
		
	</controls>


</window>
