<?xml version="1.0" encoding="UTF-8"?>
<includes>

	<include name="view56">
		<control type="group">
			<visible>Control.IsVisible(56)</visible>
			
			<control type="group">
				<visible>Skin.HasSetting(View_56_ShowBGPanel)</visible>
				<include content="View_BGPanel">
					<param name="width2" value="580" />
					<param name="width3" value="100" />
				</include>
			</control>
			
			<control type="image">
				<description>revisit alpha stuff cdiffuse and img bg texture</description>
				<visible>control.hasfocus(56)</visible>
				<bordertexture border="2" colordiffuse="$VAR[color_lib_text_main]">frames/frame.png</bordertexture>
				<texture colordiffuse="cc202020" background="true">colors/white50.png</texture>
				<bordersize>3</bordersize>
				<left>135</left>
				<right>100</right>
				<height>270</height>
				<centertop>50%</centertop>
			</control>
			
			<control type="fixedlist" id="56">
				<visible>Container.Content(movies) | Container.Content(sets) | Container.Content(tvshows) | Container.Content(episodes) | Container.Content(artists) | Container.Content(albums)</visible>
				<orientation>vertical</orientation>
				<preloaditems>2</preloaditems>
				<focusposition>1</focusposition>
				<scrolltime tween="quadratic">400</scrolltime>
				<left>100</left>
				
				<include content="Media_Container_Attributes">
					<param name="view_id" value="56" />
				</include>
				
				<include>Media_Values_ContainerNavigation</include>
				
				<viewtype label="episodes">episodes panel</viewtype>
				
				<itemlayout height="285">
					<control type="group">
						<height>270</height>
						
						<include content="listcontainer_infolayout">
							<param name="artwork_w" value="400" />
							<param name="artwork_h" value="236" />
							<param name="artwork_posx" value="50" />
							<param name="artwork" value="landscape" />
							
							<param name="info_posy" value="500" />
							<param name="info_headlinefont" value="InfoCommon" />
							<param name="info_dur_alignx" value="left" />
							
							<param name="autoscroll" value="false" />
							<param name="highlightcolor" value="$VAR[color_lib_text_secondary]" />
							<param name="indicator_watchedstate_size" value="30" />
							<param name="indicator_folderind_size" value="100" />
							
							<param name="rating_width" value="150" />
							<param name="rating_offset_right" value="55" />
							<include content="list_landscape_info">
							</include>
							
						</include>
					</control>
				</itemlayout>
				<focusedlayout height="285">
					
					<control type="group">
						<height>270</height>
						<include content="listcontainer_infolayout_focused">
							<param name="bordertexture" value="frames/frame.png" />
						</include>
						
						<include content="listcontainer_infolayout">
							<param name="artwork_w" value="400" />
							<param name="artwork_h" value="236" />
							<param name="artwork_posx" value="63" />
							<param name="artwork" value="landscape" />
							
							<param name="info_posy" value="500" />
							<param name="info_headlinefont" value="InfoCommon" />
							<param name="info_dur_alignx" value="left" />
							<param name="autoscroll" value="false" />
							<param name="highlightcolor" value="$VAR[color_lib_text_secondary]" />
							<param name="indicator_watchedstate_size" value="30" />
							<param name="indicator_folderind_size" value="100" />
							<param name="rating_width" value="160" />
							<param name="rating_offset_right" value="55" />
							<include content="list_landscape_info">
						</include>
							
						</include>
						
						<control type="image">
							<animation type="Focus" reversible="false">
								<effect type="fade" start="0" end="100" time="350" delay="100" tween="sine" easing="out" center="auto" />
							</animation>
							<centertop>50%</centertop>
							<visible>!String.Contains(ListItem.Icon,default)</visible>
							<visible>!ListItem.IsPlaying</visible>
							<left>30</left>
							<width>60</width>
							<height>60</height>
							<bordertexture colordiffuse="ff131313">artworkdiffuse/circle.png</bordertexture>
							<texture colordiffuse="$VAR[color_lib_widgetitem_overlayicon]" diffuse="artworkdiffuse/circle.png" background="true">overlay/overlayplay.png</texture>
						</control>
						
					</control>
					<control type="group">
						<visible>Player.HasMedia + !String.IsEmpty(Window(Home).Property(TrailerIsPlaying))</visible>
						<top>10</top>
						<left>40</left>
						<width>420</width>
						<height>245</height>
						<control type="image">
							<texture>colors/black.png</texture>
						</control>
						<control type="videowindow" />
					</control>
				</focusedlayout>
			</control>
			
			<include content="footer">
				<param name="view_id" value="56" />
				<param name="offset_leftpanel" value="34%" />
				<param name="media_flagalign" value="center" />
				<param name="media_flagwidth" value="30%" />
				<param name="rating_flagalign" value="left" />
			</include>
		</control>
	</include>
	
	<include name="list_landscape_info">
		<control type="group">
			<visible>Skin.HasSetting(View_56_Prefer_CircleArt)</visible>
			<visible>!String.Contains(ListItem.Icon,default)</visible>
			<left>10</left>
			<width>430</width>
			<height>280</height>
				
			<control type="image">
				<width>200</width>
				<height>200</height>
				<top>10</top>
				<left>150</left>
				<texture background="true" diffuse="artworkdiffuse/circle.png">$VAR[ImageLayout_circle]</texture>
				<bordertexture>artworkdiffuse/circleborder.png</bordertexture>
				<aspectratio scalediffuse="false" aligny="center" align="center">scale</aspectratio>
				<bordersize>2</bordersize>
				<visible>![Container.Content(studios) | String.IsEqual(ListItem.dbtype,studio)]</visible>
			</control>
			<control type="image">
				<visible>![[Container.Content(Seasons) | String.IsEqual(ListItem.dbtype,season)] | [Container.Content(Episodes) | String.IsEqual(ListItem.dbtype,episode)]]</visible>
				<visible>
					!String.IsEmpty(ListItem.Art(tvshow.clearlogo)) | 
					!String.IsEmpty(ListItem.Art(clearlogo)) | 
					!String.IsEmpty(ListItem.Art(artist.clearlogo)) | 
					!String.IsEmpty(ListItem.Art(albumartist.clearlogo))
				</visible>
				<width>400</width>
				<height>100</height>
				<top>170</top>
				<left>50</left>
				<right>10</right>
				<texture background="true">$VAR[ListItemClearLogo]</texture>
				<aspectratio align="center" aligny="center">keep</aspectratio>
			</control>
			<control type="textbox">
				<description>43.3 1 row</description>
				<visible>[[Container.Content(Seasons) | String.IsEqual(ListItem.dbtype,season)] | [Container.Content(Episodes) | String.IsEqual(ListItem.dbtype,episode)]] | 
					String.IsEmpty(ListItem.Art(tvshow.clearlogo)) +
					String.IsEmpty(ListItem.Art(artist.clearlogo)) +
					String.IsEmpty(ListItem.Art(albumartist.clearlogo)) +
					String.IsEmpty(ListItem.Art(clearlogo))
				</visible>
				<visible>!String.IsEqual(ListItem.label,..)</visible>
				<autoscroll delay="2000" time="1500" repeat="1500">$PARAM[autoscroll]</autoscroll>
				<top>170</top>
				<left>40</left>
				<right>40</right>
				<width>400</width>
				<wrapmultiline>true</wrapmultiline>
				<height max="80">auto</height>
				<font>CircleTag_Small</font>
				<align>center</align>
				<aligny>top</aligny>
				<textcolor>$VAR[color_lib_widgetitem_itemtag_label1_fo]</textcolor>
				<selectedcolor>white</selectedcolor>
				<label>$INFO[ListItem.Label,[B],[/B]]</label>
			</control>
		</control>
		
		<control type="textbox">
			<autoscroll delay="2000" time="5000" repeat="1500">$PARAM[autoscroll]</autoscroll>
			<description>plot</description>
			<font>PlotCommon</font>
			<right>250</right>
			<left>500</left>
			<top>100</top>
			<bottom>70</bottom>
			<align>justify</align>
			<aligny>top</aligny>
			<textcolor>$VAR[color_lib_text_main]</textcolor>
			<selectedcolor>$VAR[color_lib_selected]</selectedcolor>
			<label>$VAR[plot]</label>
		</control>
	</include>
	
	<variable name="PreferedThumb_Sourcing56">
	
		<value condition="Skin.HasSetting(View_56_Prefer_Discart_Song) + !String.IsEmpty(ListItem.Art(album.discart)) + String.IsEqual(ListItem.dbtype,song)">$INFO[ListItem.Art(album.discart)]</value>
		<value condition="!String.IsEmpty(ListItem.Art(discart)) + [[String.IsEqual(ListItem.dbtype,album) + Skin.HasSetting(View_56_Prefer_Discart_Album)] | [Window.IsActive(videos) + Skin.HasSetting(View_56_Prefer_Disc_Video)]]">$INFO[ListItem.Art(discart)]</value>
		
		<value condition="Skin.HasSetting(View_56_Prefer_clearart) + !String.IsEmpty(ListItem.Art(clearart))">$INFO[ListItem.Art(clearart)]</value>
		<value condition="Skin.HasSetting(View_56_Prefer_clearart) + String.IsEmpty(ListItem.Art(clearart)) + !String.IsEmpty(ListItem.Art(characterart))">$INFO[ListItem.Art(characterart)]</value>
		<value condition="[Skin.HasSetting(View_56_Prefer_clearlogo) | [Skin.HasSetting(View_56_Prefer_clearart) + String.IsEmpty(ListItem.Art(clearart)) + String.IsEmpty(ListItem.Art(characterart))]] + !String.IsEmpty(ListItem.Art(clearlogo))">$INFO[ListItem.Art(clearlogo)]</value>
		
		<value condition="Skin.HasSetting(View_56_Prefer_animatedfanart) + !String.IsEmpty(ListItem.Art(animatedfanart))">$INFO[ListItem.Art(animatedfanart)]</value>
		<value>$VAR[ImageLayout_landscape]</value>
	</variable>	
</includes>