<?xml version="1.0" encoding="UTF-8"?>
<window>
	<!-- 1.50 Pointer.xml
ID 	Type 	Description
1 	image 	Pointer no focus image
2 	image 	Pointer focus image
3 	image 	Pointer drag image
4 	image 	Pointer click image  -->
	<controls>
		<control type="image" id="1">
			<description>Pointer</description>
			<left>-10</left>
			<width>44</width>
			<height>50</height>
			<border>3</border>
			<texture>curser/curser.png</texture>
		</control>
		<control type="image" id="2">
			<description>Pointer Focus</description>
			<left>-10</left>
			<width>44</width>
			<height>50</height>
			<texture>curser/curser.png</texture>
		</control>
		<control type="image" id="3">
			<description>Pointer Drag</description>
			<left>-10</left>
			<width>44</width>
			<height>50</height>
			<texture>curser/curser.png</texture>
		</control>
		<control type="image" id="4">
			<description>pointer_click</description>
			<left>-10</left>
			<width>44</width>
			<height>50</height>
			<texture colordiffuse="blue">curser/curser.png</texture>
		</control>
	</controls>
</window>
