<?xml version="1.0" encoding="UTF-8"?>
<addon id="skin.aeon.tajo" version="1.0.0" name="Aeon Tajo" provider-name="manfeed">
	<requires>
		<import addon="xbmc.gui" version="5.14.0"/>
		<import addon="script.grab.fanart" version="0.12.8"/>
		<import addon="script.skinshortcuts" version="0.4.5"/>
		<import addon="service.library.data.provider" version="0.0.7"/>
		<import addon="resource.images.studios.white" version="0.0.1"/>
		<import addon="resource.images.recordlabels.white" version="0.0.1"/>
	</requires>
	<extension point="xbmc.gui.skin" debugging="false" effectslowdown="0.75">
		<res width="1920" height="1080" aspect="16:9" default="true" folder="1080i" />
	</extension>
	<extension point="xbmc.addon.metadata">
		<summary lang="en_GB">Aeon Tajo</summary>
		<summary lang="en_AU">Aeon Tajo</summary>
		<summary lang="en_NZ">Aeon Tajo</summary>
		<summary lang="en_US">Aeon Tajo</summary>
		<summary lang="es">Aeon Tajo</summary>
		<description lang="en_GB">Aeon Tajo: Completely redesigned, but built over the code of Aeon Nox 5 (thanks to BigNoid) since there was no need to replace many things that look and work amazingly well.</description>
		<description lang="en_AU">Aeon Tajo: Completely redesigned, but built over the code of Aeon Nox 5 (thanks to BigNoid) since there was no need to replace many things that look and work amazingly well.</description>
		<description lang="en_NZ">Aeon Tajo: Completely redesigned, but built over the code of Aeon Nox 5 (thanks to BigNoid) since there was no need to replace many things that look and work amazingly well.</description>
		<description lang="en_US">Aeon Tajo: Completely redesigned, but built over the code of Aeon Nox 5 (thanks to BigNoid) since there was no need to replace many things that look and work amazingly well.</description>
		<description lang="es">Aeon Tajo: Completamente rediseñado, pero construido sobre el código de Aeon Nox 5 (gracias a BigNoid) puesto que no había necesidad de cambiar muchas cosas que lucen y funcionan increiblemente bien.</description>
		<disclaimer lang="en_GB">Mouse control is supported, althoug not recommended. It may not work correctly in all cases.</disclaimer>
		<disclaimer lang="en_AU">Mouse control is supported, althoug not recommended. It may not work correctly in all cases.</disclaimer>
		<disclaimer lang="en_NZ">Mouse control is supported, althoug not recommended. It may not work correctly in all cases.</disclaimer>
		<disclaimer lang="es">Control con el ratón no recomendado. Puede no funcionar bien en algunos casos.</disclaimer>
		<platform>all</platform>
		<license>CC BY-NC-SA 4.0</license>
		<forum></forum>
		<website></website>
		<email></email>
		<source></source>
		<news>Updated for Kodi v18 Leia</news>
		<assets>
			<icon>resources/icon.png</icon>
			<fanart>resources/fanart.jpg</fanart>
			<screenshot>resources/screenshot-01.jpg</screenshot>
			<screenshot>resources/screenshot-02.jpg</screenshot>
			<screenshot>resources/screenshot-03.jpg</screenshot>
			<screenshot>resources/screenshot-04.jpg</screenshot>
			<screenshot>resources/screenshot-05.jpg</screenshot>
			<screenshot>resources/screenshot-06.jpg</screenshot>
			<screenshot>resources/screenshot-07.jpg</screenshot>
			<screenshot>resources/screenshot-08.jpg</screenshot>
			<screenshot>resources/screenshot-09.jpg</screenshot>
		</assets>
	</extension>
</addon>
