<window>
    <defaultcontrol>3</defaultcontrol>
    <onload condition="!System.HasAddon(script.skinshortcuts)">SetProperty(MissingDependency,True,home)</onload>
    <onload condition="!System.HasAddon(script.skinshortcuts)">ActivateWindow(1126)</onload>
    <onload>SetProperty(Window.HasSettings,True,home)</onload>
    <onload>ClearProperty(MediaMenu,Home)</onload>
    <onunload>ClearProperty(Window.HasSettings,Home)</onunload>
    <controls>
        <include>CommonBackground</include>
        <control type="group">
            <top>59</top>
            <include>WindowOpenCloseAnimation</include>
            <include>SystemLeftPanel</include>
            <control type="grouplist" id="3">
                <description>button area</description>
                <left>82</left>
                <top>32</top>
                <width>356</width>
                <height>810</height>
                <onleft>61</onleft>
                <onright>5</onright>
                <onup>3</onup>
                <ondown>3</ondown>
                <pagecontrol>61</pagecontrol>
            </control>
            <control type="scrollbar" id="61">
                <left>65</left>
                <top>32</top>
                <width>14</width>
                <height>810</height>
                <onleft>SetProperty(MediaMenu,True,home)</onleft>
                <onleft>SetFocus(9050)</onleft>
                <onright>3</onright>
                <ondown>61</ondown>
                <onup>61</onup>
                <showonepage>false</showonepage>
                <texturesliderbackground />
                <texturesliderbar colordiffuse="55ffffff" border="1">scrollbar/texturesliderbar2.png</texturesliderbar>
                <texturesliderbarfocus border="1">scrollbar/texturesliderbar2.png</texturesliderbarfocus>
            </control>
            <control type="image">
                <description>separator image</description>
                <left>82</left>
                <top>692</top>
                <width>356</width>
                <height>60</height>
                <texture border="1">separator2.png</texture>
                <visible>!Container(3).HasNext</visible>
            </control>
            <include>SystemRightPanel</include>
            <control type="image">
                <description>separator image</description>
                <left>522</left>
                <top>692</top>
                <width>1316</width>
                <height>60</height>
                <texture border="1">separator2.png</texture>
                <visible>!Container(5).HasNext</visible>
            </control>
            <control type="textbox" id="6">
                <description>description area</description>
                <left>552</left>
                <top>850</top>
                <width>1256</width>
                <height>130</height>
                <font>font16bold_textbox</font>
                <textcolor>grey2</textcolor>
                <autoscroll time="3000" delay="4000" repeat="5000">true</autoscroll>
                <animation effect="fade" start="0" end="100" time="300" tween="sine" easing="inout">Visible</animation>
                <animation effect="fade" start="100" end="0" time="0" tween="sine" easing="inout">Hidden</animation>
                <visible>ControlGroup(5).HasFocus()</visible>
            </control>
            <control type="grouplist" id="5">
                <description>control area</description>
                <left>522</left>
                <top>32</top>
                <width>1316</width>
                <height>810</height>
                <pagecontrol>60</pagecontrol>
                <onleft>3</onleft>
                <onright>60</onright>
                <onup>5</onup>
                <ondown>5</ondown>
            </control>
            <control type="scrollbar" id="60">
                <left>1838</left>
                <top>32</top>
                <width>14</width>
                <height>810</height>
                <onleft>5</onleft>
                <onright>3</onright>
                <ondown>60</ondown>
                <onup>60</onup>
                <showonepage>false</showonepage>
                <texturesliderbackground />
                <texturesliderbar colordiffuse="55ffffff" border="1">scrollbar/texturesliderbar2.png</texturesliderbar>
                <texturesliderbarfocus border="1">scrollbar/texturesliderbar2.png</texturesliderbarfocus>
            </control>
            <control type="image">
                <description>LOGO</description>
                <left>82</left>
                <top>861</top>
                <width>356</width>
                <height>120</height>
                <aspectratio>keep</aspectratio>
                <texture>aeon-nox-logo.png</texture>
            </control>
        </control>
        <control type="button" id="10">
            <description>Default Category Button</description>
            <height>90</height>
            <width>356</width>
            <textoffsetx>15</textoffsetx>
            <align>right</align>
            <font>font15</font>
            <texturefocus colordiffuse="$VAR[HighlightBarColor]" border="3">listselect_fo.png</texturefocus>
            <texturenofocus border="1">separator5.png</texturenofocus>
        </control>
        <control type="button" id="7">
            <description>Default Button</description>
            <width>1136</width>
            <height>90</height>
            <font>font15</font>
            <textcolor>grey2</textcolor>
            <textoffsetx>30</textoffsetx>
            <focusedcolor>white</focusedcolor>
            <texturefocus colordiffuse="$VAR[HighlightBarColor]" border="3">listselect_fo.png</texturefocus>
            <texturenofocus border="1">separator5.png</texturenofocus>
        </control>
        <control type="radiobutton" id="8">
            <description>Default RadioButton</description>
            <width>1316</width>
            <height>90</height>
            <font>font15</font>
            <textcolor>grey2</textcolor>
            <textoffsetx>30</textoffsetx>
            <focusedcolor>white</focusedcolor>
            <texturefocus colordiffuse="$VAR[HighlightBarColor]" border="3">listselect_fo.png</texturefocus>
            <texturenofocus border="1">separator5.png</texturenofocus>
        </control>
        <control type="spincontrolex" id="9">
            <description>Default SpinControlex</description>
            <width>1316</width>
            <height>90</height>
            <font>font15</font>
            <textcolor>grey2</textcolor>
            <textoffsetx>30</textoffsetx>
            <focusedcolor>white</focusedcolor>
            <texturefocus colordiffuse="$VAR[HighlightBarColor]" border="3">listselect_fo.png</texturefocus>
            <texturenofocus border="1">separator5.png</texturenofocus>
            <reverse>true</reverse>
            <spinposx>10</spinposx>
        </control>
        <control type="sliderex" id="13">
            <description>Default Slider</description>
            <width>1316</width>
            <height>90</height>
            <font>font15</font>
            <textcolor>grey2</textcolor>
            <textoffsetx>30</textoffsetx>
            <focusedcolor>white</focusedcolor>
            <texturefocus colordiffuse="$VAR[HighlightBarColor]" border="3">listselect_fo.png</texturefocus>
            <texturenofocus border="1">separator5.png</texturenofocus>
        </control>
        <control type="image" id="11">
            <description>separator image</description>
            <height>2</height>
            <texture border="0,0,0,2">separator2.png</texture>
            <visible>no</visible>
        </control>
        <control type="label" id="14">
            <description>Default Label</description>
            <width>1136</width>
            <height>88</height>
            <font>font15</font>
            <align>center</align>
            <textcolor>$VAR[ThemeLabelColor]</textcolor>
            <textoffsetx>30</textoffsetx>
        </control>
        <control type="label" id="2">
            <description>Fake Label so we can pass it value down to the one below</description>
            <width>0</width>
            <height>0</height>
            <font />
            <visible>false</visible>
        </control>
        <include>Topbar</include>
        <control type="group">
            <left>-440</left>
            <include>SideBladeLeft</include>
            <control type="grouplist" id="9050">
                <include>NoMediaMenu</include>
            </control>
        </control>
    </controls>
</window>
