<window>
    <defaultcontrol always="true">9</defaultcontrol>
    <coordinates>
        <system>1</system>
        <left>199</left>
        <top>210</top>
    </coordinates>
    <include>DialogOpenCloseAnimation</include>
    <controls>
        <control type="image">
            <description>background image</description>
            <width>1522</width>
            <height>660</height>
            <texture border="40">dialogs/default/bg.png</texture>
        </control>
        <control type="label" id="2">
            <description>header label</description>
            <left>30</left>
            <top>32</top>
            <width>1462</width>
            <height>40</height>
            <font>font15_title</font>
            <label>19142</label>
            <align>center</align>
            <textcolor>dialogheader</textcolor>
        </control>
        <control type="image">
            <left>30</left>
            <top>86</top>
            <width>1140</width>
            <height>542</height>
            <texture border="5">dialogs/default/inner.png</texture>
        </control>
        <control type="edit" id="9">
            <description>Search string</description>
            <left>31</left>
            <top>88</top>
            <width>1138</width>
            <height>60</height>
            <onleft>9001</onleft>
            <onright>9001</onright>
            <onup>27</onup>
            <ondown>10</ondown>
            <hinttext>19001</hinttext>
        </control>
        <control type="grouplist" id="9000">
            <description>control area</description>
            <left>31</left>
            <top>148</top>
            <width>1138</width>
            <height>480</height>
            <pagecontrol>6</pagecontrol>
            <onup>9</onup>
            <ondown>9</ondown>
            <onleft>9001</onleft>
            <onright>6</onright>
            <control type="radiobutton" id="10">
                <description>Include Description</description>
                <width>1138</width>
                <label>19134</label>
            </control>
            <control type="radiobutton" id="11">
                <description>Case Sensitive</description>
                <width>1138</width>
                <label>19135</label>
            </control>
            <control type="edit" id="14">
                <description>Start Date</description>
                <width>1138</width>
                <label>19128</label>
            </control>
            <control type="edit" id="15">
                <description>Stop Date</description>
                <width>1138</width>
                <label>19129</label>
            </control>
            <control type="spincontrolex" id="18">
                <description>Genre</description>
                <width>1138</width>
                <label>515</label>
            </control>
            <control type="radiobutton" id="20">
                <description>Include unknown Genres</description>
                <width>1138</width>
                <label>19132</label>
            </control>
            <control type="radiobutton" id="22">
                <description>FTA only</description>
                <width>1138</width>
                <label>19123</label>
            </control>
            <control type="radiobutton" id="24">
                <description>Ignore Timers</description>
                <width>1138</width>
                <label>19124</label>
            </control>
            <control type="spincontrolex" id="12">
                <description>Min Duration</description>
                <width>1138</width>
                <label>19130</label>
            </control>
            <control type="spincontrolex" id="13">
                <description>Max Duration</description>
                <width>1138</width>
                <label>19131</label>
            </control>
            <control type="edit" id="16">
                <description>Start time</description>
                <width>1138</width>
                <label>19126</label>
            </control>
            <control type="edit" id="17">
                <description>Stop time</description>
                <width>1138</width>
                <label>31393</label>
            </control>
            <control type="radiobutton" id="19">
                <description>avoid repeats</description>
                <width>1138</width>
                <label>19121</label>
            </control>
            <control type="spincontrolex" id="21">
                <description>Groups</description>
                <width>1138</width>
                <label>19141</label>
            </control>
            <control type="spincontrolex" id="23">
                <description>Channels</description>
                <width>1138</width>
                <label>19148</label>
            </control>
            <control type="radiobutton" id="27">
                <description>Ignore Recordings</description>
                <width>1138</width>
                <label>19125</label>
            </control>
        </control>
        <control type="scrollbar" id="6">
            <left>1170</left>
            <top>148</top>
            <width>8</width>
            <height>480</height>
            <texturesliderbackground />
            <texturesliderbar colordiffuse="55ffffff" border="1">scrollbar/texturesliderbar2.png</texturesliderbar>
            <texturesliderbarfocus border="1">scrollbar/texturesliderbar2.png</texturesliderbarfocus>
            <onleft>9000</onleft>
            <onright>9001</onright>
            <showonepage>false</showonepage>
            <orientation>vertical</orientation>
        </control>
        <!-- right group -->
        <control type="group">
            <left>1182</left>
            <top>88</top>
            <control type="image">
                <left>-1</left>
                <top>-2</top>
                <width>312</width>
                <height>542</height>
                <texture border="5">dialogs/default/inner.png</texture>
            </control>
            <control type="grouplist" id="9001">
                <onup>9001</onup>
                <onleft>6</onleft>
                <onright>5</onright>
                <ondown>9001</ondown>
                <control type="button" id="28">
                    <description>Defaults Button</description>
                    <width>310</width>
                    <label>409</label>
                </control>
                <control type="button" id="25">
                    <description>Cancel Button</description>
                    <width>310</width>
                    <label>222</label>
                </control>
                <control type="button" id="26">
                    <description>Search Button</description>
                    <width>310</width>
                    <label>137</label>
                </control>
            </control>
        </control>
    </controls>
</window>
