<includes>
    <include name="PosterDimAndPos">
        <left>40</left>
        <top>11</top>
        <width>219</width>
        <height>330</height>
        <align>center</align>
        <aspectratio scalediffuse="false">stretch</aspectratio>
        <fadetime>IconCrossfadeTime</fadetime>
    </include>
    <include name="CaseDimAndPos">
        <top>-20</top>
        <width>275</width>
        <height>377</height>
        <visible>Skin.HasSetting(Enable.CasesLiveBG) + !String.IsEmpty(Container(9031).ListItem.Duration)</visible>
    </include>
    <include name="CaseDimAndPosSets">
        <top>-20</top>
        <width>275</width>
        <height>377</height>
        <visible>Skin.HasSetting(Enable.CasesLiveBG)</visible>
    </include>
    <include name="CDCoverDimAndPos">
        <left>54</left>
        <top>17</top>
        <width>302</width>
        <height>302</height>
        <fadetime>600</fadetime>
        <aspectratio scalediffuse="false">scale</aspectratio>
    </include>
    <include name="CDCaseDimAndPos">
        <width>375</width>
        <height>342</height>
        <bordertexture>thumbs/boxes/cd_shadow_light.png</bordertexture>
        <texture background="true">thumbs/boxes/cd_glass.png</texture>
        <visible>Skin.HasSetting(Enable.CasesLiveBG)</visible>
    </include>
    <include name="LiveCasesBackground">
        <control type="wraplist" id="9031">
            <include>HiddenList</include>
            <content>$VAR[CaseContentVar]</content>
            <visible>String.StartsWith(Container(9000).ListItem.Property(background),s:live) | [Control.HasFocus(9010) + String.StartsWith(Container(9010).ListItem.Property(background),s:live)] | [Control.HasFocus(90100) + String.StartsWith(Container(90100).ListItem.Property(background),s:live)]</visible>
        </control>
        <control type="wraplist" id="9034">
            <include>HiddenList</include>
            <content>$VAR[CaseContentVar]</content>
            <autoscroll time="7000" delay="7000" repeat="7000">True</autoscroll>
            <visible>String.StartsWith(Container(9000).ListItem.Property(background),s:playlist) | [Control.HasFocus(9010) + String.StartsWith(Container(9010).ListItem.Property(background),s:playlist)] | [Control.HasFocus(90100) + String.StartsWith(Container(90100).ListItem.Property(background),s:playlist)]</visible>
        </control>
        <control type="image">
            <fadetime>600</fadetime>
            <visible>String.StartsWith(Container(9000).ListItem.Property(background),s:live) | [Control.HasFocus(9010) + String.StartsWith(Container(9010).ListItem.Property(background),s:live)] | [Control.HasFocus(90100) + String.StartsWith(Container(90100).ListItem.Property(background),s:live)] + ![Control.HasFocus(9010) + !String.StartsWith(Container(9010).ListItem.Property(background),s:live)] + ![Control.HasFocus(90100) + !String.StartsWith(Container(90100).ListItem.Property(background),s:live)]</visible>
            <include>FullscreenDimensions</include>
            <aspectratio align="center" aligny="top">scale</aspectratio>
            <texture background="true">special://skin/backgrounds/default_livecases.jpg</texture>
        </control>
        <control type="group">
            <visible>[String.StartsWith(Container(9000).ListItem.Property(background),s:live) + ![String.EndsWith(Container(9000).ListItem.Property(background),i:songs) | String.EndsWith(Container(9010).ListItem.Property(background),i:albums)]] | Control.HasFocus(9010) + String.StartsWith(Container(9010).ListItem.Property(background),s:live) + ![String.EndsWith(Container(9010).ListItem.Property(background),i:songs) | String.EndsWith(Container(9010).ListItem.Property(background),i:albums)] | [Control.HasFocus(90100) + String.StartsWith(Container(90100).ListItem.Property(background),s:live) + ![String.EndsWith(Container(90100).ListItem.Property(background),i:songs) | String.EndsWith(Container(90100).ListItem.Property(background),i:albums)]]</visible>
            <animation effect="fade" time="600">WindowOpen</animation>
            <animation effect="fade" time="600">VisibleChange</animation>
            <control type="group">
                <description>Case 1</description>
                <left>1170</left>
                <top>1030</top>
                <animation effect="zoom" start="180" end="180" center="auto" time="0" tween="linear" condition="true">Conditional</animation>
                <animation effect="rotate" center="auto" start="-65" end="-65" time="0" condition="true">Conditional</animation>
                <control type="image">
                    <include>PosterDimAndPos</include>
                    <texture background="true" diffuse="thumbs/movieposter_mask.png" fallback="DefaultVideoCover.png">$VAR[Case10Var]</texture>
                </control>
                <control type="image">
                    <include>CaseDimAndPos</include>
                    <texture background="true">$VAR[ResCase10Var]</texture>
                </control>
            </control>
            <control type="group">
                <description>Case 2</description>
                <left>800</left>
                <animation effect="zoom" start="180" end="180" center="auto" time="0" tween="linear" condition="true">Conditional</animation>
                <animation effect="rotate" center="auto" start="65" end="65" time="0" condition="true">Conditional</animation>
                <control type="image">
                    <include>PosterDimAndPos</include>
                    <texture background="true" diffuse="thumbs/movieposter_mask.png" fallback="DefaultVideoCover.png">$VAR[Case9Var]</texture>
                </control>
                <control type="image">
                    <include>CaseDimAndPos</include>
                    <texture background="true">$VAR[ResCase9Var]</texture>
                </control>
            </control>
            <control type="group">
                <description>Case 3</description>
                <left>500</left>
                <top>150</top>
                <animation effect="zoom" start="180" end="180" center="auto" time="0" tween="linear" condition="true">Conditional</animation>
                <animation effect="rotate" center="auto" start="10" end="10" time="0" condition="true">Conditional</animation>
                <control type="image">
                    <include>PosterDimAndPos</include>
                    <texture background="true" diffuse="thumbs/movieposter_mask.png" fallback="DefaultVideoCover.png">$VAR[Case8Var]</texture>
                </control>
                <control type="image">
                    <include>CaseDimAndPos</include>
                    <texture background="true">$VAR[ResCase8Var]</texture>
                </control>
            </control>
            <control type="group">
                <description>Case 4</description>
                <left>1550</left>
                <top>300</top>
                <animation effect="zoom" start="180" end="180" center="auto" time="0" tween="linear" condition="true">Conditional</animation>
                <animation effect="rotate" center="auto" start="-20" end="-20" time="0" condition="true">Conditional</animation>
                <control type="image">
                    <include>PosterDimAndPos</include>
                    <texture background="true" diffuse="thumbs/movieposter_mask.png" fallback="DefaultVideoCover.png">$VAR[Case7Var]</texture>
                </control>
                <control type="image">
                    <include>CaseDimAndPos</include>
                    <texture background="true">$VAR[ResCase7Var]</texture>
                </control>
            </control>
            <control type="group">
                <description>Case 5</description>
                <left>1000</left>
                <top>170</top>
                <animation effect="zoom" start="180" end="180" center="auto" time="0" tween="linear" condition="true">Conditional</animation>
                <animation effect="rotate" center="auto" start="25" end="25" time="0" condition="true">Conditional</animation>
                <control type="image">
                    <include>PosterDimAndPos</include>
                    <texture background="true" diffuse="thumbs/movieposter_mask.png" fallback="DefaultVideoCover.png">$VAR[Case6Var]</texture>
                </control>
                <control type="image">
                    <include>CaseDimAndPos</include>
                    <texture background="true">$VAR[ResCase6Var]</texture>
                </control>
            </control>
            <control type="group">
                <description>Case 6</description>
                <left>1900</left>
                <top>-100</top>
                <animation effect="zoom" start="180" end="180" center="auto" time="0" tween="linear" condition="true">Conditional</animation>
                <animation effect="rotate" center="auto" start="75" end="75" time="0" condition="true">Conditional</animation>
                <control type="image">
                    <include>PosterDimAndPos</include>
                    <texture background="true" diffuse="thumbs/movieposter_mask.png" fallback="DefaultVideoCover.png">$VAR[Case5Var]</texture>
                </control>
                <control type="image">
                    <include>CaseDimAndPos</include>
                    <texture background="true">$VAR[ResCase5Var]</texture>
                </control>
            </control>
            <control type="group">
                <description>Case 7</description>
                <left>1500</left>
                <top>800</top>
                <animation effect="zoom" start="180" end="180" center="auto" time="0" tween="linear" condition="true">Conditional</animation>
                <animation effect="rotate" center="auto" start="45" end="45" time="0" condition="true">Conditional</animation>
                <control type="image">
                    <include>PosterDimAndPos</include>
                    <texture background="true" diffuse="thumbs/movieposter_mask.png" fallback="DefaultVideoCover.png">$VAR[Case4Var]</texture>
                </control>
                <control type="image">
                    <include>CaseDimAndPos</include>
                    <texture background="true">$VAR[ResCase4Var]</texture>
                </control>
            </control>
            <control type="group">
                <description>Case 8</description>
                <left>1450</left>
                <top>650</top>
                <animation effect="zoom" start="180" end="180" center="auto" time="0" tween="linear" condition="true">Conditional</animation>
                <animation effect="rotate" center="auto" start="-35" end="-35" time="0" condition="true">Conditional</animation>
                <control type="image">
                    <include>PosterDimAndPos</include>
                    <texture background="true" diffuse="thumbs/movieposter_mask.png" fallback="DefaultVideoCover.png">$VAR[Case3Var]</texture>
                </control>
                <control type="image">
                    <include>CaseDimAndPos</include>
                    <texture background="true">$VAR[ResCase3Var]</texture>
                </control>
            </control>
            <control type="group">
                <description>Case 9</description>
                <left>1100</left>
                <top>400</top>
                <animation effect="zoom" start="180" end="180" center="auto" time="0" tween="linear" condition="true">Conditional</animation>
                <animation effect="rotate" center="auto" start="-10" end="-10" time="0" condition="true">Conditional</animation>
                <control type="image">
                    <include>PosterDimAndPos</include>
                    <texture background="true" diffuse="thumbs/movieposter_mask.png" fallback="DefaultVideoCover.png">$VAR[Case2Var]</texture>
                </control>
                <control type="image">
                    <include>CaseDimAndPos</include>
                    <texture background="true">$VAR[ResCase2Var]</texture>
                </control>
            </control>
            <control type="group">
                <description>Case 10</description>
                <left>700</left>
                <top>400</top>
                <animation effect="zoom" start="180" end="180" center="auto" time="0" tween="linear" condition="true">Conditional</animation>
                <animation effect="rotate" center="auto" start="3" end="3" time="0" condition="true">Conditional</animation>
                <control type="image">
                    <include>PosterDimAndPos</include>
                    <texture background="true" diffuse="thumbs/movieposter_mask.png" fallback="DefaultVideoCover.png">$VAR[Case1Var]</texture>
                </control>
                <control type="image">
                    <include>CaseDimAndPos</include>
                    <texture background="true">$VAR[ResCase1Var]</texture>
                </control>
            </control>
        </control>
        <control type="group">
            <animation effect="fade" time="600">WindowOpen</animation>
            <animation effect="fade" time="600">VisibleChange</animation>
            <visible>[String.EndsWith(Container(9000).ListItem.Property(background),i:songs) | String.EndsWith(Container(9000).ListItem.Property(background),i:albums)] | [[String.EndsWith(Container(9010).ListItem.Property(background),i:songs) | String.EndsWith(Container(9010).ListItem.Property(background),i:albums)] + Control.HasFocus(9010)] | [[String.EndsWith(Container(90100).ListItem.Property(background),i:songs) | String.EndsWith(Container(90100).ListItem.Property(background),i:albums)] + Control.HasFocus(90100)]</visible>
            <control type="group">
                <left>-200</left>
                <control type="group">
                    <left>1120</left>
                    <top>700</top>
                    <animation effect="zoom" start="150" end="150" center="auto" time="0" condition="true">Conditional</animation>
                    <animation effect="rotate" center="auto" start="9" end="9" time="0" condition="true">Conditional</animation>
                    <control type="image">
                        <include>CDCoverDimAndPos</include>
                        <texture background="true" diffuse="thumbs/boxes/cdcover_mask_aa.png" fallback="DefaultAudio.png">$VAR[Case10Var]</texture>
                    </control>
                    <control type="image">
                        <include>CDCaseDimAndPos</include>
                    </control>
                </control>
                <control type="group">
                    <left>700</left>
                    <animation effect="zoom" start="150" end="150" center="auto" time="0" condition="true">Conditional</animation>
                    <animation effect="rotate" center="auto" start="65" end="65" time="0" condition="true">Conditional</animation>
                    <control type="image">
                        <include>CDCoverDimAndPos</include>
                        <texture background="true" diffuse="thumbs/boxes/cdcover_mask_aa.png" fallback="DefaultAudio.png">$VAR[Case9Var]</texture>
                    </control>
                    <control type="image">
                        <include>CDCaseDimAndPos</include>
                    </control>
                </control>
                <control type="group">
                    <left>430</left>
                    <top>100</top>
                    <animation effect="zoom" start="150" end="150" center="auto" time="0" condition="true">Conditional</animation>
                    <animation effect="rotate" center="auto" start="10" end="10" time="0" condition="true">Conditional</animation>
                    <control type="image">
                        <include>CDCoverDimAndPos</include>
                        <texture background="true" diffuse="thumbs/boxes/cdcover_mask_aa.png" fallback="DefaultAudio.png">$VAR[Case8Var]</texture>
                    </control>
                    <control type="image">
                        <include>CDCaseDimAndPos</include>
                    </control>
                </control>
                <control type="group">
                    <left>1600</left>
                    <top>200</top>
                    <animation effect="zoom" start="150" end="150" center="auto" time="0" condition="true">Conditional</animation>
                    <animation effect="rotate" center="auto" start="-20" end="-20" time="0" condition="true">Conditional</animation>
                    <control type="image">
                        <include>CDCoverDimAndPos</include>
                        <texture background="true" diffuse="thumbs/boxes/cdcover_mask_aa.png" fallback="DefaultAudio.png">$VAR[Case7Var]</texture>
                    </control>
                    <control type="image">
                        <include>CDCaseDimAndPos</include>
                    </control>
                </control>
                <control type="group">
                    <left>1000</left>
                    <top>50</top>
                    <animation effect="zoom" start="150" end="150" center="auto" time="0" condition="true">Conditional</animation>
                    <animation effect="rotate" center="auto" start="25" end="25" time="0" condition="true">Conditional</animation>
                    <control type="image">
                        <include>CDCoverDimAndPos</include>
                        <texture background="true" diffuse="thumbs/boxes/cdcover_mask_aa.png" fallback="DefaultAudio.png">$VAR[Case6Var]</texture>
                    </control>
                    <control type="image">
                        <include>CDCaseDimAndPos</include>
                    </control>
                </control>
                <control type="group">
                    <left>1950</left>
                    <top>-100</top>
                    <animation effect="zoom" start="150" end="150" center="auto" time="0" condition="true">Conditional</animation>
                    <animation effect="rotate" center="auto" start="75" end="75" time="0" condition="true">Conditional</animation>
                    <control type="image">
                        <include>CDCoverDimAndPos</include>
                        <texture background="true" diffuse="thumbs/boxes/cdcover_mask_aa.png" fallback="DefaultAudio.png">$VAR[Case5Var]</texture>
                    </control>
                    <control type="image">
                        <include>CDCaseDimAndPos</include>
                    </control>
                </control>
                <control type="group">
                    <left>1700</left>
                    <top>800</top>
                    <animation effect="zoom" start="150" end="150" center="auto" time="0" condition="true">Conditional</animation>
                    <animation effect="rotate" center="auto" start="45" end="45" time="0" condition="true">Conditional</animation>
                    <control type="image">
                        <include>CDCoverDimAndPos</include>
                        <texture background="true" diffuse="thumbs/boxes/cdcover_mask_aa.png" fallback="DefaultAudio.png">$VAR[Case4Var]</texture>
                    </control>
                    <control type="image">
                        <include>CDCaseDimAndPos</include>
                    </control>
                </control>
                <control type="group">
                    <left>1470</left>
                    <top>510</top>
                    <animation effect="zoom" start="150" end="150" center="auto" time="0" condition="true">Conditional</animation>
                    <animation effect="rotate" center="auto" start="-15" end="-15" time="0" condition="true">Conditional</animation>
                    <control type="image">
                        <include>CDCoverDimAndPos</include>
                        <texture background="true" diffuse="thumbs/boxes/cdcover_mask_aa.png" fallback="DefaultAudio.png">$VAR[Case3Var]</texture>
                    </control>
                    <control type="image">
                        <include>CDCaseDimAndPos</include>
                    </control>
                </control>
                <control type="group">
                    <left>1020</left>
                    <top>420</top>
                    <animation effect="zoom" start="150" end="150" center="auto" time="0" condition="true">Conditional</animation>
                    <animation effect="rotate" center="auto" start="-10" end="-10" time="0" condition="true">Conditional</animation>
                    <control type="image">
                        <include>CDCoverDimAndPos</include>
                        <texture background="true" diffuse="thumbs/boxes/cdcover_mask_aa.png" fallback="DefaultAudio.png">$VAR[Case2Var]</texture>
                    </control>
                    <control type="image">
                        <include>CDCaseDimAndPos</include>
                    </control>
                </control>
                <control type="group">
                    <left>600</left>
                    <top>400</top>
                    <animation effect="zoom" start="150" end="150" center="auto" time="0" condition="true">Conditional</animation>
                    <animation effect="rotate" center="auto" start="3" end="3" time="0" condition="true">Conditional</animation>
                    <control type="image">
                        <include>CDCoverDimAndPos</include>
                        <texture background="true" diffuse="thumbs/boxes/cdcover_mask_aa.png" fallback="DefaultAudio.png">$VAR[Case1Var]</texture>
                    </control>
                    <control type="image">
                        <include>CDCaseDimAndPos</include>
                    </control>
                </control>
            </control>
        </control>
    </include>
    <!-- Cases Content Var -->
    <variable name="CaseContentVar">
        <value condition="String.EndsWith(Container(9000).ListItem.Property(background),i:recent movies) | [Control.HasFocus(9010) + String.EndsWith(Container(9010).ListItem.Property(background),i:recent movies)] | [Control.HasFocus(90100) + String.EndsWith(Container(90100).ListItem.Property(background),i:recent movies)]">special://skin/extras/playlists/recentmovies.xsp</value>
        <value condition="String.EndsWith(Container(9000).ListItem.Property(background),i:recent episodes) | [Control.HasFocus(9010) + String.EndsWith(Container(9010).ListItem.Property(background),i:recent episodes)] | [Control.HasFocus(90100) + String.EndsWith(Container(90100).ListItem.Property(background),i:recent episodes)]">special://skin/extras/playlists/recentepisodes.xsp</value>
        <value condition="String.EndsWith(Container(9000).ListItem.Property(background),i:songs) | [Control.HasFocus(9010) + String.EndsWith(Container(9010).ListItem.Property(background),i:songs)] | [Control.HasFocus(90100) + String.EndsWith(Container(90100).ListItem.Property(background),i:songs)]">plugin://service.library.data.provider?type=randomsongs&amp;reload=$INFO[Window.Property(randomsongs)]</value>
        <value condition="String.EndsWith(Container(9000).ListItem.Property(background),i:albums) | [Control.HasFocus(9010) + String.EndsWith(Container(9010).ListItem.Property(background),i:albums)] | [Control.HasFocus(90100) + String.EndsWith(Container(90100).ListItem.Property(background),i:albums)]">plugin://service.library.data.provider?type=randomalbums&amp;reload=$INFO[Window.Property(randomalbums)]</value>
        <value condition="Control.HasFocus(9010) + !String.IsEmpty(Container(9010).ListItem.Property(backgroundPlaylist))">$INFO[Container(9010).ListItem.Property(backgroundPlaylist)]</value>
        <value condition="Control.HasFocus(90100) + !String.IsEmpty(Container(90100).ListItem.Property(backgroundPlaylist))">$INFO[Container(90100).ListItem.Property(backgroundPlaylist)]</value>
        <value condition="!String.IsEmpty(Container(9000).ListItem.Property(backgroundPlaylist))">$INFO[Container(9000).ListItem.Property(backgroundPlaylist)]</value>
    </variable>
    <!-- Cases Background Vars-->
    <variable name="Case1Var">
        <value condition="!String.IsEmpty(Container(9031).ListItem(0).Art(tvshow.poster))">$INFO[Container(9031).ListItem(0).Art(tvshow.poster)]</value>
        <value condition="!String.IsEmpty(Container(9031).ListItem(0).Art(poster))">$INFO[Container(9031).ListItem(0).Art(poster)]</value>
        <value>$INFO[Container(9031).ListItem(0).Icon]</value>
    </variable>
    <variable name="Case2Var">
        <value condition="!String.IsEmpty(Container(9031).ListItem(1).Art(tvshow.poster))">$INFO[Container(9031).ListItem(1).Art(tvshow.poster)]</value>
        <value condition="!String.IsEmpty(Container(9031).ListItem(1).Art(poster))">$INFO[Container(9031).ListItem(1).Art(poster)]</value>
        <value>$INFO[Container(9031).ListItem(1).Icon]</value>
    </variable>
    <variable name="Case3Var">
        <value condition="!String.IsEmpty(Container(9031).ListItem(2).Art(tvshow.poster))">$INFO[Container(9031).ListItem(2).Art(tvshow.poster)]</value>
        <value condition="!String.IsEmpty(Container(9031).ListItem((2).Art(poster)))">$INFO[Container(9031).ListItem(2).Art(poster)]</value>
        <value>$INFO[Container(9031).ListItem(2).Icon]</value>
    </variable>
    <variable name="Case4Var">
        <value condition="!String.IsEmpty(Container(9031).ListItem(9).Art(tvshow.poster))">$INFO[Container(9031).ListItem(9).Art(tvshow.poster)]</value>
        <value condition="!String.IsEmpty(Container(9031).ListItem(9).Art(poster))">$INFO[Container(9031).ListItem(9).Art(poster)]</value>
        <value>$INFO[Container(9031).ListItem(9).Icon]</value>
    </variable>
    <variable name="Case5Var">
        <value condition="!String.IsEmpty(Container(9031).ListItem(7).Art(tvshow.poster))">$INFO[Container(9031).ListItem(7).Art(tvshow.poster)]</value>
        <value condition="!String.IsEmpty(Container(9031).ListItem(7).Art(poster))">$INFO[Container(9031).ListItem(7).Art(poster)]</value>
        <value>$INFO[Container(9031).ListItem(7).Icon]</value>
    </variable>
    <variable name="Case6Var">
        <value condition="!String.IsEmpty(Container(9031).ListItem(3).Art(tvshow.poster))">$INFO[Container(9031).ListItem(3).Art(tvshow.poster)]</value>
        <value condition="!String.IsEmpty(Container(9031).ListItem(3).Art(poster))">$INFO[Container(9031).ListItem(3).Art(poster)]</value>
        <value>$INFO[Container(9031).ListItem(3).Icon]</value>
    </variable>
    <variable name="Case7Var">
        <value condition="!String.IsEmpty(Container(9031).ListItem(8).Art(tvshow.poster))">$INFO[Container(9031).ListItem(8).Art(tvshow.poster)]</value>
        <value condition="!String.IsEmpty(Container(9031).ListItem(8).Art(poster))">$INFO[Container(9031).ListItem(8).Art(poster)]</value>
        <value>$INFO[Container(9031).ListItem(8).Icon]</value>
    </variable>
    <variable name="Case8Var">
        <value condition="!String.IsEmpty(Container(9031).ListItem(4).Art(tvshow.poster))">$INFO[Container(9031).ListItem(4).Art(tvshow.poster)]</value>
        <value condition="!String.IsEmpty(Container(9031).ListItem(4).Art(poster))">$INFO[Container(9031).ListItem(4).Art(poster)]</value>
        <value>$INFO[Container(9031).ListItem(4).Icon]</value>
    </variable>
    <variable name="Case9Var">
        <value condition="!String.IsEmpty(Container(9031).ListItem(5).Art(tvshow.poster))">$INFO[Container(9031).ListItem(5).Art(tvshow.poster)]</value>
        <value condition="!String.IsEmpty(Container(9031).ListItem(5).Art(poster))">$INFO[Container(9031).ListItem(5).Art(poster)]</value>
        <value>$INFO[Container(9031).ListItem(5).Icon]</value>
    </variable>
    <variable name="Case10Var">
        <value condition="!String.IsEmpty(Container(9031).ListItem(6).Art(tvshow.poster))">$INFO[Container(9031).ListItem(6).Art(tvshow.poster)]</value>
        <value condition="!String.IsEmpty(Container(9031).ListItem(6).Art(poster))">$INFO[Container(9031).ListItem(6).Art(poster)]</value>
        <value>$INFO[Container(9031).ListItem(6).Icon]</value>
    </variable>
    <variable name="ResCase1Var">
        <value condition="String.Contains(Container(9031).ListItem(0).Filename,3d) | String.Contains(Container(9031).ListItem(0).Filename,3dbd)">$VAR[CaseTypePathVar]3d.png</value>
        <value condition="String.Contains(Container(9031).ListItem(0).Filename,hddvd)">$VAR[CaseTypePathVar]hddvd.png</value>
        <value condition="String.Contains(Container(9031).ListItem(0).Filename,hdtv) | String.Contains(Container(9031).ListItem(0).Filename,hd tv)">$VAR[CaseTypePathVar]hdtv.png</value>
        <value condition="String.Contains(Container(9031).ListItem(0).Filename,webdl) | String.Contains(Container(9031).ListItem(0).Filename,web-dl)">$VAR[CaseTypePathVar]webdl.png</value>
        <value condition="String.Contains(Container(9031).ListItem(0).Filename,screener)">$VAR[CaseTypePathVar]screener.png</value>
        <value condition="!Skin.HasSetting(useclearcases)">$INFO[Container(9031).ListItem(0).VideoResolution,thumbs/boxes/default/,p.png]</value>
        <value condition="Skin.HasSetting(useclearcases)">$INFO[Container(9031).ListItem(0).VideoResolution,thumbs/boxes/clearcases/,p.png]</value>
    </variable>
    <variable name="ResCase2Var">
        <value condition="String.Contains(Container(9031).ListItem(1).Filename,3d) | String.Contains(Container(9031).ListItem(1).Filename,3dbd)">$VAR[CaseTypePathVar]3d.png</value>
        <value condition="String.Contains(Container(9031).ListItem(1).Filename,hddvd)">$VAR[CaseTypePathVar]hddvd.png</value>
        <value condition="String.Contains(Container(9031).ListItem(1).Filename,hdtv) | String.Contains(Container(9031).ListItem(1).Filename,hd tv)">$VAR[CaseTypePathVar]hdtv.png</value>
        <value condition="String.Contains(Container(9031).ListItem(1).Filename,webdl) | String.Contains(Container(9031).ListItem(1).Filename,web-dl)">$VAR[CaseTypePathVar]webdl.png</value>
        <value condition="String.Contains(Container(9031).ListItem(1).Filename,screener)">$VAR[CaseTypePathVar]screener.png</value>
        <value condition="!Skin.HasSetting(useclearcases)">$INFO[Container(9031).ListItem(1).VideoResolution,thumbs/boxes/default/,p.png]</value>
        <value condition="Skin.HasSetting(useclearcases)">$INFO[Container(9031).ListItem(1).VideoResolution,thumbs/boxes/clearcases/,p.png]</value>
    </variable>
    <variable name="ResCase3Var">
        <value condition="String.Contains(Container(9031).ListItem(2).Filename,3d) | String.Contains(Container(9031).ListItem(2).Filename,3dbd)">$VAR[CaseTypePathVar]3d.png</value>
        <value condition="String.Contains(Container(9031).ListItem(2).Filename,hddvd)">$VAR[CaseTypePathVar]hddvd.png</value>
        <value condition="String.Contains(Container(9031).ListItem(2).Filename,hdtv) | String.Contains(Container(9031).ListItem(2).Filename,hd tv)">$VAR[CaseTypePathVar]hdtv.png</value>
        <value condition="String.Contains(Container(9031).ListItem(2).Filename,webdl) | String.Contains(Container(9031).ListItem(2).Filename,web-dl)">$VAR[CaseTypePathVar]webdl.png</value>
        <value condition="String.Contains(Container(9031).ListItem(2).Filename,screener)">$VAR[CaseTypePathVar]screener.png</value>
        <value condition="!Skin.HasSetting(useclearcases)">$INFO[Container(9031).ListItem(2).VideoResolution,thumbs/boxes/default/,p.png]</value>
        <value condition="Skin.HasSetting(useclearcases)">$INFO[Container(9031).ListItem(2).VideoResolution,thumbs/boxes/clearcases/,p.png]</value>
    </variable>
    <variable name="ResCase4Var">
        <value condition="String.Contains(Container(9031).ListItem(9).Filename,3d) | String.Contains(Container(9031).ListItem(9).Filename,3dbd)">$VAR[CaseTypePathVar]3d.png</value>
        <value condition="String.Contains(Container(9031).ListItem(9).Filename,hddvd)">$VAR[CaseTypePathVar]hddvd.png</value>
        <value condition="String.Contains(Container(9031).ListItem(9).Filename,hdtv) | String.Contains(Container(9031).ListItem(9).Filename,hd tv)">$VAR[CaseTypePathVar]hdtv.png</value>
        <value condition="String.Contains(Container(9031).ListItem(9).Filename,webdl) | String.Contains(Container(9031).ListItem(9).Filename,web-dl)">$VAR[CaseTypePathVar]webdl.png</value>
        <value condition="String.Contains(Container(9031).ListItem(9).Filename,screener)">$VAR[CaseTypePathVar]screener.png</value>
        <value condition="!Skin.HasSetting(useclearcases)">$INFO[Container(9031).ListItem(9).VideoResolution,thumbs/boxes/default/,p.png]</value>
        <value condition="Skin.HasSetting(useclearcases)">$INFO[Container(9031).ListItem(9).VideoResolution,thumbs/boxes/clearcases/,p.png]</value>
    </variable>
    <variable name="ResCase5Var">
        <value condition="String.Contains(Container(9031).ListItem(7).Filename,3d) | String.Contains(Container(9031).ListItem(7).Filename,3dbd)">$VAR[CaseTypePathVar]3d.png</value>
        <value condition="String.Contains(Container(9031).ListItem(7).Filename,hddvd)">$VAR[CaseTypePathVar]hddvd.png</value>
        <value condition="String.Contains(Container(9031).ListItem(7).Filename,hdtv) | String.Contains(Container(9031).ListItem(7).Filename,hd tv)">$VAR[CaseTypePathVar]hdtv.png</value>
        <value condition="String.Contains(Container(9031).ListItem(7).Filename,webdl) | String.Contains(Container(9031).ListItem(7).Filename,web-dl)">$VAR[CaseTypePathVar]webdl.png</value>
        <value condition="String.Contains(Container(9031).ListItem(7).Filename,screener)">$VAR[CaseTypePathVar]screener.png</value>
        <value condition="!Skin.HasSetting(useclearcases)">$INFO[Container(9031).ListItem(7).VideoResolution,thumbs/boxes/default/,p.png]</value>
        <value condition="Skin.HasSetting(useclearcases)">$INFO[Container(9031).ListItem(7).VideoResolution,thumbs/boxes/clearcases/,p.png]</value>
    </variable>
    <variable name="ResCase6Var">
        <value condition="String.Contains(Container(9031).ListItem(3).Filename,3d) | String.Contains(Container(9031).ListItem(3).Filename,3dbd)">$VAR[CaseTypePathVar]3d.png</value>
        <value condition="String.Contains(Container(9031).ListItem(3).Filename,hddvd)">$VAR[CaseTypePathVar]hddvd.png</value>
        <value condition="String.Contains(Container(9031).ListItem(3).Filename,hdtv) | String.Contains(Container(9031).ListItem(3).Filename,hd tv)">$VAR[CaseTypePathVar]hdtv.png</value>
        <value condition="String.Contains(Container(9031).ListItem(3).Filename,webdl) | String.Contains(Container(9031).ListItem(3).Filename,web-dl)">$VAR[CaseTypePathVar]webdl.png</value>
        <value condition="String.Contains(Container(9031).ListItem(3).Filename,screener)">$VAR[CaseTypePathVar]screener.png</value>
        <value condition="!Skin.HasSetting(useclearcases)">$INFO[Container(9031).ListItem(3).VideoResolution,thumbs/boxes/default/,p.png]</value>
        <value condition="Skin.HasSetting(useclearcases)">$INFO[Container(9031).ListItem(3).VideoResolution,thumbs/boxes/clearcases/,p.png]</value>
    </variable>
    <variable name="ResCase7Var">
        <value condition="String.Contains(Container(9031).ListItem(8).Filename,3d) | String.Contains(Container(9031).ListItem(8).Filename,3dbd)">$VAR[CaseTypePathVar]3d.png</value>
        <value condition="String.Contains(Container(9031).ListItem(8).Filename,hddvd)">$VAR[CaseTypePathVar]hddvd.png</value>
        <value condition="String.Contains(Container(9031).ListItem(8).Filename,hdtv) | String.Contains(Container(9031).ListItem(8).Filename,hd tv)">$VAR[CaseTypePathVar]hdtv.png</value>
        <value condition="String.Contains(Container(9031).ListItem(8).Filename,webdl) | String.Contains(Container(9031).ListItem(8).Filename,web-dl)">$VAR[CaseTypePathVar]webdl.png</value>
        <value condition="String.Contains(Container(9031).ListItem(8).Filename,screener)">$VAR[CaseTypePathVar]screener.png</value>
        <value condition="!Skin.HasSetting(useclearcases)">$INFO[Container(9031).ListItem(8).VideoResolution,thumbs/boxes/default/,p.png]</value>
        <value condition="Skin.HasSetting(useclearcases)">$INFO[Container(9031).ListItem(8).VideoResolution,thumbs/boxes/clearcases/,p.png]</value>
    </variable>
    <variable name="ResCase8Var">
        <value condition="String.Contains(Container(9031).ListItem(4).Filename,3d) | String.Contains(Container(9031).ListItem(4).Filename,3dbd)">$VAR[CaseTypePathVar]3d.png</value>
        <value condition="String.Contains(Container(9031).ListItem(4).Filename,hddvd)">$VAR[CaseTypePathVar]hddvd.png</value>
        <value condition="String.Contains(Container(9031).ListItem(4).Filename,hdtv) | String.Contains(Container(9031).ListItem(4).Filename,hd tv)">$VAR[CaseTypePathVar]hdtv.png</value>
        <value condition="String.Contains(Container(9031).ListItem(4).Filename,webdl) | String.Contains(Container(9031).ListItem(4).Filename,web-dl)">$VAR[CaseTypePathVar]webdl.png</value>
        <value condition="String.Contains(Container(9031).ListItem(4).Filename,screener)">$VAR[CaseTypePathVar]screener.png</value>
        <value condition="!Skin.HasSetting(useclearcases)">$INFO[Container(9031).ListItem(4).VideoResolution,thumbs/boxes/default/,p.png]</value>
        <value condition="Skin.HasSetting(useclearcases)">$INFO[Container(9031).ListItem(4).VideoResolution,thumbs/boxes/clearcases/,p.png]</value>
    </variable>
    <variable name="ResCase9Var">
        <value condition="String.Contains(Container(9031).ListItem(5).Filename,3d) | String.Contains(Container(9031).ListItem(5).Filename,3dbd)">$VAR[CaseTypePathVar]3d.png</value>
        <value condition="String.Contains(Container(9031).ListItem(5).Filename,hddvd)">$VAR[CaseTypePathVar]hddvd.png</value>
        <value condition="String.Contains(Container(9031).ListItem(5).Filename,hdtv) | String.Contains(Container(9031).ListItem(5).Filename,hd tv)">$VAR[CaseTypePathVar]hdtv.png</value>
        <value condition="String.Contains(Container(9031).ListItem(5).Filename,webdl) | String.Contains(Container(9031).ListItem(5).Filename,web-dl)">$VAR[CaseTypePathVar]webdl.png</value>
        <value condition="String.Contains(Container(9031).ListItem(5).Filename,screener)">$VAR[CaseTypePathVar]screener.png</value>
        <value condition="!Skin.HasSetting(useclearcases)">$INFO[Container(9031).ListItem(5).VideoResolution,thumbs/boxes/default/,p.png]</value>
        <value condition="Skin.HasSetting(useclearcases)">$INFO[Container(9031).ListItem(5).VideoResolution,thumbs/boxes/clearcases/,p.png]</value>
    </variable>
    <variable name="ResCase10Var">
        <value condition="String.Contains(Container(9031).ListItem(6).Filename,3d) | String.Contains(Container(9031).ListItem(6).Filename,3dbd)">$VAR[CaseTypePathVar]3d.png</value>
        <value condition="String.Contains(Container(9031).ListItem(6).Filename,hddvd)">$VAR[CaseTypePathVar]hddvd.png</value>
        <value condition="String.Contains(Container(9031).ListItem(6).Filename,hdtv) | String.Contains(Container(9031).ListItem(6).Filename,hd tv)">$VAR[CaseTypePathVar]hdtv.png</value>
        <value condition="String.Contains(Container(9031).ListItem(6).Filename,webdl) | String.Contains(Container(9031).ListItem(6).Filename,web-dl)">$VAR[CaseTypePathVar]webdl.png</value>
        <value condition="String.Contains(Container(9031).ListItem(6).Filename,screener)">$VAR[CaseTypePathVar]screener.png</value>
        <value condition="!Skin.HasSetting(useclearcases)">$INFO[Container(9031).ListItem(6).VideoResolution,thumbs/boxes/default/,p.png]</value>
        <value condition="Skin.HasSetting(useclearcases)">$INFO[Container(9031).ListItem(6).VideoResolution,thumbs/boxes/clearcases/,p.png]</value>
    </variable>
</includes>
