<window>
    <defaultcontrol always="true">9000</defaultcontrol>
    <controls>
        <include>DialogOverlayExtra</include>
        
        <control type="group">
            <include>animation_window_open_close</include>
            <posx>367</posx>
            <posy>236</posy>
            <width>1190</width>
            <height>690</height>
            <!-- background panel -->
			<control type="image">
				<texture border="15">diffuse/bgpanel.png</texture>
				<colordiffuse>$INFO[Skin.String(GeneralPanelsColor)]</colordiffuse>
			</control>
			<control type="image">
				<texture border="15">diffuse/bgpanel.png</texture>
				<bordersize>10</bordersize>
				<colordiffuse>$INFO[Skin.String(GeneralPanelsColor)]</colordiffuse>
			</control>
            <control type="image">
                <posx>48</posx>
                <posy>79</posy>
                <width>1094</width>
                <height>481</height>
                <texture border="5">dialogs/default/inner.png</texture>
            </control>
            
            <!--Header-->
			<control type="label">
				<description>Heading</description>
				<posx>0</posx>
				<posy>0</posy>
				<width>1190</width>
				<height>80</height>
				<label>$ADDON[adsp.basic 30072]</label>
				<include>DialogHeader_Alt</include>
				<align>center</align>
				<wrapmultiline>true</wrapmultiline>
			</control>
            <control type="grouplist" id="9000">
                <posx>60</posx>
				<posy>100</posy>
				<width>1070</width>
                <height>450</height>
                <onright>60</onright>
                <onup>9000</onup>
                <ondown>9000</ondown>
                <onleft>10000</onleft>
                <pagecontrol>60</pagecontrol>
                
                <control type="spincontrolex" id="10">
                    <description>Speaker Distance Unit</description>
                    <width>1070</width>
                    <align>left</align>
                    <label>$ADDON[adsp.basic 30073]</label>
                </control>
                <control type="button" id="12">
                    <description>Speaker distance info</description>
                    <width>1070</width>
                    <align>left</align>
                    <enable>false</enable>
                    <texturenofocus></texturenofocus>
                </control>
                <control type="image" id="1300">
                    <description>Default Seperator</description>
                    <width>1070</width>
                    <height>10</height>
                    <texture>common/menu-separator.png</texture>
                </control>
                
                <control type="spincontrolex" id="13">
                    <description>Speaker Distance FL</description>
                    <width>1070</width>
                    <align>left</align>
                    <label>$ADDON[adsp.basic 30031]</label>
                </control>
                <control type="spincontrolex" id="24">
                    <description>Speaker Distance TFL</description>
                    <width>1070</width>
                    <align>left</align>
                    <label>$ADDON[adsp.basic 30054]</label>
                </control>
                <control type="spincontrolex" id="19">
                    <description>Speaker Distance FLOC</description>
                    <width>1070</width>
                    <align>left</align>
                    <label>$ADDON[adsp.basic 30052]</label>
                </control>
                <control type="spincontrolex" id="15">
                    <description>Speaker Distance Center</description>
                    <width>1070</width>
                    <align>left</align>
                    <label>$ADDON[adsp.basic 30037]</label>
                </control>
                <control type="spincontrolex" id="26"><!--    AE_DSP_CH_TFC-->
                    <description>Speaker Distance TFC</description>
                    <width>1070</width>
                    <align>left</align>
                    <label>$ADDON[adsp.basic 30056]</label>
                </control>
                <control type="spincontrolex" id="20"><!--    AE_DSP_CH_FROC-->
                    <description>Speaker Distance FLOC</description>
                    <width>1070</width>
                    <align>left</align>
                    <label>$ADDON[adsp.basic 30053]</label>
                </control>
                <control type="spincontrolex" id="25"><!--    AE_DSP_CH_TFR-->
                    <description>Speaker Distance TFR</description>
                    <width>1070</width>
                    <align>left</align>
                    <label>$ADDON[adsp.basic 30055]</label>
                </control>
                <control type="spincontrolex" id="14"><!--    AE_DSP_CH_FR-->
                    <description>Speaker Distance FR</description>
                    <width>1070</width>
                    <align>left</align>
                    <label>$ADDON[adsp.basic 30032]</label>
                </control>
                <control type="spincontrolex" id="23"><!--    AE_DSP_CH_SR-->
                    <description>Speaker Distance SR</description>
                    <width>1070</width>
                    <align>left</align>
                    <label>$ADDON[adsp.basic 30034]</label>
                </control>
                <control type="spincontrolex" id="18"><!--    AE_DSP_CH_BR-->
                    <description>Speaker Distance BR</description>
                    <width>1070</width>
                    <align>left</align>
                    <label>$ADDON[adsp.basic 30036]</label>
                </control>
                <control type="spincontrolex" id="29"><!--    AE_DSP_CH_TBR-->
                    <description>Speaker Distance TBL</description>
                    <width>1070</width>
                    <align>left</align>
                    <label>$ADDON[adsp.basic 30063]</label>
                </control>
                <control type="spincontrolex" id="32"><!--    AE_DSP_CH_BROC-->
                    <description>Speaker Distance BROC</description>
                    <width>1070</width>
                    <align>left</align>
                    <label>$ADDON[adsp.basic 30062]</label>
                </control>
                <control type="spincontrolex" id="21"><!--    AE_DSP_CH_BC-->
                    <description>Speaker Distance BC</description>
                    <width>1070</width>
                    <align>left</align>
                    <label>$ADDON[adsp.basic 30039]</label>
                </control>
                <control type="spincontrolex" id="30"><!--    AE_DSP_CH_TBC-->
                    <description>Speaker Distance TBC</description>
                    <width>1070</width>
                    <align>left</align>
                    <label>$ADDON[adsp.basic 30060]</label>
                </control>
                <control type="spincontrolex" id="31"><!--    AE_DSP_CH_BLOC-->
                    <description>Speaker Distance BLOC</description>
                    <width>1070</width>
                    <align>left</align>
                    <label>$ADDON[adsp.basic 30061]</label>
                </control>
                <control type="spincontrolex" id="28"><!--    AE_DSP_CH_TBL-->
                    <description>Speaker Distance TBL</description>
                    <width>1070</width>
                    <align>left</align>
                    <label>$ADDON[adsp.basic 30063]</label>
                </control>
                <control type="spincontrolex" id="17"><!--    AE_DSP_CH_BL-->
                    <description>Speaker Distance BL</description>
                    <width>1070</width>
                    <align>left</align>
                    <label>$ADDON[adsp.basic 30035]</label>
                </control>
                <control type="spincontrolex" id="22"><!--    AE_DSP_CH_SL-->
                    <description>Speaker Distance SL</description>
                    <width>1070</width>
                    <align>left</align>
                    <label>$ADDON[adsp.basic 30033]</label>
                </control>
                <control type="spincontrolex" id="27"><!--    AE_DSP_CH_TC-->
                    <description>Speaker Distance Top Center</description>
                    <width>1070</width>
                    <align>left</align>
                    <label>$ADDON[adsp.basic 30057]</label>
                </control>
                <control type="spincontrolex" id="16"><!--    AE_DSP_CH_LFE-->
                    <description>Speaker Distance Sub</description>
                    <width>1070</width>
                    <align>left</align>
                    <label>$ADDON[adsp.basic 30038]</label>
                </control>
                
            </control>
            
            <control type="scrollbar" id="60">
				<posx>1520</posx>
				<posy>315</posy>
				<height>480</height>
				<onup>60</onup>
				<ondown>60</ondown>
				<onleft>9000</onleft>
				<animation effect="fade" start="0" end="100" time="400" condition="Control.HasFocus(60) | Skin.HasSetting(EnableTouchSupport) | Container.Scrolling | Skin.HasSetting(alwaysShowScrollbars)">Conditional</animation>
				<animation effect="fade" start="100" end="0" time="400" condition="![Control.HasFocus(60) | Skin.HasSetting(EnableTouchSupport) | Container.Scrolling | Skin.HasSetting(alwaysShowScrollbars)]">Conditional</animation>
			</control>
			
            <!--Buttons-->
            <control type="grouplist" id="10000">
				<posx>40</posx>
				<bottom>20</bottom>
				<width>1070</width>
				<height>80</height>
				<orientation>horizontal</orientation>
				<onup>9000</onup>
                <ondown>9000</ondown>
                <onleft>10000</onleft>
                <onright>10000</onright>
                <control type="button" id="1">
                    <description>OK</description>
					<left>0</left>
                    <label>186</label>
                    <width>300</width>
                    <include>DialogButtonOther</include>
                    <height>80</height>
					<onright>7</onright>
                </control>
                <control type="button" id="2">
                    <right>0</right>
                    <description>Cancel</description>
                    <label>222</label>
                    <width>300</width>
                    <include>DialogButtonOther</include>
                    <height>80</height>
                </control>
            </control>
        </control>
    </controls>
</window>
