<?xml version="1.0" encoding="utf-8"?>
<!--Titan-->
<window>
    <defaultcontrol always="true">9000</defaultcontrol>
    <controls>
        <!--Global Background-->
        <include>GlobalBackground</include>
         <!-- Now playing -->
		<include condition="!Skin.HasTheme(classic)">NowPlayingModern</include>
		
        <!--Header-->
        <include>Header</include>

        <control type="group">
			<bottom>125</bottom>
			<height>75%</height>
			<control type="image">
				<posx>50</posx>
				<posy>0</posy>
				<width>1820</width>
				<texture border="15">diffuse/bgpanel.png</texture>
				<colordiffuse>$INFO[Skin.String(GeneralPanelsColor)]</colordiffuse>
			</control>
			
			<control type="image">
				<posx>50</posx>
				<posy>0</posy>
				<width>500</width>
				<texture border="15">diffuse/bgpanel.png</texture>
				<colordiffuse>$INFO[Skin.String(GeneralPanelsColor)]</colordiffuse>
			</control>
			
			<!--List 9000 - available options-->
			<control type="list" id="9000">
				<description>List</description>
				<posx>90</posx>
				<posy>20</posy>
				<width>440</width>
				<height>96%</height>
				<onleft>9001</onleft>
				<onright>20</onright>
				<scrolltime>0</scrolltime>
				<orientation>vertical</orientation>
				<itemlayout width="440" height="70">
                    <control type="group">
                        <control type="button">
                            <label>-</label>
                            <width>440</width>
                            <height>60</height>
                        </control>
                        <control type="label"> <!--label-->
                            <left>20</left>
                            <width>400</width>
                            <label>$INFO[ListItem.Label]</label>
                            <font>Reg28</font>
                            <scroll>false</scroll>
                            <textcolor>$INFO[Skin.String(ButtonTextColor)]</textcolor>
                            <selectedcolor>$INFO[Skin.String(ButtonTextColor)]</selectedcolor>
                            <disabledcolor>midgrey</disabledcolor>
                        </control>
                    </control>
                </itemlayout>
                <focusedlayout width="440" height="70">
                    <control type="group">
                        <control type="image">
                            <width>440</width>
                            <height>60</height>
                            <texture border="5" colordiffuse="$INFO[Skin.String(ButtonFocusColor)]">diffuse/panel.png</texture>
                            <animation effect="fade" start="100" end="30" time="0" condition="!Control.HasFocus(9000)">conditional</animation>
                        </control>
                        <control type="label"> <!--label-->
                            <left>20</left>
                            <width>400</width>
                            <label>$INFO[ListItem.Label]</label>
                            <font>Reg28</font>
                            <scroll>false</scroll>
                            <textcolor>$INFO[Skin.String(ButtonFocusTextColor)]</textcolor>
                            <selectedcolor>$INFO[Skin.String(ButtonFocusTextColor)]</selectedcolor>
                        </control>
                    </control>
                </focusedlayout>
            </control>
            
            <!-- actions -->
            <control type="grouplist" id="9001">
                <posx>90</posx>
                <bottom>20</bottom>
                <orientation>vertical</orientation>
                <itemgap>20</itemgap>
                <defaultcontrol>5</defaultcontrol>
                <onup>9000</onup>
                <ondown>9001</ondown>
                <onright>20</onright>
                <width>440</width>
                <height>240</height>
                <control type="radiobutton" id="22">
                    <description>Default RadioButton</description>
                    <label>15064</label>
                    <textoffsetx>20</textoffsetx>
                    <include>SkinSettings_MenuButtonLarge</include>
                </control>
                <control type="button" id="23">
                    <description>Apply changes button</description>
                    <textoffsetx>20</textoffsetx>
                    <label>14070</label>
                    <include>SkinSettings_MenuButtonLarge</include>
                </control>
                <control type="button" id="24">
                    <description>Clear active modes button</description>
                    <label>15066</label>
                    <textoffsetx>20</textoffsetx>
                    <include>SkinSettings_MenuButtonLarge</include>
                </control>
            </control>
            
			<!--Group 1000 Right Area-->
			<control type="group" id="1000">
				<posx>600</posx>
				<posy>20</posy>
                <width>1250</width>
                <height>100%</height>

                <!-- list 20 - available modes -->
                <control type="label">
					<description>header</description>
					<left>0</left>
					<top>0</top>
					<include>SkinSettings_Header</include>
					<label>$LOCALIZE[15050] ($INFO[Container(20).NumItems])</label>
					<align>left</align>
				</control>
                <control type="image">
                    <posx>0</posx>
                    <posy>60</posy>
                    <width>570</width>
                    <height>85%</height>
                    <texture border="15">diffuse/thinborder.png</texture>
                    <colordiffuse>$INFO[Skin.String(GeneralTextColor)]</colordiffuse>
                </control>
                <control type="list" id="20">
					<description>available modes list</description>
					<left>10</left>
					<top>70</top>
					<width>550</width>
					<height>80%</height>
					<onup>9000</onup>
					<ondown>9001</ondown>
					<onleft>9000</onleft>
					<onright>60</onright>
					<pagecontrol>60</pagecontrol>
					<scrolltime>200</scrolltime>
					<itemlayout height="46" width="550">
                        <control type="image">
                            <top>3</top>
							<width>550</width>
							<height>60</height>
                            <texture border="5" colordiffuse="$INFO[Skin.String(ButtonColor)]">diffuse/panel.png</texture>
                        </control>
						<control type="image">
							<left>15</left>
							<top>8</top>
							<width>30</width>
							<height>30</height>
							<texture>$INFO[ListItem.Icon]</texture>
							<aspectratio aligny="center" align="left">keep</aspectratio>
							<visible>!String.IsEqual(ListItem.Icon,"")</visible>
						</control>
						<control type="image">
							<left>15</left>
							<top>8</top>
							<width>30</width>
							<height>30</height>
							<texture>DefaultAudioDSP.png</texture>
							<aspectratio aligny="center" align="left">keep</aspectratio>
							<visible>String.IsEqual(ListItem.Icon,"")</visible>
						</control>
						<control type="label">
							<description>active addon name and mode name</description>
							<left>80</left>
							<top>3</top>
							<width>435</width>
							<height>40</height>
                            <font>Reg22</font>
							<align>left</align>
							<aligny>center</aligny>
							<textcolor>$INFO[Skin.String(ButtonTextColor)]</textcolor>
                            <selectedcolor>$INFO[Skin.String(ButtonTextColor)]</selectedcolor>
                            <disabledcolor>midgrey</disabledcolor>
							<align>left</align>
							<aligny>center</aligny>
							<label>[B]$INFO[ListItem.Label2]:[/B] $INFO[ListItem.Label]</label>
						</control>
					</itemlayout>
					<focusedlayout height="66" width="550">
                        <control type="image">
                            <top>3</top>
							<width>550</width>
							<height>60</height>
                            <texture border="5" colordiffuse="$INFO[Skin.String(ButtonFocusColor)]">diffuse/panel.png</texture>
                            <animation effect="fade" start="100" end="30" time="0" condition="!Control.HasFocus(20)">conditional</animation>
                        </control>
						<control type="image">
							<left>5</left>
							<top>8</top>
							<width>50</width>
							<height>50</height>
							<texture>$INFO[ListItem.Icon]</texture>
							<aspectratio aligny="center" align="left">keep</aspectratio>
							<visible>!String.IsEqual(ListItem.Icon,"")</visible>
						</control>
						<control type="image">
							<left>5</left>
							<top>8</top>
							<height>50</height>
							<width>50</width>
							<texture>DefaultAudioDSP.png</texture>
							<aspectratio aligny="center" align="left">keep</aspectratio>
							<visible>String.IsEqual(ListItem.Icon,"")</visible>
						</control>
						<control type="label">
							<description>addon name and mode name on focus</description>
							<left>80</left>
							<top>3</top>
							<width>450</width>
							<height>40</height>
							<font>Reg22</font>
							<align>left</align>
							<aligny>center</aligny>
							<textcolor>$INFO[Skin.String(ButtonFocusTextColor)]</textcolor>
                            <selectedcolor>$INFO[Skin.String(ButtonFocusTextColor)]</selectedcolor>
							<scroll>false</scroll>
							<label>[B]$INFO[ListItem.Label2]:[/B] $INFO[ListItem.Label]</label>
						</control>
						<control type="label">
							<description>ADSP-Mode description on focus</description>
							<left>80</left>
							<top>33</top>
							<width>450</width>
							<height>30</height>
							<font>Reg22</font>
							<align>left</align>
							<aligny>center</aligny>
							<textcolor>$INFO[Skin.String(ButtonFocusTextColor)]</textcolor>
                            <selectedcolor>$INFO[Skin.String(ButtonFocusTextColor)]</selectedcolor>
							<scroll>false</scroll>
							<label>$INFO[ListItem.Property(Description)]</label>
							<visible>!Control.HasFocus(20)</visible>
						</control>
						<control type="label">
							<description>ADSP-Mode description on focus</description>
							<left>80</left>
							<top>33</top>
							<width>450</width>
							<height>30</height>
							<font>Reg22</font>
							<align>left</align>
							<aligny>center</aligny>
							<scroll>true</scroll>
							<scrollsuffix>&gt;   &lt;</scrollsuffix>
							<textcolor>$INFO[Skin.String(ButtonFocusTextColor)]</textcolor>
                            <selectedcolor>$INFO[Skin.String(ButtonFocusTextColor)]</selectedcolor>
							<label>$INFO[ListItem.Property(Description)]</label>
							<visible>Control.HasFocus(20)</visible>
						</control>
					</focusedlayout>
				</control>
                <control type="scrollbar" id="60"> 
                    <right>645</right>
                    <posy>60</posy>
                    <height>85%</height>
                    <onleft>20</onleft>
                    <onright>21</onright>
                    <showonepage>false</showonepage>
                </control>
                
                <!-- active modes -->
                <control type="label">
					<description>header</description>
					<left>640</left>
					<top>0</top>
					<include>SkinSettings_Header</include>
					<label>$LOCALIZE[15051] ($INFO[Container(21).NumItems])</label>
					<align>left</align>
				</control>
                <control type="image">
                    <posx>640</posx>
                    <posy>60</posy>
                    <width>570</width>
                    <height>85%</height>
                    <texture border="15">diffuse/thinborder.png</texture>
                    <colordiffuse>$INFO[Skin.String(GeneralTextColor)]</colordiffuse>
                </control>
                <control type="list" id="21">
					<description>active modes list</description>
					<left>650</left>
					<top>70</top>
					<width>550</width>
					<height>85%</height>
					<onup>9000</onup>
					<ondown>9001</ondown>
					<onleft>20</onleft>
					<onright>61</onright>
					<pagecontrol>61</pagecontrol>
					<scrolltime>200</scrolltime>
					<itemlayout height="46" width="550">
                        <control type="image">
                            <top>3</top>
							<width>550</width>
							<height>60</height>
                            <texture border="5" colordiffuse="$INFO[Skin.String(ButtonColor)]">diffuse/panel.png</texture>
                        </control>
						<control type="image">
							<left>15</left>
							<top>8</top>
							<width>30</width>
							<height>30</height>
							<texture>$INFO[ListItem.Icon]</texture>
							<aspectratio aligny="center" align="left">keep</aspectratio>
							<visible>!String.IsEqual(ListItem.Icon,"")</visible>
						</control>
						<control type="image">
							<left>15</left>
							<top>8</top>
							<width>30</width>
							<height>30</height>
							<texture>DefaultAudioDSP.png</texture>
							<aspectratio aligny="center" align="left">keep</aspectratio>
							<visible>String.IsEqual(ListItem.Icon,"")</visible>
						</control>
						<control type="label">
							<description>active addon name and mode name</description>
							<left>80</left>
							<top>3</top>
							<width>435</width>
							<height>40</height>
                            <font>Reg22</font>
							<align>left</align>
							<aligny>center</aligny>
							<textcolor>$INFO[Skin.String(ButtonTextColor)]</textcolor>
                            <selectedcolor>$INFO[Skin.String(ButtonTextColor)]</selectedcolor>
                            <disabledcolor>midgrey</disabledcolor>
							<align>left</align>
							<aligny>center</aligny>
							<label>[B]$INFO[ListItem.Label2]:[/B] $INFO[ListItem.Label]</label>
						</control>
					</itemlayout>
					<focusedlayout height="66" width="550">
                        <control type="image">
                            <top>3</top>
							<width>550</width>
							<height>60</height>
                            <texture border="5" colordiffuse="$INFO[Skin.String(ButtonFocusColor)]">diffuse/panel.png</texture>
                            <animation effect="fade" start="100" end="30" time="0" condition="!Control.HasFocus(21)">conditional</animation>
                        </control>
						<control type="image">
							<left>5</left>
							<top>8</top>
							<width>50</width>
							<height>50</height>
							<texture>$INFO[ListItem.Icon]</texture>
							<aspectratio aligny="center" align="left">keep</aspectratio>
							<visible>!String.IsEqual(ListItem.Icon,"")</visible>
						</control>
						<control type="image">
							<left>5</left>
							<top>8</top>
							<height>50</height>
							<width>50</width>
							<texture>DefaultAudioDSP.png</texture>
							<aspectratio aligny="center" align="left">keep</aspectratio>
							<visible>String.IsEqual(ListItem.Icon,"")</visible>
						</control>
						<control type="label">
							<description>addon name and mode name on focus</description>
							<left>80</left>
							<top>3</top>
							<width>450</width>
							<height>40</height>
							<font>Reg22</font>
							<align>left</align>
							<aligny>center</aligny>
							<textcolor>$INFO[Skin.String(ButtonFocusTextColor)]</textcolor>
                            <selectedcolor>$INFO[Skin.String(ButtonFocusTextColor)]</selectedcolor>
							<scroll>false</scroll>
							<label>[B]$INFO[ListItem.Label2]:[/B] $INFO[ListItem.Label]</label>
						</control>
						<control type="label">
							<description>ADSP-Mode description on focus</description>
							<left>80</left>
							<top>33</top>
							<width>450</width>
							<height>30</height>
							<font>Reg22</font>
							<align>left</align>
							<aligny>center</aligny>
							<textcolor>$INFO[Skin.String(ButtonFocusTextColor)]</textcolor>
                            <selectedcolor>$INFO[Skin.String(ButtonFocusTextColor)]</selectedcolor>
							<scroll>false</scroll>
							<label>$INFO[ListItem.Property(Description)]</label>
							<visible>!Control.HasFocus(21)</visible>
						</control>
						<control type="label">
							<description>ADSP-Mode description on focus</description>
							<left>80</left>
							<top>33</top>
							<width>450</width>
							<height>30</height>
							<font>Reg22</font>
							<align>left</align>
							<aligny>center</aligny>
							<scroll>true</scroll>
							<scrollsuffix>&gt;   &lt;</scrollsuffix>
							<textcolor>$INFO[Skin.String(ButtonFocusTextColor)]</textcolor>
                            <selectedcolor>$INFO[Skin.String(ButtonFocusTextColor)]</selectedcolor>
							<label>$INFO[ListItem.Property(Description)]</label>
							<visible>Control.HasFocus(21)</visible>
						</control>
					</focusedlayout>
				</control>
                
                <control type="scrollbar" id="61"> 
                    <right>0</right>
                    <posy>60</posy>
                    <height>85%</height>
                    <onleft>21</onleft>
                    <onright>9001</onright>
                    <showonepage>false</showonepage>
                </control>
                
			</control>
        </control>
    
		<!--Footer-->
        <include condition="!skin.hassetting(nofooterbar)">Footer</include>
		<!--Titan Version-->
        <include>TitanVersion</include>
        <include condition="Skin.HasSetting(DebugGrid) | Skin.HasSetting(DebugInfo)">DebugInfo</include>
	</controls>
</window>
