<?xml version="1.0" encoding="UTF-8"?>
<window id="1126" type="dialog">
	<defaultcontrol always="true">90100</defaultcontrol>
	<coordinates>
		<system>1</system>
		<left>457</left>
		<top>240</top>
		
	</coordinates>
	<include>DialogOpenCloseAnimation</include>
	<onunload>ClearProperty(tajo.Label,Home)</onunload>
	<onunload>ClearProperty(tajo.Path,Home)</onunload>
	<onunload>ClearProperty(tajo.MultiFanart,Home)</onunload>
	<onunload>ClearProperty(tajo.Icon,Home)</onunload>
	<onunload>ClearProperty(tajo.InfoLine,Home)</onunload>
	<onunload>ClearProperty(tajo.Widget,Home)</onunload>
	<onunload>ClearProperty(tajo.SubMenu,Home)</onunload>
	<onunload>ClearProperty(tajo.WidgetLabel,Home)</onunload>
	<onunload>ClearProperty(tajo.WidgetType,Home)</onunload>
	<onunload>ClearProperty(tajo.BGType,Home)</onunload>
	<controls>
		<control type="image">
			<left>157</left>
			<width>692</width>
			<height>600</height>
			<texture border="40">dialogs/default/bg.png</texture>
		</control>
		<control type="image">
			<left>187</left>
			<top>86</top>
			<width>632</width>
			<height>482</height>
			<texture border="5">dialogs/default/inner.png</texture>
		</control>
		<control type="label" id="1">
			<left>30</left>
			<top>32</top>
			<width>940</width>
			<height>40</height>
			<font>font15_title</font>
			<label>$LOCALIZE[31074]</label>
			<align>center</align>
			<textcolor>dialogheader</textcolor>
		</control>
		<control type="list" id="9000">
			<left>-100</left>
			<top>-100</top>
			<width>100</width>
			<height>100</height>
			<itemlayout height="100" width="100" />
			<focusedlayout height="100" width="100" />
			<content>
				<item>
					<label />
					<onclick>noop</onclick>
					<property name="Path">SetFocus(90101)</property>
				</item>
			</content>
		</control>
		<control type="button" id="90101">
			<include>HiddenObject</include>
			<onleft>90101</onleft>
			<onright>90101</onright>
			<onup>Control.Move(90100,-1)</onup>
			<ondown>Control.Move(90100,1)</ondown>
			<onfocus>Skin.SetString($INFO[Window(Home).Property(tajo.Label)],$INFO[Container(90100).ListItem.Label])</onfocus>
			<onfocus>Skin.SetString($INFO[Window(Home).Property(tajo.Path)],$INFO[Container(90100).ListItem.Property(Path)])</onfocus>
			<onfocus>Skin.SetString($INFO[Window(Home).Property(tajo.MultiFanart)],$INFO[Container(90100).ListItem.Thumb])</onfocus>
			<onfocus>Skin.SetString($INFO[Window(Home).Property(tajo.Icon)],$INFO[Container(90100).ListItem.ActualIcon])</onfocus>
			<onfocus>Skin.SetString($INFO[Window(Home).Property(tajo.InfoLine)],$INFO[Container(90100).ListItem.Property(InfoLine)])</onfocus>
			<onfocus>Skin.SetString($INFO[Window(Home).Property(tajo.SubMenu)],$INFO[Container(90100).ListItem.Property(submenuVisibility)])</onfocus>
			<onfocus>Skin.SetString($INFO[Window(Home).Property(tajo.Widget)],$INFO[Container(90100).ListItem.Property(Widget)])</onfocus>
			<onfocus>Skin.SetString($INFO[Window(Home).Property(tajo.WidgetLabel)],$INFO[Container(90100).ListItem.Property(WidgetLabel)])</onfocus>
			<onfocus>Skin.SetString($INFO[Window(Home).Property(tajo.WidgetType)],$INFO[Container(90100).ListItem.Property(WidgetType)])</onfocus>
			<onfocus>Skin.SetString($INFO[Window(Home).Property(tajo.BGType)],$INFO[Container(90100).ListItem.Property(BGType)])</onfocus>
			<onfocus>SetProperty(tajo.Label,$INFO[Container(90100).ListItem.Property(Item),,HomeItem.Label],home)</onfocus>
			<onfocus>SetProperty(tajo.Path,$INFO[Container(90100).ListItem.Property(Item),,HomeItem.Path],home)</onfocus>
			<onfocus>SetProperty(tajo.MultiFanart,$INFO[Container(90100).ListItem.Property(Item),,HomeItem.MultiFanart],home)</onfocus>
			<onfocus>SetProperty(tajo.Icon,$INFO[Container(90100).ListItem.Property(Item),,HomeItem.Icon],home)</onfocus>
			<onfocus>SetProperty(tajo.InfoLine,$INFO[Container(90100).ListItem.Property(Item),,HomeItem.InfoLine],home)</onfocus>
			<onfocus>SetProperty(tajo.SubMenu,$INFO[Container(90100).ListItem.Property(Item),,HomeItem.SubMenu],home)</onfocus>
			<onfocus>SetProperty(tajo.Widget,$INFO[Container(90100).ListItem.Property(Item),,HomeItem.Widget],home)</onfocus>
			<onfocus>SetProperty(tajo.WidgetLabel,$INFO[Container(90100).ListItem.Property(Item),,HomeItem.WidgetLabel],home)</onfocus>
			<onfocus>SetProperty(tajo.WidgetType,$INFO[Container(90100).ListItem.Property(Item),,HomeItem.WidgetType],home)</onfocus>
			<onfocus>SetProperty(tajo.BGType,$INFO[Container(90100).ListItem.Property(Item),,HomeItem.BGType],home)</onfocus>
			<onfocus>Skin.SetString($INFO[Window(Home).Property(tajo.Label)],$INFO[Window(Home).Property(ItemToEdit.Label)])</onfocus>
			<onfocus>Skin.SetString($INFO[Window(Home).Property(tajo.Path)],$INFO[Window(Home).Property(ItemToEdit.Path)])</onfocus>
			<onfocus>Skin.SetString($INFO[Window(Home).Property(tajo.MultiFanart)],$INFO[Window(Home).Property(ItemToEdit.MultiFanart)])</onfocus>
			<onfocus>Skin.SetString($INFO[Window(Home).Property(tajo.Icon)],$INFO[Window(Home).Property(ItemToEdit.Icon)])</onfocus>
			<onfocus>Skin.SetString($INFO[Window(Home).Property(tajo.InfoLine)],$INFO[Window(Home).Property(ItemToEdit.InfoLine)])</onfocus>
			<onfocus>Skin.SetString($INFO[Window(Home).Property(tajo.SubMenu)],$INFO[Window(Home).Property(ItemToEdit.SubMenu)])</onfocus>
			<onfocus>Skin.SetString($INFO[Window(Home).Property(tajo.Widget)],$INFO[Window(Home).Property(ItemToEdit.Widget)])</onfocus>
			<onfocus>Skin.SetString($INFO[Window(Home).Property(tajo.WidgetLabel)],$INFO[Window(Home).Property(ItemToEdit.WidgetLabel)])</onfocus>
			<onfocus>Skin.SetString($INFO[Window(Home).Property(tajo.WidgetType)],$INFO[Window(Home).Property(ItemToEdit.WidgetType)])</onfocus>
			<onfocus>Skin.SetString($INFO[Window(Home).Property(tajo.BGType)],$INFO[Window(Home).Property(ItemToEdit.BGType)])</onfocus>
			<onfocus>Dialog.Close(1126)</onfocus>
		</control>
		<control type="list" id="90100">
			<left>189</left>
			<top>88</top>
			<width>628</width>
			<height>480</height>
			<onup>90100</onup>
			<ondown>90100</ondown>
			<onleft>90100</onleft>
			<onright>60</onright>
			<pagecontrol>60</pagecontrol>
			<scrolltime tween="quadratic" easing="out">200</scrolltime>
			<itemlayout height="60" width="628">
				<control type="image">
					<width>628</width>
					<height>60</height>
					<texture border="1">separator2.png</texture>
				</control>
				<control type="label">
					<width>628</width>
					<height>60</height>
					<textoffsetx>15</textoffsetx>
					<font>font14_title</font>
					<textcolor>grey2</textcolor>
					<selectedcolor>selected</selectedcolor>
					<label>$INFO[ListItem.Label]</label>
				</control>
			</itemlayout>
			<focusedlayout height="60" width="628">
				<control type="image">
					<width>628</width>
					<height>60</height>
					<texture border="1">separator2.png</texture>
					<include>VisibleFadeAnimation</include>
				</control>
				<control type="image">
					<width>629</width>
					<height>60</height>
					<texture border="5">listselect_fo.png</texture>
					<visible>Control.HasFocus(90101) | Control.HasFocus(90100)</visible>
					<include>VisibleFadeAnimation</include>
				</control>
				<control type="label">
					<width>628</width>
					<height>60</height>
					<textoffsetx>15</textoffsetx>
					<font>font14_title</font>
					<textcolor>white</textcolor>
					<selectedcolor>selected</selectedcolor>
					<scroll>true</scroll>
					<label>$INFO[ListItem.Label]</label>
					<animation effect="fade" start="100" end="70" time="300" tween="sine" easing="inout" condition="![Control.HasFocus(90101) | Control.HasFocus(90100)]">Conditional</animation>
				</control>
				<control type="button">
					<width>628</width>
					<height>60</height>
					<include>HiddenObject</include>
					<onclick>SendCLick(90101)</onclick>
				</control>
			</focusedlayout>
			<content>
				<include>PicturesMainMenu</include>
				<include>MusicMainMenu</include>
				<include>MoviesMainMenu</include>
				<include>TVShowsMainMenu</include>
				<include>TVMainMenu</include>
				<include>CustomMainMenuItem1</include>
				<include>CustomMainMenuItem2</include>
				<include>CustomMainMenuItem3</include>
				<include>CustomMainMenuItem4</include>
				<include>CustomMainMenuItem5</include>
				<include>CustomMainMenuItem6</include>
				<include>VideosMainMenu</include>
				<include>ProgramsMainMenu</include>
				<include>SettingsMainMenu</include>
				<include>ShutdownMainMenu</include>
				<include>FavoritesMainMenu</include>
				<include>WeatherMainMenu</include>
				<include>MusicVideosMainMenu</include>
			</content>
		</control>
		<control type="scrollbar" id="60">
			<left>819</left>
			<top>88</top>
			<height>480</height>
			<width>14</width>
			<onleft>90100</onleft>
			<onright>90100</onright>
			<ondown>60</ondown>
			<onup>60</onup>
			<showonepage>false</showonepage>
			<texturesliderbackground />
			<texturesliderbar colordiffuse="55ffffff" border="4">scrollbar/texturesliderbar3.png</texturesliderbar>
			<texturesliderbarfocus border="4">scrollbar/texturesliderbar3.png</texturesliderbarfocus>
		</control>
	</controls>
</window>