<?xml version="1.0" encoding="UTF-8"?>
<window id="1120" type="dialog">
	<defaultcontrol always="true">90200</defaultcontrol>
	<onunload condition="String.IsEqual(Skin.String(Viz.Background),4) + System.HasAddon(script.toolbox)">RunScript(script.toolbox,daemon=True,radius=30)</onunload>
	<coordinates>
		<system>1</system>
		<left>199</left>
		<top>210</top>
	</coordinates>
	<include>DialogOpenCloseAnimation</include>
	<controls>
		<control type="image">
			<description>background image</description>
			<width>1522</width>
			<height>660</height>
			<texture border="40">dialogs/default/bg.png</texture>
		</control>
		<control type="label" id="2">
			<description>header label</description>
			<left>30</left>
			<top>32</top>
			<width>1462</width>
			<height>40</height>
			<font>font15_title</font>
			<label>19181</label>
			<align>center</align>
			<textcolor>dialogheader</textcolor>
		</control>
		<control type="image">
			<left>30</left>
			<top>86</top>
			<width>1140</width>
			<height>542</height>
			<texture border="5">dialogs/default/inner.png</texture>
		</control>
		<control type="grouplist" id="90200">
			<description>control area</description>
			<left>31</left>
			<top>88</top>
			<width>1138</width>
			<height>540</height>
			<pagecontrol>6</pagecontrol>
			<onup>90200</onup>
			<ondown>90200</ondown>
			<onleft>9001</onleft>
			<onright>6</onright>
			<control type="radiobutton" id="90220">
				<description>Hide/Show rating</description>
				<width>1138</width>
				<label>$LOCALIZE[31220]</label>
				<onclick>Skin.ToggleSetting(noRating)</onclick>
				<selected>!Skin.HasSetting(noRating)</selected>
			</control>
			<control type="radiobutton" id="90221">
				<description>Hide/Show clearart</description>
				<width>1138</width>
				<label>$LOCALIZE[31221]</label>
				<onclick>Skin.ToggleSetting(noClearart)</onclick>
				<selected>!Skin.HasSetting(noClearart)</selected>
			</control>
			<control type="radiobutton" id="90222">
				<description>Hide/Show CD</description>
				<width>1138</width>
				<label>$LOCALIZE[31222]</label>
				<onclick>Skin.ToggleSetting(noCD)</onclick>
				<selected>!Skin.HasSetting(noCD)</selected>
			</control>
			<control type="radiobutton" id="90223">
				<description>Hide/Show time</description>
				<width>1138</width>
				<label>$LOCALIZE[31223]</label>
				<onclick>Skin.ToggleSetting(noTime)</onclick>
				<selected>!Skin.HasSetting(noTime)</selected>
			</control>
		</control>
		<control type="scrollbar" id="6">
			<left>1170</left>
			<top>88</top>
			<width>8</width>
			<height>540</height>
			<texturesliderbackground />
			<texturesliderbar colordiffuse="55ffffff" border="1">scrollbar/texturesliderbar2.png</texturesliderbar>
			<texturesliderbarfocus border="1">scrollbar/texturesliderbar2.png</texturesliderbarfocus>
			<onleft>90200</onleft>
			<onright>9001</onright>
			<showonepage>false</showonepage>
			<orientation>vertical</orientation>
		</control>
		<!-- right group -->
		<control type="group">
			<left>1182</left>
			<top>88</top>
			<control type="image">
				<left>-1</left>
				<top>-2</top>
				<width>312</width>
				<height>542</height>
				<texture border="5">dialogs/default/inner.png</texture>
			</control>
			<control type="grouplist" id="9001">
				<onup>9001</onup>
				<onleft>6</onleft>
				<onright>90200</onright>
				<ondown>9001</ondown>
				<control type="button" id="28">
					<description>Ok Button</description>
					<width>310</width>
					<label>186</label>
					<onclick>Dialog.Close(1120)</onclick>
				</control>
			</control>
		</control>
	</controls>
</window>