<?xml version="1.0" encoding="UTF-8"?>
<includes>
	<include file="defaults.xml" />
	<include file="Includes_CommonValues.xml" />
	<include file="Includes_Animations.xml" />
	<include file="Includes_Home.xml" />
	<include file="Includes_LiveBG.xml" />
	<include file="Includes_LiveTV.xml" />
	<include file="Includes_LiveTV_Views.xml" />
	<include file="Includes_Backgrounds.xml" />
	<include file="Includes_Widgets.xml" />
	<include file="Includes_16x9.xml" />
	<include file="Includes_VideoLyrics.xml" />
	<include file="View_50_List.xml" />
	<include file="View_51_InfoWall.xml" />
	<include file="View_55_TriPanel.xml" />
	<include file="View_56_Posters.xml" />
	<include file="View_57_Shift.xml" />
	<include file="View_500_Wall.xml" />
	<include file="View_591_Triple3Dm.xml" />
	<include file="View_595_Shelf3D.xml" />
	<include file="View_598_Shelf3Dm.xml" />
	<include file="View_599_Magazine3D.xml" />
	<include file="View_597_Wall3D.xml" />
	<include file="View_594_Banner3D.xml" />
	<include file="View_596_List3D.xml" />
	<include file="View_590_Triple3D.xml" />
	<include file="View_593_Fanart3D.xml" />
	<include file="variables.xml" />
	<include file="script-skinshortcuts-includes.xml" />
	<constant name="FanartCrossfadeTime">500</constant>
	<constant name="IconCrossfadeTime">400</constant>
	<constant name="MaxDepth">0.30</constant>
	<constant name="MinDepth">-0.80</constant>
	<constant name="CenterWidth">960</constant>
	<constant name="CenterHeight">540</constant>
	<constant name="HomeSubMenuLeft">210</constant>
	<constant name="SettingsLeft">0</constant>
	<constant name="BackPanelIconsLeft">90</constant>
	<constant name="ViewIconsLeft">120</constant>
	<constant name="BackPanelIconsWidth">1740</constant>
	<constant name="ViewIconsWidth">1680</constant>
	<constant name="ScrollbarIconsLeft">1797</constant>
	<constant name="ViewInfoWallLeft">0</constant>
	<constant name="BackPanelInfoWallWidth">1740</constant>
	<constant name="BackPanelInfoWallSquareWidth">1640</constant>
	<constant name="ViewInfoWallWidth">1000</constant>
	<constant name="ViewInfoWallSquareWidth">900</constant>
	<constant name="ScrollbarInfoWallLeft">104</constant>
	<constant name="InfoPanelInfoWallLeft">1120</constant>
	<constant name="InfoPanelInfoWallSquareLeft">1070</constant>
	<constant name="ViewBannerWallTop">20</constant>
	<constant name="ViewBannerWallLeft">0</constant>
	<constant name="BackPanelBannerWallWidth">1740</constant>
	<constant name="ViewBannerWallWidth">1180</constant>
	<constant name="InfoPanelBannerWallLeft">1240</constant>
	<constant name="BannerWallWidth">1120</constant>
	<constant name="BannerWallHeight">207</constant>
	<constant name="LogoOffsetx">-277</constant>
	<constant name="ListCenterleft">50%</constant>
	<constant name="MultiWidgetBackPanelLeft">216</constant>
	<constant name="MultiWidgetBackPanelRight">202</constant>
	<constant name="MultiWidgetLeft">228</constant>
	<constant name="MultiWidgetRight">222</constant>
	<constant name="VideoInfoSlidePos">1242</constant>
	<constant name="PlayerInfoItemGap">0</constant>
	<constant name="PlayerInfoTextboxWidth">775</constant>
	<constant name="WeatherWidgetWidth">1920</constant>
	<include name="ScrollBar_Horizontal">
		<height>62</height>
		<texturesliderbackground border="14,0,14,0">scrollbar_h.png</texturesliderbackground>
		<texturesliderbar border="14,0,14,0">scrollbar_hbar.png</texturesliderbar>
		<texturesliderbarfocus border="14,0,14,0">scrollbar_hbar_focus.png</texturesliderbarfocus>
		<textureslidernib>scrollbar_nib.png</textureslidernib>
		<textureslidernibfocus>scrollbar_nib.png</textureslidernibfocus>
		<pulseonselect>false</pulseonselect>
		<orientation>horizontal</orientation>
		<showonepage>false</showonepage>
	<colordiffuse>themecolor</colordiffuse>
	</include>
		<include name="ScrollBar_Vertical">
		<width>45</width>
		<texturesliderbackground border="0,14,0,14">scrollbar_v.png</texturesliderbackground>
		<texturesliderbar border="0,14,0,14">scrollbar_vbar.png</texturesliderbar>
		<texturesliderbarfocus border="0,14,0,14">scrollbar_vbar_focus.png</texturesliderbarfocus>
		<textureslidernib>scrollbar_nib.png</textureslidernib>
		<textureslidernibfocus>scrollbar_nib.png</textureslidernibfocus>
		<pulseonselect>false</pulseonselect>
		<orientation>vertical</orientation>
		<showonepage>false</showonepage>
		<colordiffuse>themecolor</colordiffuse>
	</include>
		<include name="UpDownShadow">
		<control type="group">
			<animation effect="fade" time="300">WindowOpen</animation>
			<animation effect="fade" time="300">WindowClose</animation>
			<visible>Control.IsVisible(503)</visible>
			<control type="image">
				<width>100%</width>
				<height>120</height>
				<texture border="1">bottom_shadow.png</texture>
			</control>
			<control type="image">
				<top>960</top>
				<width>100%</width>
				<height>120</height>
				<texture border="1" flipy="true">bottom_shadow.png</texture>
			</control>
		</control>
	</include>
		<include name="ShowCaseMusicInfoPanel">
		<control type="group" id="12001">
			<visible>!String.IsEmpty(Control.GetLabel(4420)) + Control.IsVisible(4420) + !ListItem.IsParentFolder</visible>
			<animation effect="slide" start="0,0" end="0,20" time="100" tween="cubic" condition="Container.Content(albums) + Control.IsVisible(54)">Conditional</animation>
			<animation effect="slide" start="0,-1200" end="0,0" time="720" tween="cubic">VisibleChange</animation>
			<animation effect="slide" start="0,-1200" end="0,0" time="720" tween="cubic">WindowOpen</animation>
			<animation effect="slide" end="0,-1200" start="0,0" time="720" tween="cubic">WindowClose</animation>
			<animation effect="slide" start="0,0" end="0,20" time="720" tween="cubic" condition="Control.IsVisible(52)">Conditional</animation>
			<top>50</top>
			<control type="image">
				<description>background image</description>
				<left>106</left>
				<top>834</top>
				<width>1706</width>
				<height>734</height>
				<texture border="40">panel_reflect.png</texture>
			</control>
			<control type="image">
				<description>background image</description>
				<left>106</left>
				<top>130</top>
				<width>1706</width>
				<height>734</height>
				<texture border="40">listpanel_back.png</texture>
			</control>
			<control type="group">
				<visible>String.IsEqual(Control.GetLabel(4420),1)</visible>
				<include>SettingsFadeAnimation</include>
				<control type="grouplist">
					<left>137</left>
					<top>162</top>
					<visible>Container.Content(albums)</visible>
					<control type="button">
						<label>[COLOR labelheader]$LOCALIZE[515]:[/COLOR][CR]$INFO[ListItem.Genre]</label>
						<width>486</width>
						<include>ShowCaseInfoPanelButtonsValues</include>
						<visible>!String.IsEmpty(ListItem.Genre)</visible>
					</control>
					<control type="button">
						<label>[COLOR labelheader]$LOCALIZE[515]:[/COLOR][CR]$LOCALIZE[31103]</label>
						<width>486</width>
						<include>ShowCaseInfoPanelButtonsValues</include>
						<visible>String.IsEmpty(ListItem.Genre)</visible>
					</control>
					<control type="button">
						<label>[COLOR labelheader]$LOCALIZE[21899]:[/COLOR][CR]$INFO[ListItem.Property(Album_Label)]</label>
						<width>486</width>
						<include>ShowCaseInfoPanelButtonsValues</include>
						<visible>!String.IsEmpty(ListItem.Property(Album_Label))</visible>
					</control>
					<control type="button">
						<label>[COLOR labelheader]$LOCALIZE[21899]:[/COLOR][CR]$LOCALIZE[31103]</label>
						<width>486</width>
						<include>ShowCaseInfoPanelButtonsValues</include>
						<visible>String.IsEmpty(ListItem.Property(Album_Label))</visible>
					</control>
				</control>
				<control type="grouplist">
					<left>625</left>
					<top>162</top>
					<visible>Container.Content(albums)</visible>
					<control type="button">
						<label>[COLOR labelheader]$LOCALIZE[175]:[/COLOR][CR]$INFO[ListItem.Property(Album_Mood)]</label>
						<include>ShowCaseInfoPanelButtonsValues</include>
						<visible>!String.IsEmpty(ListItem.Property(Album_Mood))</visible>
					</control>
					<control type="button">
						<label>[COLOR labelheader]$LOCALIZE[175]:[/COLOR][CR]$LOCALIZE[31103]</label>
						<include>ShowCaseInfoPanelButtonsValues</include>
						<visible>String.IsEmpty(ListItem.Property(Album_Mood))</visible>
					</control>
					<control type="button">
						<label>[COLOR labelheader]$LOCALIZE[176]:[/COLOR][CR]$INFO[ListItem.Property(Album_Style)]</label>
						<include>ShowCaseInfoPanelButtonsValues</include>
						<visible>!String.IsEmpty(ListItem.Property(Album_Style))</visible>
					</control>
					<control type="button">
						<label>[COLOR labelheader]$LOCALIZE[176]:[/COLOR][CR]$LOCALIZE[31103]</label>
						<include>ShowCaseInfoPanelButtonsValues</include>
						<visible>String.IsEmpty(ListItem.Property(Album_Style))</visible>
					</control>
				</control>
				<control type="image">
					<left>638</left>
					<top>162</top>
					<width>2</width>
					<height>179</height>
					<texture border="1">separator3.png</texture>
				</control>
				<control type="textbox">
					<label>$VAR[OtherPlotVar,[COLOR labelheader]$LOCALIZE[183]:[CR][/COLOR]]</label>
					<top>342</top>
					<left>152</left>
					<width>970</width>
					<height>180</height>
					<font>font14_textbox2</font>
					<pagecontrol>62</pagecontrol>
					<autoscroll time="3000" delay="4000" repeat="5000">Skin.HasSetting(Enable.AutoScroll) + !Control.HasFocus(62)</autoscroll>
					<include>ShowCaseInfoPanelButtonsValues</include>
					<visible>Container.Content(albums)</visible>
				</control>
				<control type="textbox">
					<label>$VAR[OtherPlotVar,[COLOR labelheader]$LOCALIZE[21887]:[CR][/COLOR]]</label>
					<top>162</top>
					<left>152</left>
					<width>940</width>
					<height>350</height>
					<font>font14_textbox</font>
					<autoscroll time="3000" delay="4000" repeat="5000">Skin.HasSetting(Enable.AutoScroll) + !Control.HasFocus(62)</autoscroll>
					<pagecontrol>62</pagecontrol>
					<include>ShowCaseInfoPanelButtonsValues</include>
					<visible>Container.Content(artists)</visible>
				</control>
				<control type="scrollbar" id="62">
					<top>342</top>
					<left>1128</left>
					<width>14</width>
					<height>180</height>
					<onup>SetProperty(MediaMenu,True,home)</onup>
					<onup>SetFocus(9050)</onup>
					<onleft>50</onleft>
					<onright>50</onright>
					<ondown>50</ondown>
					<texturesliderbackground>scrollbar/texturesliderbackground3.png</texturesliderbackground>
					<texturesliderbar colordiffuse="55ffffff" border="1">scrollbar/texturesliderbar3.png</texturesliderbar>
					<texturesliderbarfocus border="1">scrollbar/texturesliderbar3.png</texturesliderbarfocus>
					<showonepage>false</showonepage>
					<orientation>vertical</orientation>
				</control>
				<control type="image">
					<left>137</left>
					<top>464</top>
					<width>1643</width>
					<height>60</height>
					<texture border="1">separator2.png</texture>
				</control>
				<control type="image">
					<left>1142</left>
					<top>162</top>
					<width>640</width>
					<height>360</height>
					<fadetime>200</fadetime>
					<texture background="true">$INFO[ListItem.Art(fanart)]</texture>
					<bordertexture border="1,1,2,1">thumbs/panel_border.png</bordertexture>
					<bordersize>1,1,2,1</bordersize>
				</control>
			</control>
			<control type="group">
				<visible>String.IsEqual(Control.GetLabel(4420),2)</visible>
				<include>SettingsFadeAnimation</include>
				<control type="grouplist">
					<left>137</left>
					<top>164</top>
					<height>360</height>
					<visible>Container.Content(artists)</visible>
					<control type="button">
						<label>[COLOR labelheader]$LOCALIZE[21893]:[/COLOR][CR]$INFO[ListItem.Property(Artist_Born)]</label>
						<include>ShowCaseInfoPanelButtonsValues</include>
						<visible>!String.IsEmpty(ListItem.Property(Artist_Born))</visible>
					</control>
					<control type="button">
						<label>[COLOR labelheader]$LOCALIZE[21894]:[/COLOR][CR]$INFO[ListItem.Property(Artist_Formed)]</label>
						<include>ShowCaseInfoPanelButtonsValues</include>
						<visible>!String.IsEmpty(ListItem.Property(Artist_Formed))</visible>
					</control>
					<control type="button">
						<label>[COLOR labelheader]$LOCALIZE[21897]:[/COLOR][CR]$INFO[ListItem.Property(Artist_Died)]</label>
						<include>ShowCaseInfoPanelButtonsValues</include>
						<visible>!String.IsEmpty(ListItem.Property(Artist_Died))</visible>
					</control>
					<control type="button">
						<label>[COLOR labelheader]$LOCALIZE[21896]:[/COLOR][CR]$INFO[ListItem.Property(Artist_Disbanded)]</label>
						<include>ShowCaseInfoPanelButtonsValues</include>
						<visible>!String.IsEmpty(ListItem.Property(Artist_Disbanded))</visible>
					</control>
					<control type="button">
						<label>[COLOR labelheader]$LOCALIZE[21898]:[/COLOR][CR]$INFO[ListItem.Property(Artist_YearsActive)]</label>
						<include>ShowCaseInfoPanelButtonsValues</include>
						<visible>!String.IsEmpty(ListItem.Property(Artist_YearsActive))</visible>
					</control>
					<control type="button">
						<label>[COLOR labelheader]$LOCALIZE[175]:[/COLOR][CR]$INFO[ListItem.Property(Artist_Mood)]</label>
						<include>ShowCaseInfoPanelButtonsValues</include>
						<visible>!String.IsEmpty(ListItem.Property(Artist_Mood))</visible>
					</control>
					<control type="button">
						<label>[COLOR labelheader]$LOCALIZE[176]:[/COLOR][CR]$INFO[ListItem.Property(Artist_Style)]</label>
						<include>ShowCaseInfoPanelButtonsValues</include>
						<visible>!String.IsEmpty(ListItem.Property(Artist_Style))</visible>
					</control>
				</control>
				<control type="image">
					<left>638</left>
					<top>162</top>
					<width>2</width>
					<height>359</height>
					<texture border="1">separator3.png</texture>
				</control>
				<control type="textbox">
					<left>655</left>
					<label>$VAR[OtherPlotVar]</label>
					<top>162</top>
					<width>700</width>
					<height>354</height>
					<font>font14_textbox</font>
					<pagecontrol>62</pagecontrol>
					<autoscroll time="3000" delay="4000" repeat="5000">Skin.HasSetting(Enable.AutoScroll) + !Control.HasFocus(62)</autoscroll>
					<include>ShowCaseInfoPanelButtonsValues</include>
				</control>
				<control type="scrollbar" id="62">
					<top>162</top>
					<left>1408</left>
					<width>14</width>
					<height>360</height>
					<onup>SetProperty(MediaMenu,True,home)</onup>
					<onup>SetFocus(9050)</onup>
					<onleft>50</onleft>
					<onright>50</onright>
					<ondown>50</ondown>
					<texturesliderbackground>scrollbar/texturesliderbackground3.png</texturesliderbackground>
					<texturesliderbar colordiffuse="55ffffff" border="1">scrollbar/texturesliderbar3.png</texturesliderbar>
					<texturesliderbarfocus border="1">scrollbar/texturesliderbar3.png</texturesliderbarfocus>
					<showonepage>false</showonepage>
					<orientation>vertical</orientation>
				</control>
				<control type="image">
					<left>637</left>
					<top>464</top>
					<width>1141</width>
					<height>60</height>
					<texture border="1">separator2.png</texture>
				</control>
				<control type="image">
					<left>1142</left>
					<top>162</top>
					<width>640</width>
					<height>360</height>
					<fadetime>200</fadetime>
					<aspectratio align="right">keep</aspectratio>
					<texture background="true">$VAR[PosterThumbVar]</texture>
					<bordertexture border="1,1,2,1">thumbs/panel_border.png</bordertexture>
					<bordersize>1,1,2,1</bordersize>
				</control>
			</control>
		</control>
	</include>
		<include name="ShowCaseInfoPanel">
		<control type="group" id="12000">
			<visible>!String.IsEmpty(Control.GetLabel(4420)) + Control.IsVisible(4420) + !ListItem.IsParentFolder</visible>
			<animation effect="slide" start="0,-1200" end="0,0" time="720" tween="cubic">VisibleChange</animation>
			<animation effect="slide" start="0,-1200" end="0,0" time="720" tween="cubic">WindowOpen</animation>
			<animation effect="slide" end="0,-1200" start="0,0" time="720" tween="cubic">WindowClose</animation>
			<animation effect="slide" start="0,0" end="0,20" time="720" tween="cubic" condition="Control.IsVisible(52)">Conditional</animation>
			<top>50</top>
			<control type="image">
				<description>background image</description>
				<left>106</left>
				<top>834</top>
				<width>1706</width>
				<height>734</height>
				<texture border="40">panel_reflect.png</texture>
			</control>
			<control type="image">
				<description>background image</description>
				<left>106</left>
				<top>130</top>
				<width>1706</width>
				<height>734</height>
				<texture border="40">listpanel_back.png</texture>
			</control>
			<control type="group">
				<visible>String.IsEqual(Control.GetLabel(4420),1)</visible>
				<include>SettingsFadeAnimation</include>
				<control type="grouplist">
					<left>137</left>
					<top>162</top>
					<control type="button">
						<label>$VAR[InfoPanelLabel1Var]</label>
						<include>ShowCaseInfoPanelButtonsValues</include>
					</control>
					<control type="button">
						<label>$VAR[InfoPanelLabel2Var]</label>
						<include>ShowCaseInfoPanelButtonsValues</include>
					</control>
				</control>
				<control type="image">
					<left>638</left>
					<top>162</top>
					<width>2</width>
					<height>179</height>
					<texture border="1">separator3.png</texture>
				</control>
				<control type="grouplist">
					<left>640</left>
					<top>162</top>
					<control type="button">
						<label>$VAR[InfoPanelLabel3Var]</label>
						<include>ShowCaseInfoPanelButtonsValues</include>
					</control>
					<control type="group">
						<control type="button">
							<label>$VAR[InfoPanelLabel4Var]</label>
							<width>251</width>
							<include>ShowCaseInfoPanelButtonsValues</include>
						</control>
						<control type="image">
							<left>251</left>
							<width>2</width>
							<height>88</height>
							<texture border="1">separator3.png</texture>
						</control>
						<control type="button">
							<label>$VAR[InfoPanelLabel5Var]</label>
							<left>251</left>
							<width>250</width>
							<include>ShowCaseInfoPanelButtonsValues</include>
						</control>
					</control>
				</control>
				<control type="textbox">
					<label>$VAR[VideoPlotVar]</label>
					<top>342</top>
					<left>152</left>
					<width>970</width>
					<height>180</height>
					<font>font14_textbox2</font>
					<pagecontrol>62</pagecontrol>
					<autoscroll time="3000" delay="4000" repeat="5000">Skin.HasSetting(Enable.AutoScroll) + !Control.HasFocus(62)</autoscroll>
					<include>ShowCaseInfoPanelButtonsValues</include>
				</control>
				<control type="scrollbar" id="62">
					<top>342</top>
					<left>1128</left>
					<width>14</width>
					<height>180</height>
					<onup>SetProperty(MediaMenu,True,home)</onup>
					<onup>SetFocus(9050)</onup>
					<onleft>50</onleft>
					<onright>50</onright>
					<ondown>50</ondown>
					<texturesliderbackground>scrollbar/texturesliderbackground3.png</texturesliderbackground>
					<texturesliderbar colordiffuse="55ffffff" border="1">scrollbar/texturesliderbar3.png</texturesliderbar>
					<texturesliderbarfocus border="1">scrollbar/texturesliderbar3.png</texturesliderbarfocus>
					<showonepage>false</showonepage>
					<orientation>vertical</orientation>
				</control>
				<control type="image">
					<left>137</left>
					<top>464</top>
					<width>1643</width>
					<height>60</height>
					<texture border="1">separator2.png</texture>
				</control>
				<control type="image">
					<left>1142</left>
					<top>162</top>
					<width>640</width>
					<height>360</height>
					<fadetime>200</fadetime>
					<texture background="true">$INFO[ListItem.Art(fanart)]</texture>
					<bordertexture border="1,1,2,1">thumbs/panel_border.png</bordertexture>
					<bordersize>1,1,2,1</bordersize>
				</control>
				<control type="image">
					<left>1142</left>
					<top>162</top>
					<width>640</width>
					<height>360</height>
					<texture>black.png</texture>
					<visible>Player.HasVideo</visible>
				</control>
				<control type="videowindow">
					<left>1142</left>
					<top>162</top>
					<width>640</width>
					<height>360</height>
					<visible>Player.HasVideo</visible>
				</control>
			</control>
			<control type="group">
				<visible>String.IsEqual(Control.GetLabel(4420),2)</visible>
				<include>SettingsFadeAnimation</include>
				<control type="grouplist">
					<left>137</left>
					<top>162</top>
					<control type="button">
						<label>$VAR[InfoPanelLabel1Var]</label>
						<include>ShowCaseInfoPanelButtonsValues</include>
					</control>
					<control type="button">
						<label>$VAR[InfoPanelLabel2Var]</label>
						<include>ShowCaseInfoPanelButtonsValues</include>
					</control>
					<control type="button">
						<label>$VAR[InfoPanelLabel3Var]</label>
						<include>ShowCaseInfoPanelButtonsValues</include>
					</control>
					<control type="group">
						<control type="button">
							<label>$VAR[InfoPanelLabel4Var]</label>
							<width>251</width>
							<height>92</height>
							<include>ShowCaseInfoPanelButtonsValues</include>
						</control>
						<control type="image">
							<left>251</left>
							<width>2</width>
							<height>88</height>
							<texture border="1">separator3.png</texture>
						</control>
						<control type="button">
							<label>$VAR[InfoPanelLabel5Var]</label>
							<left>251</left>
							<width>250</width>
							<height>92</height>
							<include>ShowCaseInfoPanelButtonsValues</include>
						</control>
					</control>
				</control>
				<control type="image">
					<left>638</left>
					<top>162</top>
					<width>2</width>
					<height>359</height>
					<texture border="1">separator3.png</texture>
				</control>
				<control type="textbox">
					<left>655</left>
					<label>$VAR[VideoPlotVar]</label>
					<top>162</top>
					<width>800</width>
					<height>354</height>
					<font>font14_textbox</font>
					<pagecontrol>62</pagecontrol>
					<autoscroll time="3000" delay="4000" repeat="5000">Skin.HasSetting(Enable.AutoScroll) + !Control.HasFocus(62)</autoscroll>
					<include>ShowCaseInfoPanelButtonsValues</include>
				</control>
				<control type="scrollbar" id="62">
					<top>162</top>
					<left>1458</left>
					<width>14</width>
					<height>360</height>
					<onup>SetProperty(MediaMenu,True,home)</onup>
					<onup>SetFocus(9050)</onup>
					<onleft>50</onleft>
					<onright>50</onright>
					<ondown>50</ondown>
					<texturesliderbackground>scrollbar/texturesliderbackground3.png</texturesliderbackground>
					<texturesliderbar colordiffuse="55ffffff" border="1">scrollbar/texturesliderbar3.png</texturesliderbar>
					<texturesliderbarfocus border="1">scrollbar/texturesliderbar3.png</texturesliderbarfocus>
					<showonepage>false</showonepage>
					<orientation>vertical</orientation>
				</control>
				<control type="image">
					<left>637</left>
					<top>464</top>
					<width>1141</width>
					<height>60</height>
					<texture border="1">separator2.png</texture>
				</control>
				<control type="image">
					<left>1142</left>
					<top>162</top>
					<width>640</width>
					<height>360</height>
					<fadetime>200</fadetime>
					<aspectratio align="right">keep</aspectratio>
					<texture background="true">$VAR[PosterThumbVar]</texture>
					<bordertexture border="1,1,2,1">thumbs/panel_border.png</bordertexture>
					<bordersize>1,1,2,1</bordersize>
				</control>
			</control>
		</control>
	</include>
	<variable name="BannerThumb">
		<value condition="!String.IsEmpty(ListItem.Art(banner))">$INFO[ListItem.Art(banner)]</value>
		<value>$INFO[ListItem.Icon]</value>
	</variable>
	<variable name="PosterThumb">
		<value condition="!String.IsEmpty(ListItem.Art(poster))">$INFO[ListItem.Art(poster)]</value>
		<value>$INFO[ListItem.Icon]</value>
	</variable>
	<!-- Media Menu -->
	<include name="SideBladeLeft">
		<animation effect="slide" start="440,0" end="0,0" time="400" tween="quadratic" easing="out" condition="String.IsEmpty(Window(home).Property(MediaMenu))">Conditional</animation>
		<animation effect="slide" start="0,0" end="-440,0" time="400" tween="quadratic" easing="out">WindowClose</animation>
		<control type="image">
			<width>432</width>
			<height>1080</height>
			<texture border="40">mediamenu_back.png</texture>
		</control>
		<control type="button" id="9051">
			<include>HiddenObject</include>
			<onfocus condition="String.IsEmpty(Window(Home).Property(MediaMenu))">SetProperty(MediaMenu,True,home)</onfocus>
			<onfocus condition="String.IsEmpty(Window(Home).Property(MediaMenu))">SetFocus(9050)</onfocus>
			<onfocus condition="!String.IsEmpty(Window(Home).Property(MediaMenu))">ClearProperty(MediaMenu,Home)</onfocus>
			<onfocus condition="!String.IsEmpty(Window(Home).Property(MediaMenu))">SetFocus(50)</onfocus>
		</control>
		<control type="button" id="8999">
			<description>Close Window button</description>
			<left>350</left>
			<width>64</width>
			<height>48</height>
			<label></label>
			<font>CloseButton</font>
			<textcolor>grey</textcolor>
			<focusedcolor>themecolor</focusedcolor>
			<onclick>ClearProperty(MediaMenu,Home)</onclick>
			<onclick>SetFocus(50)</onclick>
			<texturefocus />
			<texturenofocus />
			<visible>system.getbool(input.enablemouse)</visible>
		</control>
		<control type="image">
			<description>LOGO</description>
			<width>400</width>
			<height>120</height>
			<aspectratio>keep</aspectratio>
			<texture>aeon-tajo.png</texture>
		</control>
	</include>
	<include name="KioskModeButton">
		<control type="button">
			<description>Kiosk Mode button</description>
			<include>ButtonCommonValues</include>
			<label />
			<onfocus>ClearProperty(MediaMenu,Home)</onfocus>
			<onfocus>SetFocus(50)</onfocus>
		</control>
	</include>
	<include name="MediaMenuTop">
		<top>100</top>
		<width>400</width>
		<height>1080</height>
		<onleft>9050</onleft>
		<onright>ClearProperty(MediaMenu,Home)</onright>
		<onright>50</onright>
		<onup>9050</onup>
		<ondown>9050</ondown>
		<onback>ClearProperty(MediaMenu,Home)</onback>
		<onback>50</onback>
		<include condition="Skin.HasSetting(KioskMode.Enabled)">KioskModeButton</include>
		<animation effect="fade" start="100" end="0" time="200" condition="Window.IsVisible(1129)" reversible="true">conditional</animation>
		<control type="button" id="200">
			<label>31006</label>
			<textwidth>352</textwidth>
			<font>font13_title</font>
			<include>ButtonCommonValues</include>
			<enable>no</enable>
			<disabledcolor>themecolor</disabledcolor>
		</control>
		<control type="button" id="2000">
			<description>View As button</description>
			<textwidth>352</textwidth>
			<include>ButtonCommonValues</include>
			<label>$INFO[Container.Viewmode,$LOCALIZE[31100] ]</label>
			<onclick>ActivateWindow(1129)</onclick>
		</control>
		<control type="button" id="3">
			<description>Sort by button</description>
			<include>ButtonCommonValues</include>
			<label>103</label>
		</control>
		<control type="togglebutton" id="4">
			<description>Sort asc</description>
			<include>ButtonCommonValues</include>
			<label>31051</label>
			<altlabel>31050</altlabel>
			<usealttexture>Container.SortDirection(Ascending)</usealttexture>
		</control>
		<control type="radiobutton" id="222">
				<description>Animated posters</description>
				<visible>Container.Content(movies) | Container.Content(tvshows)</visible>
				<width>412</width>
				<label>31224</label>
				<onclick>Skin.ToggleSetting(animatedposters)</onclick>
				<selected>Skin.HasSetting(animatedposters)</selected>
		</control>
	</include>
	<include name="PVRMediaMenu">
		<control type="group">
			<left>-440</left>
			<include>SideBladeLeft</include>
			<control type="grouplist" id="9050">
				<top>100</top>
				<width>400</width>
				<height>1080</height>
				<onleft>9050</onleft>
				<onright>ClearProperty(MediaMenu,Home)</onright>
				<onright condition="!Window.IsVisible(tvguide)">50</onright>
				<onright condition="Window.IsVisible(tvguide)">10</onright>
				<onup>9050</onup>
				<ondown>9050</ondown>
				<onback>ClearProperty(MediaMenu,Home)</onback>
				<onback>50</onback>
				<include condition="Skin.HasSetting(KioskMode.Enabled)">KioskModeButton</include>
				<animation effect="fade" start="100" end="0" time="200" condition="Window.IsVisible(1129)" reversible="true">conditional</animation>
				<control type="label" id="200">
					<width>400</width>
					<height>52</height>
					<textoffsetx>15</textoffsetx>
					<font>font13_title</font>
					<label>31006</label>
					<textcolor>themecolor</textcolor>
				</control>
				<control type="button" id="28">
					<description>Channel Groups</description>
					<textwidth>255</textwidth>
					<include>ButtonCommonValues</include>
					<label />
					<visible>Window.IsActive(MyPVRChannels.xml) | Window.IsActive(MyPVRGuide.xml)</visible>
				</control>
				<control type="button" id="2">
					<description>View As button</description>
					<textwidth>352</textwidth>
					<include>ButtonCommonValues</include>
				</control>
				<control type="button" id="3">
					<description>Sort by button</description>
					<include>ButtonCommonValues</include>
					<label>103</label>
				</control>
				<control type="togglebutton" id="4">
					<description>Sort asc</description>
					<include>ButtonCommonValues</include>
					<label>31051</label>
					<altlabel>31050</altlabel>
					<usealttexture>Container.SortDirection(Ascending)</usealttexture>
				</control>
				<control type="radiobutton" id="5">
					<description>Group items by folder structure</description>
					<include>ButtonCommonValues</include>
					<label>19270</label>
					<visible>Window.IsActive(MyPVRRecordings.xml)</visible>
				</control>
				<control type="radiobutton" id="7">
					<description>Show deleted recordings</description>
					<include>ButtonCommonValues</include>
					<label>19184</label>
					<visible>Window.IsActive(MyPVRRecordings.xml)</visible>
				</control>
				<control type="radiobutton" id="8">
					<description>Hide disabled timers</description>
					<include>ButtonCommonValues</include>
					<label>19077</label>
					<visible>Window.IsActive(MyPVRTimers.xml)</visible>
				</control>
				<control type="button" id="2001">
					<include>ButtonCommonValues</include>
					<label>$LOCALIZE[19190]</label>
					<onclick>ActivateWindow(1128)</onclick>
				</control>
				<control type="button" id="203">
					<description>Actions</description>
					<textwidth>352</textwidth>
					<font>font13_title</font>
					<include>ButtonCommonValues</include>
					<label>31039</label>
					<enable>no</enable>
					<disabledcolor>themecolor</disabledcolor>
				</control>
				<control type="button" id="100">
					<description>Channels</description>
					<label>19019</label>
					<textwidth>352</textwidth>
					<include>ButtonCommonValues</include>
					<onclick condition="String.IsEmpty(Window.Property(IsRadio))">ActivateWindow(TVChannels)</onclick>
					<onclick condition="!String.IsEmpty(Window.Property(IsRadio))">ActivateWindow(RadioChannels)</onclick>
					<visible>!Window.IsActive(MyPVRChannels.xml)</visible>
				</control>
				<control type="button" id="101">
					<description>Guide</description>
					<label>22020</label>
					<textwidth>352</textwidth>
					<include>ButtonCommonValues</include>
					<onclick condition="String.IsEmpty(Window.Property(IsRadio))">ActivateWindow(TVGuide)</onclick>
					<onclick condition="!String.IsEmpty(Window.Property(IsRadio))">ActivateWindow(RadioGuide)</onclick>
					<visible>!Window.IsActive(MyPVRGuide.xml)</visible>
				</control>
				<control type="button" id="102">
					<description>Recordings</description>
					<label>19163</label>
					<textwidth>352</textwidth>
					<include>ButtonCommonValues</include>
					<onclick condition="String.IsEmpty(Window.Property(IsRadio))">ActivateWindow(TVRecordings)</onclick>
					<onclick condition="!String.IsEmpty(Window.Property(IsRadio))">ActivateWindow(RadioRecordings)</onclick>
					<visible>!Window.IsActive(MyPVRRecordings.xml)</visible>
				</control>
				<control type="button" id="103">
					<description>Timers</description>
					<label>19040</label>
					<textwidth>352</textwidth>
					<include>ButtonCommonValues</include>
					<onclick condition="String.IsEmpty(Window.Property(IsRadio))">ActivateWindow(TVTimers)</onclick>
					<onclick condition="!String.IsEmpty(Window.Property(IsRadio))">ActivateWindow(RadioTimers)</onclick>
					<visible>!Window.IsActive(MyPVRTimers.xml)</visible>
				</control>
				<control type="button" id="104">
					<description>Search</description>
					<label>137</label>
					<textwidth>352</textwidth>
					<include>ButtonCommonValues</include>
					<onclick condition="String.IsEmpty(Window.Property(IsRadio))">ActivateWindow(TVSearch)</onclick>
					<onclick condition="!String.IsEmpty(Window.Property(IsRadio))">ActivateWindow(RadioSearch)</onclick>
				</control>
				<control type="button" id="616">
					<description>Go to playercontrols</description>
					<include>ButtonCommonValues</include>
					<label>$LOCALIZE[31177]</label>
					<onclick condition="Player.HasAudio">ActivateWindow(playercontrols)</onclick>
					<onclick condition="Player.HasVideo">Fullscreen</onclick>
					<onclick condition="Player.HasVideo">ActivateWindow(videoosd)</onclick>
					<onclick>ClearProperty(MediaMenu,Home)</onclick>
					<visible>Player.HasMedia</visible>
				</control>
				<control type="button" id="201">
					<description>View options</description>
					<textwidth>352</textwidth>
					<font>font13_title</font>
					<include>ButtonCommonValues</include>
					<label>31026</label>
					<enable>no</enable>
					<disabledcolor>themecolor</disabledcolor>
				</control>
				<control type="button" id="330">
					<description>Settings</description>
					<textwidth>352</textwidth>
					<include>ButtonCommonValues</include>
					<label>$LOCALIZE[31127]</label>
					<onclick>ActivateWindow(1150)</onclick>
				</control>
			</control>
		</control>
	</include>
	<include name="NoMediaMenu">
		<top>100</top>
		<width>400</width>
		<height>1080</height>
		<onleft>9050</onleft>
		<onright>ClearProperty(MediaMenu,Home)</onright>
		<onright condition="!Window.IsActive(SettingsCategory.xml)">50</onright>
		<onright condition="Window.IsActive(SettingsCategory.xml)">3</onright>
		<onup>9050</onup>
		<ondown>9050</ondown>
		<onback>ClearProperty(MediaMenu,Home)</onback>
		<onback>50</onback>
		<include condition="Skin.HasSetting(KioskMode.Enabled)">KioskModeButton</include>
		<animation effect="fade" start="100" end="0" time="200" condition="Window.IsVisible(1129)" reversible="true">conditional</animation>
		<control type="label" id="200">
			<width>400</width>
			<height>52</height>
			<textoffsetx>15</textoffsetx>
			<font>font13_title</font>
			<label>31006</label>
			<textcolor>themecolor</textcolor>
		</control>
		<control type="button" id="2001">
			<include>ButtonCommonValues</include>
			<label>$LOCALIZE[31102]</label>
			<onclick>ActivateWindow(1128)</onclick>
		</control>
		<control type="button" id="203">
			<description>Settings level</description>
			<textwidth>352</textwidth>
			<font>font13_title</font>
			<include>ButtonCommonValues</include>
			<label>$LOCALIZE[31142]</label>
			<enable>no</enable>
			<disabledcolor>themecolor</disabledcolor>
			<visible>Window.IsActive(SettingsCategory.xml)</visible>
		</control>
		<control type="button" id="20">
			<description>Change settings level</description>
			<label>19019</label>
			<textwidth>352</textwidth>
			<include>ButtonCommonValues</include>
			<onclick>SettingsLevelChange</onclick>
			<visible>Window.IsActive(SettingsCategory.xml)</visible>
		</control>
		<control type="button" id="203">
			<description>Actions</description>
			<textwidth>352</textwidth>
			<font>font13_title</font>
			<include>ButtonCommonValues</include>
			<label>31039</label>
			<enable>no</enable>
			<disabledcolor>themecolor</disabledcolor>
			<visible>Player.HasMedia</visible>
		</control>
		<control type="button" id="616">
			<description>Go to playercontrols</description>
			<include>ButtonCommonValues</include>
			<label>$LOCALIZE[31177]</label>
			<onclick condition="Player.HasAudio">ClearProperty(MediaMenu,Home)</onclick>
			<onclick condition="Player.HasAudio">SetFocus(50)</onclick>
			<onclick condition="Player.HasAudio">ActivateWindow(playercontrols)</onclick>
			<onclick condition="Player.HasVideo">Fullscreen</onclick>
			<onclick condition="Player.HasVideo">ActivateWindow(videoosd)</onclick>
			<onclick>ClearProperty(MediaMenu,Home)</onclick>
			<visible>Player.HasMedia</visible>
		</control>
	</include>
	<!-- Context menu -->
	<include name="AdvancedLauncherTrailerButton">
		<control type="button" id="994">
			<label>$LOCALIZE[20410]</label>
			<width>450</width>
			<height>60</height>
			<font>font14</font>
			<textoffsetx>15</textoffsetx>
			<texturefocus border="5">button_middle_focus.png</texturefocus>
			<texturenofocus border="5">button_middle3.png</texturenofocus>
			<onclick>PlayMedia($ESCINFO[ListItem.Trailer])</onclick>
			<visible>!String.IsEmpty(ListItem.Trailer)</visible>
		</control>
	</include>
	<!-- System windows -->
	<include name="SystemLeftPanel">
		<control type="image">
			<left>50</left>
			<top>874</top>
			<width>420</width>
			<height>904</height>
			<texture border="40">panel_reflect.png</texture>
		</control>
		<control type="image">
			<left>50</left>
			<width>420</width>
			<height>904</height>
			<texture border="40">listpanel_back.png</texture>
		</control>
	</include>
	<include name="SystemRightPanel">
		<control type="image">
			<left>490</left>
			<top>874</top>
			<width>1380</width>
			<height>904</height>
			<texture border="40">panel_reflect.png</texture>
		</control>
		<control type="image">
			<left>490</left>
			<width>1380</width>
			<height>904</height>
			<texture border="40">listpanel_back.png</texture>
		</control>
	</include>
	<!-- Extras -->
	<include name="PlayListStatsList">
		<control type="list" id="43260">
			<visible>String.IsEqual(Container(9000).ListItem.Property(InfoLine),9) | String.IsEqual(Container(9000).ListItem.Property(InfoLine),10) | String.IsEqual(Container(9000).ListItem.Property(InfoLine),11)</visible>
			<visible>!ControlGroup(9004).HasFocus()</visible>
			<posx>0</posx>
			<posy>0</posy>
			<width>1</width>
			<height>1</height>
			<focusedlayout/>
			<itemlayout/>
			<content>$VAR[PlaylistStatsContentVar]</content>
		</control>
	</include>
	<include name="HomeSearchButton">
		<control type="button" id="9027">
			<texturefocus colordiffuse="88ffffff">tajo/backanism.gif</texturefocus>
			<label></label>
			<textoffsetx>0</textoffsetx>
			<width>50</width>
			<height>41</height>
			<align>center</align>
			<font>IconTiny</font>
			<textcolor>grey</textcolor>
			<shadowcolor>shadow</shadowcolor>
			<onclick>RunAddon(script.globalsearch)</onclick>
			<animation type="Visible">
				<effect type="fade" start="0" end="100" tween="sine" easing="inout" time="300" />
				<effect type="zoom" start="50" end="100" center="auto" tween="sine" easing="inout" time="300" />
			</animation>
			<animation type="Hidden">
				<effect type="fade" start="100" end="0" tween="sine" easing="inout" time="300" />
				<effect type="zoom" start="100" end="50" center="auto" tween="sine" easing="inout" time="300" />
			</animation>
		</control>
	</include>
	<include name="ExtendedInfoAutoComplete">
		<control type="group">
			<animation effect="fade" start="100" end="0" time="300" condition="String.IsEmpty(Container(5000).ListItem.Label)">conditional</animation>
			<visible>!System.HasHiddenInput</visible>
			<control type="image">
				<description>background image</description>
				<top>540</top>
				<width>1340</width>
				<height>220</height>
				<texture border="40">dialogs/default/bg.png</texture>
			</control>
			<control type="image">
				<left>30</left>
				<top>572</top>
				<width>1280</width>
				<height>161</height>
				<texture border="5">dialogs/default/inner.png</texture>
			</control>
			<control type="panel" id="5000">
				<left>30</left>
				<top>572</top>
				<width>1280</width>
				<height>160</height>
				<onleft>5000</onleft>
				<onright>5000</onright>
				<onup>4000</onup>
				<ondown>4000</ondown>
				<onback>noop</onback>
				<orientation>vertical</orientation>
				<scrolltime tween="quadratic" easing="out">200</scrolltime>
				<itemlayout height="80" width="320">
					<control type="image">
						<width>320</width>
						<height>80</height>
						<texture border="4">thumbs/panel_border.png</texture>
					</control>
					<control type="label">
						<width>320</width>
						<height>80</height>
						<align>center</align>
						<textcolor>grey2</textcolor>
						<font>font15</font>
						<label>$INFO[ListItem.Label]</label>
					</control>
				</itemlayout>
				<focusedlayout height="80" width="320">
					<control type="image">
						<width>320</width>
						<height>80</height>
						<texture border="4">thumbs/panel_border.png</texture>
						<visible>!Control.HasFocus(5000)</visible>
					</control>
					<control type="image">
						<width>320</width>
						<height>80</height>
						<texture border="4">button_middle_focus.png</texture>
						<visible>Control.HasFocus(5000)</visible>
					</control>
					<control type="label">
						<width>320</width>
						<height>80</height>
						<align>center</align>
						<font>font15</font>
						<label>$INFO[ListItem.Label]</label>
					</control>
				</focusedlayout>
				<content>plugin://plugin.program.autocompletion?info=autocomplete&amp;&amp;id=$INFO[Control.GetLabel(312).index(1)]&amp;&amp;limit=8</content>
			</control>
		</control>
	</include>
	<include name="ExtendedInfoListLayout">
		<param name="width">280</param>
		<param name="label">$INFO[ListItem.Label]</param>
		<param name="textboxLabel">false</param>
		<param name="textOverlay">true</param>
		<param name="fallbackIcon">DefaultVideoCover.png</param>
		<param name="overlayVisibility">true</param>
		<param name="includeContent">true</param>
		<definition>
			<control type="panel" id="$PARAM[controlId]">
				<right>0</right>
				<height>420</height>
				<preloaditems>2</preloaditems>
				<orientation>horizontal</orientation>
				<visible>$PARAM[listVisible]</visible>
				<scrolltime tween="quadratic" easing="out">300</scrolltime>
				<itemlayout height="420" width="$PARAM[width]">
					<control type="image">
						<width>$PARAM[width]</width>
						<height>420</height>
						<aspectratio aligny="top">scale</aspectratio>
						<texture background="true" fallback="$PARAM[fallbackIcon]">$INFO[ListItem.Icon]</texture>
						<bordertexture border="2">thumbs/panel_border3.png</bordertexture>
						<bordersize>2</bordersize>
					</control>
					<control type="image">
						<top>322</top>
						<width>$PARAM[width]</width>
						<height>98</height>
						<texture>black.png</texture>
						<colordiffuse>88ffffff</colordiffuse>
						<bordersize>2</bordersize>
						<visible>$PARAM[textOverlay]</visible>
					</control>
					<control type="image">
						<left>180</left>
						<width>100</width>
						<height>100</height>
						<texture>overlays/addons/enabled.png</texture>
						<bordersize>2</bordersize>
						<visible>$PARAM[overlayVisibility]</visible>
						<visible>!String.IsEmpty(ListItem.DBID) | !String.IsEmpty(ListItem.Property(DBID))</visible>
					</control>
					<control type="image">
						<width>$PARAM[width]</width>
						<height>420</height>
						<aspectratio>scale</aspectratio>
						<texture border="1" colordiffuse="44FFFFFF">black.png</texture>
						<bordersize>2</bordersize>
					</control>
					<control type="label">
						<top>325</top>
						<width>$PARAM[width]</width>
						<height>43</height>
						<align>center</align>
						<font>font14</font>
						<textoffsetx>10</textoffsetx>
						<shadowcolor>shadow</shadowcolor>
						<selectedcolor>selected</selectedcolor>
						<label>$PARAM[label]</label>
						<visible>!$PARAM[textboxLabel]</visible>
						<visible>$PARAM[textOverlay]</visible>
						<animation effect="fade" start="100" end="70" time="0" condition="true">Conditional</animation>
					</control>
					<control type="label">
						<top>368</top>
						<width>$PARAM[width]</width>
						<height>43</height>
						<align>center</align>
						<font>font14</font>
						<textoffsetx>10</textoffsetx>
						<shadowcolor>shadow</shadowcolor>
						<selectedcolor>selected</selectedcolor>
						<label>$PARAM[label2]</label>
						<visible>!$PARAM[textboxLabel]</visible>
						<visible>$PARAM[textOverlay]</visible>
						<animation effect="fade" start="100" end="70" time="0" condition="true">Conditional</animation>
					</control>
					<control type="textbox">
						<left>10</left>
						<top>325</top>
						<width>574</width>
						<height>86</height>
						<align>center</align>
						<font>font14</font>
						<shadowcolor>shadow</shadowcolor>
						<selectedcolor>selected</selectedcolor>
						<label>$PARAM[label]</label>
						<visible>$PARAM[textboxLabel]</visible>
						<visible>$PARAM[textOverlay]</visible>
						<animation effect="fade" start="100" end="70" time="0" condition="true">Conditional</animation>
					</control>
				</itemlayout>
				<focusedlayout height="420" width="$PARAM[width]">
					<control type="image">
						<width>$PARAM[width]</width>
						<height>420</height>
						<aspectratio aligny="top">scale</aspectratio>
						<texture background="true" fallback="$PARAM[fallbackIcon]">$INFO[ListItem.Icon]</texture>
						<bordertexture border="2">thumbs/panel_border3.png</bordertexture>
						<bordersize>2</bordersize>
					</control>
					<control type="image">
						<top>322</top>
						<width>$PARAM[width]</width>
						<height>98</height>
						<texture>black.png</texture>
						<colordiffuse>88ffffff</colordiffuse>
						<bordersize>2</bordersize>
						<visible>$PARAM[textOverlay]</visible>
					</control>
					<control type="image">
						<left>180</left>
						<width>100</width>
						<height>100</height>
						<texture>overlays/addons/enabled.png</texture>
						<bordersize>2</bordersize>
						<visible>$PARAM[overlayVisibility]</visible>
						<visible>!String.IsEmpty(ListItem.DBID) | !String.IsEmpty(ListItem.Property(DBID))</visible>
					</control>
					<control type="image">
						<width>$PARAM[width]</width>
						<height>420</height>
						<aspectratio>scale</aspectratio>
						<texture border="1" colordiffuse="44FFFFFF">black.png</texture>
						<bordersize>2</bordersize>
						<include>FocusFadeOutAnimation</include>
					</control>
					<control type="label">
						<top>325</top>
						<width>$PARAM[width]</width>
						<height>43</height>
						<align>center</align>
						<font>font14</font>
						<textoffsetx>10</textoffsetx>
						<selectedcolor>selected</selectedcolor>
						<shadowcolor>shadow</shadowcolor>
						<label>$PARAM[label]</label>
						<visible>!$PARAM[textboxLabel]</visible>
						<visible>$PARAM[textOverlay]</visible>
						<animation effect="fade" end="100" start="70" time="200" tween="sine" easing="inout">Focus</animation>
						<animation effect="fade" start="100" end="70" time="200" tween="sine" easing="inout">UnFocus</animation>
					</control>
					<control type="label">
						<top>368</top>
						<width>$PARAM[width]</width>
						<height>43</height>
						<align>center</align>
						<font>font14</font>
						<textoffsetx>10</textoffsetx>
						<selectedcolor>selected</selectedcolor>
						<shadowcolor>shadow</shadowcolor>
						<label>$PARAM[label2]</label>
						<visible>!$PARAM[textboxLabel]</visible>
						<visible>$PARAM[textOverlay]</visible>
						<animation effect="fade" end="100" start="70" time="200" tween="sine" easing="inout">Focus</animation>
						<animation effect="fade" start="100" end="70" time="200" tween="sine" easing="inout">UnFocus</animation>
					</control>
					<control type="textbox">
						<left>10</left>
						<top>325</top>
						<width>574</width>
						<height>86</height>
						<align>center</align>
						<font>font14</font>
						<selectedcolor>selected</selectedcolor>
						<shadowcolor>shadow</shadowcolor>
						<label>$INFO[ListItem.Label]</label>
						<visible>$PARAM[textboxLabel]</visible>
						<visible>$PARAM[textOverlay]</visible>
						<autoscroll time="3000" delay="100" repeat="5000">true</autoscroll>
						<animation effect="fade" end="100" start="70" time="200" tween="sine" easing="inout">Focus</animation>
						<animation effect="fade" start="100" end="70" time="200" tween="sine" easing="inout">UnFocus</animation>
					</control>
					<control type="image">
						<width>$PARAM[width]</width>
						<height>420</height>
						<texture border="10">thumbs/thumbnail_focused.png</texture>
						<include>FocusFadeInAnimation</include>
					</control>
				</focusedlayout>
				<include content="InfoListContent" condition="$PARAM[includeContent]">
					<param name="target">$PARAM[target]</param>
					<param name="content">$PARAM[content]</param>
				</include>
			</control>
		</definition>
	</include>
	<include name="InfoListContent">
		<param name="target">videos</param>
		<definition>
			<content target="$PARAM[target]">$PARAM[content]</content>
		</definition>
	</include>
	
	<include name="Music_vis4">
		<param name="orderr" />
		<param name="leftr" />
		<definition>
			<control type="image">
				<width>80</width>
				<height>150</height>
				<left>$PARAM[leftr]</left>
				<colordiffuse>01FFFFFF</colordiffuse>
				<texture>$INFO[Window(Visualisation).Property(Artistslideshow.$PARAM[orderr].SimilarThumb)]</texture>
			</control>
			<control type="image">
				<width>75</width>
				<height>75</height>
				<left>$PARAM[leftr]</left>
				<colordiffuse>01FFFFFF</colordiffuse>
				<texture>$INFO[Window(Visualisation).Property(Artistslideshow.$PARAM[orderr].AlbumThumb)]</texture>
			</control>
		</definition>
	</include>
	<include name="Trck">
		<top>135</top>
		<left>10</left>
		<width>325</width>
		<height>400</height>
		<scroll>false</scroll>
		<textcolor>FF85ffff</textcolor>
		<shadowcolor>black</shadowcolor>
		<label>[COLOR=white]$INFO[Container(5981).ListItemAbsolute(0).Label][/COLOR]   $INFO[Container(5981).ListItemAbsolute(0).Duration][CR][COLOR=white]$INFO[Container(5981).ListItemAbsolute(1).Label][/COLOR]   $INFO[Container(5981).ListItemAbsolute(1).Duration][CR][COLOR=white]$INFO[Container(5981).ListItemAbsolute(2).Label][/COLOR]   $INFO[Container(5981).ListItemAbsolute(2).Duration][CR][COLOR=white]$INFO[Container(5981).ListItemAbsolute(3).Label][/COLOR]   $INFO[Container(5981).ListItemAbsolute(3).Duration][CR][COLOR=white]$INFO[Container(5981).ListItemAbsolute(4).Label][/COLOR]   $INFO[Container(5981).ListItemAbsolute(4).Duration][CR][COLOR=white]$INFO[Container(5981).ListItemAbsolute(5).Label][/COLOR]   $INFO[Container(5981).ListItemAbsolute(5).Duration][CR][COLOR=white]$INFO[Container(5981).ListItemAbsolute(6).Label][/COLOR]   $INFO[Container(5981).ListItemAbsolute(6).Duration][CR][COLOR=white]$INFO[Container(5981).ListItemAbsolute(7).Label][/COLOR]   $INFO[Container(5981).ListItemAbsolute(7).Duration][CR][COLOR=white]$INFO[Container(5981).ListItemAbsolute(8).Label][/COLOR]   $INFO[Container(5981).ListItemAbsolute(8).Duration][CR][COLOR=white]$INFO[Container(5981).ListItemAbsolute(9).Label][/COLOR]   $INFO[Container(5981).ListItemAbsolute(9).Duration][CR][COLOR=white]$INFO[Container(5981).ListItemAbsolute(10).Label][/COLOR]   $INFO[Container(5981).ListItemAbsolute(10).Duration][CR][COLOR=white]$INFO[Container(5981).ListItemAbsolute(11).Label][/COLOR]   $INFO[Container(5981).ListItemAbsolute(11).Duration][CR][COLOR=white]$INFO[Container(5981).ListItemAbsolute(12).Label][/COLOR]   $INFO[Container(5981).ListItemAbsolute(12).Duration][CR][COLOR=white]$INFO[Container(5981).ListItemAbsolute(13).Label][/COLOR]   $INFO[Container(5981).ListItemAbsolute(13).Duration][CR][COLOR=white]$INFO[Container(5981).ListItemAbsolute(14).Label][/COLOR]   $INFO[Container(5981).ListItemAbsolute(14).Duration][CR][COLOR=white]$INFO[Container(5981).ListItemAbsolute(15).Label][/COLOR]   $INFO[Container(5981).ListItemAbsolute(15).Duration][CR][COLOR=white]$INFO[Container(5981).ListItemAbsolute(16).Label][/COLOR]   $INFO[Container(5981).ListItemAbsolute(16).Duration][CR][COLOR=white]$INFO[Container(5981).ListItemAbsolute(17).Label][/COLOR]   $INFO[Container(5981).ListItemAbsolute(17).Duration][CR][COLOR=white]$INFO[Container(5981).ListItemAbsolute(18).Label][/COLOR]   $INFO[Container(5981).ListItemAbsolute(18).Duration][CR][COLOR=white]$INFO[Container(5981).ListItemAbsolute(19).Label][/COLOR]   $INFO[Container(5981).ListItemAbsolute(19).Duration][CR][COLOR=white]$INFO[Container(5981).ListItemAbsolute(20).Label][/COLOR]   $INFO[Container(5981).ListItemAbsolute(20).Duration]</label>
	</include>
	<include name="Trck2">
		<top>135</top>
		<left>10</left>
		<width>325</width>
		<height>400</height>
		<scroll>false</scroll>
		<textcolor>FF85ffff</textcolor>
		<shadowcolor>black</shadowcolor>
		<label>[COLOR=white]$INFO[Container(5969).ListItemAbsolute(0).Label][/COLOR]   $INFO[Container(5969).ListItemAbsolute(0).Duration][CR][COLOR=white]$INFO[Container(5969).ListItemAbsolute(1).Label][/COLOR]   $INFO[Container(5969).ListItemAbsolute(1).Duration][CR][COLOR=white]$INFO[Container(5969).ListItemAbsolute(2).Label][/COLOR]   $INFO[Container(5969).ListItemAbsolute(2).Duration][CR][COLOR=white]$INFO[Container(5969).ListItemAbsolute(3).Label][/COLOR]   $INFO[Container(5969).ListItemAbsolute(3).Duration][CR][COLOR=white]$INFO[Container(5969).ListItemAbsolute(4).Label][/COLOR]   $INFO[Container(5969).ListItemAbsolute(4).Duration][CR][COLOR=white]$INFO[Container(5969).ListItemAbsolute(5).Label][/COLOR]   $INFO[Container(5969).ListItemAbsolute(5).Duration][CR][COLOR=white]$INFO[Container(5969).ListItemAbsolute(6).Label][/COLOR]   $INFO[Container(5969).ListItemAbsolute(6).Duration][CR][COLOR=white]$INFO[Container(5969).ListItemAbsolute(7).Label][/COLOR]   $INFO[Container(5969).ListItemAbsolute(7).Duration][CR][COLOR=white]$INFO[Container(5969).ListItemAbsolute(8).Label][/COLOR]   $INFO[Container(5969).ListItemAbsolute(8).Duration][CR][COLOR=white]$INFO[Container(5969).ListItemAbsolute(9).Label][/COLOR]   $INFO[Container(5969).ListItemAbsolute(9).Duration][CR][COLOR=white]$INFO[Container(5969).ListItemAbsolute(10).Label][/COLOR]   $INFO[Container(5969).ListItemAbsolute(10).Duration][CR][COLOR=white]$INFO[Container(5969).ListItemAbsolute(11).Label][/COLOR]   $INFO[Container(5969).ListItemAbsolute(11).Duration][CR][COLOR=white]$INFO[Container(5969).ListItemAbsolute(12).Label][/COLOR]   $INFO[Container(5969).ListItemAbsolute(12).Duration][CR][COLOR=white]$INFO[Container(5969).ListItemAbsolute(13).Label][/COLOR]   $INFO[Container(5969).ListItemAbsolute(13).Duration][CR][COLOR=white]$INFO[Container(5969).ListItemAbsolute(14).Label][/COLOR]   $INFO[Container(5969).ListItemAbsolute(14).Duration][CR][COLOR=white]$INFO[Container(5969).ListItemAbsolute(15).Label][/COLOR]   $INFO[Container(5969).ListItemAbsolute(15).Duration][CR][COLOR=white]$INFO[Container(5969).ListItemAbsolute(16).Label][/COLOR]   $INFO[Container(5969).ListItemAbsolute(16).Duration][CR][COLOR=white]$INFO[Container(5969).ListItemAbsolute(17).Label][/COLOR]   $INFO[Container(5969).ListItemAbsolute(17).Duration][CR][COLOR=white]$INFO[Container(5969).ListItemAbsolute(18).Label][/COLOR]   $INFO[Container(5969).ListItemAbsolute(18).Duration][CR][COLOR=white]$INFO[Container(5969).ListItemAbsolute(19).Label][/COLOR]   $INFO[Container(5969).ListItemAbsolute(19).Duration][CR][COLOR=white]$INFO[Container(5969).ListItemAbsolute(20).Label][/COLOR]   $INFO[Container(5969).ListItemAbsolute(20).Duration]</label>
	</include>
	<include name="Trckr">
		<animation effect="rotatex" center="227,0" start="180" end="180" condition="true">Conditional</animation>
		<animation effect="fade" end="15" condition="true">Conditional</animation>
		<top>-568</top>
		<left>10</left>
		<align>left</align>
		<aligny>top</aligny>
		<width>325</width>
		<height>400</height>
		<scroll>false</scroll>
		<textcolor>FF85ffff</textcolor>
		<label>[COLOR=white]$INFO[Container(5969).ListItemAbsolute(0).Label][/COLOR]   $INFO[Container(5969).ListItemAbsolute(0).Duration][CR][COLOR=white]$INFO[Container(5969).ListItemAbsolute(1).Label][/COLOR]   $INFO[Container(5969).ListItemAbsolute(1).Duration][CR][COLOR=white]$INFO[Container(5969).ListItemAbsolute(2).Label][/COLOR]   $INFO[Container(5969).ListItemAbsolute(2).Duration][CR][COLOR=white]$INFO[Container(5969).ListItemAbsolute(3).Label][/COLOR]   $INFO[Container(5969).ListItemAbsolute(3).Duration][CR][COLOR=white]$INFO[Container(5969).ListItemAbsolute(4).Label][/COLOR]   $INFO[Container(5969).ListItemAbsolute(4).Duration][CR][COLOR=white]$INFO[Container(5969).ListItemAbsolute(5).Label][/COLOR]   $INFO[Container(5969).ListItemAbsolute(5).Duration][CR][COLOR=white]$INFO[Container(5969).ListItemAbsolute(6).Label][/COLOR]   $INFO[Container(5969).ListItemAbsolute(6).Duration][CR][COLOR=white]$INFO[Container(5969).ListItemAbsolute(7).Label][/COLOR]   $INFO[Container(5969).ListItemAbsolute(7).Duration][CR][COLOR=white]$INFO[Container(5969).ListItemAbsolute(8).Label][/COLOR]   $INFO[Container(5969).ListItemAbsolute(8).Duration][CR][COLOR=white]$INFO[Container(5969).ListItemAbsolute(9).Label][/COLOR]   $INFO[Container(5969).ListItemAbsolute(9).Duration][CR][COLOR=white]$INFO[Container(5969).ListItemAbsolute(10).Label][/COLOR]   $INFO[Container(5969).ListItemAbsolute(10).Duration][CR][COLOR=white]$INFO[Container(5969).ListItemAbsolute(11).Label][/COLOR]   $INFO[Container(5969).ListItemAbsolute(11).Duration][CR][COLOR=white]$INFO[Container(5969).ListItemAbsolute(12).Label][/COLOR]   $INFO[Container(5969).ListItemAbsolute(12).Duration][CR][COLOR=white]$INFO[Container(5969).ListItemAbsolute(13).Label][/COLOR]   $INFO[Container(5969).ListItemAbsolute(13).Duration][CR][COLOR=white]$INFO[Container(5969).ListItemAbsolute(14).Label][/COLOR]   $INFO[Container(5969).ListItemAbsolute(14).Duration][CR][COLOR=white]$INFO[Container(5969).ListItemAbsolute(15).Label][/COLOR]   $INFO[Container(5969).ListItemAbsolute(15).Duration][CR][COLOR=white]$INFO[Container(5969).ListItemAbsolute(16).Label][/COLOR]   $INFO[Container(5969).ListItemAbsolute(16).Duration][CR][COLOR=white]$INFO[Container(5969).ListItemAbsolute(17).Label][/COLOR]   $INFO[Container(5969).ListItemAbsolute(17).Duration][CR][COLOR=white]$INFO[Container(5969).ListItemAbsolute(18).Label][/COLOR]   $INFO[Container(5969).ListItemAbsolute(18).Duration][CR][COLOR=white]$INFO[Container(5969).ListItemAbsolute(19).Label][/COLOR]   $INFO[Container(5969).ListItemAbsolute(19).Duration][CR][COLOR=white]$INFO[Container(5969).ListItemAbsolute(20).Label][/COLOR]   $INFO[Container(5969).ListItemAbsolute(20).Duration]</label>
	</include>
	<include name="FlagImage">
		<left>0</left>
		<top>0</top>
		<width>110</width>
		<height>66</height>
		<aspectratio align="center" aligny="center">keep</aspectratio>
		<colordiffuse>white</colordiffuse>
		<fadetime>FanartCrossFadeTime</fadetime>
	</include>
	<include name="FlagImage2">
		<left>0</left>
		<top>0</top>
		<width>90</width>
		<height>54</height>
		<aspectratio align="center" aligny="center">keep</aspectratio>
		<colordiffuse>white</colordiffuse>
		<fadetime>FanartCrossFadeTime</fadetime>
	</include>
	<include name="IconsShelf3D">
		<control type="group">
			<visible>!ListItem.IsCollection</visible>
			<animation effect="zoom" delay="0" center="auto" start="90" end="90" time="0" condition="true">Conditional</animation>
			<left>-65</left>
			<top>975</top>
			<!-- Estudio -->
			<control type="image" id="3738">
				<include>FlagImage</include>
				<texture>$VAR[studio]</texture>
			</control>
			<control type="label">
				<width>155</width>
				<height>70</height>
				<align>center</align>
				<aligny>center</aligny>
				<label>$INFO[ListItem.Studio]</label>
				<font>font10t</font>
				<textcolor>FFFFFAF0</textcolor>
				<wrapmultiline>true</wrapmultiline>
				<scroll>false</scroll>
				<visible>String.IsEmpty(Control.GetLabel(3738))</visible>
			</control>
			<!-- Mpaa -->
			<control type="image">
				<left>176</left>
				<include>FlagImage</include>
				<texture fallback="flags/flag_default.png">$VAR[mpaa]</texture>
			</control>
			<!-- Codec de video -->
			<control type="image">
				<left>352</left>
				<include>FlagImage</include>
				<texture fallback="flags/flag_default.png">$VAR[videocodec]</texture>
			</control>
			<!-- Resolucao -->
			<control type="image">
				<left>522</left>
				<include>FlagImage</include>
				<texture fallback="flags/flag_default.png">$VAR[mediaicons_path]videoresolution/$INFO[ListItem.VideoResolution,,.png]</texture>
			</control>
			<!-- Aspecto -->
			<control type="image">
				<left>692</left>
				<include>FlagImage</include>
				<texture fallback="flags/flag_default.png">$VAR[mediaicons_path]aspectratio/$INFO[ListItem.VideoAspect,,.png]</texture>
			</control>
			<!-- Rating -->
			<control type="group">
				<left>890</left>
				<width>450</width>
				<height>50</height>
				<top>12</top>
				<control type="image">
				<animation effect="fade" end="90" condition="true">Conditional</animation>
					<top>-2</top>
					<left>32</left>
					<width>190</width>
					<height>50</height>
					<texture fallback="$VAR[styleratingstars,,0.png]">$VAR[styleratingstars]$INFO[ListItem.Rating,,.png]</texture>
					<aspectratio align="left" aligny="center">stretch</aspectratio>
					<colordiffuse>$VAR[colorratingstars]</colordiffuse>
					<visible>!String.IsEqual(ListItem.Label,..)</visible>
				</control>
				<control type="label">
					<left>-25</left>
					<width>70</width>
					<visible>!String.IsEmpty(ListItem.Rating)</visible>
					<align>left</align>
					<aligny>center</aligny>
					<font>font13_bold</font>
					<label>[COLOR white][B]$INFO[ListItem.Rating][/B][/COLOR]</label>
					<textcolor>FFFFFAF0</textcolor>
					<shadowcolor>black</shadowcolor>
				</control>
			</control>
		</control>
	</include>
	<include name="IconsWall3D">
		<control type="group">
			<left>26</left>
			<top>860</top>
			<width>1840</width>
			<height>90</height>
			<control type="image">
				<top>2</top>
				<include>FlagImage2</include>
				<texture>$VAR[studio]</texture>
				<visible>!String.IsEmpty(ListItem.Studio)</visible>
			</control>
			<control type="image">
				<left>100</left>
				<include>FlagImage2</include>
				<texture fallback="flags/flag_default.png">$VAR[mpaa]</texture>
				<visible>!ListItem.IsParentFolder + !ListItem.IsCollection</visible>
			</control>
			<control type="image">
				<left>200</left>
				<include>FlagImage2</include>
				<texture fallback="flags/flag_default.png">$VAR[mediaicons_path]videoresolution/$INFO[ListItem.VideoResolution,,.png]</texture>
				<visible>!String.IsEmpty(ListItem.VideoResolution)</visible>
			</control>
		</control>
	</include>
	<include name="IconsList3D">
		<control type="group">
			<visible>!ListItem.IsCollection</visible>
			<animation effect="rotatey" center="auto" start="7" end="7" time="0" condition="true">Conditional</animation>
			<left>52</left>
			<top>970</top>
			<!-- Estudio -->
			<control type="image" id="3748">
				<include>FlagImage</include>
				<texture>$VAR[studio]</texture>
			</control>
			<control type="label">
				<width>155</width>
				<height>70</height>
				<align>center</align>
				<aligny>center</aligny>
				<label>$INFO[ListItem.Studio]</label>
				<font>font10t</font>
				<textcolor>white</textcolor>
				<wrapmultiline>true</wrapmultiline>
				<scroll>false</scroll>
				<visible>String.IsEmpty(Control.GetLabel(3748))</visible>
			</control>
			<!-- Mpaa -->
			<control type="image">
				<left>156</left>
				<include>FlagImage</include>
				<texture fallback="flags/flag_default.png">$VAR[mpaa]</texture>
			</control>
			<!-- Codec de video -->
			<control type="image">
				<left>312</left>
				<include>FlagImage</include>
				<texture fallback="flags/flag_default.png">$VAR[videocodec]</texture>
			</control>
			<!-- Resolucao -->
			<control type="image">
				<left>462</left>
				<include>FlagImage</include>
				<texture fallback="flags/flag_default.png">$VAR[mediaicons_path]videoresolution/$INFO[ListItem.VideoResolution,,.png]</texture>
			</control>
			<!-- Aspecto -->
			<control type="image">
				<left>612</left>
				<include>FlagImage</include>
				<texture fallback="flags/flag_default.png">$VAR[mediaicons_path]aspectratio/$INFO[ListItem.VideoAspect,,.png]</texture>
			</control>
			<!-- Rating -->
			<control type="group">
				<left>790</left>
				<width>450</width>
				<height>50</height>
				<top>16</top>
				<control type="image">
				<animation effect="fade" end="60" condition="true">Conditional</animation>
					<top>-10</top>
					<left>32</left>
					<width>190</width>
					<height>50</height>
					<texture fallback="$VAR[styleratingstars,,0.png]">$VAR[styleratingstars]$INFO[ListItem.Rating,,.png]</texture>
					<aspectratio align="left" aligny="center">stretch</aspectratio>
					<colordiffuse>$VAR[colorratingstars]</colordiffuse>
					<visible>!String.IsEqual(ListItem.Label,..)</visible>
				</control>
				<control type="label">
					<top>-15</top>
					<left>-25</left>
					<width>70</width>
					<visible>!String.IsEmpty(ListItem.Rating)</visible>
					<align>left</align>
					<aligny>center</aligny>
					<font>font13_bold</font>
					<label>[COLOR white][B]$INFO[ListItem.Rating][/B][/COLOR]</label>
					<textcolor>FFFFFAF0</textcolor>
					<shadowcolor>black</shadowcolor>
				</control>
			</control>
		</control>
	</include>
	<include name="Carat_movie">
		<control type="image">
			<!-- Poster reflejo -->
			<visible>!ListItem.IsCollection</visible>
			<left>-94</left>
			<top>512</top>
			<width>250</width>
			<height>338</height>
			<texture flipy="true" diffuse="tajo/shelf/reflect_box_overlay.png" background="true">$VAR[poster]</texture>
			<aspectratio>stretch</aspectratio>
		</control>
		<control type="image">
			<!-- Poster -->
			<visible>!ListItem.IsCollection</visible>
			<left>-94</left>
			<top>168</top>
			<width>250</width>
			<height>339</height>
			<texture diffuse="tajo/shelf/diffuse_box.png" background="true">$VAR[poster]</texture>
			<aspectratio>stretch</aspectratio>
		</control>
		<control type="image">
			<!-- Poster reflejo -->
			<visible>ListItem.IsCollection</visible>
			<left>-94</left>
			<top>512</top>
			<width>241</width>
			<height>338</height>
			<texture flipy="true" diffuse="tajo/shelf/reflect_box_overlay.png" background="true">$VAR[poster]</texture>
			<aspectratio>stretch</aspectratio>
		</control>
		<control type="image">
			<!-- Poster -->
			<visible>ListItem.IsCollection</visible>
			<left>-94</left>
			<top>168</top>
			<width>240</width>
			<height>339</height>
			<texture diffuse="tajo/shelf/diffuse_box.png" background="true">$VAR[poster]</texture>
			<aspectratio>stretch</aspectratio>
		</control>
		<control type="image">
			<left>115</left>
			<top>168</top>
			<width>40</width>
			<height>40</height>
			<texture colordiffuse="DDff0303">$VAR[watched_style]</texture>
			<visible>String.IsEqual(ListItem.Overlay,OverlayWatched.png)</visible>
		</control>
		<control type="image">
			<!-- Estuche -->
			<left>-100</left>
			<top>130</top>
			<width>272</width>
			<height>384</height>
			<texture background="true">tajo/shelf/$VAR[GlobalCaseVarTajo]</texture>
			<aspectratio>stretch</aspectratio>
		</control>
		<control type="image">
			<!-- Estuche reflejo -->
			<left>-100</left>
			<top>503</top>
			<width>272</width>
			<height>384</height>
			<texture flipy="true" diffuse="tajo/shelf/reflect_box_overlay.png" background="true">tajo/shelf/r$VAR[GlobalCaseVarTajo]</texture>
			<aspectratio>stretch</aspectratio>
		</control>
	</include>
	<include name="Listfor3D">
		<control type="label">
			<visible>!ListItem.IsCollection + !Container.Content(tvshows) + !Container.Content(seasons) + [String.IsEqual(ListItem.DBType,movie) | Container.Content(episodes)]</visible>
			<right>52</right>
			<top>45</top>
			<width>1470</width>
			<height>45</height>
			<font>font13_bold</font>
			<align>right</align>
			<aligny>center</aligny>
			<textcolor>themecolor</textcolor>
			<selectedcolor>themecolor</selectedcolor>
			<shadowcolor>black</shadowcolor>
			<label>[COLOR=white]$INFO[ListItem.Year]  |[/COLOR]  $VAR[value_ground16_label]: [COLOR=white]$VAR[ItemDuration]  |  [/COLOR][CAPITALIZE][LOWERCASE]$LOCALIZE[19081]:[/LOWERCASE][/CAPITALIZE][COLOR=FFFFFAF0] $INFO[ListItem.EndTime][/COLOR]</label>
		</control>
		<control type="label">
			<visible>Container.Content(tvshows)</visible>
			<right>52</right>
			<width>1470</width>
			<top>43</top>
			<height>45</height>
			<font>font13_bold</font>
			<align>right</align>
			<aligny>center</aligny>
			<textcolor>themecolor</textcolor>
			<selectedcolor>themecolor</selectedcolor>
			<label>[COLOR=white]$INFO[ListItem.Year][/COLOR]  |  [COLOR=white]$LOCALIZE[33054]: $INFO[ListItem.Property(TotalSeasons)][/COLOR]</label>
		</control>
		<control type="label">
			<visible>Container.Content(seasons)</visible>
			<right>52</right>
			<width>1470</width>
			<top>43</top>
			<height>45</height>
			<font>font13_bold</font>
			<align>right</align>
			<aligny>center</aligny>
			<textcolor>white</textcolor>
			<selectedcolor>white</selectedcolor>
			<label> $INFO[ListItem.Year]  |  [COLOR=themecolor]$VAR[value_ground14_label]:[/COLOR] $VAR[value_ground14_value]</label>
		</control>
		<control type="image">
			<left>1265</left>
			<top>2</top>
			<width>45</width>
			<height>45</height>
			<aspectratio>keep</aspectratio>
			<texture colordiffuse="DDff0303">$VAR[watched_style]</texture>
			<visible>String.IsEqual(ListItem.Overlay,OverlayWatched.png)</visible>
		</control>
	</include>
	<include name="Listfor3Dm">
		<control type="label">
			<visible>Container.Content(songs)</visible>
			<left>176</left>
			<top>45</top>
			<width>1110</width>
			<height>45</height>
			<font>font13_bold</font>
			<align>right</align>
			<aligny>center</aligny>
			<textcolor>themecolor</textcolor>
			<selectedcolor>themecolor</selectedcolor>
			<label>$INFO[ListItem.Label2]  [COLOR=FFFFFAF0]$INFO[ListItem.Album][/COLOR]</label>
		</control>
		<control type="label">
			<visible>Container.Content(albums)</visible>
			<left>176</left>
			<top>45</top>
			<width>1110</width>
			<height>45</height>
			<font>font13_bold</font>
			<align>right</align>
			<aligny>center</aligny>
			<textcolor>themecolor</textcolor>
			<label>$INFO[ListItem.Year]  [COLOR=FFFFFAF0]$INFO[ListItem.Artist][/COLOR]</label>
		</control>
	</include>
	<include name="ViewBack2">
		<control type="image">
			<left>0</left>
			<top>-10</top>
			<width>2220</width>
			<height>1280</height>
			<texture diffuse="tajo/mask_cover3.png">tajo/darkgrey.png</texture>
			<colordiffuse>themecolor</colordiffuse>
			<animation effect="fade" end="85" condition="true">Conditional</animation>
		</control>
	</include>
	<include name="ViewBack4">
		<control type="image">
			<left>-120</left>
			<top>-100</top>
			<width>2240</width>
			<height>1400</height>
			<texture diffuse="tajo/mask_cover3.png">tajo/darkgrey.png</texture>
			<colordiffuse>themecolor</colordiffuse>
			<animation effect="fade" end="50" condition="true">Conditional</animation>
		</control>
	</include>
	<include name="Poralbu">
		<control type="image">
			<left>-63</left>
			<top>256</top>
			<width>293</width>
			<height>304</height>
			<texture background="true">tajo\shelf\back.png</texture>
			<aspectratio scalediffuse="false">stretch</aspectratio>
		</control>
		<control type="image">
			<visible>Container.Content(albums)</visible>
			<left>-63</left>
			<top>256</top>
			<width>280</width>
			<height>304</height>
			<texture diffuse="tajo/shelf/diffuse_box.png" background="true">$VAR[poster]</texture>
			<aspectratio scalediffuse="false">stretch</aspectratio>
		</control>
		<control type="image">
			<animation effect="rotatey" center="223,0" start="-30" end="-30" condition="true">Conditional</animation>
			<visible>Container.Content(albums)</visible>
			<top>255</top>
			<left>216</left>
			<width>15</width>
			<height>304</height>
			<texture diffuse="tajo/mask_cover3.png" background="true">$INFO[ListItem.Art(spine)]</texture>
			<aspectratio scalediffuse="false">stretch</aspectratio>
		</control>
		<control type="label">
			<visible>String.IsEmpty(ListItem.Art(spine))</visible>
			<left>70</left>
			<top>400</top>
			<width>310</width>
			<height>14</height>
			<align>center</align>
			<aligny>top</aligny>
			<scrollspeed>1</scrollspeed>
			<animation effect="rotate" center="auto" start="90" end="90" time="0" condition="true">Conditional</animation>
			<font>spiner2</font>
			<label>$INFO[ListItem.Artist]</label>
			<textcolor>white</textcolor>
		</control>
		<control type="image">
			<visible>Container.Content(artists)</visible>
			<left>-63</left>
			<top>256</top>
			<width>280</width>
			<height>304</height>
			<texture diffuse="tajo/shelf/diffuse_box.png" background="true">$VAR[poster]</texture>
			<aspectratio scalediffuse="false">scale</aspectratio>
		</control>
		<control type="image">
			<visible>Container.Content(artists)</visible>
			<left>113</left>
			<top>256</top>
			<width>100</width>
			<height>100</height>
			<texture background="true">tajo/shelf/corner.png</texture>
			<aspectratio scalediffuse="false">keep</aspectratio>
		</control>
		<control type="textbox">
			<visible>Container.Content(artists)</visible>
			<animation effect="rotate" center="auto" start="-45" end="-45" time="0" condition="true">Conditional</animation>
			<left>152</left>
			<top>276</top>
			<width>64</width>
			<height>21</height>
			<align>center</align>
			<aligny>center</aligny>
			<font>Bluback9</font>
			<textcolor>themecolor</textcolor>
			<label>$INFO[ListItem.Artist]</label>
		</control>
		<control type="textbox">
			<visible>Container.Content(artists)</visible>
			<animation effect="rotate" center="auto" start="-45" end="-45" time="0" condition="true">Conditional</animation>
			<left>122</left>
			<top>295</top>
			<width>100</width>
			<height>12</height>
			<align>center</align>
			<aligny>center</aligny>
			<font>Bluback9</font>
			<textcolor>white</textcolor>
			<label>$LOCALIZE[21888]</label>
		</control>
		<control type="image">
			<visible>Container.Content(albums) + String.StartsWith(ListItem.Label,*)</visible>
			<left>-63</left>
			<top>256</top>
			<width>280</width>
			<height>304</height>
			<texture diffuse="tajo/shelf/diffuse_box.png" background="true">tajo/magazine/bmusiclandG.png</texture>
			<aspectratio scalediffuse="false">stretch</aspectratio>
		</control>
		<control type="image">
			<visible>Container.Content(albums) + String.StartsWith(ListItem.Label,*)</visible>
			<left>-63</left>
			<top>256</top>
			<width>280</width>
			<height>304</height>
			<texture diffuse="tajo/shelf/diffuse_box.png" background="true">tajo/magazine/cmusiclandJ.png</texture>
			<aspectratio scalediffuse="false">stretch</aspectratio>
			<colordiffuse>88FFFFFF</colordiffuse>
		</control>
		<control type="textbox">
			<visible>Container.Content(albums) + String.StartsWith(ListItem.Label,*)</visible>
			<left>-64</left>
			<top>255</top>
			<width>280</width>
			<height>304</height>
			<font>titleshelf</font>
			<textcolor>black</textcolor>
			<align>center</align>
			<aligny>center</aligny>
			<label>$LOCALIZE[358]</label>
		</control>
		<control type="textbox">
			<visible>Container.Content(albums) + String.StartsWith(ListItem.Label,*)</visible>
			<left>-63</left>
			<top>256</top>
			<width>280</width>
			<height>304</height>
			<font>titleshelf</font>
			<textcolor>white</textcolor>
			<shadowcolor>black</shadowcolor>
			<align>center</align>
			<aligny>center</aligny>
			<label>$LOCALIZE[358]</label>
		</control>
		<control type="image">
			<visible>Container.Content(artists)</visible>
			<left>-63</left>
			<top>256</top>
			<width>280</width>
			<height>304</height>
			<aspectratio>stretch</aspectratio>
			<colordiffuse>78FFFFFF</colordiffuse>
			<texture background="true">tajo/osd_black_bg.png</texture>
		</control>
		<control type="image">
			<visible>Container.Content(artists) + !String.IsEmpty(ListItem.Artist)</visible>
			<left>-39</left>
			<top>398</top>
			<width>225</width>
			<height>135</height>
			<colordiffuse>eeFFFFFF</colordiffuse>
			<aspectratio align="center" aligny="bottom">keep</aspectratio>
			<texture background="true">$INFO[ListItem.Art(clearlogo)]</texture>
		</control>
		<!-- Poster reflejo  -->
		<control type="image">
			<visible>Container.Content(albums)</visible>
			<left>-63</left>
			<top>564</top>
			<width>280</width>
			<height>308</height>
			<colordiffuse>20FFFFFF</colordiffuse>
			<texture flipy="true" diffuse="tajo/shadow_mask_f.png" background="true">$VAR[poster]</texture>
			<aspectratio scalediffuse="false">stretch</aspectratio>
		</control>
		<control type="image">
			<animation effect="rotatey" center="223,0" start="-30" end="-30" condition="true">Conditional</animation>
			<visible>Container.Content(albums)</visible>
			<top>560</top>
			<left>216</left>
			<width>16</width>
			<height>304</height>
			<colordiffuse>24FFFFFF</colordiffuse>
			<texture diffuse="tajo/mask_cover3.png" flipy="true" background="true">$INFO[ListItem.Art(spine)]</texture>
			<aspectratio scalediffuse="false">stretch</aspectratio>
		</control>
		<control type="image">
			<visible>Container.Content(albums) + String.StartsWith(ListItem.Label,*)</visible>
			<left>-63</left>
			<top>564</top>
			<width>280</width>
			<height>308</height>
			<texture flipy="true" background="true">tajo/magazine/cmusiclandJ.png</texture>
			<aspectratio scalediffuse="false">stretch</aspectratio>
			<colordiffuse>15FFFFFF</colordiffuse>
		</control>
		<control type="image">
			<visible>Container.Content(artists)</visible>
			<left>-63</left>
			<top>563</top>
			<width>280</width>
			<height>308</height>
			<colordiffuse>20FFFFFF</colordiffuse>
			<texture flipy="true" background="true">$VAR[poster]</texture>
			<aspectratio>scale</aspectratio>
		</control>
		<control type="image">
			<visible>Container.Content(artists) + !String.IsEmpty(ListItem.Artist)</visible>
			<left>-39</left>
			<top>544</top>
			<width>225</width>
			<height>135</height>
			<colordiffuse>20FFFFFF</colordiffuse>
			<aspectratio align="center" aligny="bottom">keep</aspectratio>
			<texture flipy="true" background="true">$INFO[ListItem.Art(clearlogo)]</texture>
		</control>
		<control type="image">
			<visible>Container.Content(artists)</visible>
			<left>-98</left>
			<top>563</top>
			<width>327</width>
			<height>308</height>
			<colordiffuse>77FFFFFF</colordiffuse>
			<aspectratio>stretch</aspectratio>
			<texture flipy="true" background="true">tajo/osd_black_bg.png</texture>
		</control>
		<control type="image">
			<!-- Estuche -->
			<left>-100</left>
			<top>248</top>
			<width>330</width>
			<height>316</height>
			<texture background="true">tajo/shelf/caja_cd.png</texture>
			<aspectratio>stretch</aspectratio>
		</control>
		<control type="image">
			<left>-100</left>
			<top>556</top>
			<width>330</width>
			<height>316</height>
			<colordiffuse>65FFFFFF</colordiffuse>
			<texture background="true">tajo/shelf/caja_cdr.png</texture>
			<aspectratio>stretch</aspectratio>
		</control>
		<control type="label">
			<visible>Container.Content(albums) + String.StartsWith(ListItem.Label,*)</visible>
			<left>70</left>
			<top>400</top>
			<width>310</width>
			<height>14</height>
			<align>center</align>
			<aligny>top</aligny>
			<scrollspeed>1</scrollspeed>
			<animation effect="rotate" center="auto" start="90" end="90" time="0" condition="true">Conditional</animation>
			<font>spiner2</font>
			<label>$LOCALIZE[358]</label>
			<textcolor>white</textcolor>
		</control>
	</include>
	<include name="Poralbu2">
		<control type="image">
			<left>-63</left>
			<top>256</top>
			<width>293</width>
			<height>304</height>
			<texture background="true">tajo\shelf\back.png</texture>
			<aspectratio scalediffuse="false">stretch</aspectratio>
		</control>
		<control type="image">
			<visible>Container.Content(albums) | Container.Content(songs)</visible>
			<left>-63</left>
			<top>256</top>
			<width>280</width>
			<height>304</height>
			<texture diffuse="tajo/shelf/diffuse_box.png" background="true">$VAR[poster]</texture>
			<aspectratio scalediffuse="false">stretch</aspectratio>
		</control>
		<control type="image">
			<animation effect="rotatey" center="223,0" start="-30" end="-30" condition="true">Conditional</animation>
			<visible>Container.Content(albums)</visible>
			<top>255</top>
			<left>216</left>
			<width>14</width>
			<height>304</height>
			<texture diffuse="tajo/mask_cover3.png" background="true">$INFO[ListItem.Art(spine)]</texture>
			<aspectratio scalediffuse="false">stretch</aspectratio>
		</control>
		<control type="image">
			<animation effect="rotatey" center="223,0" start="-30" end="-30" condition="true">Conditional</animation>
			<visible>Container.Content(songs)</visible>
			<top>255</top>
			<left>216</left>
			<width>14</width>
			<height>304</height>
			<texture diffuse="tajo/mask_cover3.png" background="true">$INFO[ListItem.Art(album.spine)]</texture>
			<aspectratio scalediffuse="false">stretch</aspectratio>
		</control>
		<control type="label">
			<visible>String.IsEmpty(ListItem.Art(spine)) + String.IsEmpty(ListItem.Art(album.spine))</visible>
			<left>70</left>
			<top>400</top>
			<width>310</width>
			<height>14</height>
			<align>center</align>
			<aligny>top</aligny>
			<scrollspeed>1</scrollspeed>
			<animation effect="rotate" center="auto" start="90" end="90" time="0" condition="true">Conditional</animation>
			<font>spiner2</font>
			<label>$INFO[ListItem.Artist]</label>
			<textcolor>white</textcolor>
		</control>
		<control type="image">
			<visible>Container.Content(artists)</visible>
			<left>-63</left>
			<top>256</top>
			<width>280</width>
			<height>304</height>
			<texture diffuse="tajo/shelf/diffuse_box.png" background="true">$VAR[poster]</texture>
			<aspectratio scalediffuse="false">scale</aspectratio>
		</control>
		<control type="image">
			<visible>Container.Content(artists)</visible>
			<left>113</left>
			<top>256</top>
			<width>100</width>
			<height>100</height>
			<texture background="true">tajo/shelf/corner.png</texture>
			<aspectratio scalediffuse="false">keep</aspectratio>
		</control>
		<control type="textbox">
			<visible>Container.Content(artists)</visible>
			<animation effect="rotate" center="auto" start="-45" end="-45" time="0" condition="true">Conditional</animation>
			<left>152</left>
			<top>276</top>
			<width>64</width>
			<height>21</height>
			<align>center</align>
			<aligny>center</aligny>
			<font>Bluback9</font>
			<textcolor>themecolor</textcolor>
			<label>$INFO[ListItem.Artist]</label>
		</control>
		<control type="textbox">
			<visible>Container.Content(artists)</visible>
			<animation effect="rotate" center="auto" start="-45" end="-45" time="0" condition="true">Conditional</animation>
			<left>122</left>
			<top>295</top>
			<width>100</width>
			<height>12</height>
			<align>center</align>
			<aligny>center</aligny>
			<font>Bluback9</font>
			<textcolor>white</textcolor>
			<label>$LOCALIZE[21888]</label>
		</control>
		<control type="image">
			<visible>Container.Content(albums) + String.StartsWith(ListItem.Label,*)</visible>
			<left>-63</left>
			<top>256</top>
			<width>280</width>
			<height>304</height>
			<texture diffuse="tajo/shelf/diffuse_box.png" background="true">tajo/magazine/bmusiclandG.png</texture>
			<aspectratio scalediffuse="false">stretch</aspectratio>
		</control>
		<control type="image">
			<visible>Container.Content(albums) + String.StartsWith(ListItem.Label,*)</visible>
			<left>-63</left>
			<top>256</top>
			<width>280</width>
			<height>304</height>
			<texture diffuse="tajo/shelf/diffuse_box.png" background="true">tajo/magazine/cmusiclandJ.png</texture>
			<aspectratio scalediffuse="false">stretch</aspectratio>
			<colordiffuse>88FFFFFF</colordiffuse>
		</control>
		<control type="textbox">
			<visible>Container.Content(albums) + String.StartsWith(ListItem.Label,*)</visible>
			<left>-64</left>
			<top>255</top>
			<width>280</width>
			<height>304</height>
			<font>titleshelf</font>
			<textcolor>black</textcolor>
			<align>center</align>
			<aligny>center</aligny>
			<label>$LOCALIZE[358]</label>
		</control>
		<control type="textbox">
			<visible>Container.Content(albums) + String.StartsWith(ListItem.Label,*)</visible>
			<left>-63</left>
			<top>256</top>
			<width>280</width>
			<height>304</height>
			<font>titleshelf</font>
			<textcolor>white</textcolor>
			<shadowcolor>black</shadowcolor>
			<align>center</align>
			<aligny>center</aligny>
			<label>$LOCALIZE[358]</label>
		</control>
		<control type="image">
			<visible>Container.Content(artists)</visible>
			<left>-63</left>
			<top>256</top>
			<width>280</width>
			<height>304</height>
			<aspectratio>stretch</aspectratio>
			<colordiffuse>78FFFFFF</colordiffuse>
			<texture background="true">tajo/osd_black_bg.png</texture>
		</control>
		<control type="image">
			<visible>Container.Content(artists) + !String.IsEmpty(ListItem.Artist)</visible>
			<left>-39</left>
			<top>398</top>
			<width>225</width>
			<height>135</height>
			<colordiffuse>eeFFFFFF</colordiffuse>
			<aspectratio align="center" aligny="bottom">keep</aspectratio>
			<texture background="true">$INFO[ListItem.Art(clearlogo)]</texture>
		</control>
		<!-- Poster reflejo  -->
		<control type="image">
			<visible>Container.Content(albums) | Container.Content(songs)</visible>
			<left>-63</left>
			<top>564</top>
			<width>280</width>
			<height>308</height>
			<colordiffuse>20FFFFFF</colordiffuse>
			<texture flipy="true" diffuse="tajo/shadow_mask_f.png" background="true">$VAR[poster]</texture>
			<aspectratio scalediffuse="false">stretch</aspectratio>
		</control>
		<control type="image">
			<animation effect="rotatey" center="223,0" start="-30" end="-30" condition="true">Conditional</animation>
			<visible>Container.Content(albums)</visible>
			<top>560</top>
			<left>216</left>
			<width>16</width>
			<height>304</height>
			<colordiffuse>24FFFFFF</colordiffuse>
			<texture diffuse="tajo/mask_cover3.png" flipy="true" background="true">$INFO[ListItem.Art(spine)]</texture>
			<aspectratio scalediffuse="false">stretch</aspectratio>
		</control>
		<control type="image">
			<animation effect="rotatey" center="223,0" start="-30" end="-30" condition="true">Conditional</animation>
			<visible>Container.Content(songs)</visible>
			<top>560</top>
			<left>216</left>
			<width>16</width>
			<height>304</height>
			<colordiffuse>24FFFFFF</colordiffuse>
			<texture diffuse="tajo/mask_cover3.png" flipy="true" background="true">$INFO[ListItem.Art(album.spine)]</texture>
			<aspectratio scalediffuse="false">stretch</aspectratio>
		</control>
		<control type="image">
			<visible>Container.Content(albums) + String.StartsWith(ListItem.Label,*)</visible>
			<left>-63</left>
			<top>564</top>
			<width>280</width>
			<height>308</height>
			<texture flipy="true" background="true">tajo/magazine/cmusiclandJ.png</texture>
			<aspectratio scalediffuse="false">stretch</aspectratio>
			<colordiffuse>15FFFFFF</colordiffuse>
		</control>
		<control type="image">
			<visible>Container.Content(artists)</visible>
			<left>-63</left>
			<top>563</top>
			<width>280</width>
			<height>308</height>
			<colordiffuse>20FFFFFF</colordiffuse>
			<texture flipy="true" background="true">$VAR[poster]</texture>
			<aspectratio>scale</aspectratio>
		</control>
		<control type="image">
			<visible>Container.Content(artists) + !String.IsEmpty(ListItem.Artist)</visible>
			<left>-39</left>
			<top>544</top>
			<width>225</width>
			<height>135</height>
			<colordiffuse>20FFFFFF</colordiffuse>
			<aspectratio align="center" aligny="bottom">keep</aspectratio>
			<texture flipy="true" background="true">$INFO[ListItem.Art(clearlogo)]</texture>
		</control>
		<control type="image">
			<visible>Container.Content(artists)</visible>
			<left>-98</left>
			<top>563</top>
			<width>327</width>
			<height>308</height>
			<colordiffuse>77FFFFFF</colordiffuse>
			<aspectratio>stretch</aspectratio>
			<texture flipy="true" background="true">tajo/osd_black_bg.png</texture>
		</control>
		<control type="image">
			<!-- Estuche -->
			<left>-100</left>
			<top>248</top>
			<width>330</width>
			<height>316</height>
			<texture background="true">tajo/shelf/caja_cd.png</texture>
			<aspectratio>stretch</aspectratio>
		</control>
		<control type="image">
			<left>-100</left>
			<top>556</top>
			<width>330</width>
			<height>316</height>
			<colordiffuse>65FFFFFF</colordiffuse>
			<texture diffuse="tajo/shelf/reflect_poster2.png" background="true">tajo/shelf/caja_cdr.png</texture>
			<aspectratio>stretch</aspectratio>
		</control>
		<control type="label">
			<visible>Container.Content(albums) + String.StartsWith(ListItem.Label,*)</visible>
			<left>70</left>
			<top>400</top>
			<width>310</width>
			<height>14</height>
			<align>center</align>
			<aligny>top</aligny>
			<scrollspeed>1</scrollspeed>
			<animation effect="rotate" center="auto" start="90" end="90" time="0" condition="true">Conditional</animation>
			<font>spiner2</font>
			<label>$LOCALIZE[358]</label>
			<textcolor>white</textcolor>
		</control>
	</include>
	<include name="Pormagaz">
		<control type="image">
			<left>-99</left>
			<top>126</top>
			<width>326</width>
			<height>436</height>
			<texture diffuse="tajo/mask_cover3.png" background="true">$VAR[poster]</texture>
			<aspectratio scalediffuse="false" aligny="center">scale</aspectratio>
		</control>
		<control type="image">
			<left>-100</left>
			<top>126</top>
			<width>330</width>
			<height>436</height>
			<texture diffuse="tajo/mask_cover3.png" background="true">tajo/magazine/$VAR[magazineVar]</texture>
			<aspectratio>stretch</aspectratio>
		</control>
		<control type="image">
			<!-- Poster reflejo  -->
			<left>-99</left>
			<top>562</top>
			<width>326</width>
			<height>436</height>
			<colordiffuse>18FFFFFF</colordiffuse>
			<texture flipy="true" diffuse="tajo/mask_cover3.png" background="true">$VAR[poster]</texture>
			<aspectratio scalediffuse="false" aligny="center">scale</aspectratio>
		</control>
		<control type="image">
			<!-- Estuche -->
			<left>-100</left>
			<top>562</top>
			<width>330</width>
			<height>436</height>
			<colordiffuse>22FFFFFF</colordiffuse>
			<texture flipy="true" diffuse="tajo/mask_cover3.png" background="true">tajo/magazine/$VAR[magazineVar]</texture>
			<aspectratio>stretch</aspectratio>
		</control>
	</include>
	<include name="Pormagaz2">
		<control type="image">
			<left>-99</left>
			<top>126</top>
			<width>326</width>
			<height>436</height>
			<texture diffuse="tajo/mask_cover3.png" background="true">$VAR[poster]</texture>
			<aspectratio scalediffuse="false" aligny="center">scale</aspectratio>
		</control>
		<control type="image">
			<left>-100</left>
			<top>126</top>
			<width>330</width>
			<height>436</height>
			<texture diffuse="tajo/mask_cover3.png" background="true">tajo/magazine/$VAR[magazineVar]</texture>
			<aspectratio>stretch</aspectratio>
		</control>
		<control type="image">
			<left>-99</left>
			<top>562</top>
			<width>326</width>
			<height>436</height>
			<colordiffuse>88FFFFFF</colordiffuse>
			<texture flipy="true" diffuse="tajo/mask_cover3.png" background="true">tajo/shelf/back.png</texture>
			<aspectratio scalediffuse="false" aligny="center">scale</aspectratio>
		</control>
		<control type="image">
			<!-- Poster reflejo  -->
			<left>-99</left>
			<top>562</top>
			<width>326</width>
			<height>436</height>
			<colordiffuse>18FFFFFF</colordiffuse>
			<texture flipy="true" diffuse="tajo/mask_cover3.png" background="true">$VAR[poster]</texture>
			<aspectratio scalediffuse="false" aligny="center">scale</aspectratio>
		</control>
		<control type="image">
			<!-- Estuche -->
			<left>-100</left>
			<top>562</top>
			<width>330</width>
			<height>436</height>
			<colordiffuse>22FFFFFF</colordiffuse>
			<texture flipy="true" diffuse="tajo/mask_cover3.png" background="true">tajo/magazine/$VAR[magazineVar]</texture>
			<aspectratio>stretch</aspectratio>
		</control>
	</include>
	<include name="musicv_disc">
		<effect type="slide" start="-10,0" end="650,-15" time="2000" tween="cubic" easing="inout" />
		<effect type="rotate" start="-180" center="auto" end="-360" time="2000" tween="cubic" easing="inout" />
		<effect type="slide" end="-530,30" time="2000" delay="2000" tween="cubic" easing="inout" />
		<effect type="rotate" center="auto" start="-160" end="0" delay="2000" time="2000" tween="cubic" easing="inout" />
		<effect type="slide" end="-1400,100" time="3000" delay="9000" tween="cubic" easing="inout" />
		<effect type="rotate" start="360" center="auto" end="630" delay="9000" time="3000" tween="cubic" easing="inout" />
	</include>
	<include name="musicv_disc2">
		<control type="image">
			<aspectratio scalediffuse="false" aligny="top">scale</aspectratio>
			<texture background="true">$INFO[Player.Art(album.discart)]</texture>
		</control>
	</include>
	<include name="musicv_discr">
		<effect type="slide" start="-10,0" end="650,-15" time="2000" tween="cubic" easing="inout" />
		<effect type="rotate" start="180" center="auto" end="360" time="2000" tween="cubic" easing="inout" />
		<effect type="slide" end="-530,30" time="2000" delay="2000" tween="cubic" easing="inout" />
		<effect type="rotate" center="auto" start="160" end="0" delay="2000" time="2000" tween="cubic" easing="inout" />
		<effect type="slide" end="-1400,100" time="3000" delay="9000" tween="cubic" easing="inout" />
		<effect type="rotate" start="-360" center="auto" end="-630" delay="9000" time="3000" tween="cubic" easing="inout" />
	</include>
	<include name="musicv_disc2r">
		<control type="image">
			<visible>!String.IsEmpty(Player.Art(album.discart))</visible>
			<aspectratio scalediffuse="false" aligny="top">scale</aspectratio>
			<colordiffuse>aa000000</colordiffuse>
			<texture background="true">cdart_diffuse.png</texture>
		</control>
		<control type="image">
			<colordiffuse>30FFFFFF</colordiffuse>
			<aspectratio scalediffuse="false" aligny="top">scale</aspectratio>
			<texture flipy="true" background="true">$INFO[Player.Art(album.discart)]</texture>
		</control>
	</include>
</includes>
