<?xml version="1.0" encoding="UTF-8"?>
<window id="3033">
    <defaultcontrol always="true">1000</defaultcontrol>
    
    <controls>
        <include>CommonBackground</include>
        <control type="group">
            <top>128</top>
            <left>SettingsLeft</left>
			<include>WindowOpenCloseAnimation</include>
            <include>SystemLeftPanel</include>
            <control type="list" id="1000">
                <left>82</left>
                <top>32</top>
                <width>356</width>
                <height>720</height>
                <onleft>9000</onleft>
                <onright>9000</onright>
                <onup>1000</onup>
                <ondown>1000</ondown>
                <pagecontrol>61</pagecontrol>
                <scrolltime tween="quadratic" easing="out">200</scrolltime>
                <itemlayout height="90" width="356">
                    <control type="image">
                        <top>30</top>
                        <width>356</width>
                        <height>60</height>
                        <texture border="1">separator2.png</texture>
                    </control>
                    <control type="label">
                        <width>356</width>
                        <height>90</height>
                        <font>font15</font>
                        <textoffsetx>20</textoffsetx>
                        <textcolor>grey2</textcolor>
                        <selectedcolor>selected</selectedcolor>
                        <align>right</align>
                        <label>$INFO[ListItem.Label]</label>
                    </control>
                </itemlayout>
                <focusedlayout height="90" width="356">
                    <control type="image">
                        <top>30</top>
                        <width>356</width>
                        <height>60</height>
                        <texture border="1">separator2.png</texture>
                    </control>
                    <control type="image">
                        <width>356</width>
                        <height>90</height>
                        <texture border="4">listselect_fo.png</texture>
                        <visible>Control.HasFocus(1000)</visible>
                        <include>VisibleFadeAnimation</include>
                    </control>
                    <control type="label">
                        <width>356</width>
                        <height>90</height>
                        <font>font15</font>
                        <textoffsetx>20</textoffsetx>
                        <textcolor>white</textcolor>
                        <selectedcolor>selected</selectedcolor>
                        <align>right</align>
                        <label>$INFO[ListItem.Label]</label>
                        <animation effect="fade" start="100" end="70" time="300" tween="sine" easing="inout" condition="!Control.HasFocus(1000)">Conditional</animation>
                    </control>
                </focusedlayout>
            </control>
            <control type="image">
                <description>LOGO</description>
                <left>82</left>
                <top>752</top>
                <width>356</width>
                <height>120</height>
                <aspectratio>keep</aspectratio>
                <texture>libreelec/Logo.png</texture>
            </control>
            <include>SystemRightPanel</include>
            <control type="group" id="9000">
                <control type="list" id="1100">
                    <left>522</left>
                    <top>32</top>
                    <width>1316</width>
                    <height>720</height>
                    <onleft>1000</onleft>
                    <onright>60</onright>
                    <scrolltime tween="quadratic" easing="out">200</scrolltime>
                    <pagecontrol>60</pagecontrol>
                    <visible>String.IsEqual(Container(1000).ListItem.Property(listTyp), 1100)</visible>
                    <itemlayout height="90">
                        <!-- entry name and text value -->
                        <control type="group">
                            <visible>!String.IsEqual(ListItem.Property(Typ), separator)</visible>
                            <control type="image">
                                <width>1316</width>
                                <height>90</height>
                                <texture border="1">separator5.png</texture>
                            </control>
                            <control type="label">
                                <width>1316</width>
                                <height>90</height>
                                <font>font15</font>
                                <textcolor>grey2</textcolor>
                                <textoffsetx>30</textoffsetx>
                                <info>ListItem.Label</info>
                            </control>
                            <control type="label">
                                <width>1316</width>
                                <height>90</height>
                                <font>font15</font>
                                <align>right</align>
                                <textcolor>grey2</textcolor>
                                <textoffsetx>30</textoffsetx>
                                <info>ListItem.Property(value)</info>
                                <visible>!String.IsEqual(ListItem.Property(Typ), bool) + !String.IsEqual(ListItem.Property(Typ), button)</visible>
                            </control>
                        </control>
                        <!-- section name / seperator -->
                        <control type="group">
                            <visible>String.IsEqual(ListItem.Property(Typ), separator)</visible>
                            <control type="image">
                                <width>1316</width>
                                <height>90</height>
                                <texture border="1">separator5.png</texture>
                            </control>
                            <control type="label">
                                <width>1316</width>
                                <height>90</height>
                                <font>font15_title</font>
                                <textcolor>themecolor</textcolor>
                                <textoffsetx>30</textoffsetx>
                                <info>ListItem.Label</info>
                                <visible>true</visible>
                            </control>
                        </control>
                        <!-- boolean value -->
                        <control type="group">
                            <visible>String.IsEqual(ListItem.Property(Typ), bool)</visible>
                            <control type="image">
                                <left>1232</left>
                                <top>13</top>
                                <width>64</width>
                                <height>64</height>
                                <texture>android/btn_radio_off_holo_dark.png</texture>
                                <visible>String.IsEqual(ListItem.Property(value), 0) | String.IsEqual(ListItem.Property(value), false) | IsEmpty(ListItem.Property(value))</visible>
                            </control>
                            <control type="image">
                                <left>1232</left>
                                <top>13</top>
                                <width>64</width>
                                <height>64</height>
                                <texture>android/btn_radio_on_holo_dark.png</texture>
                                <visible>String.IsEqual(ListItem.Property(value), 1) | String.IsEqual(ListItem.Property(value), true)</visible>
                            </control>
                        </control>
                    </itemlayout>
                    <focusedlayout height="90">
                        <!-- entry name and text value -->
                        <control type="group">
                            <visible>!String.IsEqual(ListItem.Property(Typ), separator) + !Control.HasFocus(1100)</visible>
                            <control type="image">
                                <width>1316</width>
                                <height>90</height>
                                <texture border="1">separator5.png</texture>
                            </control>
                            <control type="label">
                                <width>1316</width>
                                <height>90</height>
                                <font>font15</font>
                                <textcolor>grey2</textcolor>
                                <textoffsetx>30</textoffsetx>
                                <info>ListItem.Label</info>
                            </control>
                            <control type="label">
                                <width>1316</width>
                                <height>90</height>
                                <font>font15</font>
                                <align>right</align>
                                <textcolor>grey2</textcolor>
                                <textoffsetx>30</textoffsetx>
                                <info>ListItem.Property(value)</info>
                                <visible>!String.IsEqual(ListItem.Property(Typ), bool) + !String.IsEqual(ListItem.Property(Typ), button)</visible>
                            </control>
                        </control>
                        <control type="group">
                            <visible>!String.IsEqual(ListItem.Property(Typ), separator) + Control.HasFocus(1100)</visible>
                            <control type="image">
                                <width>1316</width>
                                <height>90</height>
                                <texture border="3">listselect_fo.png</texture>
                            </control>
                            <control type="label">
                                <width>1316</width>
                                <height>90</height>
                                <font>font15</font>
                                <textcolor>white</textcolor>
                                <textoffsetx>30</textoffsetx>
                                <info>ListItem.Label</info>
                            </control>
                            <control type="label">
                                <width>1316</width>
                                <height>90</height>
                                <font>font15</font>
                                <align>right</align>
                                <textcolor>white</textcolor>
                                <textoffsetx>30</textoffsetx>
                                <info>ListItem.Property(value)</info>
                                <visible>!String.IsEqual(ListItem.Property(Typ), bool) + !String.IsEqual(ListItem.Property(Typ), button)</visible>
                            </control>
                        </control>
                        <!-- section name / seperator -->
                        <control type="group">
                            <visible>String.IsEqual(ListItem.Property(Typ), separator)</visible>
                            <control type="image">
                                <width>1316</width>
                                <height>90</height>
                                <texture border="1">separator5.png</texture>
                            </control>
                            <control type="label">
                                <width>1316</width>
                                <height>90</height>
                                <font>font15_title</font>
                                <textcolor>themecolor</textcolor>
                                <textoffsetx>30</textoffsetx>
                                <info>ListItem.Label</info>
                                <visible>true</visible>
                            </control>
                        </control>
                        <!-- boolean value -->
                        <control type="group">
                            <visible>String.IsEqual(ListItem.Property(Typ), bool)</visible>
                            <control type="image">
                                <left>1232</left>
                                <top>13</top>
                                <width>64</width>
                                <height>64</height>
                                <texture>android/btn_radio_off_holo_dark.png</texture>
                                <visible>String.IsEqual(ListItem.Property(value), 0) | String.IsEqual(ListItem.Property(value), false) | IsEmpty(ListItem.Property(value))</visible>
                            </control>
                            <control type="image">
                                <left>1232</left>
                                <top>13</top>
                                <width>64</width>
                                <height>64</height>
                                <texture>android/btn_radio_on_holo_dark.png</texture>
                                <visible>String.IsEqual(ListItem.Property(value), 1) | String.IsEqual(ListItem.Property(value), true)</visible>
                            </control>
                        </control>
                    </focusedlayout>
                </control>
                <control type="list" id="1200">
                    <left>522</left>
                    <top>32</top>
                    <width>1316</width>
                    <height>720</height>
                    <onleft>1000</onleft>
                    <onright>60</onright>
                    <pagecontrol>60</pagecontrol>
                    <scrolltime tween="quadratic" easing="out">200</scrolltime>
                    <visible>String.IsEqual(Container(1000).ListItem.Property(listTyp), 1200)</visible>
                    <itemlayout height="90">
                        <control type="image">
                            <width>1316</width>
                            <height>90</height>
                            <texture border="1">separator5.png</texture>
                        </control>
                        <!-- Icon ethernet -->
                        <control type="image">
                            <left>40</left>
                            <top>21</top>
                            <width>48</width>
                            <height>48</height>
                            <aspectratio>keep</aspectratio>
                            <visible>String.IsEqual(ListItem.Property(netType), ethernet)</visible>
                            <texture>libreelec/icons/eth.png</texture>
                        </control>
                        <!-- Icon wifi -->
                        <control type="image">
                            <left>40</left>
                            <top>21</top>
                            <width>48</width>
                            <height>48</height>
                            <aspectratio>keep</aspectratio>
                            <visible>String.IsEqual(ListItem.Property(netType), wifi)</visible>
                            <texture>libreelec/icons/wlan.png</texture>
                        </control>
                        <!-- Connection Name -->
                        <control type="label">
                            <left>140</left>
                            <top>10</top>
                            <width>300</width>
                            <height>30</height>
                            <font>font24_title</font>
                            <textcolor>grey2</textcolor>
                            <info>ListItem.Label</info>
                            <visible>true</visible>
                        </control>
                        <!-- Interface -->
                        <control type="label">
                            <left>140</left>
                            <top>50</top>
                            <width>300</width>
                            <height>20</height>
                            <font>font12</font>
                            <textcolor>blue</textcolor>
                            <label>$ADDON[service.libreelec.settings 601]: [COLOR=grey2]$INFO[ListItem.Property(Interface)][/COLOR]</label>
                            <visible>!String.IsEmpty(ListItem.Property(Interface))</visible>
                        </control>
                        <!-- Signal strength value -->
                        <control type="label">
                            <left>740</left>
                            <top>20</top>
                            <width>290</width>
                            <height>20</height>
                            <font>font12</font>
                            <textcolor>blue</textcolor>
                            <label>$LOCALIZE[19008]: [COLOR=grey2]$INFO[ListItem.Property(Strength),,%][/COLOR]</label>
                            <visible>String.IsEqual(ListItem.Property(netType), wifi)</visible>
                        </control>
                        <!-- Connection Address -->
                        <control type="label">
                            <left>740</left>
                            <top>50</top>
                            <width>290</width>
                            <height>20</height>
                            <font>font12</font>
                            <textcolor>blue</textcolor>
                            <visible>String.IsEqual(ListItem.Property(State), online) | String.IsEqual(ListItem.Property(State), ready)</visible>
                            <label>$ADDON[service.libreelec.settings 602]: [COLOR=grey2]$INFO[ListItem.Property(Address)][/COLOR]</label>
                        </control>
                        <!-- Method -->
                        <control type="label">
                            <left>500</left>
                            <top>50</top>
                            <width>200</width>
                            <height>20</height>
                            <font>font12</font>
                            <textcolor>blue</textcolor>
                            <label>$ADDON[service.libreelec.settings 603]: [COLOR=grey2]$INFO[ListItem.Property(Method)][/COLOR]</label>
                        </control>
                        <!-- State -->
                        <control type="label">
                            <left>500</left>
                            <top>20</top>
                            <width>200</width>
                            <height>20</height>
                            <font>font12</font>
                            <textcolor>blue</textcolor>
                            <label>$ADDON[service.libreelec.settings 604]: [COLOR=grey2]$INFO[ListItem.Property(State)][/COLOR]</label>
                        </control>
                        <!-- Online Symbol (top right) -->
                        <control type="image">
                            <left>1220</left>
                            <top>20</top>
                            <width>36</width>
                            <height>36</height>
                            <aspectratio>keep</aspectratio>
                            <visible>String.IsEqual(ListItem.Property(State), online) | String.IsEqual(ListItem.Property(State), ready)</visible>
                            <texture>libreelec/icons/connected.png</texture>
                        </control>
                        <!-- Favorite Symbol (bottom right) -->
                        <control type="image">
                            <left>1200</left>
                            <top>50</top>
                            <width>20</width>
                            <height>20</height>
                            <aspectratio>keep</aspectratio>
                            <visible>String.IsEqual(ListItem.Property(Favorite), 1)</visible>
                            <texture>libreelec/icons/Favorite.png</texture>
                        </control>
                        <!-- Secure Symbol (bottom right) -->
                        <control type="image">
                            <left>1260</left>
                            <top>50</top>
                            <width>20</width>
                            <height>20</height>
                            <aspectratio>keep</aspectratio>
                            <visible>IntegerGreaterThan(ListItem.Property(Security), 0)</visible>
                            <texture>libreelec/icons/Key.png</texture>
                        </control>
                    </itemlayout>
                    <focusedlayout height="90">
                        <control type="image">
                            <width>1316</width>
                            <height>90</height>
                            <texture border="1">separator5.png</texture>
                        </control>
                        <control type="image">
                            <width>1316</width>
                            <height>90</height>
                            <texture border="3">listselect_fo.png</texture>
                            <visible>Control.HasFocus(1200)</visible>
                        </control>
                        <!-- Icon ethernet -->
                        <control type="image">
                            <left>40</left>
                            <top>21</top>
                            <width>48</width>
                            <height>48</height>
                            <aspectratio>keep</aspectratio>
                            <visible>String.IsEqual(ListItem.Property(netType), ethernet)</visible>
                            <texture>libreelec/icons/eth.png</texture>
                        </control>
                        <!-- Icon wifi -->
                        <control type="image">
                            <left>40</left>
                            <top>21</top>
                            <width>48</width>
                            <height>48</height>
                            <aspectratio>keep</aspectratio>
                            <visible>String.IsEqual(ListItem.Property(netType), wifi)</visible>
                            <texture>libreelec/icons/wlan.png</texture>
                        </control>
                        <control type="group">
                            <visible>!Control.HasFocus(1200)</visible>
                            <!-- Connection Name -->
                            <control type="label">
                                <left>140</left>
                                <top>10</top>
                                <width>300</width>
                                <height>30</height>
                                <font>font24_title</font>
                                <textcolor>grey2</textcolor>
                                <info>ListItem.Label</info>
                                <visible>true</visible>
                            </control>
                            <!-- Interface -->
                            <control type="label">
                                <left>140</left>
                                <top>50</top>
                                <width>300</width>
                                <height>20</height>
                                <font>font12</font>
                                <textcolor>blue</textcolor>
                                <label>$ADDON[service.libreelec.settings 601]: [COLOR=grey2]$INFO[ListItem.Property(Interface)][/COLOR]</label>
                                <visible>!String.IsEmpty(ListItem.Property(Interface))</visible>
                            </control>
                            <!-- Signal strength value -->
                            <control type="label">
                                <left>740</left>
                                <top>20</top>
                                <width>290</width>
                                <height>20</height>
                                <font>font12</font>
                                <textcolor>blue</textcolor>
                                <label>$LOCALIZE[19008]: [COLOR=grey2]$INFO[ListItem.Property(Strength),,%][/COLOR]</label>
                                <visible>String.IsEqual(ListItem.Property(netType), wifi)</visible>
                            </control>
                            <!-- Connection Address -->
                            <control type="label">
                                <left>740</left>
                                <top>50</top>
                                <width>290</width>
                                <height>20</height>
                                <font>font12</font>
                                <textcolor>blue</textcolor>
                                <visible>String.IsEqual(ListItem.Property(State), online) | String.IsEqual(ListItem.Property(State), ready)</visible>
                                <label>$ADDON[service.libreelec.settings 602]: [COLOR=grey2]$INFO[ListItem.Property(Address)][/COLOR]</label>
                            </control>
                            <!-- Method -->
                            <control type="label">
                                <left>500</left>
                                <top>50</top>
                                <width>200</width>
                                <height>20</height>
                                <font>font12</font>
                                <textcolor>blue</textcolor>
                                <label>$ADDON[service.libreelec.settings 603]: [COLOR=grey2]$INFO[ListItem.Property(Method)][/COLOR]</label>
                            </control>
                            <!-- State -->
                            <control type="label">
                                <left>500</left>
                                <top>20</top>
                                <width>200</width>
                                <height>20</height>
                                <font>font12</font>
                                <textcolor>blue</textcolor>
                                <label>$ADDON[service.libreelec.settings 604]: [COLOR=grey2]$INFO[ListItem.Property(State)][/COLOR]</label>
                            </control>
                        </control>
                        <control type="group">
                            <visible>Control.HasFocus(1200)</visible>
                            <!-- Connection Name -->
                            <control type="label">
                                <left>140</left>
                                <top>10</top>
                                <width>300</width>
                                <height>30</height>
                                <font>font24_title</font>
                                <textcolor>white</textcolor>
                                <info>ListItem.Label</info>
                                <visible>true</visible>
                            </control>
                            <!-- Interface -->
                            <control type="label">
                                <left>140</left>
                                <top>50</top>
                                <width>300</width>
                                <height>20</height>
                                <font>font12</font>
                                <textcolor>blue</textcolor>
                                <label>$ADDON[service.libreelec.settings 601]: [COLOR=white]$INFO[ListItem.Property(Interface)][/COLOR]</label>
                                <visible>!String.IsEmpty(ListItem.Property(Interface))</visible>
                            </control>
                            <!-- Signal strength value -->
                            <control type="label">
                                <left>740</left>
                                <top>20</top>
                                <width>290</width>
                                <height>20</height>
                                <font>font12</font>
                                <textcolor>blue</textcolor>
                                <label>$LOCALIZE[19008]: [COLOR=white]$INFO[ListItem.Property(Strength),,%][/COLOR]</label>
                                <visible>String.IsEqual(ListItem.Property(netType), wifi)</visible>
                            </control>
                            <!-- Connection Address -->
                            <control type="label">
                                <left>740</left>
                                <top>50</top>
                                <width>290</width>
                                <height>20</height>
                                <font>font12</font>
                                <textcolor>blue</textcolor>
                                <visible>String.IsEqual(ListItem.Property(State), online) | String.IsEqual(ListItem.Property(State), ready)</visible>
                                <label>$ADDON[service.libreelec.settings 602]: [COLOR=white]$INFO[ListItem.Property(Address)][/COLOR]</label>
                            </control>
                            <!-- Method -->
                            <control type="label">
                                <left>500</left>
                                <top>50</top>
                                <width>200</width>
                                <height>20</height>
                                <font>font12</font>
                                <textcolor>blue</textcolor>
                                <label>$ADDON[service.libreelec.settings 603]: [COLOR=white]$INFO[ListItem.Property(Method)][/COLOR]</label>
                            </control>
                            <!-- State -->
                            <control type="label">
                                <left>500</left>
                                <top>20</top>
                                <width>200</width>
                                <height>20</height>
                                <font>font12</font>
                                <textcolor>blue</textcolor>
                                <label>$ADDON[service.libreelec.settings 604]: [COLOR=white]$INFO[ListItem.Property(State)][/COLOR]</label>
                            </control>
                        </control>
                        <!-- Online Symbol (top right) -->
                        <control type="image">
                            <left>1220</left>
                            <top>20</top>
                            <width>36</width>
                            <height>36</height>
                            <aspectratio>keep</aspectratio>
                            <visible>String.IsEqual(ListItem.Property(State), online) | String.IsEqual(ListItem.Property(State), ready)</visible>
                            <texture>libreelec/icons/connected.png</texture>
                        </control>
                        <!-- Favorite Symbol (bottom right) -->
                        <control type="image">
                            <left>1200</left>
                            <top>50</top>
                            <width>20</width>
                            <height>20</height>
                            <aspectratio>keep</aspectratio>
                            <visible>String.IsEqual(ListItem.Property(Favorite), 1)</visible>
                            <texture>libreelec/icons/Favorite.png</texture>
                        </control>
                        <!-- Secure Symbol (bottom right) -->
                        <control type="image">
                            <left>1260</left>
                            <top>50</top>
                            <width>20</width>
                            <height>20</height>
                            <aspectratio>keep</aspectratio>
                            <visible>IntegerGreaterThan(ListItem.Property(Security), 0)</visible>
                            <texture>libreelec/icons/Key.png</texture>
                        </control>
                    </focusedlayout>
                </control>
                <control type="label" id="1301">
                    <left>522</left>
                    <top>32</top>
                    <width>1316</width>
                    <height>720</height>
                    <align>center</align>
                    <textcolor>grey2</textcolor>
                    <font>font48</font>
                    <info />
                    <visible>String.IsEqual(Container(1000).ListItem.Property(listTyp), 1300) + String.IsEqual(Container(1300).NumItems, 0)</visible>
                </control>
                <control type="list" id="1300">
                    <left>522</left>
                    <top>32</top>
                    <width>1316</width>
                    <height>720</height>
                    <onleft>1000</onleft>
                    <onright>60</onright>
                    <pagecontrol>60</pagecontrol>
                    <scrolltime tween="quadratic" easing="out">200</scrolltime>
                    <visible>String.IsEqual(Container(1000).ListItem.Property(listTyp), 1300)</visible>
                    <itemlayout height="90">
                        <!-- default -->
                        <control type="image">
                            <left>40</left>
                            <top>21</top>
                            <width>48</width>
                            <height>48</height>
                            <aspectratio>keep</aspectratio>
                            <visible>String.IsEqual(ListItem.Property(Icon), default)</visible>
                            <texture>libreelec/icons/bt.png</texture>
                        </control>
                        <!-- modem -->
                        <control type="image">
                            <left>40</left>
                            <top>21</top>
                            <width>48</width>
                            <height>48</height>
                            <aspectratio>keep</aspectratio>
                            <visible>String.IsEqual(ListItem.Property(Icon), modem)</visible>
                            <texture>libreelec/icons/bt-modem.png</texture>
                        </control>
                        <!-- audio -->
                        <control type="image">
                            <left>40</left>
                            <top>21</top>
                            <width>48</width>
                            <height>48</height>
                            <aspectratio>keep</aspectratio>
                            <visible>String.IsEqual(ListItem.Property(Icon), audio-card)</visible>
                            <texture>libreelec/icons/bt-audio-card.png</texture>
                        </control>
                        <!-- Camera Photo -->
                        <control type="image">
                            <left>40</left>
                            <top>21</top>
                            <width>48</width>
                            <height>48</height>
                            <aspectratio>keep</aspectratio>
                            <visible>String.IsEqual(ListItem.Property(Icon), camera-photo)</visible>
                            <texture>libreelec/icons/bt-camera-photo.png</texture>
                        </control>
                        <!-- Icon phone -->
                        <control type="image">
                            <left>40</left>
                            <top>21</top>
                            <width>48</width>
                            <height>48</height>
                            <aspectratio>keep</aspectratio>
                            <visible>String.IsEqual(ListItem.Property(Icon), phone)</visible>
                            <texture>libreelec/icons/bt-phone.png</texture>
                        </control>
                        <!-- camera-video -->
                        <control type="image">
                            <left>40</left>
                            <top>21</top>
                            <width>48</width>
                            <height>48</height>
                            <aspectratio>keep</aspectratio>
                            <visible>String.IsEqual(ListItem.Property(Icon), camera-video)</visible>
                            <texture>libreelec/icons/bt-camera-video.png</texture>
                        </control>
                        <!-- input-mouse -->
                        <control type="image">
                            <left>40</left>
                            <top>21</top>
                            <width>48</width>
                            <height>48</height>
                            <aspectratio>keep</aspectratio>
                            <visible>String.IsEqual(ListItem.Property(Icon), input-mouse)</visible>
                            <texture>libreelec/icons/bt-input-mouse.png</texture>
                        </control>
                        <!-- input-gaming -->
                        <control type="image">
                            <left>40</left>
                            <top>21</top>
                            <width>48</width>
                            <height>48</height>
                            <aspectratio>keep</aspectratio>
                            <visible>String.IsEqual(ListItem.Property(Icon), input-gaming)</visible>
                            <texture>libreelec/icons/bt-input-gaming.png</texture>
                        </control>
                        <!-- input-keyboard -->
                        <control type="image">
                            <left>40</left>
                            <top>21</top>
                            <width>48</width>
                            <height>48</height>
                            <aspectratio>keep</aspectratio>
                            <visible>String.IsEqual(ListItem.Property(Icon), input-keyboard)</visible>
                            <texture>libreelec/icons/bt-input-keyboard.png</texture>
                        </control>
                        <!-- input-tablet -->
                        <control type="image">
                            <left>40</left>
                            <top>21</top>
                            <width>48</width>
                            <height>48</height>
                            <aspectratio>keep</aspectratio>
                            <visible>String.IsEqual(ListItem.Property(Icon), input-tablet)</visible>
                            <texture>libreelec/icons/bt-input-tablet.png</texture>
                        </control>
                        <!-- Printer -->
                        <control type="image">
                            <left>40</left>
                            <top>21</top>
                            <width>48</width>
                            <height>48</height>
                            <aspectratio>keep</aspectratio>
                            <visible>String.IsEqual(ListItem.Property(Icon), printer)</visible>
                            <texture>libreelec/icons/bt-printer.png</texture>
                        </control>
                        <!-- Computer -->
                        <control type="image">
                            <left>40</left>
                            <top>21</top>
                            <width>48</width>
                            <height>48</height>
                            <aspectratio>keep</aspectratio>
                            <visible>String.IsEqual(ListItem.Property(Icon), computer)</visible>
                            <texture>libreelec/icons/bt-computer.png</texture>
                        </control>
                        <!-- Connection Name -->
                        <control type="label">
                            <left>140</left>
                            <top>10</top>
                            <width>490</width>
                            <height>30</height>
                            <font>font24_title</font>
                            <textcolor>grey2</textcolor>
                            <info>ListItem.Label</info>
                            <visible>true</visible>
                        </control>
                        <!-- Connection Address -->
                        <control type="label">
                            <left>650</left>
                            <top>49</top>
                            <width>340</width>
                            <height>20</height>
                            <font>font12</font>
                            <textcolor>blue</textcolor>
                            <label>$ADDON[service.libreelec.settings 605]: [COLOR=grey2]$INFO[ListItem.Property(Address)][/COLOR]</label>
                        </control>
                        <!-- Connected State -->
                        <control type="label">
                            <left>650</left>
                            <top>20</top>
                            <width>340</width>
                            <height>20</height>
                            <font>font12</font>
                            <textcolor>blue</textcolor>
                            <label>$ADDON[service.libreelec.settings 32333][COLOR=grey2]$INFO[ListItem.Property(ConnectedState)][/COLOR]</label>
                        </control>
                        <!-- Paired Symbol (bottom right) -->
                        <control type="image">
                            <left>1180</left>
                            <top>50</top>
                            <width>20</width>
                            <height>20</height>
                            <aspectratio>keep</aspectratio>
                            <visible>String.IsEqual(ListItem.Property(Paired), 1)</visible>
                            <texture>libreelec/icons/Favorite.png</texture>
                        </control>
                        <!-- Trusted Symbol (bottom right) -->
                        <control type="image">
                            <left>1210</left>
                            <top>50</top>
                            <width>20</width>
                            <height>20</height>
                            <aspectratio>keep</aspectratio>
                            <visible>IntegerGreaterThan(ListItem.Property(Trusted), 0)</visible>
                            <texture>libreelec/icons/Key.png</texture>
                        </control>
                    </itemlayout>
                    <focusedlayout height="90">
                        <control type="image">
                            <width>1316</width>
                            <height>90</height>
                            <texture border="1">separator5.png</texture>
                        </control>
                        <control type="image">
                            <width>1316</width>
                            <height>90</height>
                            <texture border="3">listselect_fo.png</texture>
                            <visible>Control.HasFocus(1300)</visible>
                        </control>
                        <!-- default -->
                        <control type="image">
                            <left>40</left>
                            <top>21</top>
                            <width>48</width>
                            <height>48</height>>
                            <aspectratio>keep</aspectratio>
                            <visible>String.IsEqual(ListItem.Property(Icon), default)</visible>
                            <texture>libreelec/icons/bt.png</texture>
                        </control>
                        <!-- modem -->
                        <control type="image">
                            <left>40</left>
                            <top>21</top>
                            <width>48</width>
                            <height>48</height>
                            <aspectratio>keep</aspectratio>
                            <visible>String.IsEqual(ListItem.Property(Icon), modem)</visible>
                            <texture>libreelec/icons/bt-modem.png</texture>
                        </control>
                        <!-- audio -->
                        <control type="image">
                            <left>40</left>
                            <top>21</top>
                            <width>48</width>
                            <height>48</height>
                            <aspectratio>keep</aspectratio>
                            <visible>String.IsEqual(ListItem.Property(Icon), audio-card)</visible>
                            <texture>libreelec/icons/bt-audio-card.png</texture>
                        </control>
                        <!-- Camera Photo -->
                        <control type="image">
                            <left>40</left>
                            <top>21</top>
                            <width>48</width>
                            <height>48</height>
                            <aspectratio>keep</aspectratio>
                            <visible>String.IsEqual(ListItem.Property(Icon), camera-photo)</visible>
                            <texture>libreelec/icons/bt-camera-photo.png</texture>
                        </control>
                        <!-- Icon phone -->
                        <control type="image">
                            <left>40</left>
                            <top>21</top>
                            <width>48</width>
                            <height>48</height>
                            <aspectratio>keep</aspectratio>
                            <visible>String.IsEqual(ListItem.Property(Icon), phone)</visible>
                            <texture>libreelec/icons/bt-phone.png</texture>
                        </control>
                        <!-- camera-video -->
                        <control type="image">
                            <left>40</left>
                            <top>21</top>
                            <width>48</width>
                            <height>48</height>
                            <aspectratio>keep</aspectratio>
                            <visible>String.IsEqual(ListItem.Property(Icon), camera-video)</visible>
                            <texture>libreelec/icons/bt-camera-video.png</texture>
                        </control>
                        <!-- input-mouse -->
                        <control type="image">
                            <left>40</left>
                            <top>21</top>
                            <width>48</width>
                            <height>48</height>
                            <aspectratio>keep</aspectratio>
                            <visible>String.IsEqual(ListItem.Property(Icon), input-mouse)</visible>
                            <texture>libreelec/icons/bt-input-mouse.png</texture>
                        </control>
                        <!-- input-gaming -->
                        <control type="image">
                            <left>40</left>
                            <top>21</top>
                            <width>48</width>
                            <height>48</height>
                            <aspectratio>keep</aspectratio>
                            <visible>String.IsEqual(ListItem.Property(Icon), input-gaming)</visible>
                            <texture>libreelec/icons/bt-input-gaming.png</texture>
                        </control>
                        <!-- input-keyboard -->
                        <control type="image">
                            <left>40</left>
                            <top>21</top>
                            <width>48</width>
                            <height>48</height>
                            <aspectratio>keep</aspectratio>
                            <visible>String.IsEqual(ListItem.Property(Icon), input-keyboard)</visible>
                            <texture>libreelec/icons/bt-input-keyboard.png</texture>
                        </control>
                        <!-- input-tablet -->
                        <control type="image">
                            <left>40</left>
                            <top>21</top>
                            <width>48</width>
                            <height>48</height>
                            <aspectratio>keep</aspectratio>
                            <visible>String.IsEqual(ListItem.Property(Icon), input-tablet)</visible>
                            <texture>libreelec/icons/bt-input-tablet.png</texture>
                        </control>
                        <!-- Printer -->
                        <control type="image">
                            <left>40</left>
                            <top>21</top>
                            <width>48</width>
                            <height>48</height>
                            <aspectratio>keep</aspectratio>
                            <visible>String.IsEqual(ListItem.Property(Icon), printer)</visible>
                            <texture>libreelec/icons/bt-printer.png</texture>
                        </control>
                        <!-- Computer -->
                        <control type="image">
                            <left>40</left>
                            <top>21</top>
                            <width>48</width>
                            <height>48</height>
                            <aspectratio>keep</aspectratio>
                            <visible>String.IsEqual(ListItem.Property(Icon), computer)</visible>
                            <texture>libreelec/icons/bt-computer.png</texture>
                        </control>
                        <control type="group">
                            <visible>!Control.HasFocus(1300)</visible>
                            <!-- Connection Name -->
                            <control type="label">
                                <left>140</left>
                                <top>10</top>
                                <width>490</width>
                                <height>30</height>
                                <font>font24_title</font>
                                <textcolor>grey2</textcolor>
                                <info>ListItem.Label</info>
                                <visible>true</visible>
                            </control>
                            <!-- Connection Address -->
                            <control type="label">
                                <left>650</left>
                                <top>49</top>
                                <width>340</width>
                                <height>20</height>
                                <font>font12</font>
                                <textcolor>blue</textcolor>
                                <label>$ADDON[service.libreelec.settings 605]: [COLOR=grey2]$INFO[ListItem.Property(Address)][/COLOR]</label>
                            </control>
                            <!-- Connected State -->
                            <control type="label">
                                <left>650</left>
                                <top>20</top>
                                <width>340</width>
                                <height>20</height>
                                <font>font12</font>
                                <textcolor>blue</textcolor>
                                <label>$ADDON[service.libreelec.settings 32333][COLOR=grey2]$INFO[ListItem.Property(ConnectedState)][/COLOR]</label>
                            </control>
                        </control>
                        <control type="group">
                            <visible>Control.HasFocus(1300)</visible>
                            <!-- Connection Name -->
                            <control type="label">
                                <left>140</left>
                                <top>10</top>
                                <width>490</width>
                                <height>30</height>
                                <font>font24_title</font>
                                <textcolor>white</textcolor>
                                <info>ListItem.Label</info>
                                <visible>true</visible>
                            </control>
                            <!-- Connection Address -->
                            <control type="label">
                                <left>650</left>
                                <top>49</top>
                                <width>340</width>
                                <height>20</height>
                                <font>font12</font>
                                <textcolor>blue</textcolor>
                                <label>$ADDON[service.libreelec.settings 605]: [COLOR=white]$INFO[ListItem.Property(Address)][/COLOR]</label>
                            </control>
                            <!-- Connected State -->
                            <control type="label">
                                <left>650</left>
                                <top>20</top>
                                <width>340</width>
                                <height>20</height>
                                <font>font12</font>
                                <textcolor>blue</textcolor>
                                <label>$ADDON[service.libreelec.settings 32333][COLOR=white]$INFO[ListItem.Property(ConnectedState)][/COLOR]</label>
                            </control>
                        </control>
                        <!-- Paired Symbol (bottom right) -->
                        <control type="image">
                            <left>1180</left>
                            <top>50</top>
                            <width>20</width>
                            <height>20</height>
                            <aspectratio>keep</aspectratio>
                            <visible>String.IsEqual(ListItem.Property(Paired), 1)</visible>
                            <texture>libreelec/icons/Favorite.png</texture>
                        </control>
                        <!-- Trusted Symbol (bottom right) -->
                        <control type="image">
                            <left>1210</left>
                            <top>50</top>
                            <width>20</width>
                            <height>20</height>
                            <aspectratio>keep</aspectratio>
                            <visible>IntegerGreaterThan(ListItem.Property(Trusted), 0)</visible>
                            <texture>libreelec/icons/Key.png</texture>
                        </control>
                    </focusedlayout>
                </control>
                <control type="group" id="1900">
                    <control type="grouplist">
                        <description>control area</description>
                        <left>522</left>
                        <top>60</top>
                        <width>1316</width>
                        <height>840</height>
                        <itemgap>30</itemgap>
                        <pagecontrol>60</pagecontrol>
                        <onleft>1000</onleft>
                        <onright>60</onright>
                        <onup>1900</onup>
                        <ondown>1900</ondown>
                        <usecontrolcoords>true</usecontrolcoords>
                        <visible>String.IsEqual(Container(1000).ListItem.Property(listTyp), 1900)</visible>
                        <control type="button">
                            <description>Label 1</description>
                            <width>1316</width>
                            <height>30</height>
                            <textoffsetx>30</textoffsetx>
                            <label>[COLOR labelheader]$ADDON[service.libreelec.settings 606][/COLOR]</label>
                            <label2>$INFO[Window.Property(Distri)] ($INFO[Window.Property(build)])</label2>
                            <font>font15</font>
                            <shadowcolor>shadow</shadowcolor>
                            <texturefocus />
                            <texturenofocus />
                        </control>
                        <control type="button">
                            <description>Label 2</description>
                            <width>1316</width>
                            <height>30</height>
                            <textoffsetx>30</textoffsetx>
                            <label>[COLOR labelheader]$ADDON[service.libreelec.settings 608][/COLOR]</label>
                            <label2>$INFO[Window.Property(Version)]</label2>
                            <font>font15</font>
                            <shadowcolor>shadow</shadowcolor>
                            <texturefocus />
                            <texturenofocus />
                        </control>
                        <control type="button">
                            <description>Label 3</description>
                            <width>1316</width>
                            <height>30</height>
                            <textoffsetx>30</textoffsetx>
                            <label>[COLOR labelheader]$ADDON[service.libreelec.settings 607][/COLOR]</label>
                            <label2>$INFO[Window.Property(Arch)]</label2>
                            <font>font15</font>
                            <shadowcolor>shadow</shadowcolor>
                            <texturefocus />
                            <texturenofocus />
                        </control>
                        <control type="textbox">
                            <left>30</left>
                            <width>1256</width>
                            <height>auto</height>
                            <font>font15_textbox</font>
                            <textcolor>grey2</textcolor>
                            <label>$ADDON[service.libreelec.settings 609]</label>
                        </control>
                        <control type="textbox">
                            <left>30</left>
                            <width>1256</width>
                            <height>auto</height>
                            <font>font15_textbox</font>
                            <textcolor>grey2</textcolor>
                            <label>$ADDON[service.libreelec.settings 611]</label>
                        </control>
                        <control type="textbox">
                            <left>30</left>
                            <width>1256</width>
                            <height>auto</height>
                            <font>font10</font>
                            <textcolor>grey2</textcolor>
                            <label>$ADDON[service.libreelec.settings 610]</label>
                        </control>
                    </control>
                </control>
            </control>
            <control type="scrollbar" id="60">
                <left>1838</left>
                <top>32</top>
                <width>14</width>
                <height>720</height>
                <onleft>9000</onleft>
                <onright>1500</onright>
                <ondown>60</ondown>
                <onup>60</onup>
                <showonepage>false</showonepage>
                <texturesliderbackground />
                <texturesliderbar colordiffuse="55ffffff" border="1">scrollbar/texturesliderbar2.png</texturesliderbar>
                <texturesliderbarfocus border="1">scrollbar/texturesliderbar2.png</texturesliderbarfocus>
            </control>
            <control type="textbox" id="1400">
                <description>description area</description>
                <left>552</left>
                <top>754</top>
                <width>1256</width>
                <height>120</height>
                <font>font15_textbox</font>
                <textcolor>grey2</textcolor>
                <label>$INFO[Window.Property(InfoText)]</label>
                <autoscroll time="3000" delay="4000" repeat="5000">true</autoscroll>
                <animation effect="fade" start="0" end="100" time="300" tween="sine" easing="inout">Visible</animation>
                <animation effect="fade" start="100" end="0" time="0" tween="sine" easing="inout">Hidden</animation>
                <visible>ControlGroup(9000).HasFocus()</visible>
            </control>
            <!-- Main Menu (left) -->
            <control type="button" id="1501">
                <left>1100</left>
                <top>810</top>
                <width>300</width>
                <height>75</height>
                <visible>true</visible>
                <onleft>1000</onleft>
                <onright>1500</onright>
                <onup>9000</onup>
            </control>
            <control type="button" id="1500">
                <left>1400</left>
                <top>810</top>
                <width>300</width>
                <height>75</height>
                <visible>true</visible>
                <onleft>1501</onleft>
                <onright>1000</onright>
                <onup>9000</onup>
            </control>
        </control>
        <!-- simple list ( 1100 ) up / down -->
        <control type="button" id="1090">
            <include>HiddenObject</include>
        </control>
        <control type="button" id="1091">
            <include>HiddenObject</include>
        </control>
        <!-- network list ( 1200 ) up / down -->
        <control type="button" id="1092">
            <include>HiddenObject</include>
        </control>
        <control type="button" id="1093">
            <include>HiddenObject</include>
        </control>
        <!-- bluetooth list ( 1300 ) up / down -->
        <control type="button" id="1092">
            <include>HiddenObject</include>
        </control>
        <control type="button" id="1093">
            <include>HiddenObject</include>
        </control>
        <!-- TopBar -->
        <control type="group">
            <animation effect="slide" start="0,0" end="0,-90" time="800" tween="cubic" condition="Control.IsVisible(503) + System.IdleTime(2)">Conditional</animation>
            <animation effect="slide" start="0,-90" end="0,0" delay="800" time="480" condition="Window.Previous(home)">WindowOpen</animation>
            <animation effect="slide" end="0,-90" start="0,0" time="480" condition="Window.Next(home)">WindowClose</animation>
            <control type="image">
                <width>100%</width>
                <height>66</height>
                <texture border="1">topbar.png</texture>
            </control>
            <control type="label">
                <width>900</width>
                <height>90</height>
                <font>font13_title</font>
                <textoffsetx>15</textoffsetx>
                <textcolor>grey2</textcolor>
                <aligny>top</aligny>
                <textoffsety>-2</textoffsety>
                <label>$ADDON[service.libreelec.settings 600]</label>
            </control>
            <control type="label">
                <width>100%</width>
                <height>90</height>
                <font>font13_title</font>
                <textoffsetx>15</textoffsetx>
                <textcolor>grey2</textcolor>
                <align>center</align>
                <aligny>top</aligny>
                <textoffsety>-2</textoffsety>
                <label>$INFO[System.Time]</label>
            </control>
            <control type="group">
                <visible>Player.HasMedia + ![Window.IsActive(volumebar)]</visible>
                <animation effect="slide" start="0,-60" end="0,0" time="200">Visible</animation>
                <animation effect="slide" start="0,0" end="0,-60" time="200">Hidden</animation>
                <left>1080</left>
                <control type="progress">
                    <width>500</width>
                    <height>37</height>
                    <texturebg border="2">osd/texturebg.png</texturebg>
                    <lefttexture />
                    <midtexture border="2">osd/midtexture_cache.png</midtexture>
                    <righttexture />
                    <overlaytexture />
                    <info>Player.ProgressCache</info>
                </control>
                <control type="progress">
                    <width>500</width>
                    <height>35</height>
                    <texturebg border="1">osd/texturebg_cache.png</texturebg>
                    <lefttexture />
                    <midtexture border="2">osd/midtexture.png</midtexture>
                    <righttexture />
                    <overlaytexture />
                    <info>Player.Progress</info>
                </control>
                <control type="fadelabel">
                    <top>-2</top>
                    <width>500</width>
                    <height>20</height>
                    <font>font13_title</font>
                    <textoffsetx>10</textoffsetx>
                    <textcolor>grey</textcolor>
                    <shadowcolor>shadow</shadowcolor>
                    <scroll>true</scroll>
                    <scrollspeed>20</scrollspeed>
                    <scrollout>false</scrollout>
                    <pauseatend>10000</pauseatend>
                    <label>$INFO[Player.Title]</label>
                    <label>$INFO[MusicPlayer.Artist]</label>
                    <visible>Player.HasAudio</visible>
                </control>
                <control type="label">
                    <width>500</width>
                    <height>90</height>
                    <font>font13_title</font>
                    <textoffsetx>10</textoffsetx>
                    <textcolor>grey</textcolor>
                    <shadowcolor>shadow</shadowcolor>
                    <aligny>top</aligny>
                    <textoffsety>-2</textoffsety>
                    <scroll>true</scroll>
                    <label>$INFO[Player.Title]</label>
                    <visible>Player.HasVideo</visible>
                </control>
            </control>
        </control>
    </controls>
</window>
