<includes>
	<!--##################################################################################   VISTA Banner3D - ID 594   ##################################################################################-->
	<include name="ViewBanner3D">
		<control type="group">
			<visible>Control.IsVisible(594)</visible>
			<left>-104</left>
			<top>-80</top>
			<!-- default group -->
			<include>ViewBack2</include>
			<!-- Fundo -->
			<control type="group">
			<top>13</top>
			<animation effect="rotatey" center="50" start="7" end="7" time="0" condition="true">Conditional</animation>
					<control type="image">
			<left>720</left>
			<top>-10</top>
			<width>2220</width>
			<height>1280</height>
			<colordiffuse>themecolor</colordiffuse>
			<animation effect="fade" end="80" condition="true">Conditional</animation>
		</control>
				<control type="group">
					<animation effect="fade" delay="500" start="0" end="100" time="50">WindowOpen</animation>
					<animation effect="slide" end="0,122" time="300" tween="cubic" easing="inout" condition="Integer.IsGreater(Container(594).Row,5)">Conditional</animation>
					<animation effect="slide" end="0,122" time="300" tween="cubic" easing="inout" condition="Integer.IsGreater(Container(594).Row,4)">Conditional</animation>
					<animation effect="slide" end="0,122" time="300" tween="cubic" easing="inout" condition="Integer.IsGreater(Container(594).Row,3)">Conditional</animation>
					<animation effect="slide" end="0,122" time="300" tween="cubic" easing="inout" condition="Integer.IsGreater(Container(594).Row,2)">Conditional</animation>
					<animation effect="slide" end="0,122" time="300" tween="cubic" easing="inout" condition="Integer.IsGreater(Container(594).Row,1)">Conditional</animation>
					<animation effect="slide" end="0,122" time="300" tween="cubic" easing="inout" condition="Integer.IsGreater(Container(594).Row,0)">Conditional</animation>
					<animation effect="slide" end="544,0" time="300" tween="cubic" easing="inout" condition="Integer.IsGreater(Container(594).Column,0)">Conditional</animation>
					<control type="image">
						<visible>Control.IsVisible(594)</visible>
						<left>728</left>
						<top>178</top>
						<width>545</width>
						<height>120</height>
						<texture diffuse="tajo/mask_cover3.png">tajo/backani.gif</texture>
						<aspectratio align="center">stretch</aspectratio>
						<colordiffuse>ddFFFFFF</colordiffuse>
					</control>
					<control type="image">
						<visible>Control.IsVisible(594)</visible>
						<left>727</left>
						<top>177</top>
						<width>547</width>
						<height>122</height>
						<aspectratio align="center">stretch</aspectratio>
						<colordiffuse>dd000000</colordiffuse>
						<texture diffuse="tajo/mask_cover3.png">tajo/mask79.png</texture>
					</control>
				</control>
				<control type="panel" id="594">
					<viewtype label="Banner3D">icon</viewtype>
					<left>745</left>
					<top>192</top>
					<width>1130</width>
					<height>854</height>
					<onleft>SetProperty(MediaMenu,True,home)</onleft>
					<onleft>SetFocus(9050)</onleft>
					<onright>5940</onright>
					<scrolltime>300</scrolltime>
					<orientation>vertical</orientation>
					<preloaditems>2</preloaditems>
					<visible>Container.Content(movies) | Container.Content(tvshows)</visible>
					<itemlayout height="122" width="540">
						<control type="image">
							<left>0</left>
							<width>514</width>
							<height>93</height>
							<aspectratio align="center">stretch</aspectratio>
							<texture diffuse="tajo/mask47.png">tajo/$VAR[GlobalCaseVarTajo]</texture>
						</control>
						<control type="image">
							<left>2</left>
							<top>2</top>
							<width>510</width>
							<height>87</height>
							<aspectratio>scale</aspectratio>
							<texture diffuse="tajo/mask_cover3.png" background="true">$VAR[BannerThumb]</texture>
							<visible>!String.IsEmpty(ListItem.Art(banner)) | String.IsEmpty(ListItem.Art(fanart))</visible>
						</control>
						<control type="group">
							<visible>String.IsEmpty(ListItem.Art(banner))</visible>
							<control type="image">
								<left>2</left>
								<top>2</top>
								<width>510</width>
								<height>87</height>
								<aspectratio>scale</aspectratio>
								<texture diffuse="tajo/mask_cover3.png" background="true">$INFO[ListItem.Art(fanart)]</texture>
							</control>
							<control type="image">
								<left>2</left>
								<top>5</top>
								<width>270</width>
								<height>85</height>
								<aspectratio>keep</aspectratio>
								<texture background="true">$INFO[ListItem.Art(clearlogo)]</texture>
								<bordersize>4</bordersize>
							</control>
							<control type="textbox">
								<visible>String.IsEmpty(ListItem.Art(clearlogo))</visible>
								<left>10</left>
								<top>10</top>
								<width>480</width>
								<height>80</height>
								<aligny>center</aligny>
								<align>left</align>
								<font>titlesmall</font>
								<label>$VAR[value_videotitle]</label>
								<textcolor>white</textcolor>
								<shadowcolor>black</shadowcolor>
							</control>
						</control>
						<control type="image">
							<left>2</left>
							<top>2</top>
							<width>510</width>
							<height>87</height>
							<texture>tajo/darkgrey.png</texture>
							<colordiffuse>themecolor</colordiffuse>
							<animation effect="fade" start="30" end="30" condition="true">Conditional</animation>
						</control>
						<control type="image">
							<top>2</top>
							<left>460</left>
							<width>50</width>
							<height>50</height>
							<texture colordiffuse="DDff0303">$VAR[watched_style]</texture>
							<visible>String.IsEqual(ListItem.Overlay,OverlayWatched.png)</visible>
							<aspectratio align="center" aligny="top">scale</aspectratio>
						</control>
						<control type="group">
							<left>10</left>
							<top>10</top>
						</control>
						<control type="image">
							<left>0</left>
							<top>1</top>
							<width>514</width>
							<height>89</height>
							<aspectratio align="center">stretch</aspectratio>
							<colordiffuse>dd000000</colordiffuse>
							<texture diffuse="tajo/mask_cover3.png">tajo/mask79.png</texture>
						</control>
					</itemlayout>
					<focusedlayout height="122" width="540">
						<control type="image">
							<left>0</left>
							<width>514</width>
							<height>93</height>
							<aspectratio align="center">stretch</aspectratio>
							<texture diffuse="tajo/mask47.png">tajo/$VAR[GlobalCaseVarTajo]</texture>
						</control>
						<control type="image">
							<left>2</left>
							<top>2</top>
							<width>510</width>
							<height>87</height>
							<aspectratio>scale</aspectratio>
							<texture diffuse="tajo/mask_cover3.png" background="true">$VAR[BannerThumb]</texture>
							<visible>!String.IsEmpty(ListItem.Art(banner)) | String.IsEmpty(ListItem.Art(fanart))</visible>
						</control>
						<control type="group">
							<visible>String.IsEmpty(ListItem.Art(banner))</visible>
							<control type="image">
								<left>2</left>
								<top>2</top>
								<width>510</width>
								<height>87</height>
								<aspectratio>scale</aspectratio>
								<texture diffuse="tajo/mask_cover3.png" background="true">$INFO[ListItem.Art(fanart)]</texture>
							</control>
							<control type="image">
								<left>2</left>
								<top>5</top>
								<width>270</width>
								<height>85</height>
								<aspectratio>keep</aspectratio>
								<texture background="true">$INFO[ListItem.Art(clearlogo)]</texture>
								<bordersize>4</bordersize>
							</control>
							<control type="textbox">
								<visible>String.IsEmpty(ListItem.Art(clearlogo))</visible>
								<left>10</left>
								<top>10</top>
								<width>480</width>
								<height>80</height>
								<aligny>center</aligny>
								<align>left</align>
								<font>titlesmall</font>
								<label>$VAR[value_videotitle]</label>
								<textcolor>white</textcolor>
								<shadowcolor>black</shadowcolor>
							</control>
						</control>
						<control type="image">
							<left>2</left>
							<top>2</top>
							<width>510</width>
							<height>87</height>
							<texture>tajo/darkgrey.png</texture>
							<colordiffuse>themecolor</colordiffuse>
							<animation effect="fade" start="5" end="5" condition="true">Conditional</animation>
						</control>
						<control type="image">
							<top>2</top>
							<left>460</left>
							<width>50</width>
							<height>50</height>
							<texture colordiffuse="DDff0303">$VAR[watched_style]</texture>
							<visible>String.IsEqual(ListItem.Overlay,OverlayWatched.png)</visible>
							<aspectratio align="center" aligny="top">scale</aspectratio>
						</control>
						<control type="group">
							<left>10</left>
							<top>10</top>
						</control>
						<control type="image">
							<left>0</left>
							<top>1</top>
							<width>514</width>
							<height>89</height>
							<aspectratio align="center">stretch</aspectratio>
							<colordiffuse>dd000000</colordiffuse>
							<texture diffuse="tajo/mask_cover3.png">tajo/mask79.png</texture>
						</control>
					</focusedlayout>
				</control>
			</control>
			<!-- Info Panel -->
			<control type="group">
				<visible>Control.IsVisible(594)</visible>
				<control type="fadelabel" id="5749">
					<top>-1000</top>
					<width>1</width>
					<height>1</height>
					<info>ListItem.Art(fanart)</info>
					<info>ListItem.Art(fanart1)</info>
					<info>ListItem.Art(fanart2)</info>
					<info>ListItem.Art(fanart3)</info>
					<info>ListItem.Art(fanart4)</info>
					<info>ListItem.Art(fanart5)</info>
					<info>ListItem.Art(fanart6)</info>
					<info>ListItem.Art(fanart7)</info>
					<info>ListItem.Art(fanart8)</info>
					<info>ListItem.Art(fanart9)</info>
					<randomize>false</randomize>
					<pauseatend>6000</pauseatend>
					<scroll>false</scroll>
					<scrollout>false</scrollout>
					<resetonlabelchange>true</resetonlabelchange>
				</control>
				<left>102</left>
				<top>134</top>
				<control type="image">
					<left>20</left>
					<top>36</top>
					<width>555</width>
					<height>335</height>
					<visible>String.IsEmpty(ListItem.Art(fanart1))</visible>
					<aspectratio aligny="top">scale</aspectratio>
					<texture diffuse="tajo/mask_cover3.png" background="true">$INFO[ListItem.Art(fanart)]</texture>
				</control>
				<control type="multiimage">
					<left>20</left>
					<top>36</top>
					<width>555</width>
					<height>335</height>
					<aspectratio aligny="top">scale</aspectratio>
					<fadetime>500</fadetime>
					<visible>!String.IsEmpty(ListItem.Art(fanart1))</visible>
					<imagepath background="true">$INFO[Control.GetLabel(5749)]</imagepath>
				</control>
				<control type="image">
					<left>20</left>
					<top>36</top>
					<width>555</width>
					<height>335</height>
					<texture background="true">tajo/osd_black_bg.png</texture>
					<aspectratio>stretch</aspectratio>
				</control>
				<control type="image">
					<top>34</top>
					<left>17</left>
					<width>561</width>
					<height>339</height>
					<aspectratio align="center">stretch</aspectratio>
					<colordiffuse>dd000000</colordiffuse>
					<texture diffuse="tajo/mask_cover3.png">tajo/mask78.png</texture>
				</control>
				<control type="textbox" id="30411">
				<animation effect="fade" start="0" end="100" time="250" tween="sine">Visible</animation>
					<visible>!ListItem.IsCollection + !Container(30411).HasNext</visible>
					<left>15</left>
					<top>670</top>
					<width>570</width>
					<height>130</height>
					<aligny>center</aligny>
					<align>center</align>
					<font>titlemove</font>
					<label>$VAR[value_videotitle]</label>
					<textcolor>themecolor</textcolor>
					<shadowcolor>black</shadowcolor>
				</control>
				<control type="textbox" id="30413">
				<animation effect="fade" start="0" end="100" time="250" tween="sine">Visible</animation>
					<visible>!ListItem.IsCollection + Container(30411).HasNext + !Container(30413).HasNext</visible>
					<left>15</left>
					<top>670</top>
					<width>570</width>
					<height>130</height>
					<aligny>center</aligny>
					<align>center</align>
					<font>titleshelf</font>
					<label>$VAR[value_videotitle]</label>
					<textcolor>themecolor</textcolor>
					<shadowcolor>black</shadowcolor>
				</control>
				<control type="textbox">
				<animation effect="fade" start="0" end="100" time="250" tween="sine">Visible</animation>
					<visible>!ListItem.IsCollection + Container(30411).HasNext + Container(30413).HasNext</visible>
					<left>15</left>
					<top>670</top>
					<width>570</width>
					<height>130</height>
					<aligny>center</aligny>
					<align>center</align>
					<font>titlewall</font>
					<label>$VAR[value_videotitle]</label>
					<autoscroll delay="1500" time="2000" repeat="2000">!Skin.HasSetting(noallowscroll)</autoscroll>
					<textcolor>themecolor</textcolor>
					<shadowcolor>black</shadowcolor>
				</control>
				<control type="textbox" id="30412">
					<animation effect="fade" start="0" end="100" time="250" tween="sine">Visible</animation>
					<visible>ListItem.IsCollection + !Container(30412).HasNext</visible>
					<left>15</left>
					<top>615</top>
					<width>570</width>
					<height>130</height>
					<aligny>center</aligny>
					<align>center</align>
					<font>titlemove</font>
					<label>$VAR[value_videotitle]</label>
					<textcolor>themecolor</textcolor>
					<shadowcolor>black</shadowcolor>
				</control>
				<control type="textbox" id="30414">
					<animation effect="fade" start="0" end="100" time="250" tween="sine">Visible</animation>
					<visible>ListItem.IsCollection + Container(30412).HasNext + !Container(30414).HasNext</visible>
					<left>15</left>
					<top>615</top>
					<width>570</width>
					<height>130</height>
					<aligny>center</aligny>
					<align>center</align>
					<font>titleshelf</font>
					<label>$VAR[value_videotitle]</label>
					<textcolor>themecolor</textcolor>
					<shadowcolor>black</shadowcolor>
				</control>
				<control type="textbox">
					<animation effect="fade" start="0" end="100" time="250" tween="sine">Visible</animation>
					<visible>ListItem.IsCollection + Container(30412).HasNext + Container(30414).HasNext</visible>
					<left>15</left>
					<top>615</top>
					<width>570</width>
					<height>130</height>
					<aligny>center</aligny>
					<align>center</align>
					<font>titlewall</font>
					<label>$VAR[value_videotitle]</label>
					<autoscroll delay="1500" time="2000" repeat="2000">!Skin.HasSetting(noallowscroll)</autoscroll>
					<textcolor>themecolor</textcolor>
					<shadowcolor>black</shadowcolor>
				</control>
				<control type="list" id="5933">
					<visible>ListItem.IsCollection</visible>
					<scrolltime tween="sine" easing="out">2200</scrolltime>
					<autoscroll>true</autoscroll>
					<left>15</left>
					<top>786</top>
					<height>140</height>
					<width>570</width>
					<itemlayout height="34">
						<control type="label">
							<left>0</left>
							<top>0</top>
							<height>34</height>
							<width>570</width>
							<align>center</align>
							<scroll>false</scroll>
							<font>Font_plot</font>
							<textcolor>FFFFFFFF</textcolor>
							<selectedcolor>FFFFFFFF</selectedcolor>
							<label>- $INFO[ListItem.Label] ($INFO[ListItem.Year])</label>
						</control>
					</itemlayout>
					<focusedlayout height="34">
						<control type="label">
							<left>0</left>
							<top>0</top>
							<height>34</height>
							<width>570</width>
							<align>center</align>
							<scroll>false</scroll>
							<font>Font_plot</font>
							<textcolor>FFFFFFFF</textcolor>
							<selectedcolor>FFFFFFFF</selectedcolor>
							<label>- $INFO[ListItem.Label] ($INFO[ListItem.Year])</label>
						</control>
					</focusedlayout>
					<content sortby="year" sortorder="ascending">$INFO[ListItem.FolderPath]</content>
				</control>
				<control type="group">
					<visible>!ListItem.IsCollection</visible>
					<left>340</left>
					<top>870</top>
					<width>450</width>
					<height>50</height>
					<control type="label">
					<top>-10</top>
						<width>70</width>
						<visible>!String.IsEmpty(ListItem.Rating)</visible>
						<align>left</align>
						<aligny>center</aligny>
						<font>font13_bold</font>
						<label>[COLOR white][B]$INFO[ListItem.Rating][/B][/COLOR]</label>
						<textcolor>FFFFFAF0</textcolor>
					</control>
					<control type="image">
					<animation effect="fade" end="90" condition="true">Conditional</animation>
						<top>-8</top>
						<left>53</left>
						<width>175</width>
						<height>50</height>
						<texture fallback="$VAR[styleratingstars,,0.png]">$VAR[styleratingstars]$INFO[ListItem.Rating,,.png]</texture>
						<aspectratio align="left" aligny="center">stretch</aspectratio>
						<colordiffuse>$VAR[colorratingstars]</colordiffuse>
						<visible>!String.IsEqual(ListItem.Label,..)</visible>
					</control>
				</control>
				<control type="textbox">
					<left>15</left>
					<top>810</top>
					<width>560</width>
					<height>38</height>
					<visible>!String.IsEmpty(ListItem.Rating) + !ListItem.IsCollection</visible>
					<align>center</align>
					<aligny>center</aligny>
					<font>font13_bold</font>
					<label>$VAR[value_ground17_label]: [COLOR=FFFFFAF0]$VAR[value_ground17_value][/COLOR] - $VAR[value_ground16_label]: [COLOR=FFFFFAF0]$VAR[value_ground16_value][/COLOR]</label>
					<textcolor>themecolor</textcolor>
				</control>
				<control type="textbox">
					<left>15</left>
					<top>750</top>
					<width>560</width>
					<height>38</height>
					<visible>ListItem.IsCollection</visible>
					<align>center</align>
					<font>font13_bold</font>
					<label>[COLOR=themecolor]$LOCALIZE[342]: [/COLOR][B]$INFO[Container(5933).NumItems][/B]</label>
					<textcolor>FFFFFFFF</textcolor>
				</control>
				<control type="fadelabel" id="5779">
					<top>-1000</top>
					<width>1</width>
					<height>1</height>
					<info>ListItem.Art(clearlogo)</info>
					<info>ListItem.Art(clearart)</info>
					<info>ListItem.Art(clearlogo1)</info>
					<info>ListItem.Art(clearart1)</info>
					<info>ListItem.Art(clearlogo2)</info>
					<info>ListItem.Art(clearart2)</info>
					<randomize>false</randomize>
					<pauseatend>4500</pauseatend>
					<scroll>false</scroll>
					<scrollout>false</scrollout>
					<resetonlabelchange>true</resetonlabelchange>
				</control>
				<control type="image">
					<left>300</left>
					<top>235</top>
					<width>250</width>
					<height>150</height>
					<visible>String.IsEmpty(ListItem.Art(clearart))</visible>
					<texture background="true">$INFO[ListItem.Art(clearlogo)]</texture>
					<aspectratio>keep</aspectratio>
				</control>
				<control type="multiimage">
					<left>300</left>
					<top>205</top>
					<width>250</width>
					<height>150</height>
					<aspectratio aligny="bottom">keep</aspectratio>
					<fadetime>400</fadetime>
					<visible>!String.IsEmpty(ListItem.Art(clearart))</visible>
					<imagepath background="true">$INFO[Control.GetLabel(5779)]</imagepath>
				</control>
				<control type="textbox">
					<visible>ListItem.IsCollection</visible>
					<left>30</left>
					<top>400</top>
					<width>535</width>
					<height>205</height>
					<font>Font_plot</font>
					<align>justify</align>
					<label>[B][COLOR themecolor]$INFO[Container(5933).ListItemAbsolute(0).Label][/B][/COLOR][CR]$INFO[Container(5933).ListItemAbsolute(0).Plot][CR][CR][B][COLOR themecolor]$INFO[Container(5933).ListItemAbsolute(1).Label][/B][/COLOR][CR]$INFO[Container(5933).ListItemAbsolute(1).Plot][CR][CR][B][COLOR themecolor]$INFO[Container(5933).ListItemAbsolute(2).Label][/B][/COLOR][CR]$INFO[Container(5933).ListItemAbsolute(2).Plot][CR][CR][B][COLOR themecolor]$INFO[Container(5933).ListItemAbsolute(3).Label][/B][/COLOR][CR]$INFO[Container(5933).ListItemAbsolute(3).Plot][CR][CR][B][COLOR themecolor]$INFO[Container(5933).ListItemAbsolute(4).Label][/B][/COLOR][CR]$INFO[Container(5933).ListItemAbsolute(4).Plot][CR][CR][B][COLOR themecolor]$INFO[Container(5933).ListItemAbsolute(5).Label][/B][/COLOR][CR]$INFO[Container(5933).ListItemAbsolute(5).Plot][CR][CR][B][COLOR themecolor]$INFO[Container(5933).ListItemAbsolute(6).Label][/B][/COLOR][CR]$INFO[Container(5933).ListItemAbsolute(6).Plot][CR][CR][B][COLOR themecolor]$INFO[Container(5933).ListItemAbsolute(7).Label][/B][/COLOR][CR]$INFO[Container(5933).ListItemAbsolute(7).Plot][CR][CR]</label>
					<autoscroll delay="4000" time="2000" repeat="4000">!Skin.HasSetting(noallowscroll)</autoscroll>
				</control>
				<control type="textbox">
					<visible>!ListItem.IsCollection</visible>
					<left>30</left>
					<top>395</top>
					<width>535</width>
					<height>268</height>
					<font>Font_plot</font>
					<align>justify</align>
					<label>$VAR[value_plot]</label>
					<autoscroll delay="6000" time="2000" repeat="6000">!Skin.HasSetting(noallowscroll)</autoscroll>
				</control>
				<include>IconsWall3D</include>
			</control>
		</control>
		<control type="group">
			<visible>Control.IsVisible(594)</visible>
			<top>100</top>
			<left>98</left>
			<control type="label">
				<align>center</align>
				<left>-85</left>
				<top>-78</top>
				<width>105</width>
				<height>40</height>
				<textcolor>FFFFFAF0</textcolor>
				<shadowcolor>black</shadowcolor>
				<font>Font_plot3</font>
				<label>$INFO[System.Time(hh:mm)]</label>
			</control>
			<control type="label">
				<align>right</align>
				<left>10</left>
				<top>-80</top>
				<width>100</width>
				<height>40</height>
				<textcolor>themecolor</textcolor>
				<shadowcolor>black</shadowcolor>
				<font>Font_plot</font>
				<label>$INFO[Container.CurrentItem]</label>
			</control>
			<control type="label">
				<align>left</align>
				<left>118</left>
				<top>-80</top>
				<width>150</width>
				<height>40</height>
				<textcolor>FFFFFAF0</textcolor>
				<shadowcolor>black</shadowcolor>
				<font>Font_plot</font>
				<label>/ $INFO[Container.NumItems]</label>
			</control>
		</control>
		<control type="panel" id="5940">
			<visible>Control.IsVisible(594) + !Container.Content(seasons) + !Container.Content(episodes) + [String.Contains(Container.SortMethod,$LOCALIZE[369]) | String.Contains(Container.SortMethod,$LOCALIZE[557])]</visible>
			<animation effect="slide" end="-38,0" time="200">Focus</animation>
			<animation effect="slide" end="38,0" time="200">Unfocus</animation>
			<animation effect="rotatey" center="auto" start="6" end="6" time="0" condition="true">Conditional</animation>
			<animation effect="fade" end="60" condition="true">Conditional</animation>
			<left>1978</left>
			<top>9</top>
			<width>40</width>
			<height>1080</height>
			<onright>594</onright>
			<onleft>594</onleft>
			<orientation>vertical</orientation>
			<itemlayout height="39" width="40">
				<control type="group">
					<left>1</left>
					<control type="label">
						<align>center</align>
						<font>titlesmall</font>
						<label>$INFO[ListItem.Label]</label>
						<textcolor>white</textcolor>
						<animation effect="fade" end="15" time="0" condition="!String.IsEmpty(ListItem.Property(NotAvailable))">Conditional</animation>
					</control>
				</control>
			</itemlayout>
			<focusedlayout height="39" width="40">
				<control type="button">
					<visible>false</visible>
					<onfocus condition="!String.IsEmpty(Container(5940).ListItem.Property(NotAvailable)) + Container(5940).OnNext">Control.Move(5940,1)</onfocus>
					<onfocus condition="!String.IsEmpty(Container(5940).ListItem.Property(NotAvailable)) + Container(5940).OnPrevious">Control.Move(5940,-1)</onfocus>
				</control>
				<control type="group">
					<left>5</left>
					<control type="image">
						<visible>Control.HasFocus(5940)</visible>
						<width>40</width>
						<height>40</height>
						<texture diffuse="tajo/mask47.png">tajo/backanism.gif</texture>
						<aspectratio align="center">stretch</aspectratio>
						<colordiffuse>ddffffff</colordiffuse>
					</control>
				</control>
				<control type="label">
					<left>1</left>
					<align>center</align>
					<font>titlesmall</font>
					<label>$INFO[ListItem.Label]</label>
					<textcolor>white</textcolor>
					<animation effect="fade" start="100" end="20" time="0" condition="!String.IsEmpty(ListItem.Property(NotAvailable))">Conditional</animation>
				</control>
			</focusedlayout>
			<content>plugin://script.skin.helper.service/?action=alphabet&amp;reload=$INFO[Container.NumItems]</content>
		</control>
	</include>
</includes>
