<?xml version="1.0" encoding="utf-8"?>
<!--Titan-->
<window>
    <defaultcontrol always="true">5000</defaultcontrol>
    
	<include>allViewIds</include>
	<onunload>ClearProperty(ShowViewSubMenu, Home)</onunload>
	<include>DefaultSkinSettings</include>
    <controls>
        <!-- Video Background -->
        <include>GlobalBackground</include>
		<!--Header-->
        <include>Header</include>
 
		<!--NowPlaying-->
		<include condition="!Skin.HasTheme(classic) + !Skin.HasSetting(LowPerformanceMode)">NowPlayingModern</include>
 
		<!-- all Views -->
        <include>allViews</include>
		
        <!--Hidden Button-->
        <control type="radiobutton" id="19">
            <description>Filter (hidden)</description>
            <include>HiddenButton</include>
        </control>

		
        <!--Sub Menu Tab Left-->
        <include condition="!Skin.HasSetting(DisableSideBladeIndicator)">SideBladeMenuTabLeft</include>
        <!--Sub Menu Tab Top-->
        <include condition="!Skin.HasSetting(DisableSideBladeIndicator)">SideBladeMenuTabTop</include>
        <!--Sub Menu-->
        <control type="group">
            <include condition="skin.hastheme(classic) | Skin.HasSetting(smallContextMenu)">SideBladeClassic</include>
			<include condition="![skin.hastheme(classic) | Skin.HasSetting(smallContextMenu)]">SideBladeModern</include>
            <!--Grouplist 9000-->
            <control type="grouplist" id="9000">
                <posx>21</posx>
                <posy>190</posy>
                <width>458</width>
                <height>750</height>
                <itemgap>3</itemgap>
                <onleft>5000</onleft>
                <onright>5000</onright>
                <onback>5000</onback>
				<visible>!Skin.HasSetting(KioskMode.Enabled)</visible>
				<onright>ClearProperty(ShowViewSubMenu, Home)</onright>
				<onleft>ClearProperty(ShowViewSubMenu, Home)</onleft>
				<onback>ClearProperty(ShowViewSubMenu, Home)</onback>
                <onup>9000</onup>
                <ondown>9000</ondown>
                <orientation>vertical</orientation>
                <!--Buttons-->
                <control type="label" id="200">
                    <!--Label Menu-->
                    <width>458</width>
                    <align>left</align>
                    <textoffsetx>50</textoffsetx>
                    <font>Bold40</font>
                    <textcolor>$INFO[Skin.String(GeneralHighlightTextColor)]</textcolor>
                    <label>$LOCALIZE[33061]:</label>
					<visible>skin.hastheme(classic)</visible>
                </control>
                <control type="image" id="201">
                    <!--Seperator-->
                    <width>458</width>
                    <height>10</height>
                    <align>left</align>
                    <texture>common/menu-separator.png</texture>
					<visible>skin.hastheme(classic)</visible>
                </control>
				
                <control type="button" id="3">
                    <!--Sort-->
					<label>103</label>
                    <include>SideBladeMenuButton</include>
                </control>
                <control type="togglebutton" id="4">
                    <!--Ascending-->
                    <include>SideBladeMenuButton</include>
                    <label>584</label>
                    <altlabel>585</altlabel>
                </control>
				<control type="button" id="5">
					<description>addon-updates</description>
					<include>SideBladeMenuButton</include>
					<label>10004</label>
				</control>
				<control type="radiobutton" id="7">
					<description>Hide foreign</description>
					<include>SideBladeMenuButton</include>
					<label>25001</label>
				</control>
				<control type="radiobutton" id="8">
					<description>Hide broken</description>
					<include>SideBladeMenuButton</include>
					<label>24999</label>
				</control>
				<control type="button" id="9">
					<description>Check for repo updates</description>
					<include>SideBladeMenuButton</include>
					<label>24034</label>
				</control>
				<include>SideBladeViewCommands</include>
            </control>
        </control>
        <include condition="Skin.HasSetting(DebugGrid) | Skin.HasSetting(DebugInfo)">DebugInfo</include>
    </controls>
</window>