<?xml version="1.0" encoding="UTF-8" standalone="yes"?>
<addon id="repository.marduk" name="Marduk's KODI repository" provider-name="marduk" version="1.0.3">
	<extension name="Marduk's KODI repository" point="xbmc.addon.repository">
		<info compressed="false">https://raw.githubusercontent.com/marduklev/repository.marduk/master/addons.xml</info>
		<checksum>https://raw.githubusercontent.com/marduklev/repository.marduk/master/addons.xml.md5</checksum>
		<datadir zip="true">https://raw.githubusercontent.com/marduklev/repository.marduk/master/</datadir>
	</extension>
	<extension point="xbmc.addon.metadata">
		<summary lang="en">Kodi repository for beta/test versions of Marcelveldt's and other Kodi addons</summary>
		<description lang="en">Kodi repository for beta/test versions of Marcelveldt's and other Kodi addons, for stable versions please just use the official Kodi repository. This repo is for test/beta versions of my work only</description>
		<platform>all</platform>
	</extension>
</addon>