<?xml version="1.0" encoding="utf-8"?>
<window>
	<defaultcontrol always="true">450</defaultcontrol>
<!-- 	1.11 DialogFavourites.xml
ID 		Type 		Description
450 	container 	List of available favourites 
 -->
	<include>Animation_OpenClose_Slide</include>
	
	<controls>
		<control type="group">
			<description>BG</description>
			<include content="DialogBackground_TriplePanel" />
		</control>
	
		<control type="group">
			<include content="Dialog_CommonInfo">
				<param name="Header_posy" value="50" />
				<param name="Item_Description" value="$INFO[Skin.String(userwidget$INFO[Window(home).Property(shortcutitem_nr)]_path)]" />
			</include>
			
			<include content="Dialog_Containers">
				<param name="id" value="450" />
				<param name="Container_Height" value="70%" />
				<param name="onleft" value="9000" />
				<param name="icon_visible" value="true" />
				<param name="layout_height" value="110" />
			</include>
			
		</control>
		<include content="swan_debug_overlay" />	
		
	</controls>
</window>
