<?xml version="1.0" encoding="utf-8"?>
<window type="dialog">
	<defaultcontrol always="true">8000</defaultcontrol>
<!-- 	
ID 	Type 				Description
6 	button 				Install the selected add-on
7 	button 				Disable the selected add-on
8 	button 				Update the selected add-on
9 	button 				Show the settings of the selected add-on
10 	button 				Show the dependencies of the selected add-on
12 	button 				Run the selected add-on
13 	radiobutton 		Auto-update
50 	container 			List of available screenshots  


check if onclick property in default is addonbroswer
-->
	<controls>
		
		<include content="ButtonList">
			<param name="id" value="8000" />
			<param name="top" value="30%" />
			<param name="bottom" value="0" />
			<param name="left" value="68%" />
			<param name="right" value="0" />
			<param name="itemgap" value="3" />
			<height>60%</height>
			<width>30%</width>
				<control type="radiobutton" id="6">
					<selected>ListItem.Property(addon.isinstalled) | !Window.IsActive(addonbrowser)</selected>
					<label />
				</control>
				<control type="radiobutton" id="7">
					<selected>!String.StartsWith(Control.GetLabel(7),$LOCALIZE[24022]) | !Window.IsActive(addonbrowser)</selected>
					<label />
				</control>
				<control type="button" id="8">
					<label>$LOCALIZE[24069]</label>
				</control>
				<control type="button" id="9">
					<label>$LOCALIZE[24020]</label>
				</control>
				<control type="button" id="10">
					<label>$LOCALIZE[39024]</label>
				</control>
				<control type="button" id="12">
					<label>$LOCALIZE[518]</label>
				</control>
				<control type="radiobutton" id="13">
					<visible>Control.IsEnabled(13)</visible>
					<label />
				</control>
		</include>
		<control type="panel" id="50">
			<include>HiddenObject</include>
		</control>
		<include content="swan_debug_overlay" />
	</controls>
</window>
