<?xml version="1.0" encoding="UTF-8"?>
<window>
	<include content="media_window_attributes">
		<param name="view_ids" value="50,51,52,53,54" />
	</include>

<!-- native GUI Buttons -->
		<control type="button" id="3">
			<visible>Control.IsEnabled(3)</visible>
			<include content="HiddenObject" />
		</control>
		<control type="togglebutton" id="4">
			<visible>Control.IsEnabled(4)</visible>
			<include content="HiddenObject" />
		</control>
		<control type="group">
			<include>GlobalBackground</include>
		</control>
		
		<control type="group" id="70">
			<descriptiopn>viewtypes</descriptiopn>
			
			<include content="Animation_TransitionFadeOut">
				<param name="condition" value="$EXP[Infodialog_IsActive] | Window.IsActive(mediasource)" />
			</include>
			
			<centerleft>50%</centerleft>
			
			<!-- Shortcut -->
			<include content="SwanShortcuts_Container" condition="!string.isempty(window(home).property(shortcutitem_nr))" />
				
			
			<!-- Regular -->
			<include condition="String.IsEmpty(Window(home).Property(SetShortcutInProgress))">view50</include>
			<include condition="String.IsEmpty(Window(home).Property(SetShortcutInProgress))">Simple_Panels</include>
			<include condition="String.IsEmpty(Window(home).Property(SetShortcutInProgress))">view58</include>
			
			
		</control>
		
		<control type="group">
			<!-- may rework ,or move to include itself -->
			<visible type="fade">!$EXP[Infodialog_IsActive]</visible>
			<visible>String.IsEmpty(Window(home).Property(SetShortcutInProgress))</visible>
			<animation reversible="true" effect="slide" start="0,0" end="0,-110" tween="quadratic" time="400" condition="Control.IsVisible(58) + !Control.HasFocus(58001)">conditional</animation>
			<include>HeaderBar</include>
		</control>
		
		<include content="swan_debug_overlay">
			<param name="textleft" value=""/>
		</include>
</window>
