<?xml version="1.0" encoding="UTF-8"?>
<window id="1123">
	<defaultcontrol always="true">2323</defaultcontrol>
	<menucontrol>9000</menucontrol>
	<backgroundcolor>$VAR[color_global_background_layer1]</backgroundcolor>
	<onload>RunScript(script.embuary.helper,action=blurimg,file='"$VAR[texture_profilelogin_background]"',prop=profileloginbg,radius=2)</onload>
	<onunload>ClearProperty(profileloginbg_blurred,home)</onunload>
	<onunload>ClearProperty(profileloginbg_color,home)</onunload>

	<controls>
		<control type="group">
			<control type="image">
				<animation effect="fade" start="0" end="100" time="250" condition="String.IsEmpty(Window.Property(HideProfiles))">conditional</animation>
				<texture diffuse="tempdebugandtest/kodi_diffusor_ls_inverted.png">$INFO[Window(home).Property(profileloginbg_blurred)]</texture>
			</control>
			<control type="image">
				<texture diffuse="tempdebugandtest/kodi_diffusor_ls.png">$VAR[texture_profilelogin_background]</texture>
			</control>
		</control>
	
		
		</controls>
</window>
