<?xml version="1.0" encoding="UTF-8"?>
<window>
	<include content="media_window_attributes">
		<param name="view_ids" value="50,51,52,53,54,502,56,58,501" />
	</include>

	<controls>
		
		<!-- skin helping stuff -->
		<control type="list" id="2000">
			<include>HiddenContainer</include>
			<visible>String.IsEmpty(Window(home).Property(SetShortcutInProgress))</visible>
			<content limit="1">$VAR[EmbuaryHelper_GetInfo_dbid]</content>
		</control>
		<control type="list" id="2001">
			<include>HiddenContainer</include>
			<content sortby="year">$INFO[ListItem.FolderPath]</content>
			<visible>String.IsEmpty(Window(home).Property(SetShortcutInProgress))</visible>
			<visible>String.IsEqual(ListItem.DBtype,set)</visible>
		</control>
		<control type="list" id="2002">
			<visible>Container.Content(seasons)</visible>
			<visible>String.IsEmpty(Window(home).Property(SetShortcutInProgress))</visible>
			<include>HiddenContainer</include>
			<content limit="1">$VAR[EmbuaryHelper_NextUp]</content>
		</control>
		
		<!-- native GUI Ctrls -->
		<control type="button" id="2">
			<description>Select viewtype</description>
			<include content="HiddenObject" />
		</control>
		
		<control type="button" id="3">
			<description>Select sort method (sort by: name, date size, etc...)</description>
			<visible>Control.IsEnabled(3)</visible>
			<include content="HiddenObject" />
		</control>
		
		<control type="togglebutton" id="4">
			<description>Select sortmode (ascending or descending)</description>
			<visible>Control.IsEnabled(4)</visible>
			<include content="HiddenObject" />
		</control>
		
		<!-- 
		<control type="button" id="5">
			<description>Switch to file mode</description>
			<label>$LOCALIZE[1214]</label>
			<include content="HiddenObject" />
		</control>
		 -->
		<control type="button" id="6">
			<description>Play DVD (used the play physical DVD discs)</description>
			<label>$LOCALIZE[341]</label>
			<include content="HiddenObject" />
		</control>
		
		<control type="button" id="10">
			<description>Show only watched, unwatched or all videos</description>
			<visible>Container.Content(movies) | Container.Content(sets) | Container.Content(tvshows) | Container.content(seasons) | Container.Content(episodes)</visible>
			<include content="HiddenObject" />
		</control>
		
		<control type="button" id="11">
			<description>Unlock shares</description>
			<selected>system.ismaster</selected>
			<label>$LOCALIZE[20336]</label>
			<onclick>mastermode</onclick>
			<visible>system.haslocks</visible>
			<include content="HiddenObject" />
		</control>
		
		<control type="button" id="16">
			<description>Start party mode (randomly play musicvideos from your collection)</description>
			<label>$LOCALIZE[20389]</label>
			<include content="HiddenObject" />
		</control>
		
		<control type="button" id="20">
			<description>Update library</description>
			<include content="HiddenObject" />
		</control>
<!--
8	button	<label>$LOCALIZE[137]</label>	Search for a string anywhere in the Kodi video database
12	label	Number of items in the list
15	label	Filter label
18	label	Warning to the user to turn off library mode when no scanned media is found
-->
		
		
		
		
		<control type="group">
			<visible>!Skin.HasSetting(BlurEnabled)</visible>
			<visible>String.IsEmpty(Window(home).Property(SetShortcutInProgress))</visible>
			<include>GlobalBackground</include>
		</control>
		<control type="group">
			<visible>Skin.HasSetting(BlurEnabled)</visible>
			<visible>String.IsEmpty(Window(home).Property(SetShortcutInProgress))</visible>
			<include>GlobalBlurredBackground</include>
		</control>
		
		<control type="group" id="70">
			<description>viewtypes</description>
			<include content="Animation_Close_MediaContainer" condition="String.IsEmpty(Window(home).Property(SetShortcutInProgress))" />
			<centerleft>50%</centerleft>
			
			<!-- 
			<include content="Animation_TransitionFadeOut">
				<param name="condition" value="$EXP[Infodialog_IsActive] | Window.IsActive(mediasource)" />
			</include> 
			-->
			<animation type="Conditional" condition="$EXP[Infodialog_IsActive] | Window.IsActive(mediasource) | [Window.IsActive(shutdownmenu) + !Control.IsVisible(58)]">
				<effect type="fade" start="100" end="0" time="250" tween="sine" easing="out" />
				<effect type="zoom" center="50%,50%" start="100" end="0" time="300" tween="cubic" easing="out" />
			</animation>
			
			<!-- Shortcut -->
			<include content="SwanShortcuts_Container" condition="!string.isempty(window(home).property(shortcutitem_nr))" />
				
			<!-- Regular -->
			<include condition="String.IsEmpty(Window(home).Property(SetShortcutInProgress))">view50</include>
			<include condition="String.IsEmpty(Window(home).Property(SetShortcutInProgress))">Simple_Panels</include>
			<include condition="String.IsEmpty(Window(home).Property(SetShortcutInProgress))">view56</include>
			<include condition="String.IsEmpty(Window(home).Property(SetShortcutInProgress))">view58</include>
			
			<include condition="String.IsEmpty(Window(home).Property(SetShortcutInProgress))">view502</include>
			
			
			<control type="scrollbar" id="60">
				<!-- focus animation ? -->
				<description>vertical</description>
				<visible>String.IsEmpty(Window(home).Property(SetShortcutInProgress))</visible>
				<visible>!Control.IsVisible(58)</visible>
				<!-- <right>2%</right> -->
				<right>45</right>
				<top>160</top>
				<height>74%</height>
				<onup>60</onup>
				<ondown>60</ondown>
				<onleft>SetFocus(50)</onleft>
				<onright>19</onright>
			</control>
		</control>
		
		<include content="HeaderBar">
			<param name="HasBGPanel" value="Skin.HasSetting(MediaWindow_UseHeaderBG)" />
		</include>
		
		<!-- Pre-MenuControl -->
		<include content="PreMenucontrol" />
		
		<control type="group">
			<animation effect="slide" start="-450,0" end="0,0" time="300" tween="cubic" easing="inout">VisibleHidden</animation>
			<visible>String.IsEqual(Window(Home).Property(MenucontrolActive),true)</visible>
			<include content="Menucontrol_Media" condition="String.IsEmpty(Window(home).Property(SetShortcutInProgress))" />
		</control>
		
		<!-- <include content="ViewSelection" /> -->
		<control type="group">
			<right>0</right>
			<width>1375</width>
			<visible>String.IsEqual(Window(Home).Property(view_selection),visible)</visible>
			<animation effect="slide" start="1375,0" end="0,0" time="300" tween="cubic" easing="inout">VisibleHidden</animation>
		
			<control type="image">
				<texture>colors/white20.png</texture>
			</control>
			
			<control type="button" id="100">
				<texturefocus>colors/white.png</texturefocus>
				<onclick>ClearProperty(view_selection,home)</onclick>
				<onclick>SetFocus(9000)</onclick>
			</control>
		
		</control>

		
		<include content="NativeString_Filter" />
		
		
		
		<include content="swan_debug_overlay">
			<param name="textleft" value="1  istitem.filenameandpath :  $INFO[listitem.filenameandpath]
2  listitem.path :         $INFO[listitem.path]
listitem.dbid $INFO[listitem.dbid]
3  ListItem.FolderName :  $INFO[ListItem.FolderName]

4  Container.FolderPath :  $INFO[Container.FolderPath]
test  ListItem.FolderPath :  $INFO[ListItem.FolderPath]
5  Container.Content  :  $INFO[Container.Content]  ; Container.ListItem.dbtype  :  $INFO[ Container.ListItem.dbtype]

6 window Prop Shortcuts $INFO[Window(home).Property(shortcutitem_nr)]
7 window Prop SetShortcutInProgress $INFO[Window(home).Property(SetShortcutInProgress)]

8 Container.Viewmode  $INFO[Container.Viewmode]


SKINNED PROPS SET ON FOCUS
       $INFO[Window(home).Property(listitemtrailer), listitemtrailer ,]
       $INFO[Window(home).Property(dbid), dbid ,]
       $INFO[Window(home).Property(rating), rating ,]
       $INFO[Window(home).Property(totalseasons), totalseasons ,]
       $INFO[Window(home).Property(totalepisodes), totalepisodes ,]
       $INFO[Window(home).Property(status), status ,]
	   $INFO[Window(home).Property(include condition), include condition :  ,]
END


$INFO[ListItem.UserRating,9 userrating   ,]
$INFO[ListItem.Rating,9 rating   ,]
$INFO[ListItem.Rating(themoviedb),9 rating(themoviedb)   ,]
$INFO[ListItem.Rating(imdb),9 rating(imdb)   ,]
$INFO[ListItem.Rating(tvdb),9 rating(tvdb)   ,]
$INFO[ListItem.Rating(metacritic),9 rating(metacritic)   ,]
$INFO[ListItem.Rating(tomatometerallaudience),9 rating(tomatometerallaudience)   ,]
$INFO[ListItem.Rating(tomatometerallcritics),9 rating(tomatometerallcritics)   ,]
$INFO[ListItem.Rating(tomatometeravgaudience),9 rating(tomatometeravgaudience)   ,]
$INFO[ListItem.Rating(tomatometeraavgcritics),9 rating(tomatometeraavgcritics)   ,]

ListItem.Art(fanart) : $INFO[ListItem.Art(fanart)]
ListItem.Art(tvshow.fanart) : $INFO[ListItem.Art(tvshow.fanart)]
ListItem.Art(artist.fanart) : $INFO[ListItem.Art(artist.fanart)]
ListItem.Art(albumartist.fanart) : $INFO[ListItem.Art(albumartist.fanart)]

Container.ListItem.Art(fanart) : $INFO[Container.ListItem.Art(fanart)]
Container.ListItem.Art(tvshow.fanart) : $INFO[Container.ListItem.Art(tvshow.fanart)]
Container.ListItem.Art(artist.fanart) : $INFO[Container.ListItem.Art(artist.fanart)]
Container.ListItem.Art(albumartist.fanart) : $INFO[Container.ListItem.Art(albumartist.fanart)]

Container.Art(fanart) : $INFO[Container.Art(fanart)]
9
10

[B]listitems(s)[/B]
   $INFO[listitem.dbid,current dbid :    ,    ]
   $INFO[listitem.dbtype,current DBTYPE :    ,    ]
   $INFO[listitem.label,label:    ,    ]

[B]get byid container(2000)[/B]
   $INFO[container(2000).listitem.dbid,container 2000 dbid :    ,    ]
   $INFO[container(2000).listitem.dbtype,container 2000 dbtype :    ,    ]
   $INFO[container(2000).listitem.label,container 2000 label :    ,    ]
"/>
</include>
	</controls>
</window>
