<?xml version="1.0" encoding="UTF-8"?>
<includes>
	
	<variable name="texture_profilelogin_background">
		<value condition="Skin.String(texture_profilelogin_background)">$INFO[Skin.String(texture_profilelogin_background)]</value>
		<value>special://skin/extras/backgroundimages/72092.jpg</value>
	</variable>
	<include name="HeaderBar">
		<param name="HasBGPanel" default="true" />
		
		<definition>
		<control type="group">
			<visible>!$EXP[Infodialog_IsActive]</visible>
			<visible>String.IsEmpty(Window(home).Property(SetShortcutInProgress))</visible>
			<animation type="Conditional" condition="Window.IsActive(shutdownmenu)">
				<effect type="fade" start="100" end="0" time="250" tween="sine" easing="out" />
				<effect type="zoom" center="50%,50%" start="100" end="0" time="300" tween="cubic" easing="out" />
			</animation>
			<animation reversible="true" effect="slide" start="0,0" end="0,-110" tween="quadratic" time="400" condition="Control.IsVisible(58) + !Control.HasFocus(58001)">conditional</animation>
			<width>100%</width>
			<height>110</height>	
				
			<control type="image">
				<description>BG PANEL</description>
				<visible>$PARAM[HasBGPanel]</visible>
				<width>100%</width>
				<height>100%</height>
				<texture colordiffuse="$VAR[color_header_backgroundpanel]">$VAR[texture_global_headerbar]</texture>
				<aspectratio>stretch</aspectratio>
			</control>
			
			<!-- left grouplist w25% profile ? + curent -->
			
			<control type="grouplist">
				<width>45%</width>
				<height>110</height>	
				<left>20</left>
				<orientation>horizontal</orientation>
				<itemgap>10</itemgap>
				<usecontrolcoords>true</usecontrolcoords>
				<align>left</align>
				
				<control type="group">
					<description>unlucky layout position...act custom and LoadProfile(), logoff()</description>
					<visible>!Skin.HasSetting(HideProfile_Header)</visible>
					<width>100</width>
					<height>110</height>	
					
					<control type="button" id="97">
						<width>110</width>
						<height>110</height>
						<texturenofocus />
						<onclick>System.LogOff</onclick>
					</control>
					
					<control type="image">
						<left>5</left>
						<top>3</top>
						<width>80</width>
						<height>80</height>	
						<bordersize>4</bordersize>
						<bordertexture colordiffuse="ff181818">artworkdiffuse/circle.png</bordertexture>
						<texture diffuse="artworkdiffuse/circle.png">$INFO[System.ProfileThumb]</texture>
						<aspectratio scalediffuse="true">scale</aspectratio>
					</control>
					<control type="label">
						<top>87</top>
						<width>85</width>
						<height>15</height>
						<align>center</align>
						<info>System.ProfileName</info>
						<font>debugtiny</font>
						<textcolor>$VAR[color_header_text_accent]</textcolor>
					</control>
					
				</control>
				<control type="image">
					<visible>!Skin.HasSetting(HideProfile_Header)</visible>
					<top>10</top>
					<height>90</height>
					<width>2</width>
					<texture colordiffuse="white">colors/white30.png</texture>
					<aspectratio align="right">stretch</aspectratio>
				</control>
				<control type="group">
					<description>Non media Cur Window</description>
					<visible>!Window.IsMedia</visible>
					<width>1650</width>
					<height>110</height>	
					<control type="label">
						<include content="pos_top" condition="!Skin.HasSetting(HideSubHeaderInfo)">
							<param name="top" value="10" />
						</include>
						<include content="pos_top" condition="Skin.HasSetting(HideSubHeaderInfo)">
							<param name="top" value="25" />
						</include>
						<height>50</height>
						<align>left</align>
						<label>$VAR[Header_InfoTop]</label>
						<!-- <label>$VAR[Header_InfoTop] [I]$VAR[CurrentContent_Info][/I]</label> -->
						<font>HeaderBar_Media</font>
						<textcolor>$VAR[color_header_text_main]</textcolor>
					</control>
					<control type="label">
						<top>60</top>
						<height>30</height>
						<align>left</align>
						<label>$VAR[CurrentContent_Info]</label>
						<font>DialogListItem</font>
						<textcolor>$VAR[color_header_text_main]</textcolor>
						<visible>!Skin.HasSetting(HideSubHeaderInfo)</visible>
					</control>
				</control>
			</control>
			<!-- right max 480 on 1080p, due to group cond incl based on system res_h -->
			<control type="grouplist">
				<width>25%</width>
				<height>110</height>	
				<right>10</right>
				<orientation>horizontal</orientation>
				<itemgap>10</itemgap>
				<usecontrolcoords>true</usecontrolcoords>
				<align>right</align>
				<visible>![Skin.HasSetting(HideTimeDate_Header) + Skin.HasSetting(HideWeather_Header)]</visible>
				<control type="group">
					<description>time and date</description>
					<visible>!Skin.HasSetting(HideTimeDate_Header)</visible>
					<top>10</top>
					<width>370</width>
					<height>110</height>
					<control type="label">
						<width>100%</width>
						<height>50</height>
						<align>right</align>
						<info>System.Time</info>
						<font>font_clock</font>
						<textcolor>$VAR[color_header_text_accent]</textcolor>
					</control>
					<control type="label">
						<right>2</right>
						<top>60</top>
						<width>100%</width>
						<height>20</height>
						<align>right</align>
						<info>System.Date</info>
						<font>HeaderBar_Sub</font>
						<textcolor>$VAR[color_header_text_main]</textcolor>
					</control>
				</control>
				
				<control type="group">
					<description>weather</description>
					<visible>!Skin.HasSetting(HideWeather_Header) + [!String.Contains(Weather.Temperature,$LOCALIZE[503]) | [!String.IsEqual(Weather.fanartcode,na) + Weather.IsFetched]]</visible>
					<width>110</width>
					<height>110</height>
					<control type="image">
						<left>8</left>
						<description>seperator</description>
						<visible>!Skin.HasSetting(HideTimeDate_Header)</visible>
						<top>9</top>
						<height>90</height>
						<width>1</width>
						<texture colordiffuse="white">colors/white30.png</texture>
						<aspectratio align="left">stretch</aspectratio>
					</control>
					<control type="label">
						<top>65</top>
						<width>110</width>
						<height>20</height>
						<align>center</align>
						<aligny>bottom</aligny>
						<label>$INFO[Weather.Temperature]</label>
						<font>font23_title</font>
						<textcolor>$VAR[color_header_text_main]</textcolor>
					</control>
					<control type="image">
						<top>5</top>
						<height>65</height>
						<width>110</width>
						<texture colordiffuse="$VAR[color_header_text_main]">$INFO[Weather.FanartCode,resource://resource.images.weathericons.outline-hd/,.png]</texture>
						<!-- <texture>$INFO[Weather.FanartCode,resource://resource.images.weathericons.outline/,.png]</texture>
						 -->
						<!-- <bordertexture>$INFO[Weather.FanartCode,resource://resource.images.weathericons.outline/,.jpg]</bordertexture> -->
						<!-- , skinstring equal addon path -->
						<aspectratio align="center">keep</aspectratio>
					</control>
				</control>
			</control>
			
			<!-- center main header media -->
			<control type="group">
				<visible>Window.IsMedia</visible>
				<width>50%</width>
				<height>110</height>	
				<left>25%</left>
				<right>25%</right>
				
				<control type="label">
					<include content="pos_top" condition="!Skin.HasSetting(HideSubHeaderInfo)">
						<param name="top" value="10" />
					</include>
					<include content="pos_top" condition="Skin.HasSetting(HideSubHeaderInfo)">
						<param name="top" value="35" />
					</include>
					<height>50</height>
					<align>center</align>
					<label>$VAR[Header_InfoTop]</label>
					<font>HeaderBar_Media</font>
					<textcolor>$VAR[color_header_text_main]</textcolor>
				</control>
				
				<control type="label">
					<top>60</top>
					<height>30</height>
					<align>center</align>
					<label>$VAR[CurrentContent_Info]</label>
					<font>DialogListItem</font>
					<textcolor>$VAR[color_header_text_main]</textcolor>
					<visible>!Skin.HasSetting(HideSubHeaderInfo)</visible>
					<visible>!Control.IsVisible(58)</visible>
				</control>
				
			</control>
			
		</control>
				
		</definition>
	</include>
	
	
	<!-- or conditional Heading result 
		- localized string content - folderpath
		eg actors (movies)
		eg
		<value condition="
            [String.IsEqual(Container.FolderName,$LOCALIZE[20386])] | 
            [String.Contains(Container.FolderPath,/tags)]">[UPPERCASE][B]$INFO[Container.FolderName][/B][/UPPERCASE]
        </value>
	
		<value condition="String.Contains(Container.FolderPath,movies/) + String.IsEqual(Container.FolderName,$LOCALIZE[515]) + Container.Content(genres)">[UPPERCASE][B]$INFO[Container.FolderName,, ($LOCALIZE[342])][/B][/UPPERCASE]</value>
		<value condition="String.IsEqual(Container.FolderName,$LOCALIZE[515]) + Container.Content(genres)">[UPPERCASE][B]$INFO[Container.FolderName][/B][/UPPERCASE]</value>
		<value condition="String.Contains(Container.FolderPath,movies/genre)">[UPPERCASE][B]$INFO[Container.FolderName] $LOCALIZE[342][/B][/UPPERCASE]</value>
	-->	
	<variable name="Header_InfoTop">
		<value condition="Window.Is(1120)">[UPPERCASE][B]$LOCALIZE[283][/B][/UPPERCASE]</value>
		<value condition="String.IsEqual(Container.FolderName,$LOCALIZE[10024]) + Container.Content(movies)">[UPPERCASE][B]$LOCALIZE[342][/B][/UPPERCASE]</value>
		<value condition="String.IsEqual(Container.FolderName,$LOCALIZE[10024]) + Container.Content(tvshows)">[UPPERCASE][B]$LOCALIZE[20343][/B][/UPPERCASE]</value>
		<value condition="String.IsEqual(Container.FolderName,$LOCALIZE[10024]) + Container.Content(seasons)">[UPPERCASE][B]$LOCALIZE[33054][/B][/UPPERCASE]</value>
		<value condition="String.IsEqual(Container.FolderName,$LOCALIZE[10024]) + Container.Content(sets)">[UPPERCASE][B]$LOCALIZE[20434][/B][/UPPERCASE]</value>
		<value condition="String.IsEqual(Container.FolderName,$LOCALIZE[10024]) + Container.Content(images)">[UPPERCASE][B]$LOCALIZE[10002][/B][/UPPERCASE]</value>
		<value condition="String.IsEqual(Container.FolderName,$LOCALIZE[10024]) + Container.Content(artists)">[UPPERCASE][B]$LOCALIZE[133][/B][/UPPERCASE]</value>
		<value condition="String.IsEqual(Container.FolderName,$LOCALIZE[10024]) + Container.Content(albums)">[UPPERCASE][B]$LOCALIZE[132][/B][/UPPERCASE]</value>
		<value condition="String.IsEqual(Container.FolderName,$LOCALIZE[10024]) + Container.Content(musicvideos)">[UPPERCASE][B]$LOCALIZE[20389][/B][/UPPERCASE]</value>
		<value condition="String.IsEqual(Container.FolderName,$LOCALIZE[10024]) + Container.Content(songs)">[UPPERCASE][B]$LOCALIZE[134][/B][/UPPERCASE]</value>
		<value condition="!String.IsEmpty(Container.FolderName)">[UPPERCASE][B]$INFO[Container.FolderName][/B][/UPPERCASE]</value>
		<value condition="Window.IsMedia">[UPPERCASE][B]$INFO[System.CurrentWindow][/B][/UPPERCASE]</value>
		<value>$INFO[System.CurrentWindow]</value>
	</variable>
	<!-- 
	Window(Home).Property(key) 	The home window has the following info labels.

Movies.Count, 
Movies.Watched, 
Movies.UnWatched, 

TVShows.Count, 
TVShows.Watched, 
TVShows.UnWatched, 

Episodes.Count, 
Episodes.Watched, 
Episodes.UnWatched, 

MusicVideos.Count, 
MusicVideos.Watched, 
MusicVideos.UnWatched, 

Music.SongsCount, 
Music.AlbumsCount, 
Music.ArtistsCount

LatestMovie.[1-10].Title, LatestMovie.[1-10].Year, LatestMovie.[1-10].RunningTime, LatestMovie.[1-10].Rating, LatestMovie.[1-10].Plot, LatestMovie.[1-10].Trailer, LatestMovie.[1-10].Thumb, LatestMovie.[1-10].Fanart, LatestMovie.[1-10].Path

LatestEpisode.[1-10].ShowTitle, LatestEpisode.[1-10].EpisodeTitle, LatestEpisode.[1-10].EpisodeNo, LatestEpisode.[1-10].EpisodeSeason, LatestEpisode.[1-10].EpisodeNumber, LatestEpisode.[1-10].Rating, LatestEpisode.[1-10].Plot, LatestEpisode.[1-10].Thumb, LatestEpisode.[1-10].ShowThumb, LatestEpisode.[1-10].SeasonThumb, LatestEpisode.[1-10].Fanart, LatestEpisode.[1-10].Path

LatestMusicVideo.[1-10].Title, LatestMusicVideo.[1-10].Thumb, LatestMusicVideo.[1-10].Year, LatestMusicVideo.[1-10].Plot, LatestMusicVideo.[1-10].RunningTime, LatestMusicVideo.[1-10].Path, LatestMusicVideo.[1-10].Artist, LatestMusicVideo.[1-10].Fanart

LatestSong.[1-10].Title, LatestSong.[1-10].Artist, LatestSong.[1-10].Album, LatestSong.[1-10].Year, LatestSong.[1-10].Rating, LatestSong.[1-10].Thumb, LatestSong.[1-10].Fanart, LatestSong.[1-10].Path

LatestAlbum.[1-10].Title, LatestAlbum.[1-10].Artist, LatestAlbum.[1-10].Year, LatestAlbum.[1-10].Rating, LatestAlbum.[1-10].Thumb, LatestAlbum.[1-10].Fanart, LatestAlbum.[1-10].Path  -->
	
	<variable name="CurrentContent_Info">
		<value condition="Window.Is(1120)">Search Term Is : [B][COLOR=$VAR[color_header_text_accent]]$INFO[Skin.string(searchterm)][/COLOR][/B]</value>
		<value condition="Container.Content(movies)">$LOCALIZE[20161] : [COLOR=$VAR[color_header_text_accent]]$INFO[Window(Home).Property(Movies.Count)][/COLOR] [B]|[/B] $LOCALIZE[16101] : [COLOR=$VAR[color_header_text_accent]]$INFO[Window(Home).Property(Movies.UnWatched)][/COLOR]</value>
		<value condition="Container.Content(tvshows)">$LOCALIZE[20161] : [COLOR=$VAR[color_header_text_accent]]$INFO[Window(Home).Property(TVShows.Count)][/COLOR] [B]|[/B] $LOCALIZE[16101] : [COLOR=$VAR[color_header_text_accent]]$INFO[Window(Home).Property(TVShows.UnWatched)][/COLOR]</value>
		<value condition="Window.IsMedia">$LOCALIZE[20161] : [COLOR=$VAR[color_header_text_accent]]$INFO[Container(id).NumItems][/COLOR] [B]|[/B] $LOCALIZE[16101] : [COLOR=$VAR[color_header_text_accent]]$INFO[Container.TotalUnWatched][/COLOR]</value>
		<value>[COLOR=$VAR[color_header_text_accent]]$INFO[System.CurrentControl][/COLOR]</value>
	</variable>
	
	<variable name="CurrentContent_Info_left">
		<value condition="Window.Is(1120)">Search Term Is</value>
		<value condition="Container.Content(movies)">$LOCALIZE[20161] : [COLOR=$VAR[color_header_text_accent]]$INFO[Window(Home).Property(Movies.Count)][/COLOR]</value>
		<value condition="Container.Content(tvshows)">$LOCALIZE[20161] : [COLOR=$VAR[color_header_text_accent]]$INFO[Window(Home).Property(TVShows.Count)][/COLOR]</value>
		<value>$LOCALIZE[20161] : [COLOR=$VAR[color_header_text_accent]]$INFO[Container(id).NumItems][/COLOR]</value>
	</variable>
	<variable name="CurrentContent_Info_center">
		<value condition="Window.Is(1120)"> [B]:[/B] </value>
		<value> [B]|[/B] </value>
	</variable>
	<variable name="CurrentContent_Info_right">
		<value condition="Window.Is(1120)">[B][COLOR=$VAR[color_header_text_accent]]$INFO[Skin.string(searchterm)][/COLOR][/B]</value>
		<value condition="Container.Content(movies)">$LOCALIZE[16101] : [COLOR=$VAR[color_header_text_accent]]$INFO[Window(Home).Property(Movies.UnWatched)][/COLOR]</value>
		<value condition="Container.Content(tvshows)">$LOCALIZE[16101] : [COLOR=$VAR[color_header_text_accent]]$INFO[Window(Home).Property(TVShows.UnWatched)][/COLOR]</value>
		<value>$LOCALIZE[16101] : [COLOR=$VAR[color_header_text_accent]]$INFO[Container.TotalUnWatched][/COLOR]</value>
	</variable>
	
	
	<include name="DialogBackground_TriplePanel">
		<!-- fs bg -->
		<control type="image">
			<description>center,use cdiffuse global middle layer</description>
			<left>0</left>
			<top>0</top>
			<width>100%</width>
			<height>100%</height>
			<texture>colors/white.png</texture>
			<colordiffuse>$VAR[color_global_background_layer2]</colordiffuse>
			<aspectratio>stretch</aspectratio>
        </control>
		
		<!-- change cdiffuse alpha to #alpha#000000png -->
		<control type="image">
			<description>leftbg alpha60</description>
			<left>0</left>
			<top>0</top>
			<width>33.3%</width>
			<height>100%</height>
            <texture>colors/white.png</texture>
            <colordiffuse>99000000</colordiffuse>
			<aspectratio>stretch</aspectratio>
        </control>
		<control type="image">
			<description>center alpha80</description>
			<left>33.3%</left>
			<top>0</top>
			<width>33.3%</width>
			<height>100%</height>
            <texture>colors/white.png</texture>
            <colordiffuse>CC000000</colordiffuse>
			<aspectratio>stretch</aspectratio>
        </control>
		<control type="image">
			<description>right alpha100</description>
			<left>66.6%</left>
			<top>0</top>
			<width>33.4%</width>
			<height>100%</height>
            <texture>colors/white.png</texture>
            <colordiffuse>FF000000</colordiffuse>
			<aspectratio>stretch</aspectratio>
        </control>
	</include>
	
	<include name="GlobalBackground">
		
		<control type="group">
			<include>HiddenObject</include>
			<control type="image" id="99006">
				<texture background="true">$VAR[FanartBackground]</texture>
				<visible>Skin.HasSetting(ShowFanartBackground) | $EXP[IsNetflixLayout] | Window.IsActive(filebrowser)</visible>
			</control>
			<include condition="Skin.HasSetting(ShowFanartBackground) + Skin.HasSetting(EnableRotatingExtraFanart)">Rotating_ExtraFanartBackground</include>
		</control>
		
		<control type="group">
			
			<include content="VideoFullscreenBG" />
			
			<!-- use include to circumstance reload needs ? - also optional diffuse masking for bg image is also interesting -->
			<control type="image">
				<description>Layer2 Artwork - optional tint</description>
				<depth>DepthBackground</depth>
				<texture diffuse="colors/white.png" background="true">$VAR[backgroundVar]</texture>
				<aspectratio align="center" aligny="center">scale</aspectratio>
				<fadetime>600</fadetime>
				<include condition="!Skin.HasSetting(BG_PreferOverlay2ndLayer)" content="BG_PreferTintetArt" />
				<visible>!$EXP[IsNetflixLayout]</visible>
				<animation effect="zoom" start="110" end="130" center="auto" time="10000" tween="cubic" easing="inout" pulse="true" condition="Skin.HasSetting(BackgroundAnimation) | Window.Is(settings)">Conditional</animation>
				<animation effect="slide" start="-10,-10" end="10,10" time="8000" tween="cubic" easing="inout" pulse="true" condition="Skin.HasSetting(BackgroundAnimation) | Window.Is(settings)">Conditional</animation>
			</control>
			
			<control type="image">
				<description>Layer2 Artwork Overlay - if artwork tint is unwished</description>
				<depth>DepthBackground</depth>
				<visible>Skin.HasSetting(BG_PreferOverlay2ndLayer)</visible>
				<visible>!$EXP[IsNetflixLayout]</visible>
				<colordiffuse>$VAR[color_global_background_layer2]</colordiffuse>
				<texture>$VAR[backgroundOverlayVar]</texture>
			</control>
			
			<include content="BG_Overlay" />
		
		</control>
       
        
    </include>
	
	
    <include name="BG_PreferTintetArt">
		<colordiffuse>$VAR[color_global_background_layer2]</colordiffuse>
	</include>
	
    <!-- 
check variables
<colordiffuse>$VAR[color_global_background_layer2]</colordiffuse>
<texture background="true">$VAR[FanartBackground]</texture>
need varaiable for texture diffuse="" blur vis control + multiimage control
 
 can be merged with global, var resvision + visible conds revision needed - to tired for that
use this include pr add variable fpr diffuse textures

-->
	
    <include name="GlobalBlurredBackground">
			
			<control type="image" id="99005">
				<include>HiddenObject</include>
				<description>blur container</description>
				<texture background="true" fallback="special://skin/extras/backgroundimages/pattern1.jpg">$VAR[BlurFanartBackground]</texture>
			</control>
			
			<control type="group">
				<include>VideoFullscreenBG</include>
				
				<control type="image">
					<description>conditional diffuse - blurred bg overlay img</description>
					<include condition="!Skin.HasSetting(BG_PreferOverlay2ndLayer)" content="BG_PreferTintetArt" />
					<texture>$INFO[Window(home).Property(listitem_blurred)]</texture>
				</control>
				
				<control type="image">
					<description>Layer2 Artwork Overlay - if artwork tint is unwished</description>
					<depth>DepthBackground</depth>
					<visible>Skin.HasSetting(BG_PreferOverlay2ndLayer)</visible>
					<visible>!$EXP[IsNetflixLayout]</visible>
					<colordiffuse>$VAR[color_global_background_layer2]</colordiffuse>
					<texture>colors/white70.png</texture>
				</control>
				<include content="BG_Overlay" condition="true" />
			</control>
    </include>
	
	<!-- [e.g. GradientFromRight].png -->
	<variable name="GradientBlurDiffusor">
		<value condition="Skin.HasSetting(GradientBlur)">image.png</value>
		<value></value>
	</variable>
	<variable name="GradientNonBlurDiffusor">
		<value condition="Skin.HasSetting(GradientBlur)">[e.g. GradientFromRight].png</value>
		<value></value>
	</variable>
	
	<include name="BG_Overlay">
		<param name="texture" default="$VAR[Global_Layer3_OverlayImage]" />
		<param name="colordiffuse" default="$VAR[Global_Layer3_OverlayImageColor]" />
		<definition>
			<control type="image">
				<animation effect="fade" start="100" end="0" time="300" condition="Window.Is(home) + String.IsEqual(Skin.String(HomeLayout),Spotlight) + Player.HasVideo">Conditional</animation>
				<description>temp disabled for 58, maybe optional or make workaraound with 2nd image </description>
				<visible>[!Window.IsActive(home) + !String.IsEmpty(Skin.String(texture_global_background_layer3)) + !Control.IsVisible(58)] | [Window.IsActive(home) + !String.IsEmpty(Skin.String(texture_home_background_layer3))]</visible>
				<depth>DepthBackground2</depth>
				<texture>$PARAM[texture]</texture>
				<colordiffuse>$PARAM[colordiffuse]</colordiffuse>
			</control>
		</definition>
	</include>
	<variable name="Global_Layer3_OverlayImage">
		<value condition="$EXP[IsHome] + !String.IsEmpty(Skin.String(texture_home_background_layer3))">$INFO[Skin.String(texture_home_background_layer3)]</value>
		<value condition="!Window.IsActive(home)">$INFO[Skin.String(texture_global_background_layer3)]</value>
	</variable>
	<variable name="Global_Layer3_OverlayImageColor">
		<value condition="$EXP[IsHome] + !String.IsEmpty(Skin.String(texture_home_background_layer3))">$VAR[color_home_background_layer3]</value>
		<value condition="!Window.IsActive(home)">$VAR[color_global_background_layer3]</value>
	</variable>
	
	<include name="Rotating_ExtraFanartBackground">
		<control type="fadelabel" id="99007">
			<visible>Window.IsMedia</visible>
			<!-- additional visibility conditions -->
			
			<info>Container.ListItem.Art(fanart)</info>
			<info>Container.ListItem.Art(fanart1)</info>
			<info>Container.ListItem.Art(fanart2)</info>
			<info>Container.ListItem.Art(fanart3)</info>
			<info>Container.ListItem.Art(fanart4)</info>
			<info>Container.ListItem.Art(fanart5)</info>
			<info>Container.ListItem.Art(fanart6)</info>
			<info>Container.ListItem.Art(fanart7)</info>
			<info>Container.ListItem.Art(fanart8)</info>
			<info>Container.ListItem.Art(fanart9)</info>
			<info>Container.ListItem.Art(fanart10)</info>
			<info>Container.ListItem.Art(fanart11)</info>
			<info>Container.ListItem.Art(fanart12)</info>
			<info>Container.ListItem.Art(fanart13)</info>
			<info>Container.ListItem.Art(fanart14)</info>
			<info>Container.ListItem.Art(fanart15)</info>
			<info>Container.ListItem.Art(fanart16)</info>
			<info>Container.ListItem.Art(fanart17)</info>
			<info>Container.ListItem.Art(fanart18)</info>
			<info>Container.ListItem.Art(fanart19)</info>
			<info>Container.ListItem.Art(fanart20)</info>
			
			<info>Container.ListItem.Art(tvshow.fanart)</info>
			<info>Container.ListItem.Art(tvshow.fanart1)</info>
			<info>Container.ListItem.Art(tvshow.fanart2)</info>
			<info>Container.ListItem.Art(tvshow.fanart3)</info>
			<info>Container.ListItem.Art(tvshow.fanart4)</info>
			<info>Container.ListItem.Art(tvshow.fanart5)</info>
			<info>Container.ListItem.Art(tvshow.fanart6)</info>
			<info>Container.ListItem.Art(tvshow.fanart7)</info>
			<info>Container.ListItem.Art(tvshow.fanart8)</info>
			<info>Container.ListItem.Art(tvshow.fanart9)</info>
			<info>Container.ListItem.Art(tvshow.fanart10)</info>
			<info>Container.ListItem.Art(tvshow.fanart11)</info>
			<info>Container.ListItem.Art(tvshow.fanart12)</info>
			<info>Container.ListItem.Art(tvshow.fanart13)</info>
			<info>Container.ListItem.Art(tvshow.fanart14)</info>
			<info>Container.ListItem.Art(tvshow.fanart15)</info>
			<info>Container.ListItem.Art(tvshow.fanart16)</info>
			<info>Container.ListItem.Art(tvshow.fanart17)</info>
			<info>Container.ListItem.Art(tvshow.fanart18)</info>
			<info>Container.ListItem.Art(tvshow.fanart19)</info>
			<info>Container.ListItem.Art(tvshow.fanart20)</info>
			<!-- set -->
			<!-- 
			<info>Container.ListItem.Art(set.fanart)</info>
			<info>Container.ListItem.Art(set.fanart1)</info>
			<info>Container.ListItem.Art(set.fanart2)</info>
			<info>Container.ListItem.Art(set.fanart3)</info>
			<info>Container.ListItem.Art(set.fanart4)</info>
			<info>Container.ListItem.Art(set.fanart5)</info>
			<info>Container.ListItem.Art(set.fanart6)</info>
			<info>Container.ListItem.Art(set.fanart7)</info>
			<info>Container.ListItem.Art(set.fanart8)</info>
			<info>Container.ListItem.Art(set.fanart9)</info>
			<info>Container.ListItem.Art(set.fanart10)</info>
			<info>Container.ListItem.Art(set.fanart11)</info>
			<info>Container.ListItem.Art(set.fanart12)</info>
			<info>Container.ListItem.Art(set.fanart13)</info>
			<info>Container.ListItem.Art(set.fanart14)</info>
			<info>Container.ListItem.Art(set.fanart15)</info>
			<info>Container.ListItem.Art(set.fanart16)</info>
			<info>Container.ListItem.Art(set.fanart17)</info>
			<info>Container.ListItem.Art(set.fanart18)</info>
			<info>Container.ListItem.Art(set.fanart19)</info>
			<info>Container.ListItem.Art(set.fanart20)</info>
			-->
			
			<info>Container.ListItem.Art(artist.fanart)</info>
			<info>Container.ListItem.Art(artist.fanart1)</info>
			<info>Container.ListItem.Art(artist.fanart2)</info>
			<info>Container.ListItem.Art(artist.fanart3)</info>
			<info>Container.ListItem.Art(artist.fanart4)</info>
			<info>Container.ListItem.Art(artist.fanart5)</info>
			<info>Container.ListItem.Art(artist.fanart6)</info>
			<info>Container.ListItem.Art(artist.fanart7)</info>
			<info>Container.ListItem.Art(artist.fanart8)</info>
			<info>Container.ListItem.Art(artist.fanart9)</info>
			<info>Container.ListItem.Art(artist.fanart10)</info>
			<info>Container.ListItem.Art(artist.fanart11)</info>
			<info>Container.ListItem.Art(artist.fanart12)</info>
			<info>Container.ListItem.Art(artist.fanart13)</info>
			<info>Container.ListItem.Art(artist.fanart14)</info>
			<info>Container.ListItem.Art(artist.fanart15)</info>
			<info>Container.ListItem.Art(artist.fanart16)</info>
			<info>Container.ListItem.Art(artist.fanart17)</info>
			<info>Container.ListItem.Art(artist.fanart18)</info>
			<info>Container.ListItem.Art(artist.fanart19)</info>
			<info>Container.ListItem.Art(artist.fanart20)</info>
			<randomize>true</randomize>
			<pauseatend>5000</pauseatend>
			<scroll>false</scroll>
			<scrollout>false</scrollout>
		</control>
	</include>

	<!-- 99006 -->
	<!-- actors,years,studio,genre...
		"Container.Content(Genres) + Skin.String(moviegenrefanart.path)" $INFO[Skin.String(moviegenrefanartpath)]/$INFO[ListItem.Label].jpg
		studio dont stretch
		"Container.Content(Studios)" $INFO[Skin.String(moviegenrefanartpath)]/$INFO[ListItem.Label].jpg
	-->
		
	<variable name="FanartBackground">
		<value condition="[[$EXP[IsEpisode]] | [$EXP[IsSeason]]] + [!String.IsEmpty(ListItem.Art(fanart)) + !String.IsEqual(ListItem.Art(tvshow.fanart), ListItem.Art(fanart))]">$INFO[ListItem.Art(fanart)]</value>
		<value condition="!String.IsEmpty(ListItem.Art(Season.Fanart))">$INFO[ListItem.Art(season.fanart)]</value>
		<value condition="!String.IsEmpty(ListItem.Art(albumartist.fanart))">$INFO[ListItem.Art(albumartist.fanart)]</value>
		<value condition="!String.IsEmpty(ListItem.Art(artist.fanart))">$INFO[ListItem.Art(artist.fanart)]</value>
		<value condition="!String.IsEmpty(ListItem.Art(tvshow.fanart))">$INFO[ListItem.Art(tvshow.fanart)]</value>
		<value condition="!String.IsEmpty(ListItem.Art(fanart))">$INFO[ListItem.Art(fanart)]</value>
		<value condition="!String.IsEmpty(Container.ListItem.Art(fanart))">$INFO[Container.ListItem.Art(fanart)]</value>
		<value condition="!String.IsEmpty(Container.Art(fanart))">$INFO[Container.Art(fanart)]</value>
		<value condition="Window.Is(home) + !String.IsEmpty(ListItem.Property(fanart))">$INFO[ListItem.Property(fanart)]</value>
	</variable>
	
	<!-- 
		<value condition="!String.IsEmpty(ListItem.Art(set.fanart))">$INFO[ListItem.Art(set.fanart)]</value>
		<value condition="Window.Is(home) + !String.IsEmpty(ListItem.ActualIcon)">$INFO[ListItem.ActualIcon]</value>
	-->
		
	
	<!-- 99005 -->
	<variable name="BlurFanartBackground">
		<value condition="Skin.HasSetting(ShowFanartBackground)">$VAR[FanartBackground]</value>
		<value condition="!Skin.HasSetting(ShowFanartBackground) + !String.IsEmpty(Skin.String(texture_global_background_layer2))">$INFO[Skin.String(texture_global_background_layer2)]</value>
	</variable>
	
	<include name="VideoFullscreenBG">
		<control type="videowindow">
			<visible>$EXP[IsCurrentyPlayingCommon]</visible>
		</control>
	</include>
	
	
	<variable name="backgroundVar">
		<value condition="[$EXP[IsCurrentyPlayingCommon]] + !Skin.HasSetting(BG_PreferOverlay2ndLayer)">colors/white70.png</value>
		<value condition="[$EXP[IsCurrentyPlayingCommon]] + Skin.HasSetting(BG_PreferOverlay2ndLayer)">colors/none.png</value>
		<value condition="!String.IsEmpty(ListItem.Art(animatedfanart)) + Skin.HasSetting(animatedfanart)">$INFO[ListItem.Art(animatedfanart)]</value>
		<value condition="Control.IsVisible(99007) + !String.IsEmpty(Control.GetLabel(99007))">$INFO[Control.GetLabel(99007)]</value>
		<value condition="Control.IsVisible(99006) + !String.IsEmpty(Control.GetLabel(99006)) + !Skin.HasSetting(BlurEnabled)">$INFO[Control.GetLabel(99006)]</value>
		<!-- <value condition="Control.IsVisible(99006) + !String.IsEmpty(Control.GetLabel(99006)) + Skin.HasSetting(BlurEnabled)">$INFO[Window(home).Property(listitem_blurred)]</value> -->
		<value condition="Window.IsActive(MyWeather.xml)">$INFO[Skin.String(WeatherFanArtPack.path)]$INFO[Window(Weather).Property(Current.fanartCode)]$INFO[Skin.String(WeatherFanArtPack.ext)]</value>
		<!-- home if not spotlight should use own  2nd layer <value condition="!Window.IsActive(home) + Skin.String(texture_global_background_layer2)">$INFO[Skin.String(texture_global_background_layer2)]</value> -->
		<value condition="Skin.String(texture_global_background_layer2)">$INFO[Skin.String(texture_global_background_layer2)]</value>
		<value>special://skin/extras/backgroundimages/pattern1.jpg</value>
	</variable>
	
	<!-- better use  - colors/white$INFO[SkinString(opacitydecimal)].png -->
	<variable name="backgroundOverlayVar">
		<value condition="$EXP[IsCurrentyPlayingCommon]">colors/white70.png</value>
		<value>colors/white90.png</value>
	</variable>
	
	<variable name="texture_global_headerbar">
		<value condition="!String.IsEmpty(Skin.String(texture_global_headerbar))">$INFO[Skin.String(texture_global_headerbar)]</value>
		<value>colors/white.png</value>
	</variable>
	
	<include name="PlayerBackground">
		
		<control type="group">
			<include>HiddenObject</include>
			<control type="image" id="77706">
				<texture background="true">$VAR[MusicPlayerBackgroundVar]</texture>
				<visible>Window.IsActive(visualisation)</visible>
				<visible>!Skin.HasSetting(Rotating_MusicPlayerFanart)</visible>
			</control>
			<include condition="Skin.HasSetting(Rotating_MusicPlayerFanart)">Rotating_MusicPlayerFanartBackground</include>
		</control>
		
		<control type="group">
			
			<!-- <include>FullscreenVisualisaion_id2</include> -->
			<control type="image" id="77704">
				
				
				<texture diffuse="colors/white.png" background="true">$VAR[MusicPlayerBackground]</texture>
				<aspectratio align="center" aligny="center">scale</aspectratio>
				<fadetime>600</fadetime>
				
				
				<animation effect="zoom" start="110" end="130" center="auto" time="9000" tween="cubic" easing="inout" pulse="true" condition="Skin.HasSetting(MusicPlayer_BackgroundAnimation)">Conditional</animation>
				<animation effect="slide" start="-10,-10" end="50,65" time="8000" tween="cubic" easing="inout" pulse="true" condition="Skin.HasSetting(MusicPlayer_BackgroundAnimation)">Conditional</animation>
			</control>
			<control type="image">
				<depth>DepthBackground</depth>
				<visible>true</visible>
				<colordiffuse>$VAR[color_osdmusic_bgpanel]</colordiffuse>
				<texture>colors/white50.png</texture>
			</control>
			
			
			
			<!-- <include content="MusicPlayer_FanartOverlay" /> -->
		
		</control>
       
        
    </include>
	
	<include name="Rotating_MusicPlayerFanartBackground">
		<control type="fadelabel" id="77707">
			<visible>Window.Is(visualisation)</visible>
			<info>Player.Art(artist.fanart)</info>
			<info>Player.Art(artist.fanart1)</info>
			<info>Player.Art(artist.fanart2)</info>
			<info>Player.Art(artist.fanart3)</info>
			<info>Player.Art(artist.fanart4)</info>
			<info>Player.Art(artist.fanart5)</info>
			<info>Player.Art(artist.fanart6)</info>
			<info>Player.Art(artist.fanart7)</info>
			<info>Player.Art(artist.fanart8)</info>
			<info>Player.Art(artist.fanart9)</info>
			<info>Player.Art(artist.fanart10)</info>
			<info>Player.Art(artist.fanart11)</info>
			<info>Player.Art(artist.fanart12)</info>
			<info>Player.Art(artist.fanart13)</info>
			<info>Player.Art(artist.fanart14)</info>
			<info>Player.Art(artist.fanart15)</info>
			<info>Player.Art(artist.fanart16)</info>
			<info>Player.Art(artist.fanart17)</info>
			<info>Player.Art(artist.fanart18)</info>
			<info>Player.Art(artist.fanart19)</info>
			<info>Player.Art(artist.fanart20)</info>
			<info>Player.Art(album.thumb)</info>
			
			
			<info>Player.Art(albumartist.fanart)</info>
			<info>Player.Art(albumartist.fanart1)</info>
			<info>Player.Art(albumartist.fanart2)</info>
			<info>Player.Art(albumartist.fanart3)</info>
			<info>Player.Art(albumartist.fanart4)</info>
			<info>Player.Art(albumartist.fanart5)</info>
			<info>Player.Art(albumartist.fanart6)</info>
			<info>Player.Art(albumartist.fanart7)</info>
			<info>Player.Art(albumartist.fanart8)</info>
			<info>Player.Art(albumartist.fanart9)</info>
			<info>Player.Art(albumartist.fanart10)</info>
			<info>Player.Art(albumartist.fanart11)</info>
			<info>Player.Art(albumartist.fanart12)</info>
			<info>Player.Art(albumartist.fanart13)</info>
			<info>Player.Art(albumartist.fanart14)</info>
			<info>Player.Art(albumartist.fanart15)</info>
			<info>Player.Art(albumartist.fanart16)</info>
			<info>Player.Art(albumartist.fanart17)</info>
			<info>Player.Art(albumartist.fanart18)</info>
			<info>Player.Art(albumartist.fanart19)</info>
			<info>Player.Art(albumartist.fanart20)</info>
			
			<randomize>true</randomize>
			<pauseatend>5000</pauseatend>
			<scroll>false</scroll>
			<scrollout>false</scrollout>
		</control>
	</include>
	
	<variable name="MusicPlayerBackground">
		<value condition="Control.IsVisible(77707) + !String.IsEmpty(Control.GetLabel(77707))">$INFO[Control.GetLabel(77707)]</value>
		<value condition="Control.IsVisible(77706) + !String.IsEmpty(Control.GetLabel(77706))">$INFO[Control.GetLabel(77706)]</value>
		<value>special://skin/extras/backgroundimages/pattern1.jpg</value>
	</variable>
	<variable name="MusicPlayerBackgroundVar">
		<value condition="!String.IsEmpty(Player.Art(artist.fanart))">$INFO[Player.Art(artist.fanart)]</value>
		<value condition="!String.IsEmpty(Player.Art(albumartistartist.fanart))">$INFO[Player.Art(albumartistartist.fanart)]</value>
		<value condition="!String.IsEmpty(Player.Art(artist.fanart))">$INFO[Player.Art(fanart)]</value>
		<value condition="!String.IsEmpty(Player.Art(album.thumb))">$INFO[Player.Art(album.thumb)]</value>
		<value>special://skin/extras/backgroundimages/pattern1.jpg</value>
	</variable>
	<include name="View_BGPanel">
		<control type="image">
			<description>optional panel</description>
			<left>0</left>
			<right>0</right>
			<width>100%</width>
			<top>0</top>
			<bottom>0</bottom>
			<texture colordiffuse="$VAR[color_lib_backgroundlayer4]">colors/white50.png</texture>
		</control>
		<control type="image">
			<description>optional panel left</description>
			<left>0</left>
			<width>$PARAM[width2]</width>
			<top>0</top>
			<bottom>0</bottom>
			<texture colordiffuse="$VAR[color_lib_backgroundlayer4]">colors/white50.png</texture>
		</control>
		<control type="image">
			<description>optional panel right</description>
			<right>0</right>
			<width>$PARAM[width3]</width>
			<top>0</top>
			<bottom>0</bottom>
			<texture colordiffuse="$VAR[color_lib_backgroundlayer4]">colors/white50.png</texture>
		</control>
	</include>
</includes>