<?xml version="1.0" encoding="utf-8"?>
<!--Titan-->
<window>
    
    <defaultcontrol always="true">9005</defaultcontrol>
	<!-- TITAN TRAILER DEF  -->
	<!-- <onunload condition="!String.IsEmpty(Window(Home).Property(TrailerPlaying)) + !String.IsEqual(Window(Home).Property(TrailerPlaying),fullscreen)">PlayerControl(Stop)</onunload> -->
    
	<!-- <onunload>PlayerControl(Stop)</onunload> deactivatec, cause it will switch trailer to fullscreen not possible -->
	<onload>PlayerControl(Stop)</onload>
	<onunload>ClearProperty(AdditionalInfo)</onunload>
    <onunload>ClearProperty(filename_formatted,Home)</onunload>
    
	<controls>
        <!-- fake button with actions -->
        <control type="button" id="9005">
            <visible allowhiddenfocus="true">false</visible>
            <onfocus>RunScript(script.skin.helper.service,action=GETFILENAME,output=filename_formatted)</onfocus>
            <onfocus condition="System.HasAddon(script.videoextras)">XBMC.RunScript(script.videoextras,check,"$INFO[ListItem.FilenameAndPath]")</onfocus>
            <onfocus condition="System.HasAddon(script.extendedinfo) + Skin.HasSetting(UseExtendedInfoDialog) + String.IsEqual(Window(Home).Property(contenttype),movies)">RunScript(script.extendedinfo,info=extendedinfo,dbid=$INFO[ListItem.DBID],name=$INFO[ListItem.Title])</onfocus>
            <onfocus condition="System.HasAddon(script.extendedinfo) + Skin.HasSetting(UseExtendedInfoDialog) + String.IsEqual(Window(Home).Property(contenttype),tvshows)">RunScript(script.extendedinfo,info=extendedtvinfo,dbid=$INFO[ListItem.DBID],name=$INFO[ListItem.TvShowTitle])</onfocus>
            <onfocus condition="System.HasAddon(script.extendedinfo) + Skin.HasSetting(UseExtendedInfoDialog) + String.IsEqual(Window(Home).Property(contenttype),seasons)">RunScript(script.extendedinfo,info=seasoninfo,tvshow=$INFO[ListItem.TvShowTitle],season=$INFO[ListItem.Season],silent=True)</onfocus>
            <onfocus condition="System.HasAddon(script.extendedinfo) + Skin.HasSetting(UseExtendedInfoDialog) + String.IsEqual(Window(Home).Property(contenttype),episodes)">RunScript(script.extendedinfo,info=extendedepisodeinfo,tvshow=$INFO[ListItem.TvShowTitle],season=$INFO[ListItem.Season],episode=$INFO[ListItem.Episode],silent=True)</onfocus>
            <!-- <onfocus condition="![System.HasAddon(script.extendedinfo) + Skin.HasSetting(UseExtendedInfoDialog)] + String.Contains(Skin.String(videoinfo_traileraction)) + [String.IsEqual(Window(Home).Property(contenttype),movies) | String.IsEqual(Window(Home).Property(contenttype),tvshows)]">SetProperty(TrailerPlaying,windowed,home)</onfocus> -->
			<!-- TITAN TRAILER DEF <onfocus condition="![System.HasAddon(script.extendedinfo) + Skin.HasSetting(UseExtendedInfoDialog)] + String.Contains(Skin.String(videoinfo_traileraction),auto) + [String.IsEqual(Window(Home).Property(contenttype),movies) | String.IsEqual(Window(Home).Property(contenttype),tvshows)]">RunScript(script.skin.helper.service,ACTION=playtrailer,MODE=$INFO[Skin.String(videoinfo_traileraction)],YOUTUBE=$INFO[Skin.String(AutoYoutubeTrailer)])</onfocus> -->
		    <onfocus condition="System.HasAddon(script.extendedinfo) + Skin.HasSetting(UseExtendedInfoDialog)">close</onfocus>
            <onfocus condition="![System.HasAddon(script.extendedinfo) + Skin.HasSetting(UseExtendedInfoDialog)]">SetFocus(8000)</onfocus>
        </control>
    
		<control type="group">
			<visible>![Skin.HasSetting(UseExtendedInfoDialog) + System.HasAddon(script.extendedinfo)]</visible>
            <include>GlobalBackground</include>
            <include condition="!Skin.HasSetting(DisableNowPlayingBackground)">NowPlayingBackground</include>
				
			<control type="group">
				<include>animation_window_open_close</include>
																
				<!-- Background Panel-->
				<control type="image">
					<posx>40</posx>
					<posy>145</posy>
					<width>1820</width>
					<height>86%</height>
					<texture border="15">diffuse/bgpanel.png</texture>
                    <visible>!Skin.HasSetting(DialogVideoInfoHidePanel)</visible>
					<colordiffuse>$VAR[ViewDetailsPanelColor]</colordiffuse>					
				</control>
                
                <!-- clearlogo at top left-->
                <control type="image" id="887766">
                    <left>80</left>
                    <top>10</top>
                    <width>495</width>
                    <height>143</height>
                    <fadetime>600</fadetime>
                    <aspectratio align="left" aligny="center">keep</aspectratio>
                    <texture background="true">$VAR[ListItemClearLogo]</texture>
                </control>
				
				<!--ClearArt-->
                 <control type="image">
                     <left>1380</left>
                     <top>180</top>
                     <width>100%</width>
                     <height>260</height>
                     <fadetime>200</fadetime>
                     <texture background="true">$INFO[ListItem.Art(clearart)]</texture>
                     <aspectratio align="left" aligny="top">keep</aspectratio>
					 <visible>String.IsEmpty(Window.Property(AdditionalInfo))</visible>
                 </control>			
				
				<!-- MOVIE CAst, bit small, but ...-->
				<control type="panel" id="353"> <!-- new id [351 / kodi 50] ? -->
					<top>710</top>
					<left>700</left>
					<height>200</height>
					<width>1085</width>
					<onleft>50</onleft>
					<onright>50</onright>
					<orientation>horizontal</orientation>
					<ondown>8000</ondown>
					<onup>8000</onup>
					<visible>String.IsEqual(ListItem.DBTYPE,movie)</visible>			
					<visible>String.IsEmpty(Window.Property(AdditionalInfo))</visible>
					<visible>!Player.HasVideo</visible>
					
                    <itemlayout height="178" width="120"> 
						<control type="group">
							<width>120</width>
							<height>178</height>
						</control>
						<control type="image">
							<include>PosterThumbBG</include>
						</control>
						<control type="image">
							<texture border="1" diffuse="diffuse/poster.png" background="true" fallback="DefaultActor.png">$INFO[ListItem.Thumb]</texture>
							<aspectratio scalediffuse="true" aligny="top" align="center">scale</aspectratio>
							<bordersize>4</bordersize>
						</control>
						
						<control type="image">
								<texture>diffuse/bgpanel.png</texture>
								<include>PosterThumbBG</include>		<!-- <include>PosterThumbBG</include> or, <colordiffuse>$INFO[Skin.String(ButtonColor)]</colordiffuse>-->
								<visible>true</visible>
								<top>145</top>
								<left>0</left>
								<width>120</width>
								<height>40</height>
								<align>center</align>						
                        </control>
						<control type="label">
								<font>reg14</font>
								<label>$INFO[Container(353).ListItem.Label,[B],[/B][CR]]$INFO[Container(353).ListItem.Label2]</label>
								<textcolor>$INFO[Skin.String(ViewDetailsTextColor)]</textcolor>
								<top>145</top>
								<left>0</left>
								<width>117</width>
								<height>40</height>
								<align>center</align>
								<textoffsetx>0</textoffsetx>
								<!--
								<scroll>true</scroll>
								<scrollspeed>20</scrollspeed>
								-->
                        </control>						
					</itemlayout>
					
                    <focusedlayout height="180" width="122">
                        <control type="group">
							<width>122</width>
                            <height>180</height>
							<control type="image">
								<include>PosterThumbFO</include>
							</control>
							<control type="image">
								<texture border="1" diffuse="diffuse/poster.png" background="true" fallback="DefaultActor.png">$INFO[ListItem.Thumb]</texture>
								<aspectratio scalediffuse="true" aligny="top" align="center">scale</aspectratio>
								<bordersize>8</bordersize>
							</control>
						</control>
						
                        <control type="button">
							<font>reg14</font>
							<label>$INFO[Container(353).ListItem.Label,[B],[/B][CR]]$INFO[Container(353).ListItem.Label2]</label>
							<visible>true</visible>
							<top>145</top>
							<left></left>
							<width>122</width>
							<height>40</height>
							<align>center</align>
							<textoffsetx>0</textoffsetx>
							<scroll>true</scroll>
							<scrollspeed>20</scrollspeed>
                        </control>
					</focusedlayout>
					<content>$VAR[castInfo]</content>
                </control>
					
				<!-- CAST TV SHOW-->
				<control type="panel" id="353"> <!-- new id [351 / kodi 50] ? -->
					<top>620</top>
					<left>700</left>
					<height>400</height>
					<width>1110</width>
					<onleft>50</onleft>
					<onright>50</onright>
					<orientation>horizontal</orientation>
					<ondown>8000</ondown>
					<onup>8000</onup>
					<visible>String.IsEqual(ListItem.DBTYPE,tvshow) | String.IsEqual(ListItem.DBTYPE,episode)</visible>
					<visible>String.IsEmpty(Window.Property(AdditionalInfo))</visible>									
					
                    <itemlayout height="243" width="158">
						<control type="group">
							<width>158</width>
							<height>243</height>
						</control>
								
						<control type="image">
							<include>PosterThumbBG</include>
						</control>
								  
						<control type="image">
							<texture border="1" diffuse="diffuse/poster.png" background="true" fallback="DefaultActor.png">$INFO[ListItem.Thumb]</texture>
							<aspectratio scalediffuse="true" aligny="top" align="center">scale</aspectratio>
							<bordersize>4</bordersize>
						</control>
						
						<control type="image">
								<texture>diffuse/bgpanel.png</texture>
								<include>PosterThumbBG</include>		<!--<include>PosterThumbBG</include> or  <colordiffuse>$INFO[Skin.String(ButtonColor)]</colordiffuse>-->
								<visible>true</visible>
								<top>220</top>
								<left>0</left>
								<width>158</width>
								<height>50</height>
								<align>center</align>	
                        </control>
						<control type="label">
								<font>reg18</font>
								<label>$INFO[Container(353).ListItem.Label,[B],[/B][CR]]$INFO[Container(353).ListItem.Label2]</label>
								<textcolor>$INFO[Skin.String(ViewDetailsTextColor)]</textcolor>
								<top>220</top>
								<left>0</left>
								<width>155</width>
								<height>50</height>
								<align>center</align>
								<textoffsetx>0</textoffsetx>
								<!--
								<scroll>true</scroll>
								<scrollspeed>20</scrollspeed>
								-->
                        </control>		  
														
					</itemlayout>
					
                    <focusedlayout height="257" width="173">
                        <control type="group">
                            <width>173</width>
                            <height>257</height>
							<control type="image">
								<include>PosterThumbFO</include>
                            </control>
                            <control type="image">
                                <texture border="1" diffuse="diffuse/poster.png" background="true" fallback="DefaultActor.png">$INFO[ListItem.Thumb]</texture>
                                <aspectratio scalediffuse="true" aligny="top" align="center">scale</aspectratio>
                                <bordersize>8</bordersize>
                            </control>
							
						</control>
						<control type="button">
							<font>reg20</font>
							<label>$INFO[Container(353).ListItem.Label,[B],[/B][CR]]$INFO[Container(353).ListItem.Label2]</label>
							<visible>true</visible>
							<top>220</top>
                            <left></left>
							<width>173</width>
							<height>50</height>
							<align>center</align>
							<scroll>true</scroll>
							<scrollspeed>20</scrollspeed>
							<textoffsetx>0</textoffsetx>
                        </control>							
                    </focusedlayout>
					<content>$VAR[castInfo]</content>
                </control>			
								
                <!-- Header (if no logo)-->
                <control type="group">
                    <visible>String.IsEmpty(Control.GetLabel(887766))</visible>
                    <control type="label">
                        <posx>61</posx>
                        <posy>10</posy>
                        <width min="80" max="900">auto</width>
                        <height>100</height>
                        <font>Bold45</font>
                        <align>left</align>
                        <textcolor>$INFO[Skin.String(ViewDetailsHighlightTextColor)]</textcolor>
                        <label>$VAR[value_header]</label>
                        <shadowcolor>$INFO[Skin.String(ViewDetailsHighlightShadowColor)]</shadowcolor>
                    </control>
                     <control type="label">
                        <posy>85</posy>
                        <posx>61</posx>
                        <width min="0" max="900">auto</width>
                        <height>50</height>
                        <label>$VAR[value_subheader]</label>
                        <font>Reg30</font>
                        <textcolor>$INFO[Skin.String(HeaderTextColor)]</textcolor>
                        <shadowcolor>$INFO[Skin.String(HeaderTextShadowColor)]</shadowcolor>
                    </control>
                </control>

                <control type="image">
                    <!--studio logo -->
                    <right>60</right>
                    <width>450</width>
                    <height>160</height>
                    <posy>10</posy>
                    <aspectratio aligny="top" align="right">keep</aspectratio>
                    <include condition="!String.Contains(Skin.String(SkinHelper.StudioLogos.Path),colo)">videoInfoColorDiffuse</include>
                    <texture background="true">$INFO[Window(home).Property(SkinHelper.ListItem.StudioLogo)]</texture>
                    <visible>String.IsEmpty(Window.Property(AdditionalInfo)) + !String.IsEmpty(Window(home).Property(SkinHelper.ListItem.StudioLogo))</visible>
                </control>
                <control type="label">
                    <!-- additional info subtitle -->
                    <include>animation_fade_visible_hidden</include>
                    <right>61</right>
                    <posy>10</posy>
                    <width min="80" max="1400">auto</width>
                    <height>100</height>
                    <font>Bold45</font>
                    <align>right</align>
                    <textcolor>$INFO[Skin.String(HeaderTextColor)]</textcolor>
                    <label>$INFO[Window.Property(subtitle)]</label>
                    <shadowcolor>$INFO[Skin.String(HeaderTextShadowColor)]</shadowcolor>
                    <visible>!String.IsEmpty(Window.Property(AdditionalInfo))</visible>
                </control>
				
				<control type="group">
					<!--Info Stuff-->									
					<control type="scrollbar" id="60">
						<left>0</left>
						<width>100%</width>
						<bottom>0</bottom>
						<height>80</height>
						<onup>502</onup>
						<onleft>60</onleft>
						<onright>60</onright>
						<orientation>horizontal</orientation>
						<animation effect="fade" start="100" end="0" time="10" condition="true">Conditional</animation>
					</control>

					<!--Butons 8000-->			
					<control type="grouplist" id="8000">
						<posx>60</posx>
						<bottom>5</bottom>
						<width>1800</width>
						<height>60</height>
						<itemgap>15</itemgap>					
						<onup condition="String.IsEqual(Window.Property(AdditionalInfo),cast)">351</onup>
                        <onup condition="String.IsEqual(Window.Property(AdditionalInfo),similar)">352</onup>						
						<onup condition="!String.IsEqual(Window.Property(AdditionalInfo),cast) | String.IsEqual(Window.Property(AdditionalInfo),similar)">353</onup>
                        <ondown condition="!String.IsEqual(Window.Property(AdditionalInfo),cast) | String.IsEqual(Window.Property(AdditionalInfo),similar)">353</ondown> 										
						<onleft>8000</onleft>
						<onright>8000</onright>							
						<pagecontrol>60</pagecontrol>
						<orientation>horizontal</orientation>
						<visible>!Skin.HasSetting(UseExtendedInfoDialog)</visible>						
                        <include condition="Skin.HasSetting(EnableTouchSupport)">back_button</include>
                        <include condition="Skin.HasSetting(EnableTouchSupport)">home_button</include>
                        						
						<control type="button" id="8">
							<!--Play-->
							<label>208</label>
							<width>285</width>
							<height>40</height>
							<align>center</align>
							<textoffsetx>0</textoffsetx>
							<onclick>Dialog.Close(DialogVideoInfo.xml)</onclick>
                            <visible>Skin.HasSetting(videoinfo_button_play)</visible>
							<visible>String.IsEmpty(Window.Property(AdditionalInfo))</visible>
						</control>

						<control type="button" id="9">
							<!--Resume-->
							<label>13404</label>
							<width>285</width>
							<height>40</height>
							<align>center</align>
							<textoffsetx>0</textoffsetx>
							<visible>ListItem.IsResumable</visible>
                            <visible>Skin.HasSetting(videoinfo_button_play)</visible>
							<visible>String.IsEmpty(Window.Property(AdditionalInfo))</visible>
						</control>
						
						<control type="togglebutton" id="103">
							<!-- Trailer, need add condition , tv shows must search for trailer, + toggle setting for trailer / movie background, skinsetting = 5141(radiobutton)-->
							<width>285</width>
							<height>40</height>
							<align>center</align>
							<textoffsetx>0</textoffsetx>
							<label>20410</label>
							<onclick condition="!Player.HasVideo">PlayMedia($INFO[ListItem.Trailer],1)</onclick> <!--sometimes huge delay Playmedia($INFO[Window(Home).Property(SkinHelper.ListItem.Trailer)],1) ,faster but dont get all  PlayMedia($INFO[ListItem.Trailer],1) -->    
							<!--  TITAN trailer Default 
							
							<usealttexture>!String.IsEmpty(Window(Home).Property(TrailerPlaying))</usealttexture>
                            <onclick condition="String.IsEmpty(Window(Home).Property(TrailerPlaying))">RunScript(script.skin.helper.service,ACTION=playtrailer,MODE=$INFO[Skin.String(videoinfo_traileraction)],YOUTUBE=$INFO[Skin.String(AutoYoutubeTrailer)])</onclick>
                            <onclick condition="!String.IsEmpty(Window(Home).Property(TrailerPlaying))">SetProperty(TrailerPlaying,fullscreen,home)</onclick>
                            <onclick condition="!String.IsEmpty(Window(Home).Property(TrailerPlaying))">FullScreen</onclick>
							-->							
							<altlabel>244</altlabel>
                            <usealttexture>Player.HasVideo</usealttexture>
                            <onclick condition="Player.HasVideo">FullScreen</onclick>
							<visible>Skin.HasSetting(videoinfo_button_trailer)</visible>
							<visible>!String.IsEmpty(ListItem.Trailer) | Skin.String(AutoYoutubeTrailer,true) | !String.IsEmpty(Window(Home).Property(TrailerPlaying)) + ![String.StartsWith(Container.FolderPath,plugin://) + String.Contains(Container.FolderPath,trailer)]</visible>
							<visible>String.IsEmpty(Window.Property(AdditionalInfo))</visible>							
						</control>
						
						<control type="button" id="114">
							<!--Cast Button-->
							<label>206</label>
							<width>285</width>
							<height>40</height>
							<align>center</align>
							<textoffsetx>0</textoffsetx>
							<onclick>SetProperty(AdditionalInfo, cast)</onclick>
                            <onclick>SetProperty(subtitle, $LOCALIZE[206])</onclick>
							<onclick>SetFocus(351)</onclick>
                            <visible>Integer.IsGreater(Container(351).NumItems,0)</visible>
							<visible>!String.IsEqual(Window.Property(AdditionalInfo),cast)</visible>
                            <visible>Skin.HasSetting(videoinfo_button_cast)</visible>
						</control>
                        <control type="button" id="31622">
							<!--Similar Button-->
							<label>31622</label>
							<width>285</width>
							<height>40</height>
							<align>center</align>
							<textoffsetx>0</textoffsetx>
							<onclick>SetProperty(AdditionalInfo, similar)</onclick>
                            <onclick>SetProperty(subtitle, $LOCALIZE[31622])</onclick>
							<onclick>SetFocus(352)</onclick>
                            <visible>Integer.IsGreater(Container(352).NumItems,0)</visible>
							<visible>!String.IsEqual(Window.Property(AdditionalInfo),similar)</visible>
                            <visible>Skin.HasSetting(videoinfo_button_similar)</visible>
							<visible>String.IsEmpty(Window.Property(AdditionalInfo))</visible>
						</control>
                        <control type="button" id="100">
							<!--Youtube Videos-->
							<width>285</width>
							<height>40</height>
							<align>center</align>
							<textoffsetx>0</textoffsetx>
							<label>31797</label>
							<onclick condition="System.HasAddon(plugin.video.youtube)">RunScript(script.skin.helper.service,action=searchyoutube,title=$INFO[ListItem.Title] Trailer,header=$INFO[ListItem.Title,, YouTube Trailers])</onclick>	<!-- RunScript(script.skin.helper.service,action=searchyoutube,title=$INFO[ListItem.Title,, *your language*] -->
                            <onclick condition="!System.HasAddon(plugin.video.youtube)">ActivateWindow(Videos,plugin://plugin.video.youtube)</onclick>
							<visible>Skin.HasSetting(videoinfo_button_youtubevideos)</visible>
                            <visible>String.IsEqual(Window(Home).Property(contenttype),movies) | String.IsEqual(Window(Home).Property(contenttype),tvshows)| String.IsEqual(Window(Home).Property(contenttype),seasons)</visible>
							<visible>String.IsEmpty(Window.Property(AdditionalInfo))</visible>
						</control>
                        <control type="button" id="207207">
							<!--Plot Button-->
							<label>207</label>
							<width>285</width>
							<height>40</height>
							<align>center</align>
							<textoffsetx>0</textoffsetx>
							<onclick>SetProperty(AdditionalInfo, plot)</onclick>
                            <onclick>SetProperty(subtitle, $LOCALIZE[207])</onclick>
                            <visible>!String.IsEmpty(ListItem.Plot)</visible>
							<visible>!String.IsEqual(Window.Property(AdditionalInfo),plot)</visible>
                            <visible>Skin.HasSetting(videoinfo_button_plot)</visible>
							<visible>String.IsEmpty(Window.Property(AdditionalInfo))</visible>
						</control>
						<control type="button" id="116">
							<!--Info Button-->
							<label>19033</label>
							<width>285</width>
							<height>40</height>
							<align>center</align>
							<textoffsetx>0</textoffsetx>
							<onclick>ClearProperty(AdditionalInfo)</onclick>
							<visible>!String.IsEmpty(Window.Property(AdditionalInfo))</visible>
						</control>
						<control type="button" id="115">
							<!--Extended Info Button-->
							<label>31269</label>
							<width>285</width>
							<height>40</height>
							<align>center</align>
							<textoffsetx>0</textoffsetx>
                            <visible>Skin.HasSetting(videoinfo_button_extendedinfo)</visible>
                            <onclick condition="!System.HasAddon(script.extendedinfo)">RunPlugin(plugin://script.extendedinfo)</onclick>
							<onclick condition="System.HasAddon(script.extendedinfo) + String.IsEqual(Window(Home).Property(contenttype),movies)">RunScript(script.extendedinfo,info=extendedinfo,dbid=$INFO[ListItem.DBID],name=$INFO[ListItem.Title])</onclick>
                            <onclick condition="System.HasAddon(script.extendedinfo) + String.IsEqual(Window(Home).Property(contenttype),tvshows)">RunScript(script.extendedinfo,info=extendedtvinfo,dbid=$INFO[ListItem.DBID],name=$INFO[ListItem.TvShowTitle])</onclick>
                            <onclick condition="System.HasAddon(script.extendedinfo) + String.IsEqual(Window(Home).Property(contenttype),seasons)">RunScript(script.extendedinfo,info=seasoninfo,tvshow=$INFO[ListItem.TvShowTitle],season=$INFO[ListItem.Season],silent=True)</onclick>
                            <onclick condition="System.HasAddon(script.extendedinfo) + String.IsEqual(Window(Home).Property(contenttype),episodes)">RunScript(script.extendedinfo,info=extendedepisodeinfo,dbid=$INFO[ListItem.DBID],tvshow=$INFO[ListItem.TvShowTitle],season=$INFO[ListItem.Season],episode=$INFO[ListItem.Episode],silent=True)</onclick>
						</control>
                        <control type="button" id="112">
                             <width>285</width>
							 <description>CinemaVision</description>
                             <label>CinemaVision</label>
                             <onclick>Dialog.Close(DialogVideoInfo.xml)</onclick>
                             <onclick>RunScript(script.cinemavision,experience)</onclick>
                             <visible>Skin.HasSetting(videoinfo_button_cinemavision)</visible>
                             <visible>System.HasAddon(script.cinemavision)</visible>
						</control>
						<control type="button" id="113">
							<width>285</width>
							<description>Home Theatre</description>
							<label>$INFO[System.AddonTitle(script.cinema.experience)]</label>
							<onclick>Playlist.Clear</onclick>
							<onclick>Dialog.Close(DialogVideoInfo.xml)</onclick>
							<onclick>RunScript(script.cinema.experience,movieid=$INFO[ListItem.DBID])</onclick>
                            <visible>Skin.HasSetting(videoinfo_button_cinemaexperience)</visible>
							<visible>System.HasAddon(script.cinema.experience) + String.IsEqual(ListItem.DBTYPE,movie) + !String.Contains(Container.FolderPath,plugin)</visible>
						</control>
                        
                        <control type="button" id="7">
                            <!--set personal rating-->
                            <width>290</width>
							<height>40</height>
                            <label>$LOCALIZE[38018]: $INFO[ListItem.UserRating]</label>
                            <visible>!Skin.HasSetting(KioskMode.Enabled)</visible>
                            <visible>Skin.HasSetting(videoinfo_button_myrating)</visible>
							<visible>String.IsEmpty(Window.Property(AdditionalInfo))</visible>
                            <visible>Control.IsEnabled(7)</visible>
                        </control>
                        
						<control type="button" id="102">
							<!--Get video extras-->
							<width>285</width>
							<height>40</height>
							<align>center</align>
							<textoffsetx>0</textoffsetx>
							<label>$INFO[System.AddonTitle(script.videoextras)]</label>
							<onclick>XBMC.RunScript(script.videoextras,display,"$INFO[ListItem.FilenameAndPath]")</onclick>
							<visible>System.HasAddon(script.videoextras) + String.IsEmpty(Window(movieinformation).Property(HideVideoExtrasButton))</visible>
                            <visible>Skin.HasSetting(videoinfo_button_videoextras)</visible>
							
						</control>
												
						<control type="button" id="101">
							<!--Get Thumb Artwork Downloader--> <!-- replace with Artwork Beef -->
							<label>13511</label>
							<width>285</width>
							<height>40</height>
							<align>center</align>
							<textoffsetx>0</textoffsetx>
                            <visible>Skin.HasSetting(videoinfo_button_artwork)</visible>
							<onclick condition="System.HasAddon(script.artwork.downloader)">ActivateWindow(3004)</onclick>
							<onclick condition="!System.HasAddon(script.artwork.downloader)">RunPlugin(plugin://script.artwork.downloader)</onclick>
                            <visible>!Skin.HasSetting(KioskMode.Enabled)</visible>
							<visible>String.IsEmpty(Window.Property(AdditionalInfo))</visible>
						</control>
						
						<!-- Artwork Beef -->
						<control type="button" id="104">
							<!--Get Thumb Artwork Beef--> 
							<label>Artwork Beef</label>
							<width>285</width>
							<height>40</height>
							<align>center</align>
							<textoffsetx>0</textoffsetx>
                            
							<onclick condition="String.IsEqual(ListItem.DBType,episode) + System.HasAddon(script.artwork.beef)">XBMC.RunScript(script.artwork.beef, mode=gui, mediatype=episode, dbid=$INFO[ListItem.DBID])</onclick>
							<onclick condition="String.IsEqual(ListItem.DBType,tvshow) + System.HasAddon(script.artwork.beef)">XBMC.RunScript(script.artwork.beef, mode=gui, mediatype=tvshow, dbid=$INFO[ListItem.DBID])</onclick>
							<onclick condition="String.IsEqual(ListItem.DBType,movie) + System.HasAddon(script.artwork.beef)">XBMC.RunScript(script.artwork.beef, mode=gui, mediatype=movie, dbid=$INFO[ListItem.DBID])</onclick>
							<description>Get Artwork</description>
							
							<visible>[String.IsEqual(ListItem.DBType,tvshow) | String.IsEqual(ListItem.DBType,movie) | String.IsEqual(ListItem.DBType,musicvideo) | String.IsEqual(ListItem.DBType,episode)] + [system.hasaddon(script.artwork.downloader) | system.hasaddon(script.artwork.beef)]</visible>
                            <visible>!Skin.HasSetting(KioskMode.Enabled)</visible>
							<visible>String.IsEmpty(Window.Property(AdditionalInfo))</visible>
						</control>
						
						<control type="button" id="6">
							<!--Refresh-->
							<label>184</label>
							<width>285</width>
							<height>40</height>
							<align>center</align>
							<textoffsetx>0</textoffsetx>
                            <visible>Skin.HasSetting(videoinfo_button_refresh)</visible>
							<visible>String.IsEmpty(Window.Property(AdditionalInfo))</visible>
						</control>
						<control type="radiobutton" id="9300">
							<!--discart-->
							<width>340</width>
							<height>40</height>
							<label>31200</label>
							<align>left</align>
							<textoffsetx>20</textoffsetx>
							<onclick>Skin.ToggleSetting(VideoInfo_ShowCDart)</onclick>
							<selected>Skin.HasSetting(VideoInfo_ShowCDart)</selected>
                            <visible>Skin.HasSetting(videoinfo_button_discart)</visible>
							<visible>String.IsEmpty(Window.Property(AdditionalInfo))</visible>
						</control>
                        <control type="radiobutton" id="3052">
                            <!--Hide panel behind moviedetails-->
                            <label>31155</label>
                            <width>530</width>
							<height>40</height>
                            <textoffsetx>20</textoffsetx>
                            <align>left</align>
                            <onclick>Skin.ToggleSetting(DialogVideoInfoHidePanel)</onclick>
                            <selected>Skin.HasSetting(DialogVideoInfoHidePanel)</selected>
                            <visible>Skin.HasSetting(videoinfo_button_panel)</visible>
                        </control>
					</control>
							
					<!--Arrow right-->
                    <control type="image">
                        <animation effect="fade" start="100" end="50" tween="sine" easing="inout" time="800" pulse="true" reversible="false" condition="true">Conditional</animation>
                        <left>1880</left>
                        <bottom>20</bottom>
                        <posy>50</posy>
                        <width>20</width>
                        <height>60</height>
                        <aspectratio>keep</aspectratio>
                        <texture>dialogs/videoinfo/arrow.png</texture>
                        <visible>!Control.HasFocus(51)</visible>
                        <colordiffuse>white</colordiffuse>
                        <visible>Container(8000).HasNext</visible>
                    </control>
					<!--Arrow left-->
                    <control type="image">
                        <animation effect="fade" start="100" end="50" tween="sine" easing="inout" time="800" pulse="true" reversible="false" condition="true">Conditional</animation>
                        <left>35</left>
                        <bottom>20</bottom>
                        <posy>50</posy>
                        <width>20</width>
                        <height>60</height>
                        <aspectratio>keep</aspectratio>
                        <texture flipx="true">dialogs/videoinfo/arrow.png</texture>
                        <visible>!Control.HasFocus(51)</visible>
                        <colordiffuse>white</colordiffuse>						<!-- default is white , $INFO[Skin.String(ViewDetailsTextColor)] -->
                        <visible>Container(8000).HasPrevious</visible>
                    </control>					
					
					<!-- seperate  div line 1 -->
					<control type="image">
						<top>150</top>
						<left>450</left>
						<width>1400</width>
						<height>1</height>
						<texture>colors/color_white.png</texture>
                        <colordiffuse>$INFO[Skin.String(ViewDetailsTextColor)]</colordiffuse>
					</control>
					
					<!-- sep div line 2 -->
					<control type="image">
						<top>450</top>
						<left>450</left>
						<width>1400</width>
						<height>1</height>
						<texture>colors/color_white.png</texture>
                        <colordiffuse>$INFO[Skin.String(ViewDetailsTextColor)]</colordiffuse>
						<visible>String.IsEmpty(Window.Property(AdditionalInfo))</visible>
					</control>
					
					<!-- sep div line 3 cast TVS -->
					<control type="image">
						<top>600</top>
						<left>700</left>
						<width>1150</width>
						<height>1</height>
						<texture>colors/color_white.png</texture>
                        <colordiffuse>$INFO[Skin.String(ViewDetailsTextColor)]</colordiffuse>
						<visible>String.IsEqual(ListItem.DBTYPE,tvshow) | String.IsEqual(ListItem.DBTYPE,episode)</visible>
						<visible>String.IsEmpty(Window.Property(AdditionalInfo))</visible>
					</control>
					
					<!-- sep div line 3 cast MOVIE -->
					<control type="image">
						<top>640</top>
						<left>700</left>
						<width>1150</width>
						<height>1</height>
						<texture>colors/color_white.png</texture>
                        <colordiffuse>$INFO[Skin.String(ViewDetailsTextColor)]</colordiffuse>
						<visible>String.IsEqual(ListItem.DBTYPE,movie)</visible>
						<visible>String.IsEmpty(Window.Property(AdditionalInfo))</visible>
						<visible>!Player.HasVideo</visible>
					</control>
					
					<!-- sep div line 3 cast MOVIE -->
					<control type="image">
						<top>700</top>
						<left>700</left>
						<width>1150</width>
						<height>1</height>
						<texture>colors/color_white.png</texture>
                        <colordiffuse>$INFO[Skin.String(ViewDetailsTextColor)]</colordiffuse>
						<visible>String.IsEqual(ListItem.DBTYPE,movie)</visible>
						<visible>String.IsEmpty(Window.Property(AdditionalInfo))</visible>
						<visible>!Player.HasVideo</visible>
					</control>
					
					<!--Info Group -->				
					<control type="group">
						<visible>String.IsEmpty(Window.Property(AdditionalInfo))</visible>
						<visible>!Window.IsActive(script-ExtendedInfo Script-DialogVideoInfo.xml) + !Window.IsActive(script-ExtendedInfo Script-DialogInfo.xml)</visible>
						<include>animation_window_open_close</include>
						
						<!-- PLOT -->
						<control type="grouplist">
							<posx>65</posx>
							<posy>170</posy>
							<width>1800</width>
							<height>820</height>
							<orientation>vertical</orientation>
							
							<control type="textbox">
								<posx>0</posx>
								<posy>0</posy>
								<width>1150</width>
								<height>278</height>
								<label>$VAR[Plots]</label>
								<textcolor>$INFO[Skin.String(ViewDetailsTextColor)]</textcolor>
								<shadowcolor>$INFO[Skin.String(ViewDetailsTextShadowColor)]</shadowcolor>
								<align>justify</align>
								<font>Bold24</font>
                                <!-- TITAN TRAILER nOT PLAYING DEFAULT <visible>!String.IsEqual(Window(Home).Property(TrailerPlaying),windowed)</visible>	-->
							</control>
							
							
							<control type="group">							
								<!--Premiered or Year -->
								<width>950</width>
								<height>40</height>
								<visible>!String.IsEmpty(Window(Home).Property(Skinhelper.Listitem.Premiered.formatted)) | !String.IsEmpty(ListItem.Year) | !String.IsEmpty(Listitem.Premiered)</visible>
								<visible>!Player.HasVideo</visible>
								<control type="image">
									<posx>632</posx>
									<posy>3</posy>
									<width>49</width>
									<height>49</height>
                                    <colordiffuse>$INFO[Skin.String(ViewDetailsTextColor)]</colordiffuse>
									<texture>dialogs/videoinfo/premiered-icon.png</texture>
								</control>
								<control type="label">
									<posx>692</posx>
									<posy>0</posy>
									<width>530</width>
									<font>Reg26</font>
									<align>left</align>
									<label>$VAR[premiere_date]</label>
									<textcolor>$INFO[Skin.String(ViewDetailsTextColor)]</textcolor>
									<shadowcolor>$INFO[Skin.String(ViewDetailsTextShadowColor)]</shadowcolor>
									<scroll>false</scroll>
								</control>
								
								<control type="image">
									<posx>1182</posx>
									<posy>3</posy>
									<width>49</width>
									<height>49</height>
                                    <colordiffuse>$INFO[Skin.String(ViewDetailsTextColor)]</colordiffuse>
									<texture>dialogs/videoinfo/time-icon.png</texture>
								</control>
								<control type="label">
									<posx>1242</posx>
									<posy>0</posy>
									<width>530</width>
									<font>Reg26</font>
									<align>left</align>
									<label>$VAR[ListItemDurationWithEndTime]</label> <!-- maybe check includevariables again , in case of duration change to leia -->
									<textcolor>$INFO[Skin.String(ViewDetailsTextColor)]</textcolor>
									<shadowcolor>$INFO[Skin.String(ViewDetailsTextShadowColor)]</shadowcolor>
                                    <visible>String.IsEmpty(ListItem.Property(TotalEpisodes))</visible>
									<scroll>false</scroll>
								</control>
                                <control type="label">
									<posy>0</posy>
                                    <posx>1242</posx>
									<width>580</width>
									<font>Reg26</font>
									<align>left</align>
									<label>$INFO[ListItem.Property(TotalEpisodes),$LOCALIZE[20360]: ,  •  ]$INFO[ListItem.Property(unWatchedepisodes),$LOCALIZE[31092]: ,]</label>
									<textcolor>$INFO[Skin.String(ViewDetailsTextColor)]</textcolor>
									<shadowcolor>$INFO[Skin.String(ViewDetailsTextShadowColor)]</shadowcolor>
									<scroll>false</scroll>
                                    <visible>!String.IsEmpty(ListItem.Property(TotalEpisodes))</visible>
								</control>
							</control>
							<control type="group">
								<!--Director and Writer -->
								<width>530</width>
								<height>40</height>
								<visible>!String.IsEmpty(ListItem.Director) + !String.IsEmpty(ListItem.Writer)</visible>
								<visible>!Player.HasVideo</visible>
								<control type="image">
									<posx>632</posx>
									<posy>5</posy>
									<width>49</width>
									<height>49</height>
                                    <colordiffuse>$INFO[Skin.String(ViewDetailsTextColor)]</colordiffuse>
									<texture>dialogs/videoinfo/director-icon.png</texture>
									<visible>!String.IsEmpty(ListItem.Director)</visible>
								</control>
								<control type="label">
									<posx>692</posx>
									<posy>0</posy>
									<width>500</width>
									<font>Reg26</font>
									<align>left</align>
									<label>$INFO[ListItem.Director]</label>
									<textcolor>$INFO[Skin.String(ViewDetailsTextColor)]</textcolor>
									<shadowcolor>$INFO[Skin.String(ViewDetailsTextShadowColor)]</shadowcolor>
									<scroll>false</scroll>
									<visible>!String.IsEmpty(ListItem.Director)</visible>
								</control>
								<control type="image">
									<posx>1182</posx>
									<posy>2</posy>
									<width>49</width>
									<height>49</height>
                                    <colordiffuse>$INFO[Skin.String(ViewDetailsTextColor)]</colordiffuse>
									<texture>dialogs/videoinfo/writer-icon.png</texture>
									<visible>!String.IsEmpty(ListItem.Writer)</visible>
								</control>
								<control type="label">
									<posx>1242</posx>
									<posy>0</posy>
									<width>1162</width>
									<font>Reg26</font>
									<align>left</align>
									<label>$INFO[ListItem.Writer]</label>
									<textcolor>$INFO[Skin.String(ViewDetailsTextColor)]</textcolor>
									<shadowcolor>$INFO[Skin.String(ViewDetailsTextShadowColor)]</shadowcolor>
									<scroll>false</scroll>
									<visible>!String.IsEmpty(ListItem.Writer)</visible>
								</control>
							</control>
							<control type="group">
								<!--Genre and studio-->
								<width>1150</width>
								<height>40</height>
								<visible>!String.IsEmpty(ListItem.Genre)</visible>
								<visible>!Player.HasVideo</visible>
								<control type="image">
									<posx>632</posx>
									<posy>5</posy>
									<width>49</width>
									<height>49</height>
                                    <colordiffuse>$INFO[Skin.String(ViewDetailsTextColor)]</colordiffuse>
									<texture>dialogs/videoinfo/genre-icon.png</texture>
									<visible>!String.IsEmpty(ListItem.Genre)</visible>
								</control>
								<control type="label">
									<posx>692</posx>
									<posy>0</posy>
									<width>500</width>
									<font>Reg26</font>
									<align>left</align>
									<label>$INFO[ListItem.Genre]</label>
									<textcolor>$INFO[Skin.String(ViewDetailsTextColor)]</textcolor>
									<shadowcolor>$INFO[Skin.String(ViewDetailsTextShadowColor)]</shadowcolor>
									<scroll>false</scroll>
									<visible>!String.IsEmpty(ListItem.Genre)</visible>
								</control>
								<control type="image">
									<posx>1182</posx>
									<posy>2</posy>
									<width>49</width>
									<height>49</height>
                                    <colordiffuse>$INFO[Skin.String(ViewDetailsTextColor)]</colordiffuse>
									<texture>dialogs/videoinfo/tvstudio-icon.png</texture>
									<visible>!String.IsEmpty(ListItem.Studio)</visible>
								</control>
								<control type="label">
									<posx>1242</posx>
									<posy>0</posy>
									<width>530</width>
									<font>Reg26</font>
									<align>left</align>
									<label>$INFO[ListItem.Studio]</label>
									<textcolor>$INFO[Skin.String(ViewDetailsTextColor)]</textcolor>
									<shadowcolor>$INFO[Skin.String(ViewDetailsTextShadowColor)]</shadowcolor>
									<scroll>false</scroll>
									<visible>!String.IsEmpty(ListItem.Studio)</visible>
								</control>
							</control>
							
							<!-- info right on trailer playback -->
							<control type="group">															
								<visible>Player.HasVideo</visible>
								<!-- premiered -->
								<control type="image">
									<posx>1670</posx>
									<posy>0</posy>
									<width>49</width>
									<height>49</height>
                                    <colordiffuse>$INFO[Skin.String(ViewDetailsTextColor)]</colordiffuse>
									<texture>dialogs/videoinfo/premiered-icon.png</texture>
									<visible>!String.IsEmpty(Window(Home).Property(Skinhelper.Listitem.Premiered.formatted)) | !String.IsEmpty(ListItem.Year) | !String.IsEmpty(Listitem.Premiered)</visible>
								</control>
								<control type="label">
									<posx>1620</posx>
									<posy>30</posy>
									<width>160</width>
									<font>Reg26</font>
									<align>center</align>
									<label>$VAR[premiere_date]</label>
									<textcolor>$INFO[Skin.String(ViewDetailsTextColor)]</textcolor>
									<shadowcolor>$INFO[Skin.String(ViewDetailsTextShadowColor)]</shadowcolor>
									<scroll>true</scroll>
									<scrollspeed>20</scrollspeed>
									<visible>!String.IsEmpty(Window(Home).Property(Skinhelper.Listitem.Premiered.formatted)) | !String.IsEmpty(ListItem.Year) | !String.IsEmpty(Listitem.Premiered)</visible>
								</control>
								<!-- genre -->
								<control type="image">
									<posx>1670</posx>
									<posy>70</posy>
									<width>49</width>
									<height>49</height>
                                    <colordiffuse>$INFO[Skin.String(ViewDetailsTextColor)]</colordiffuse>
									<texture>dialogs/videoinfo/genre-icon.png</texture>
									<visible>!String.IsEmpty(ListItem.Genre)</visible>
								</control>
								<control type="label">
									<posx>1620</posx>
									<posy>90</posy>
									<width>150</width>
									<font>Reg26</font>
									<align>center</align>
									<label>$INFO[ListItem.Genre]</label>
									<textcolor>$INFO[Skin.String(ViewDetailsTextColor)]</textcolor>
									<shadowcolor>$INFO[Skin.String(ViewDetailsTextShadowColor)]</shadowcolor>
									<scroll>true</scroll>
									<scrollspeed>20</scrollspeed>
									<visible>!String.IsEmpty(ListItem.Genre)</visible>
								</control>
								<!-- large mpaa -->
								<control type="image">
									<posx>1630</posx>
									<posy>150</posy>
									<include>mediaflags_large_layout</include>
									<texture fallback="flags/flags_large/mpaa/NR.png">$VAR[mediaflags_large_rating]</texture>			<!-- relook, $VAR[mediaflags_large_rating, maybe no fallback ?? -->
									<visible>!String.IsEmpty(ListItem.MPAA)</visible>
								</control>
								
								<!-- Ratings Movie-->
								<!-- TMDB -->
								<control type="image">
									<posx>1650</posx>
									<posy>260</posy>
									<width>55</width>
									<height>50</height>
                                    <colordiffuse>$INFO[Skin.String(ViewDetailsTextColor)]</colordiffuse>
									<texture>flags/flags_color/addratings/tmdbtp.png</texture>
                                    <visible>!String.IsEmpty(ListItem.Rating(themoviedb)) + String.IsEqual(ListItem.DBTYPE,movie)</visible>
								</control>
								<control type="label">
									<posx>1710</posx>
									<posy>250</posy>
									<width>500</width>
									<font>Reg26</font>
									<align>left</align>
									<label>$INFO[Window(home).Property(SkinHelper.ListItem.Rating.TMDB)]</label>	<!-- INFO  XBMC rating not working correct on Videoplayback/window, just inside DialogVideoInfo.xml $INFO[ListItem.Rating(themoviedb)]-->
									<textcolor>$INFO[Skin.String(ViewDetailsTextColor)]</textcolor>
									<shadowcolor>$INFO[Skin.String(ViewDetailsTextShadowColor)]</shadowcolor>
                                    <visible>!String.IsEmpty(ListItem.Rating(themoviedb)) + String.IsEqual(ListItem.DBTYPE,movie)</visible>
									<scroll>false</scroll>
								</control>
								<!-- Movie IMDB -->
								<control type="image">
									<posx>1655</posx>
									<posy>320</posy>
									<width>45</width>
									<height>45</height>
                                    <colordiffuse>$INFO[Skin.String(ViewDetailsTextColor)]</colordiffuse>
									<texture>flags/flags_color/addratings/imdb.png</texture>
                                    <visible>!String.IsEmpty(ListItem.Rating(imdb)) + String.IsEqual(ListItem.DBTYPE,movie)</visible>
								</control>
								<control type="label">
									<posx>1710</posx>
									<posy>310</posy>
									<width>500</width>
									<font>Reg26</font>
									<align>left</align>
									<label>$INFO[Window(home).Property(SkinHelper.ListItem.Rating.IMDB)]</label> <!-- INFO  XBMC rating not working correct on Videoplayback/window, just inside DialogVideoInfo.xml $INFO[ListItem.Rating(imdb)]-->
									<textcolor>$INFO[Skin.String(ViewDetailsTextColor)]</textcolor>
									<shadowcolor>$INFO[Skin.String(ViewDetailsTextShadowColor)]</shadowcolor>
                                    <visible>!String.IsEmpty(Window(home).Property(SkinHelper.ListItem.Rating.IMDB)) + String.IsEqual(ListItem.DBTYPE,movie)</visible>
									<scroll>false</scroll>
								</control>															
								<!-- Movie Top 250 -->
								<control type="group">
									<posx>1660</posx>
									<posy>380</posy>
									<height>70</height>
									<width>35</width>								
									<include>ImdbTop250VD</include>
									<visible>!String.IsEmpty(Window(Home).Property(SkinHelper.ListItem.IMDB.Top250)) + String.IsEqual(ListItem.DBTYPE,movie)</visible>
								</control>
								<!-- Movie rotten -->
								<control type="group">
									<posx>1645s</posx>
									<posy>450</posy>
									<height>70</height>
									<width>35</width>									
									<include>TomatoMeterVD</include>
									<visible>!String.IsEmpty(Window(Home).Property(SkinHelper.ListItem.RottenTomatoes.Meter),,%) + String.IsEqual(ListItem.DBTYPE,movie)</visible>
								</control>
								<!-- Movie meta -->
								<control type="group">
									<posx>1648</posx>
									<posy>500</posy>
									<height>70</height>
									<width>35</width>
									<include>MetaCriticRatingVD</include>
									<visible>!String.IsEmpty(Window(Home).Property(SkinHelper.ListItem.MetaCritic.Rating),,%) + String.IsEqual(ListItem.DBTYPE,movie)</visible>
								</control>
								<!-- TV SHOWs TVDB , got no trailers
								<control type="image">
									<posx>1620</posx>
									<posy>375</posy>
									<width>80</width>
									<height>45</height>
                                    <colordiffuse>$INFO[Skin.String(ViewDetailsTextColor)]</colordiffuse>
									<texture>flags/flags_color/addratings/tvdbtrans.png</texture>
                                    <visible>!String.IsEmpty(ListItem.RatingAndVotes(tvdb)) + String.IsEqual(ListItem.DBTYPE,tvshow)</visible>
								</control>
								<control type="label">
									<posx>1620</posx>
									<posy>370</posy>
									<width>500</width>
									<font>Reg26</font>
									<align>left</align>
									<label>$INFO[ListItem.RatingAndVotes(tvdb)]</label>
									<textcolor>$INFO[Skin.String(ViewDetailsTextColor)]</textcolor>
									<shadowcolor>$INFO[Skin.String(ViewDetailsTextShadowColor)]</shadowcolor>
                                    <visible>!String.IsEmpty(ListItem.RatingAndVotes(tvdb)) + String.IsEqual(ListItem.DBTYPE,tvshow)</visible>
									<scroll>false</scroll>
								</control>
								- TV SHOWs IMDB -
								<control type="image">
									<posx>1620</posx>
									<posy>375</posy>
									<width>45</width>
									<height>45</height>
                                    <colordiffuse>$INFO[Skin.String(ViewDetailsTextColor)]</colordiffuse>
									<texture>flags/flags_color/addratings/imdb.png</texture>
                                    <visible>!String.IsEmpty(ListItem.RatingAndVotes(imdb)) + String.IsEqual(ListItem.DBTYPE,tvshow)</visible>
								</control>
								<control type="label">
									<posx>1620</posx>
									<posy>370</posy>
									<width>500</width>
									<font>Reg26</font>
									<align>left</align>
									<label>$INFO[ListItem.RatingAndVotes(imdb)]</label> 
									<textcolor>$INFO[Skin.String(ViewDetailsTextColor)]</textcolor>
									<shadowcolor>$INFO[Skin.String(ViewDetailsTextShadowColor)]</shadowcolor>
                                    <visible>!String.IsEmpty(ListItem.RatingAndVotes(imdb)) + String.IsEqual(ListItem.DBTYPE,tvshow)</visible>
									<scroll>false</scroll>
								</control>
								
								- TVshow Top 250 -
								<control type="group">
									<posx>1620</posx>
									<top>360</top>
									<height>70</height>
									<width>35</width>									
									<include>ImdbTop250</include>
									<visible>!String.IsEmpty(Window(Home).Property(SkinHelper.ListItem.IMDB.Top250)) + String.IsEqual(ListItem.DBTYPE,tvshow)</visible>
								</control>
								-->
							</control>						
							
                            <!-- Deleted whole codec info and mppa rating, use codec labels at bottom instead -->
							
                            <control type="group">
								<!--Ratings-->
								<width>1150</width>
								<height>40</height>								
								
								<!-- TV SHOWs TVDB -->			
								<control type="image">
									<posx>990</posx>
									<posy>375</posy>
									<width>80</width>
									<height>45</height>
                                    <colordiffuse>$INFO[Skin.String(ViewDetailsTextColor)]</colordiffuse>
									<texture>flags/flags_color/addratings/tvdbtrans.png</texture>
                                   <visible>!String.IsEmpty(ListItem.RatingAndVotes(tvdb)) + String.IsEqual(ListItem.DBTYPE,tvshow)</visible>
								</control>
								<control type="label">
									<posx>1080</posx>
									<posy>370</posy>
									<width>500</width>
									<font>Reg26</font>
									<align>left</align>
									<label>$INFO[ListItem.RatingAndVotes(tvdb)]</label> <!-- INFO xbmc r&v gets formatted value, so better visibility.. ,$LOCALIZE[563]: <!-- $INFO[Window(Home).Property(SkinHelper.ListItem.Rating.TVDB)] + votes...-->
									<textcolor>$INFO[Skin.String(ViewDetailsTextColor)]</textcolor>
									<shadowcolor>$INFO[Skin.String(ViewDetailsTextShadowColor)]</shadowcolor>
                                    <visible>!String.IsEmpty(ListItem.RatingAndVotes(tvdb)) + String.IsEqual(ListItem.DBTYPE,tvshow)</visible>
									<scroll>false</scroll>
								</control>
								<!-- TV SHOWs IMDB -->			
								<control type="image">
									<posx>1350</posx>
									<posy>375</posy>
									<width>45</width>
									<height>45</height>
                                    <colordiffuse>$INFO[Skin.String(ViewDetailsTextColor)]</colordiffuse>
									<texture>flags/flags_color/addratings/imdb.png</texture>
                                    <visible>!String.IsEmpty(ListItem.RatingAndVotes(imdb)) + String.IsEqual(ListItem.DBTYPE,tvshow)</visible>
								</control>
								<control type="label">
									<posx>1402</posx>
									<posy>370</posy>
									<width>500</width>
									<font>Reg26</font>
									<align>left</align>
									<label>$INFO[ListItem.RatingAndVotes(imdb)]</label> <!-- xbmc r&v gets formatted value, so better visibility.., INFO not workin get corect votes, fallback issue rating ; $INFO[Window(home).Property(SkinHelper.ListItem.Rating.IMDB), ,]$INFO[Window(home).Property(SkinHelper.ListItem.Votes.IMDB), (, $LOCALIZE[205])]-->
									<textcolor>$INFO[Skin.String(ViewDetailsTextColor)]</textcolor>
									<shadowcolor>$INFO[Skin.String(ViewDetailsTextShadowColor)]</shadowcolor>
                                    <visible>!String.IsEmpty(ListItem.RatingAndVotes(imdb)) + String.IsEqual(ListItem.DBTYPE,tvshow)</visible>
									<scroll>false</scroll>
								</control>	
								<!-- TVshow Top 250 -->
								<control type="group">
									<left>1700</left>
									<top>360</top>
									<height>70</height>
									<width>35</width>
									<include>ImdbTop250</include>
									<visible>!String.IsEmpty(Window(Home).Property(SkinHelper.ListItem.IMDB.Top250)) + String.IsEqual(ListItem.DBTYPE,tvshow)</visible>
								</control>
								<!-- EPISODES SHOWs TVDB -->			
								<control type="image">
									<posx>640</posx>
									<posy>-200</posy>
									<width>80</width>
									<height>45</height>
                                    <colordiffuse>$INFO[Skin.String(ViewDetailsTextColor)]</colordiffuse>
									<texture>flags/flags_color/addratings/tvdbtrans.png</texture>
                                   <visible>!String.IsEmpty(ListItem.RatingAndVotes(tvdb)) + String.IsEqual(ListItem.DBTYPE,episode)</visible>
								</control>
								<control type="label">
									<posx>730</posx>
									<posy>-200</posy>
									<width>500</width>
									<font>Reg26</font>
									<align>left</align>
									<label>$INFO[ListItem.RatingAndVotes(tvdb)]</label> <!-- INFO xbmc r&v gets formatted value, so better visibility.., $LOCALIZE[563]: <!-- $INFO[Window(Home).Property(SkinHelper.ListItem.Rating.TVDB)] + votes...-->
									<textcolor>$INFO[Skin.String(ViewDetailsTextColor)]</textcolor>
									<shadowcolor>$INFO[Skin.String(ViewDetailsTextShadowColor)]</shadowcolor>
                                    <visible>!String.IsEmpty(ListItem.RatingAndVotes(tvdb)) + String.IsEqual(ListItem.DBTYPE,episode)</visible>
									<scroll>false</scroll>
								</control>
								<!-- Episodes IMDB -->			
								<control type="image">
									<posx>1000</posx>
									<posy>-200</posy>
									<width>45</width>
									<height>45</height>
                                    <colordiffuse>$INFO[Skin.String(ViewDetailsTextColor)]</colordiffuse>
									<texture>flags/flags_color/addratings/imdb.png</texture>
                                    <visible>!String.IsEmpty(ListItem.RatingAndVotes(imdb)) + String.IsEqual(ListItem.DBTYPE,episode)</visible>
								</control>
								<control type="label">
									<posx>1052</posx>
									<posy>-200</posy>
									<width>500</width>
									<font>Reg26</font>
									<align>left</align>
									<label>$INFO[ListItem.RatingAndVotes(imdb)]</label> <!-- INFO xbmc r&v gets formatted value, so better visibility..,, not workin get corect votes, fallback issue rating ; $INFO[Window(home).Property(SkinHelper.ListItem.Rating.IMDB), ,]$INFO[Window(home).Property(SkinHelper.ListItem.Votes.IMDB), (, $LOCALIZE[205])]-->
									<textcolor>$INFO[Skin.String(ViewDetailsTextColor)]</textcolor>
									<shadowcolor>$INFO[Skin.String(ViewDetailsTextShadowColor)]</shadowcolor>
                                    <visible>!String.IsEmpty(ListItem.RatingAndVotes(imdb)) + String.IsEqual(ListItem.DBTYPE,episode)</visible>
									<scroll>false</scroll>
								</control>				
								<!-- TVshow Top 250 -->
								<control type="group">
									<left>1350</left>
									<posy>-210</posy>
									<height>70</height>
									<width>35</width>
									<include>ImdbTop250</include>
									<visible>!String.IsEmpty(Window(Home).Property(SkinHelper.ListItem.IMDB.Top250)) + String.IsEqual(ListItem.DBTYPE,episode)</visible>
								</control>
										
								<!-- Nomination image Movie -->
								<control type="image">
									<posx>638</posx>
									<posy>5</posy>
									<width>40</width>
									<height>40</height>
                                    <colordiffuse>$INFO[Skin.String(ViewDetailsTextColor)]</colordiffuse>
									<texture>flags/flags_color/addratings/oscarbw.png</texture>
                                    <visible>!String.IsEmpty(Window(Home).Property(SkinHelper.ListItem.RottenTomatoes.Consensus)) + String.IsEqual(ListItem.DBTYPE,movie) | !String.IsEmpty(Window(Home).Property(SkinHelper.ListItem.Awards)) + String.IsEqual(ListItem.DBTYPE,movie)</visible>
								</control>
								<!-- RT Deatils MOVIE -->
								<control type="textbox">
									<posx>692</posx>
									<posy>10</posy>
									<width>1200</width>
									<height>35</height>
									<font>Light26</font>
									<align>left</align>
									<label>$INFO[Window(Home).Property(SkinHelper.ListItem.Awards),[B]$LOCALIZE[31610]:     [/B]]$INFO[Window(Home).Property(SkinHelper.ListItem.RottenTomatoes.Consensus), [B]$LOCALIZE[31611]: [/B]]</label>
									<textcolor>$INFO[Skin.String(ViewDetailsTextColor)]</textcolor>
									<shadowcolor>$INFO[Skin.String(ViewDetailsTextShadowColor)]</shadowcolor>
									<scroll>true</scroll>
									<orientation>horizontal</orientation>
									<visible>!String.IsEmpty(Window(Home).Property(SkinHelper.ListItem.RottenTomatoes.Consensus)) + String.IsEqual(ListItem.DBTYPE,movie) | !String.IsEmpty(Window(Home).Property(SkinHelper.ListItem.Awards)) + String.IsEqual(ListItem.DBTYPE,movie)</visible>
								</control>
																
								<!-- NEW  Nomination image TV -->
								<control type="image">
									<posx>640</posx>
									<posy>10</posy>
									<width>36</width>
									<height>36</height>
                                    <colordiffuse>$INFO[Skin.String(ViewDetailsTextColor)]</colordiffuse>
									<texture>flags/flags_color/addratings/oscarbw.png</texture>
                                    <visible>!String.IsEmpty(Window(Home).Property(SkinHelper.ListItem.RottenTomatoes.Consensus)) + String.IsEqual(ListItem.DBTYPE,tvshow) | !String.IsEmpty(Window(Home).Property(SkinHelper.ListItem.Awards)) + String.IsEqual(ListItem.DBTYPE,tvshow)</visible>
								</control>
								<!-- RT Deatils TV-->
								<control type="textbox">
									<posx>692</posx>
									<posy>10</posy>
									<width>1200</width>
									<height>35</height>	
									<font>Reg26</font>
									<align>left</align>
									<label>$INFO[Window(Home).Property(SkinHelper.ListItem.Awards),$LOCALIZE[31610]: ]$INFO[Window(Home).Property(SkinHelper.ListItem.RottenTomatoes.Consensus), [B]$LOCALIZE[31611]: [/B]]</label>
									<textcolor>$INFO[Skin.String(ViewDetailsTextColor)]</textcolor>
									<shadowcolor>$INFO[Skin.String(ViewDetailsTextShadowColor)]</shadowcolor>
									<scroll>true</scroll>
									<orientation>horizontal</orientation>
									<visible>!String.IsEmpty(Window(Home).Property(SkinHelper.ListItem.RottenTomatoes.Consensus)) + !String.IsEqual(ListItem.DBTYPE,tvshow) | !String.IsEmpty(Window(Home).Property(SkinHelper.ListItem.Awards)) + String.IsEqual(ListItem.DBTYPE,tvshow)</visible>
								</control>								
                            </control>                                                                               
						</control>
                        
                        <!-- Poster image -->
                        <control type="group">
	
							<control type="image">
                                <!--cdart image-->
                                <left>50</left>
                                <posy>610</posy>
                                <width>300</width>
                                <height>300</height>
                                <texture background="true" diffuse="diffuse/cdmask_new.png" fallback="defaultcovers/cd_big.png">$VAR[DiscArtImage]</texture>
                                <aspectratio scalediffuse="false" align="center" aligny="center">scale</aspectratio>
                                <animation effect="slide" start="0" end="290" tween="cubic" easing="inout" time="600" delay="100">WindowOpen</animation>
                                <animation effect="fade" start="0" end="100" delay="0" time="2400" pulse="false">WindowOpen</animation>
                                <animation effect="fade" start="100" end="0" delay="0" time="150" pulse="false" condition="!Skin.HasSetting(VideoInfo_ShowCDart)">Conditional</animation>
                                <!-- 
								<animation effect="rotate" end="-90" center="auto" time="600" loop="false" reversible="false" condition="!Skin.HasSetting(AnimateDiscArt)">Conditional</animation>
                                <animation effect="rotate" end="-360" center="auto" time="6000" delay="0" loop="true" reversible="false" condition="Skin.HasSetting(AnimateDiscArt)">Conditional</animation>
								-->
                                <visible>!String.IsEmpty(ListItem.Art(poster)) | !String.IsEmpty(ListItem.Art(tvshow.poster)) | !String.IsEmpty(ListItem.Property(TVShowThumb))</visible>
                            </control>						
							
                            <control type="image">
                                <!-- poster -->
                                <posx>60</posx>
                                <posy>480</posy>
                                <width>320</width>
                                <height>67%</height>
                                <aspectratio align="right" aligny="top" scalediffuse="true">keep</aspectratio>
                                <texture background="true" diffuse="diffuse/poster.png" fallback="DefaultVideo.png" border="5">$VAR[VideoInfoPosterImage]</texture>
                            </control>
							<!-- watched indicator -->
							<control type="group">
                                <right>1540</right>
                                <posy>480</posy>
                                <include>WatchedIndicatorSmall</include>
                            </control>
							
							<!-- rating STARS -->
							<control type="image">
								<left>125</left>
								<top>410</top>				
								<width>180</width>
								<height>130</height>
								<aspectratio align="left" aligny="center">keep</aspectratio>
								<colordiffuse>$INFO[Skin.String(ViewDetailsHighlightTextColor)]</colordiffuse>
								<texture background="true">$VAR[rating_value_texture]</texture>
							</control>
							
							<!-- media flags -->
							<control type="group">
								<posx>720</posx>
								<height>50</height>
								<top>925</top>
								<include>mediaflags</include>
								<visible>!Player.HasVideo</visible>
							</control>
							                           
							<!-- ALT RATING No Studio -->
                            <control type="group">
                                <height>70</height>
                                <width>85</width>
                                <top>650</top>
                                <left>695</left>
                                <include>AltRatingNoStudio</include>
								<visible>String.IsEqual(ListItem.DBTYPE,movie)</visible>
								<visible>!Player.HasVideo</visible>
                            </control>
										
							<!-- NEW dividing line -->
							<control type="image">
								<width>1780</width>
								<top>980</top>
								<left>60</left>
								<height>1</height>
								<texture>colors/color_white.png</texture>
                                <colordiffuse>$INFO[Skin.String(ViewDetailsTextColor)]</colordiffuse>	<!-- $INFO[Skin.String(ViewDetailsTextColor)] , or just white ?-->
								<visible>!Player.HasVideo</visible>
							</control>
							
							<!-- NEW dividing line -->
							<control type="image">
								<width>1780</width>
								<top>1000</top>
								<left>60</left>
								<height>1</height>
								<texture>colors/color_white.png</texture>
                                <colordiffuse>$INFO[Skin.String(ViewDetailsTextColor)]</colordiffuse>	<!-- $INFO[Skin.String(ViewDetailsTextColor)] , or just white ?-->
								<visible>Player.HasVideo</visible>
							</control>
							
							<!--filename-->
                            <control type="label">
                                <width>1150</width>
								<top>960</top>
								<left>60</left>
                                <font>Reg18</font>
                                <align>left</align>
                                <scroll>true</scroll>
                                <label>• $VAR[VideoInfoFileName,[B]$LOCALIZE[21800]: [/B]] •</label>
                                <textcolor>$INFO[Skin.String(ViewDetailsTextColor)]</textcolor><!-- $INFO[Skin.String(ViewDetailsTextColor)] -->
								<shadowcolor>$INFO[Skin.String(ViewDetailsTextShadowColor)]</shadowcolor>
                                <visible>!String.IsEmpty(ListItem.FileNameAndPath) + !Skin.HasSetting(DialogVideoInfo_HideFileName)</visible>
                                <visible>String.IsEmpty(Window.Property(AdditionalInfo))</visible>
								<visible>!Player.HasVideo</visible>
                            </control>
							
							<!-- MOVIE budget / revenue / Box Office etc (wished eg $119,119,282 	(12.7% of total ))-->
                            <control type="label">			 <!-- maybe not needed, or relook skinhelper, visible condition -->
                                <width>80%</width>
								<height>90</height>
								<top>55</top>
								<left>0</left>
								<font>Light22</font>
                                <align>center</align>
                                <label>$INFO[Window(Home).Property(SkinHelper.ListItem.Budget.formatted), • [B]Budget: [/B], $ • ][CR]$INFO[Window(Home).Property(SkinHelper.ListItem.Revenue.formatted), • [B]Gesammt Einnahmen: [/B]$, • ][CR]$INFO[Window(Home).Property(SkinHelper.ListItem.BoxOffice), • [B]Einnahme am 1.KINOTAG: [/B], • ]</label>
                                <textcolor>$INFO[Skin.String(ViewDetailsTextColor)]</textcolor>
								<shadowcolor>$INFO[Skin.String(ViewDetailsTextShadowColor)]</shadowcolor>
                                <scroll>false</scroll> 
								<visible>Container.Content(movies)</visible>
							</control> 
							
							<!--Last aired episode, if in Library or not -->
                            <control type="label">
                                <width>1150</width>
								<top>90</top>
								<left>75</left>
                                <font>Reg26</font>
                                <align>right</align>
                                <label>$INFO[Window(Home).Property(SkinHelper.ListItem.Lastepisode.airdate.Label),[B]$LOCALIZE[31214]:[/B] ,]</label>
                                <textcolor>$INFO[Skin.String(ViewDetailsTextColor)]</textcolor>
                                <shadowcolor>$INFO[Skin.String(ViewDetailsTextShadowColor)]</shadowcolor>
                                <!-- 
								<visible>!String.IsEmpty(Window(Home).Property(SkinHelper.ListItem.LastEpisode.airdate.Label))</visible> 
								<visible>String.IsEqual(Window(Home).Property(contenttype),tvshows) | String.IsEqual(Window(Home).Property(contenttype),episodes)</visible>
								-->
                                <visible>Container.Content(tvshows) | Container.Content(episodes)</visible>
								<scroll>true</scroll>
                            </control>
													
							<!-- tvdb contionuing / next aired series status, studio,  airdate and  s,e,t -->
                            <control type="label">
                                <width>90%</width>
                                <top>60</top>
								<left>55</left>
                                <font>Light24</font>
                                <align>center</align>
                                <label>$INFO[Window(Home).Property(SkinHelper.ListItem.airdaytime.label),[B]$LOCALIZE[31212][/B] $LOCALIZE[31213] • ] $INFO[Window(Home).Property(SkinHelper.ListItem.NextEpisode.Label),• ]</label>
                                <textcolor>$INFO[Skin.String(ViewDetailsTextColor)]</textcolor>
                                <shadowcolor>$INFO[Skin.String(ViewDetailsTextShadowColor)]</shadowcolor>
                                <scroll>false</scroll>
                                <visible>!String.IsEmpty(Window(Home).Property(SkinHelper.ListItem.airdaytime.label)) + !String.IsEmpty(Window(Home).Property(SkinHelper.ListItem.NextEpisode.Label))</visible> <!-- !String.IsEmpty(Window(Home).Property(SkinHelper.ListItem.NextEpisode.Label)) -->
                            </control>				
                        </control>
                        
						<!-- trailer window -->
						<control type="group">
							<left>700</left>
							<top>455</top>
							<width>960</width>
                            <height>540</height>			<!-- (720 * 0.75) -->
							<visible>Player.HasVideo</visible>
							
							<control type="image">
								<left>0</left>
								<width>100%</width>
								<height>100%</height>
								<aligny>bottom</aligny>
								<texture border="15">diffuse/bgpanel.png</texture>
								<colordiffuse>ff000000</colordiffuse>
							</control>
							
							<control type="videowindow">
								<left>0</left>
								<top>0</top>
								<width>100%</width>
								<height>100%</height>
								<visible>Player.HasVideo</visible>
							</control>
						</control>					
                    </control>
					
                    <!-- Large Plot , not needed, but keep-->
                    <control type="textbox">
                        <posx>65</posx>
                        <posy>230</posy>
                        <width>90%</width>
                        <height>80%</height>
						<onback>ClearProperty(AdditionalInfo,Plot)</onback>
                        <label>$INFO[ListItem.Plot]</label>
                        <textcolor>$INFO[Skin.String(ViewDetailsTextColor)]</textcolor>
                        <shadowcolor>$INFO[Skin.String(ViewDetailsTextShadowColor)]</shadowcolor>
                        <align>justify</align>
                        <font>Bold42</font>
                        <visible>String.IsEqual(Window.Property(AdditionalInfo),plot)</visible>
                    </control>
                    
					<!--Cast List-->
					
                    <!-- normal cast details as hidden list -->
                    <control type="list" id="50">
                        <posx>1</posx>
                        <posy>1</posy>
                        <width>1</width>
                        <height>1</height>
                        <itemlayout />
                        <focusedlayout />
                        <onup>8000</onup>
                        <onleft>8000</onleft>
                        <onright>8000</onright>
                        <ondown>8000</ondown>						
                        <visible allowhiddenfocus="true">false</visible>
                    </control>
                    <!-- big cast list -->
                    <control type="panel" id="351">
                        <posx>150</posx>
                        <posy>190</posy>
                        <width>1800</width>
                        <height>780</height>
                        <onup>351</onup>
                        <ondown>351</ondown> 
						<onleft>351</onleft>
						<onright>351</onright>
                        <onback>8000</onback>                       
                        <scrolltime>200</scrolltime>
                        <orientation>vertical</orientation>
                        <focusposition>1</focusposition>
                        <animation effect="fade" start="100" end="25" time="0" condition="Container(351).IsUpdating">Conditional</animation>
                        <animation effect="slide" start="0,0" end="0,1000" time="0" delay="0" condition="!String.IsEqual(Window.Property(AdditionalInfo),cast)">Conditional</animation>
                        <viewtype label="actor list">list</viewtype>
                        <visible allowhiddenfocus="true">String.IsEqual(Window.Property(AdditionalInfo),cast)</visible>
						<include>animation_window_open_close</include>
                        <itemlayout height="392" width="264">
                            <control type="group">
                                <width>260</width>
                                <height>388</height>
                                <control type="image">
                                    <include>PosterThumbBG</include>
                                </control>
                                <control type="image">
                                    <texture border="1" diffuse="diffuse/poster.png" background="true" fallback="DefaultActor.png">$INFO[ListItem.Thumb]</texture>
                                    <aspectratio scalediffuse="true" aligny="top" align="center">scale</aspectratio>
                                    <bordersize>8</bordersize>
                                </control>
                            </control>
							<control type="image">
								<texture>diffuse/bgpanel.png</texture>
								<include>PosterThumbBG</include>		<!--<include>PosterThumbBG</include> or  <colordiffuse>$INFO[Skin.String(ButtonColor)]</colordiffuse>-->
								<visible>true</visible>
								<top>330</top>
								<left>0</left>
								<width>260</width>
								<height>55</height>
								<align>center</align>
							</control>
							<control type="label">
								<font>reg24</font>
								<label>$INFO[Container(351).ListItem.Label,[B],[/B][CR]]$INFO[Container(351).ListItem.Label2]</label>
								<textcolor>$INFO[Skin.String(ViewDetailsTextColor)]</textcolor>
								<top>335</top>
								<left>0</left>
								<width>260</width>
								<height>50</height>
								<align>center</align>
								<textoffsetx>0</textoffsetx>
								<!--
								<scroll>true</scroll>
								<scrollspeed>20</scrollspeed>
								-->
							</control>	
                        </itemlayout>
						
                        <focusedlayout height="392" width="264">
                            <control type="group">
                                <width>260</width>
                                <height>388</height>
                                <control type="image">
                                    <include>PosterThumbFO</include>
                                </control>
                                <control type="image">
                                    <texture border="1" diffuse="diffuse/poster.png" background="true" fallback="DefaultActor.png">$INFO[ListItem.Thumb]</texture>
                                    <aspectratio scalediffuse="true" aligny="top" align="center">scale</aspectratio>
                                    <bordersize>8</bordersize>
                                </control>
                            </control>
                            <control type="button">
								<font>reg20</font>
                                <label>$INFO[Container(351).ListItem.Label,[B],[/B][CR]]$INFO[Container(351).ListItem.Label2]</label>
                                <visible>true</visible>
								<top>340</top>
                                <left></left>
								<width>260</width>
								<height>50</height>
								<align>center</align>
								<scroll>true</scroll>
								<scrollspeed>20</scrollspeed>
								<textoffsetx>0</textoffsetx>
                                <onfocus>SetProperty(actordbid,$INFO[ListItem.Property(DBID)],home)</onfocus>
                            </control>																					
                        </focusedlayout>
                        <content>$VAR[castInfo]</content>
                    </control>
					
                    <!-- cast info details -->
					<control type="group">
						<visible>String.IsEqual(Window.Property(AdditionalInfo),cast)</visible>
						<include>animation_window_open_close</include>
                        
                        <!-- busy image while widget loading -->
                        <control type="multiimage">
                            <posy>20</posy>
                            <left>663</left>
							<align>center</align>
                            <width>30</width>
                            <height>30</height>
                            <aspectratio>keep</aspectratio>
                            <imagepath>$INFO[Skin.String(SkinHelper.SpinnerTexture.Path)]</imagepath>
                            <timeperimage>100</timeperimage>
                            <colordiffuse>green</colordiffuse>
                            <fadetime>0</fadetime>
                            <visible>!Skin.String(SkinHelper.SpinnerTexture.Path,None)</visible>
                            <visible>Control.IsVisible(351) + Container(351).IsUpdating</visible>
                        </control>                      
                    </control>
                    

                    <!--Similar List-->
					<control type="panel" id="352">
                        <posx>80</posx>
                        <posy>180</posy>
                        <width>90%</width>
                        <height>35%</height>						
						<onup>352</onup>
						<onleft>352</onleft>
						<onright>352</onright>
                        <ondown>8000</ondown>
						<onback>8000</onback>					
                        <scrolltime>200</scrolltime>
                        <orientation>horizontal</orientation>
                        <focusposition>1</focusposition>
                        <viewtype label="actor list">list</viewtype>
                        <visible allowhiddenfocus="true">String.IsEqual(Window.Property(AdditionalInfo),similar)</visible>
                        <animation effect="fade" start="100" end="25" time="0" condition="Container(352).IsUpdating">Conditional</animation>
                        <animation effect="slide" start="0,0" end="0,1000" time="0" delay="0" condition="!String.IsEqual(Window.Property(AdditionalInfo),similar)">Conditional</animation>
                        <!-- itemlayout movies -->
                        <itemlayout height="387" width="250">
                            <control type="group">
                                <width>230</width>
                                <height>342</height>
                                <include>PosterPanelLayout</include>
                            </control>
							<control type="image">
                                <bottom>2</bottom>
                                <height>50</height>
								<width>233</width>
                                <bordersize>0</bordersize>
                                <texture diffuse="diffuse/poster.png">colors/color_white.png</texture>
                                <colordiffuse>$INFO[Skin.String(ButtonColor)]</colordiffuse>
                            </control>
							<control type="label">
                                <left>10</left>
                                <bottom>2</bottom>
                                <width>230</width>
                                <height>50</height>
                                <align>left</align>
                                <label>$INFO[Container(352).ListItem.Label2,[B],[/B][CR]]$INFO[Container(352).ListItem.Label]</label>
                                <font>Reg22</font>
                                <textcolor>$INFO[Skin.String(ViewDetailsTextColor)]</textcolor>
                            </control>
                        </itemlayout>
                        <focusedlayout height="387" width="240">						 
                            <control type="group">
                                <width>240</width>
                                <height>362</height>
                                <include>PosterPanelLayoutFocus</include>								
								<animation effect="slide" end="-3,25" center="auto" time="50">focus</animation>
                            </control>
							<control type="image">
                                <bottom>2</bottom>
                                <height>50</height>
								<width>240</width>
                                <bordersize>0</bordersize>								
                                <texture diffuse="diffuse/poster.png">colors/color_white.png</texture>                               
								<colordiffuse>$INFO[Skin.String(ViewDetailsFocusColor)]</colordiffuse>
								<animation effect="slide" end="-3,25" center="auto" time="50">focus</animation>
                            </control>								
							<control type="label">
                                <left>10</left>
                                <bottom>2</bottom>
                                <width>230</width>
                                <height>50</height>
                                <align>left</align>								
                                <label>$INFO[Container(352).ListItem.Title]</label>
                                <font>Reg24</font>
                                <textcolor>$INFO[Skin.String(ViewDetailsTextColor)]</textcolor>
								<animation effect="slide" end="-3,25" center="auto" time="50">focus</animation>
                            </control>
                        </focusedlayout>
                        <content>$VAR[similarInfo]</content>
                    </control>
                        
                    <!-- similar info details -->
                    <control type="group">
						<include>animation_window_open_close</include>
                        <visible>String.IsEqual(Window.Property(AdditionalInfo),similar)</visible>
                        <control type="group">
                            <left>80</left>
                            <posy>580</posy>
                            <width>90%</width>
                            <height>38%</height>							
                            
                             <!--Panel-->
                            <control type="image">
                                <bottom>-5</bottom>
                                <height>102%</height>
								<width>100%</width>
                                <bordersize>0</bordersize>
                                <texture diffuse="diffuse/poster.png">colors/color_white.png</texture>
                                <colordiffuse>$INFO[Skin.String(ViewDetailsFocusColor)]</colordiffuse>
                            </control>
							<control type="image">
                                <left>5</left>
                                <top>5</top>
                                <height>97%</height>                                
                                <align>left</align>
								<aspectratio align="left" aligny="top">keep</aspectratio>
                                <texture background="true" diffuse="diffuse/poster.png">$INFO[Container(352).ListItem.Art(fanart)]</texture>
                                <fadetime>300</fadetime>
                            </control>
                            <control type="label">
                                <left>720</left>
                                <top>5</top>
                                <width>98%</width>
                                <height>30</height>
                                <align>left</align>
                                <label>$INFO[Container(352).ListItem.Label2[CR]]$INFO[Container(352).ListItem.Label] $INFO[Container(352).ListItem.Year,(,) ]</label>
                                <font>Bold26</font>
                                <textcolor>$INFO[Skin.String(TagOverlaysTextColor)]</textcolor>
								<scroll>true</scroll>
								<scrollspeed>20</scrollspeed>
                            </control>
							<control type="textbox">
								<left>720</left>
                                <top>55</top>
                                <width>990</width>
                                <height>450</height>
                                <align>left</align>
								<label>$INFO[Container(352).ListItem.Plot]</label>
								<textcolor>$INFO[Skin.String(ViewDetailsTextColor)]</textcolor><!-- $INFO[Skin.String(ViewDetailsTextColor)] -->
								<shadowcolor>$INFO[Skin.String(ViewDetailsTextShadowColor)]</shadowcolor>
								<align>justify</align>
								<font>Bold24</font>
								<scroll>true</scroll>
								<scrollspeed>20</scrollspeed>
                                <!-- TITAN TRAILER nOT PLAYING DEFAULT <visible>!String.IsEqual(Window(Home).Property(TrailerPlaying),windowed)</visible>	-->
							</control>
                        </control>
                    </control>
                </control>
			</control>
		</control>
        <include condition="Skin.HasSetting(DebugGrid) | Skin.HasSetting(DebugInfo)">DebugInfo</include>
	</controls>
</window>
