<?xml version="1.0" encoding="utf-8"?>
<!--Titan-->
<window type="window" id="3017">
    <defaultcontrol always="true">9000</defaultcontrol>
    <onload>SetFocus(9000)</onload>
   	<onload>ClearProperty(ShowViewSubMenu, Home)</onload>
    <onload>SetProperty(netflixview,active,Home)</onload>
    <onfocus condition="Control.IsVisible(510)">SetProperty(SkinHelper.WidgetContainer,510,Home)</onfocus>
	<onunload>ClearProperty(ShowViewSubMenu, Home)</onunload>
    <onunload condition="!String.Contains(Skin.String(HomeLayout),netflix)">ClearProperty(netflixview, Home)</onunload>
    <onunload>ClearProperty(SkinHelper.WidgetContainer,Home)</onunload>
    <controls>
        <include>GlobalBackground</include>
        <include>HomeNetflix2</include>

	</controls>
</window>
