<?xml version="1.0" encoding="UTF-8"?>
<includes>
    <include name="HomeMenu_Vertical">
			<control type="grouplist" id="9500">
			
			
			<posx>-10</posx>
			<posy>645</posy>			
			<width>1950</width>
			<height>1200</height>
			<itemgap>10</itemgap>
			<align>top</align>
			<preloaditems>2</preloaditems>
			<usecontrolcoords>true</usecontrolcoords>
			<onup>666</onup>
			<onleft>9000</onleft>
			<scrolltime tween="sine" easing="out">250</scrolltime>
			<orientation>vertical</orientation>
			<animation effect="slide" time="300" start="0" end="180,0" condition="Control.HasFocus(9000)">Conditional</animation>			
			
			<animation effect="zoom" end="80,80" time="300" center="auto" condition="Control.HasFocus(9000)">Conditional</animation>
			<ondown>9501</ondown>

			<control type="fixedlist" id="1">
					<animation effect="fade" start="100" end="80" time="100" condition="!Control.HasFocus(1)">Conditional</animation>
					<animation effect="slide" end="0,-210" time="250" condition="Control.HasFocus(2)">Conditional</animation>
					<animation effect="fade" start="100" end="0" time="0" condition="Control.HasFocus(2)">Conditional</animation>
					<animation effect="fade" start="100" end="0" time="0" condition="Control.HasFocus(3) | Control.HasFocus(4) | Control.HasFocus(5)">Conditional</animation>
					
					<posx>-300</posx>
					<focusposition>1</focusposition>
					<width>3000</width>
					
					
					
					<ondown>2</ondown>
					<scrolltime tween="sine" easing="out">500</scrolltime>
					<orientation>horizontal</orientation>
					
					<height>210</height>
<!-- 					<include condition="!String.Contains(Container(9000).ListItem.Property(widgetStyle),Fanart) + !String.Contains(Container(9000).ListItem.Property(widgetStyle),Icon)">Fanart_Widgets</include>

					<include condition="String.Contains(Container(9000).ListItem.Property(widgetStyle),Fanart)">Fanart_Widgets</include> -->
					<itemlayout height="200" width="370" condition="!String.Contains(Container(9000).ListItem.Property(widgetStyle1), icon)">
						<control type="image">
							<left>5</left>
							<top>5</top>
							<width>350</width>
							<height>197</height>
							<align>center</align>
							<aligny>top</aligny>
							<aspectratio aligny="top">scale</aspectratio>
							<texture>$VAR[ContainerFanartVar]</texture>
							<!-- <visible>!String.IsEmpty(Container(9000).ListItem.Property(widgetPath.personalposter1))</visible> -->
						</control>

						<control type="image">
							<left>5</left>
							<top>10</top>
							<width>350</width>
							<height>185</height>
							<align>center</align>
							<aligny>top</aligny>
							<aspectratio aligny="center">keep</aspectratio>
							<texture>$VAR[ClearLogoVar]</texture>
							<visible>Skin.HasSetting(show_widgetclearlogos)</visible>
						</control>	
					</itemlayout>
					<focusedlayout height="200" width="370" condition="!String.Contains(Container(9000).ListItem.Property(widgetStyle1),icon)">
						<control type="group">
						<control type="image">
							<left>5</left>
							<top>5</top>
							<width>350</width>
							<height>197</height>
							<align>center</align>
							<aligny>top</aligny>
							<aspectratio aligny="top">scale</aspectratio>
							<texture>$VAR[ContainerFanartVar]</texture>
							<!-- <visible>!String.IsEmpty(Container(9000).ListItem.Property(widgetPath.personalposter1))</visible> -->
						</control>
						<control type="image">
							<left>5</left>
							<top>10</top>
							<width>350</width>
							<height>185</height>
							<align>center</align>
							<aligny>top</aligny>
							<aspectratio aligny="center">keep</aspectratio>
							<texture>$VAR[ClearLogoVar]</texture>
							<visible>Skin.HasSetting(show_widgetclearlogos)</visible>
						</control>			
							<control type="image">
								<left>130</left>
								<top>60</top>
								<width>64</width>
								<height>64</height>
								<texture>$VAR[PercentWatched]</texture>
							</control>
						</control>
					</focusedlayout>					
					<itemlayout height="200" width="370" condition="String.Contains(Container(9000).ListItem.Property(widgetStyle1), icon)">
						<control type="image">
							<left>5</left>
							<top>5</top>
							<width>350</width>
							<height>197</height>
							<align>center</align>
							<aligny>center</aligny>
							<aspectratio aligny="center">scale</aspectratio>
							<texture>$INFO[ListItem.Icon]</texture>
							<!-- <visible>!String.IsEmpty(Container(9000).ListItem.Property(widgetPath.personalposter1))</visible> -->
						</control>

						<control type="image">
							<left>5</left>
							<top>10</top>
							<width>350</width>
							<height>185</height>
							<align>center</align>
							<aligny>center</aligny>
							<aspectratio aligny="center">scale</aspectratio>
							<texture>$VAR[ClearLogoVar]</texture>
							<visible>Skin.HasSetting(show_widgetclearlogos)</visible>
						</control>	
					</itemlayout>
					<focusedlayout height="200" width="370" condition="String.Contains(Container(9000).ListItem.Property(widgetStyle1),icon)">
						<control type="group">
						<control type="image">
							<left>5</left>
							<top>5</top>
							<width>350</width>
							<height>197</height>
							<align>center</align>
							<aligny>center</aligny>
							<aspectratio aligny="center">scale</aspectratio>
							<texture>$INFO[ListItem.Icon]</texture>
							<!-- <visible>!String.IsEmpty(Container(9000).ListItem.Property(widgetPath.personalposter1))</visible> -->
						</control>
						<control type="image">
							<left>5</left>
							<top>10</top>
							<width>350</width>
							<height>185</height>
							<align>center</align>
							<aligny>top</aligny>
							<aspectratio aligny="center">keep</aspectratio>
							<texture>$VAR[ClearLogoVar]</texture>
							<visible>Skin.HasSetting(show_widgetclearlogos)</visible>
						</control>			
							<control type="image">
								<left>130</left>
								<top>60</top>
								<width>64</width>
								<height>64</height>
								<texture>$VAR[PercentWatched]</texture>
							</control>
						</control>
					</focusedlayout>					
					

					<visible>!String.IsEmpty(Container(9000).ListItem.Property(widgetPath.personalposter1))</visible>
					
					<content limit="$INFO[Skin.String(CustomWidgetLimit)]" target="$INFO[Container(9000).ListItem.Property(widgetTarget.personalposter1)]">$INFO[Container(9000).ListItem.Property(widgetPath.personalposter1)]</content>
			</control>
			<control type="fixedlist" id="2">
					<animation effect="fade" start="100" end="80" time="100" condition="!Control.HasFocus(2)">Conditional</animation>
					<animation effect="slide" end="0,-450" time="250" condition="Control.HasFocus(3)">Conditional</animation>
					<animation effect="slide" end="0,-220" time="250" condition="Control.HasFocus(2)">Conditional</animation>					
					<animation effect="fade" start="100" end="0" time="0" condition="Control.HasFocus(3)">Conditional</animation>
					<animation effect="fade" start="100" end="0" time="0" condition="Control.HasFocus(4)|Control.HasFocus(5)">Conditional</animation>
				
					<posx>-300</posx>
					<focusposition>1</focusposition>
					<width>3000</width>
					<onup>9500</onup>
					
					
					<ondown>3</ondown>
					<scrolltime tween="sine" easing="out">500</scrolltime>
					<orientation>horizontal</orientation>
					
					<height>210</height>
					<visible>!String.IsEmpty(Container(9000).ListItem.Property(widgetPath.personalposter2))</visible>
					<itemlayout height="200" width="370" condition="!String.Contains(Container(9000).ListItem.Property(widgetStyle2), icon)">
						<control type="image">
							<left>5</left>
							<top>5</top>
							<width>350</width>
							<height>197</height>
							<align>center</align>
							<aligny>top</aligny>
							<aspectratio aligny="top">scale</aspectratio>
							<texture>$VAR[ContainerFanartVar]</texture>
							<!-- <visible>!String.IsEmpty(Container(9000).ListItem.Property(widgetPath.personalposter1))</visible> -->
						</control>

						<control type="image">
							<left>5</left>
							<top>10</top>
							<width>350</width>
							<height>185</height>
							<align>center</align>
							<aligny>top</aligny>
							<aspectratio aligny="center">keep</aspectratio>
							<texture>$VAR[ClearLogoVar]</texture>
							<visible>Skin.HasSetting(show_widgetclearlogos)</visible>
						</control>	
					</itemlayout>
					<focusedlayout height="200" width="370" condition="!String.Contains(Container(9000).ListItem.Property(widgetStyle2),icon)">
						<control type="group">
						<control type="image">
							<left>5</left>
							<top>5</top>
							<width>350</width>
							<height>197</height>
							<align>center</align>
							<aligny>top</aligny>
							<aspectratio aligny="top">scale</aspectratio>
							<texture>$VAR[ContainerFanartVar]</texture>
							<!-- <visible>!String.IsEmpty(Container(9000).ListItem.Property(widgetPath.personalposter1))</visible> -->
						</control>
						<control type="image">
							<left>5</left>
							<top>10</top>
							<width>350</width>
							<height>185</height>
							<align>center</align>
							<aligny>top</aligny>
							<aspectratio aligny="center">keep</aspectratio>
							<texture>$VAR[ClearLogoVar]</texture>
							<visible>Skin.HasSetting(show_widgetclearlogos)</visible>
						</control>			
							<control type="image">
								<left>130</left>
								<top>60</top>
								<width>64</width>
								<height>64</height>
								<texture>$VAR[PercentWatched]</texture>
							</control>
						</control>
					</focusedlayout>					
					<itemlayout height="200" width="370" condition="String.Contains(Container(9000).ListItem.Property(widgetStyle2), icon)">
						<control type="image">
							<left>5</left>
							<top>5</top>
							<width>350</width>
							<height>197</height>
							<align>center</align>
							<aligny>center</aligny>
							<aspectratio aligny="center">scale</aspectratio>
							<texture>$INFO[ListItem.Icon]</texture>
							<!-- <visible>!String.IsEmpty(Container(9000).ListItem.Property(widgetPath.personalposter1))</visible> -->
						</control>

						<control type="image">
							<left>5</left>
							<top>10</top>
							<width>350</width>
							<height>185</height>
							<align>center</align>
							<aligny>top</aligny>
							<aspectratio aligny="center">keep</aspectratio>
							<texture>$VAR[ClearLogoVar]</texture>
							<visible>Skin.HasSetting(show_widgetclearlogos)</visible>
						</control>	
					</itemlayout>
					<focusedlayout height="200" width="370" condition="String.Contains(Container(9000).ListItem.Property(widgetStyle2),icon)">
						<control type="group">
						<control type="image">
							<left>5</left>
							<top>5</top>
							<width>350</width>
							<height>197</height>
							<align>center</align>
							<aligny>center</aligny>
							<aspectratio aligny="center">scale</aspectratio>
							<texture>$INFO[ListItem.Icon]</texture>
							<!-- <visible>!String.IsEmpty(Container(9000).ListItem.Property(widgetPath.personalposter1))</visible> -->
						</control>
						<control type="image">
							<left>5</left>
							<top>10</top>
							<width>350</width>
							<height>185</height>
							<align>center</align>
							<aligny>top</aligny>
							<aspectratio aligny="center">keep</aspectratio>
							<texture>$VAR[ClearLogoVar]</texture>
							<visible>Skin.HasSetting(show_widgetclearlogos)</visible>
						</control>			
							<control type="image">
								<left>130</left>
								<top>60</top>
								<width>64</width>
								<height>64</height>
								<texture>$VAR[PercentWatched]</texture>
							</control>
						</control>
					</focusedlayout>					

					<content limit="$INFO[Skin.String(CustomWidgetLimit)]" target="$INFO[Container(9000).ListItem.Property(widgetTarget.personalposter2)]">$INFO[Container(9000).ListItem.Property(widgetPath.personalposter2)]</content>

			</control>

			<control type="fixedlist" id="3">
      				<animation effect="fade" start="100" end="80" time="0" condition="!Control.HasFocus(3)">Conditional</animation>
					<animation effect="slide" end="0,-220" time="250" condition="Control.HasFocus(2)">Conditional</animation>
					<animation effect="slide" end="0,-440" time="250" condition="Control.HasFocus(3)">Conditional</animation>
					<animation effect="slide" end="0,-660" time="250" condition="Control.HasFocus(4)">Conditional</animation>
					<animation effect="fade" start="100" end="0" time="150" condition="Control.HasFocus(4)">Conditional</animation>
					<animation effect="fade" start="100" end="0" time="0" condition="Control.HasFocus(4)">Conditional</animation>
					<animation effect="fade" start="100" end="0" time="0" condition="Control.HasFocus(5)">Conditional</animation>
					<onup>9501</onup>
					
					<ondown>4</ondown>
					<scrolltime tween="sine" easing="out">500</scrolltime>
					<orientation>horizontal</orientation>
					
					<posx>-300</posx>
					<focusposition>1</focusposition>
					<width>3000</width>
					<height>210</height>
					<visible>!String.IsEmpty(Container(9000).ListItem.Property(widgetPath.personalposter3))</visible>
					<itemlayout height="200" width="370" condition="!String.Contains(Container(9000).ListItem.Property(widgetStyle3), icon)">
						<control type="image">
							<left>5</left>
							<top>5</top>
							<width>350</width>
							<height>197</height>
							<align>center</align>
							<aligny>top</aligny>
							<aspectratio aligny="top">scale</aspectratio>
							<texture>$VAR[ContainerFanartVar]</texture>
							<!-- <visible>!String.IsEmpty(Container(9000).ListItem.Property(widgetPath.personalposter1))</visible> -->
						</control>

						<control type="image">
							<left>5</left>
							<top>10</top>
							<width>350</width>
							<height>185</height>
							<align>center</align>
							<aligny>top</aligny>
							<aspectratio aligny="center">keep</aspectratio>
							<texture>$VAR[ClearLogoVar]</texture>
							<visible>Skin.HasSetting(show_widgetclearlogos)</visible>
						</control>	
					</itemlayout>
					<focusedlayout height="200" width="370" condition="!String.Contains(Container(9000).ListItem.Property(widgetStyle3),icon)">
						<control type="group">
						<control type="image">
							<left>5</left>
							<top>5</top>
							<width>350</width>
							<height>197</height>
							<align>center</align>
							<aligny>top</aligny>
							<aspectratio aligny="top">scale</aspectratio>
							<texture>$VAR[ContainerFanartVar]</texture>
							<!-- <visible>!String.IsEmpty(Container(9000).ListItem.Property(widgetPath.personalposter1))</visible> -->
						</control>
						<control type="image">
							<left>5</left>
							<top>10</top>
							<width>350</width>
							<height>185</height>
							<align>center</align>
							<aligny>top</aligny>
							<aspectratio aligny="center">keep</aspectratio>
							<texture>$VAR[ClearLogoVar]</texture>
							<visible>Skin.HasSetting(show_widgetclearlogos)</visible>
						</control>			
							<control type="image">
								<left>130</left>
								<top>60</top>
								<width>64</width>
								<height>64</height>
								<texture>$VAR[PercentWatched]</texture>
							</control>
						</control>
					</focusedlayout>					
					<itemlayout height="200" width="370" condition="String.Contains(Container(9000).ListItem.Property(widgetStyle3), icon)">
						<control type="image">
							<left>5</left>
							<top>5</top>
							<width>350</width>
							<height>197</height>
							<align>center</align>
							<aligny>center</aligny>
							<aspectratio aligny="center">scale</aspectratio>
							<texture>$INFO[ListItem.Icon]</texture>
							<!-- <visible>!String.IsEmpty(Container(9000).ListItem.Property(widgetPath.personalposter1))</visible> -->
						</control>

						<control type="image">
							<left>5</left>
							<top>10</top>
							<width>350</width>
							<height>185</height>
							<align>center</align>
							<aligny>top</aligny>
							<aspectratio aligny="center">keep</aspectratio>
							<texture>$VAR[ClearLogoVar]</texture>
							<visible>Skin.HasSetting(show_widgetclearlogos)</visible>
						</control>	
					</itemlayout>
					<focusedlayout height="200" width="370" condition="String.Contains(Container(9000).ListItem.Property(widgetStyle3),icon)">
						<control type="group">
						<control type="image">
							<left>5</left>
							<top>5</top>
							<width>350</width>
							<height>197</height>
							<align>center</align>
							<aligny>center</aligny>
							<aspectratio aligny="center">scale</aspectratio>
							<texture>$INFO[ListItem.Icon]</texture>
							<!-- <visible>!String.IsEmpty(Container(9000).ListItem.Property(widgetPath.personalposter1))</visible> -->
						</control>
						<control type="image">
							<left>5</left>
							<top>10</top>
							<width>350</width>
							<height>185</height>
							<align>center</align>
							<aligny>top</aligny>
							<aspectratio aligny="center">keep</aspectratio>
							<texture>$VAR[ClearLogoVar]</texture>
							<visible>Skin.HasSetting(show_widgetclearlogos)</visible>
						</control>			
							<control type="image">
								<left>130</left>
								<top>60</top>
								<width>64</width>
								<height>64</height>
								<texture>$VAR[PercentWatched]</texture>
							</control>
						</control>
					</focusedlayout>					

					<content limit="$INFO[Skin.String(CustomWidgetLimit)]" target="$INFO[Container(9000).ListItem.Property(widgetTarget.personalposter3)]">$INFO[Container(9000).ListItem.Property(widgetPath.personalposter3)]</content>

			</control>

			<control type="fixedlist" id="4">
      				<animation effect="fade" start="100" end="80" time="100" condition="!Control.HasFocus(4)">Conditional</animation>
					<animation effect="slide" end="0,-210" time="250" condition="Control.HasFocus(2)">Conditional</animation>
					<animation effect="slide" end="0,-440" time="250" condition="Control.HasFocus(3)">Conditional</animation>
					<animation effect="slide" end="0,-660" time="250" condition="Control.HasFocus(4)">Conditional</animation>
					<animation effect="slide" end="0,-860" time="250" condition="Control.HasFocus(5)">Conditional</animation>
					<animation effect="fade" start="100" end="0" time="0" condition="Control.HasFocus(5)">Conditional</animation>
					<animation effect="fade" start="100" end="0" time="0" condition="Control.HasFocus(1)">Conditional</animation>

					<onup>9502</onup>

					
					<ondown>9504</ondown>
					<scrolltime tween="sine" easing="out">500</scrolltime>
					<orientation>horizontal</orientation>
					
					<posx>-300</posx>
					<focusposition>1</focusposition>
					<width>3000</width>
					<height>210</height>
					<visible>!String.IsEmpty(Container(9000).ListItem.Property(widgetPath.personalposter4))</visible>
					<itemlayout height="200" width="370" condition="!String.Contains(Container(9000).ListItem.Property(widgetStyle4), icon)">
						<control type="image">
							<left>5</left>
							<top>5</top>
							<width>350</width>
							<height>197</height>
							<align>center</align>
							<aligny>top</aligny>
							<aspectratio aligny="top">scale</aspectratio>
							<texture>$VAR[ContainerFanartVar]</texture>
							<!-- <visible>!String.IsEmpty(Container(9000).ListItem.Property(widgetPath.personalposter1))</visible> -->
						</control>

						<control type="image">
							<left>5</left>
							<top>10</top>
							<width>350</width>
							<height>185</height>
							<align>center</align>
							<aligny>top</aligny>
							<aspectratio aligny="center">keep</aspectratio>
							<texture>$VAR[ClearLogoVar]</texture>
							<visible>Skin.HasSetting(show_widgetclearlogos)</visible>
						</control>	
					</itemlayout>
					<focusedlayout height="200" width="370" condition="!String.Contains(Container(9000).ListItem.Property(widgetStyle4),icon)">
						<control type="group">
						<control type="image">
							<left>5</left>
							<top>5</top>
							<width>350</width>
							<height>197</height>
							<align>center</align>
							<aligny>top</aligny>
							<aspectratio aligny="top">scale</aspectratio>
							<texture>$VAR[ContainerFanartVar]</texture>
							<!-- <visible>!String.IsEmpty(Container(9000).ListItem.Property(widgetPath.personalposter1))</visible> -->
						</control>
						<control type="image">
							<left>5</left>
							<top>10</top>
							<width>350</width>
							<height>185</height>
							<align>center</align>
							<aligny>top</aligny>
							<aspectratio aligny="center">keep</aspectratio>
							<texture>$VAR[ClearLogoVar]</texture>
							<visible>Skin.HasSetting(show_widgetclearlogos)</visible>
						</control>			
							<control type="image">
								<left>130</left>
								<top>60</top>
								<width>64</width>
								<height>64</height>
								<texture>$VAR[PercentWatched]</texture>
							</control>
						</control>
					</focusedlayout>					
					<itemlayout height="200" width="370" condition="String.Contains(Container(9000).ListItem.Property(widgetStyle4), icon)">
						<control type="image">
							<left>5</left>
							<top>5</top>
							<width>350</width>
							<height>197</height>
							<align>center</align>
							<aligny>center</aligny>
							<aspectratio aligny="center">scale</aspectratio>
							<texture>$INFO[ListItem.Icon]</texture>
							<!-- <visible>!String.IsEmpty(Container(9000).ListItem.Property(widgetPath.personalposter1))</visible> -->
						</control>

						<control type="image">
							<left>5</left>
							<top>10</top>
							<width>350</width>
							<height>185</height>
							<align>center</align>
							<aligny>top</aligny>
							<aspectratio aligny="center">keep</aspectratio>
							<texture>$VAR[ClearLogoVar]</texture>
							<visible>Skin.HasSetting(show_widgetclearlogos)</visible>
						</control>	
					</itemlayout>
					<focusedlayout height="200" width="370" condition="String.Contains(Container(9000).ListItem.Property(widgetStyle4),icon)">
						<control type="group">
						<control type="image">
							<left>5</left>
							<top>5</top>
							<width>350</width>
							<height>197</height>
							<align>center</align>
							<aligny>center</aligny>
							<aspectratio aligny="center">scale</aspectratio>
							<texture>$INFO[ListItem.Icon]</texture>
							<!-- <visible>!String.IsEmpty(Container(9000).ListItem.Property(widgetPath.personalposter1))</visible> -->
						</control>
						<control type="image">
							<left>5</left>
							<top>10</top>
							<width>350</width>
							<height>185</height>
							<align>center</align>
							<aligny>top</aligny>
							<aspectratio aligny="center">keep</aspectratio>
							<texture>$VAR[ClearLogoVar]</texture>
							<visible>Skin.HasSetting(show_widgetclearlogos)</visible>
						</control>			
							<control type="image">
								<left>130</left>
								<top>60</top>
								<width>64</width>
								<height>64</height>
								<texture>$VAR[PercentWatched]</texture>
							</control>
						</control>
					</focusedlayout>					

					<content limit="$INFO[Skin.String(CustomWidgetLimit)]" target="$INFO[Container(9000).ListItem.Property(widgetTarget.personalposter4)]">$INFO[Container(9000).ListItem.Property(widgetPath.personalposter4)]</content>

			</control>

			<control type="fixedlist" id="5">
        			<animation effect="fade" start="100" end="80" time="100" condition="!Control.HasFocus(5)">Conditional</animation>
					<animation effect="slide" end="0,-220" time="250" condition="Control.HasFocus(2)">Conditional</animation>
					<animation effect="slide" end="0,-440" time="250" condition="Control.HasFocus(3)">Conditional</animation>
					<animation effect="slide" end="0,-660" time="250" condition="Control.HasFocus(4)">Conditional</animation> 
					<animation effect="slide" end="0,-880" time="250" condition="Control.HasFocus(5)">Conditional</animation>
					<animation effect="fade" start="100" end="0" time="0" condition="Control.HasFocus(1)|Control.HasFocus(2)">Conditional</animation>
					<animation effect="fade" start="100" end="0" time="150" condition="Control.HasFocus(3)">Conditional</animation>

					<onup>9502</onup>
					
					
					<ondown>9504</ondown>
					<scrolltime tween="sine" easing="out">500</scrolltime>
					<orientation>horizontal</orientation>
					
					<posx>-300</posx>
					<focusposition>1</focusposition>
					<width>3000</width>
					<height>210</height>
					<visible>!String.IsEmpty(Container(9000).ListItem.Property(widgetPath.personalposter5))</visible>
					<itemlayout height="200" width="370" condition="!String.Contains(Container(9000).ListItem.Property(widgetStyle5), icon)">
						<control type="image">
							<left>5</left>
							<top>5</top>
							<width>350</width>
							<height>197</height>
							<align>center</align>
							<aligny>top</aligny>
							<aspectratio aligny="top">scale</aspectratio>
							<texture>$VAR[ContainerFanartVar]</texture>
							<!-- <visible>!String.IsEmpty(Container(9000).ListItem.Property(widgetPath.personalposter1))</visible> -->
						</control>

						<control type="image">
							<left>5</left>
							<top>10</top>
							<width>350</width>
							<height>185</height>
							<align>center</align>
							<aligny>top</aligny>
							<aspectratio aligny="center">keep</aspectratio>
							<texture>$VAR[ClearLogoVar]</texture>
							<visible>Skin.HasSetting(show_widgetclearlogos)</visible>
						</control>	
					</itemlayout>
					<focusedlayout height="200" width="370" condition="!String.Contains(Container(9000).ListItem.Property(widgetStyle5),icon)">
						<control type="group">
						<control type="image">
							<left>5</left>
							<top>5</top>
							<width>350</width>
							<height>197</height>
							<align>center</align>
							<aligny>top</aligny>
							<aspectratio aligny="top">scale</aspectratio>
							<texture>$VAR[ContainerFanartVar]</texture>
							<!-- <visible>!String.IsEmpty(Container(9000).ListItem.Property(widgetPath.personalposter1))</visible> -->
						</control>
						<control type="image">
							<left>5</left>
							<top>10</top>
							<width>350</width>
							<height>185</height>
							<align>center</align>
							<aligny>top</aligny>
							<aspectratio aligny="center">keep</aspectratio>
							<texture>$VAR[ClearLogoVar]</texture>
							<visible>Skin.HasSetting(show_widgetclearlogos)</visible>
						</control>			
							<control type="image">
								<left>130</left>
								<top>60</top>
								<width>64</width>
								<height>64</height>
								<texture>$VAR[PercentWatched]</texture>
							</control>
						</control>
					</focusedlayout>					
					<itemlayout height="200" width="370" condition="String.Contains(Container(9000).ListItem.Property(widgetStyle5), icon)">
						<control type="image">
							<left>5</left>
							<top>5</top>
							<width>350</width>
							<height>197</height>
							<align>center</align>
							<aligny>center</aligny>
							<aspectratio aligny="center">scale</aspectratio>
							<texture>$INFO[ListItem.Icon]</texture>
							<!-- <visible>!String.IsEmpty(Container(9000).ListItem.Property(widgetPath.personalposter1))</visible> -->
						</control>

						<control type="image">
							<left>5</left>
							<top>10</top>
							<width>350</width>
							<height>185</height>
							<align>center</align>
							<aligny>top</aligny>
							<aspectratio aligny="center">keep</aspectratio>
							<texture>$VAR[ClearLogoVar]</texture>
							<visible>Skin.HasSetting(show_widgetclearlogos)</visible>
						</control>	
					</itemlayout>
					<focusedlayout height="200" width="370" condition="String.Contains(Container(9000).ListItem.Property(widgetStyle5),icon)">
						<control type="group">
						<control type="image">
							<left>5</left>
							<top>5</top>
							<width>350</width>
							<height>197</height>
							<align>center</align>
							<aligny>center</aligny>
							<aspectratio aligny="center">scale</aspectratio>
							<texture>$INFO[ListItem.Icon]</texture>
							<!-- <visible>!String.IsEmpty(Container(9000).ListItem.Property(widgetPath.personalposter1))</visible> -->
						</control>
						<control type="image">
							<left>5</left>
							<top>10</top>
							<width>350</width>
							<height>185</height>
							<align>center</align>
							<aligny>top</aligny>
							<aspectratio aligny="center">keep</aspectratio>
							<texture>$VAR[ClearLogoVar]</texture>
							<visible>Skin.HasSetting(show_widgetclearlogos)</visible>
						</control>			
							<control type="image">
								<left>130</left>
								<top>60</top>
								<width>64</width>
								<height>64</height>
								<texture>$VAR[PercentWatched]</texture>
							</control>
						</control>
					</focusedlayout>					

					<content limit="$INFO[Skin.String(CustomWidgetLimit)]" target="$INFO[Container(9000).ListItem.Property(widgetTarget.personalposter5)]">$INFO[Container(9000).ListItem.Property(widgetPath.personalposter5)]</content>

			</control>




			</control>

    </include>

	
	
	
	</includes>
