<?xml version='1.0' encoding='UTF-8'?>
<includes>
	<include name="skinshortcuts-mainmenu">
		<item id="1">
			<property name="id">$NUMBER[1]</property>
			<label>$ADDON[script.skinshortcuts 32022]</label>
			<label2>Live-TV</label2>
			<icon>special://skin/extras/icons/livetv.png</icon>
			<thumb>$INFO[Window(Home).Property(SkinHelper.PvrBackground)]</thumb>
			<property name="labelID">livetv</property>
			<property name="defaultID">livetv</property>
			<visible>System.HasPVRAddon</visible>
			<onclick>ActivateWindow(TVGuide)</onclick>
			<property name="path">ActivateWindow(TVGuide)</property>
			<property name="list">TVGuide</property>
			<visible>String.IsEqual(System.ProfileName,Master user)</visible>
			<property name="submenuVisibility">livetv</property>
			<property name="group">mainmenu</property>
			<property name="hasSubmenu">True</property>
		</item>
		<item id="2">
			<property name="id">$NUMBER[2]</property>
			<label>$LOCALIZE[342]</label>
			<label2>Filme</label2>
			<icon>special://skin/extras/icons/film.png</icon>
			<thumb>$INFO[Window(Home).Property(SkinHelper.AllMoviesBackground)]</thumb>
			<property name="labelID">movies</property>
			<property name="defaultID">movies</property>
			<property name="widget.personalposter1">plugin://script.skin.helper.widgets/?action=movieslisting</property>
			<property name="widgetName.personalposter1">In-progress movies</property>
			<property name="widgetType.personalposter1">movies</property>
			<property name="widgetTarget.personalposter1">videos</property>
			<property name="widgetPath.personalposter1">plugin://script.skin.helper.widgets/?action=inprogress&amp;mediatype=movies&amp;tag=&amp;reload=$INFO[Window(Home).Property(widgetreload-movies)]</property>
			<property name="widget.personalposter2">plugin://script.skin.helper.widgets/?action=movieslisting</property>
			<property name="widgetName.personalposter2">In-progress and recommended movies</property>
			<property name="widgetType.personalposter2">movies</property>
			<property name="widgetTarget.personalposter2">videos</property>
			<property name="widgetPath.personalposter2">plugin://script.skin.helper.widgets/?action=inprogressandrecommended&amp;mediatype=movies&amp;tag=&amp;reload=$INFO[Window(Home).Property(widgetreload-movies)]</property>
			<visible>Library.HasContent(Movies)</visible>
			<onclick>ActivateWindow(10025,videodb://movies/titles/,return)</onclick>
			<property name="path">ActivateWindow(10025,videodb://movies/titles/,return)</property>
			<property name="list">videodb://movies/titles/</property>
			<visible>String.IsEqual(System.ProfileName,Master user)</visible>
			<property name="submenuVisibility">movies</property>
			<property name="group">mainmenu</property>
			<property name="hasSubmenu">True</property>
		</item>
		<item id="3">
			<property name="id">$NUMBER[3]</property>
			<label>$LOCALIZE[20343]</label>
			<label2>Serien</label2>
			<icon>special://skin/extras/icons/tv.png</icon>
			<thumb>$INFO[Window(Home).Property(SkinHelper.AllTvShowsBackground)]</thumb>
			<property name="labelID">tvshows</property>
			<property name="defaultID">tvshows</property>
			<visible>Library.HasContent(TVShows)</visible>
			<onclick>ActivateWindow(10025,videodb://tvshows/titles/,return)</onclick>
			<property name="path">ActivateWindow(10025,videodb://tvshows/titles/,return)</property>
			<property name="list">videodb://tvshows/titles/</property>
			<visible>String.IsEqual(System.ProfileName,Master user)</visible>
			<property name="submenuVisibility">tvshows</property>
			<property name="group">mainmenu</property>
			<property name="hasSubmenu">True</property>
		</item>
		<item id="4">
			<property name="id">$NUMBER[4]</property>
			<label>$LOCALIZE[10005]</label>
			<label2>Musik</label2>
			<icon>special://skin/extras/icons/songs.png</icon>
			<thumb>$INFO[Window(Home).Property(SkinHelper.AllMusicBackground)]</thumb>
			<property name="labelID">music</property>
			<property name="defaultID">music</property>
			<onclick>ActivateWindow(10502,return)</onclick>
			<property name="path">ActivateWindow(10502,return)</property>
			<property name="list">10502</property>
			<visible>String.IsEqual(System.ProfileName,Master user)</visible>
			<property name="submenuVisibility">music</property>
			<property name="group">mainmenu</property>
			<property name="hasSubmenu">True</property>
		</item>
		<item id="5">
			<property name="id">$NUMBER[5]</property>
			<label>$LOCALIZE[20389]</label>
			<label2>Musikvideos</label2>
			<icon>resource://resource.images.skinbackgrounds.titanium/hover_my music.jpg</icon>
			<thumb>$INFO[Window(Home).Property(SkinHelper.AllMusicVideosBackground)]</thumb>
			<property name="labelID">musicvideos</property>
			<property name="defaultID">musicvideos</property>
			<visible>Library.HasContent(MusicVideos)</visible>
			<onclick>ActivateWindow(10025,videodb://musicvideos/titles/,return)</onclick>
			<property name="path">ActivateWindow(10025,videodb://musicvideos/titles/,return)</property>
			<property name="list">videodb://musicvideos/titles/</property>
			<visible>String.IsEqual(System.ProfileName,Master user)</visible>
			<property name="submenuVisibility">musicvideos</property>
			<property name="group">mainmenu</property>
			<property name="hasSubmenu">False</property>
		</item>
		<item id="6">
			<property name="id">$NUMBER[6]</property>
			<label>$LOCALIZE[12600]</label>
			<label2>Wetter</label2>
			<icon>special://skin/extras/icons/sun.png</icon>
			<thumb>$VAR[WeatherFanArtSingleImage_Current]</thumb>
			<property name="labelID">weather</property>
			<property name="defaultID">weather</property>
			<visible>!String.IsEmpty(Weather.Plugin)</visible>
			<onclick>ActivateWindow(Weather)</onclick>
			<property name="path">ActivateWindow(Weather)</property>
			<property name="list">Weather</property>
			<visible>String.IsEqual(System.ProfileName,Master user)</visible>
			<property name="submenuVisibility">weather</property>
			<property name="group">mainmenu</property>
			<property name="hasSubmenu">False</property>
		</item>
		<item id="7">
			<property name="id">$NUMBER[7]</property>
			<label>YouTube</label>
			<label2>youtube</label2>
			<icon>resource://resource.images.skinicons.wide/youtube.png</icon>
			<thumb />
			<property name="labelID">plugin.video.youtube</property>
			<property name="defaultID">plugin.video.youtube</property>
			<onclick>ActivateWindow(10025,plugin://plugin.video.youtube,return)</onclick>
			<property name="path">ActivateWindow(10025,plugin://plugin.video.youtube,return)</property>
			<property name="list">plugin://plugin.video.youtube</property>
			<visible>String.IsEqual(System.ProfileName,Master user)</visible>
			<property name="submenuVisibility">plugin-video-youtube</property>
			<property name="group">mainmenu</property>
			<property name="hasSubmenu">False</property>
		</item>
		<item id="8">
			<property name="id">$NUMBER[8]</property>
			<label>$LOCALIZE[10002]</label>
			<label2>Bilder</label2>
			<icon>special://skin/extras/icons/pictures.png</icon>
			<thumb>$INFO[Window(Home).Property(SkinHelper.PicturesBackground)]</thumb>
			<property name="labelID">pictures</property>
			<property name="defaultID">pictures</property>
			<visible>!Skin.HasSetting(HomeMenuUsePlexforPictures)</visible>
			<onclick>ActivateWindow(pictures,return)</onclick>
			<property name="path">ActivateWindow(pictures,return)</property>
			<property name="list">pictures</property>
			<visible>String.IsEqual(System.ProfileName,Master user)</visible>
			<property name="submenuVisibility">pictures</property>
			<property name="group">mainmenu</property>
			<property name="hasSubmenu">False</property>
		</item>
		<item id="9">
			<property name="id">$NUMBER[9]</property>
			<label>$LOCALIZE[10040]</label>
			<label2>Addon-Browser</label2>
			<icon>resource://resource.images.skinicons.wide/addons.png</icon>
			<thumb />
			<property name="labelID">10040</property>
			<property name="defaultID">10040</property>
			<onclick>ActivateWindow(Programs,Addons,return)</onclick>
			<property name="path">ActivateWindow(Programs,Addons,return)</property>
			<property name="list">Addons</property>
			<visible>String.IsEqual(System.ProfileName,Master user)</visible>
			<property name="submenuVisibility">num-10040</property>
			<property name="group">mainmenu</property>
			<property name="hasSubmenu">True</property>
		</item>
		<item id="10">
			<property name="id">$NUMBER[10]</property>
			<label>$LOCALIZE[10006]</label>
			<label2>Videos</label2>
			<icon>resource://resource.images.skinicons.wide/videos.png</icon>
			<thumb />
			<property name="labelID">videos</property>
			<property name="defaultID">videos</property>
			<onclick>ActivateWindow(Videos,return)</onclick>
			<property name="path">ActivateWindow(Videos,return)</property>
			<property name="list">Videos</property>
			<visible>String.IsEqual(System.ProfileName,Master user)</visible>
			<property name="submenuVisibility">videos</property>
			<property name="group">mainmenu</property>
			<property name="hasSubmenu">False</property>
		</item>
		<item id="11">
			<property name="id">$NUMBER[11]</property>
			<label>$LOCALIZE[10004]</label>
			<label2>Einstellungen</label2>
			<icon>special://skin/extras/icons/settings.png</icon>
			<thumb />
			<property name="labelID">settings</property>
			<property name="defaultID">settings</property>
			<onclick>ActivateWindow(Settings)</onclick>
			<property name="path">ActivateWindow(Settings)</property>
			<property name="list">Settings</property>
			<visible>String.IsEqual(System.ProfileName,Master user)</visible>
			<property name="submenuVisibility">settings</property>
			<property name="group">mainmenu</property>
			<property name="hasSubmenu">True</property>
		</item>
	</include>
	<include />
	<include name="skinshortcuts-submenu">
		<item id="1">
			<property name="id">$NUMBER[1]</property>
			<property name="mainmenuid">1</property>
			<label>$LOCALIZE[22020]</label>
			<label2>Live TV</label2>
			<icon>special://skin/extras/icons/addtile.png</icon>
			<thumb />
			<property name="labelID">22020</property>
			<property name="defaultID">22020</property>
			<visible>[System.HasPVRAddon] + String.IsEqual(Container(9000).ListItem.Property(submenuVisibility),livetv)</visible>
			<onclick>ActivateWindow(TVGuide)</onclick>
			<property name="path">ActivateWindow(TVGuide)</property>
			<property name="list">TVGuide</property>
			<visible>String.IsEqual(System.ProfileName,Master user)</visible>
			<property name="group">livetv</property>
			<property name="isSubmenu">True</property>
		</item>
		<item id="2">
			<property name="id">$NUMBER[2]</property>
			<property name="mainmenuid">1</property>
			<label>$LOCALIZE[19019]</label>
			<label2>Live TV</label2>
			<icon>special://skin/extras/icons/addtile.png</icon>
			<thumb />
			<property name="labelID">19019</property>
			<property name="defaultID">19019</property>
			<visible>[System.HasPVRAddon] + String.IsEqual(Container(9000).ListItem.Property(submenuVisibility),livetv)</visible>
			<onclick>ActivateWindow(TVChannels)</onclick>
			<property name="path">ActivateWindow(TVChannels)</property>
			<property name="list">TVChannels</property>
			<visible>String.IsEqual(System.ProfileName,Master user)</visible>
			<property name="group">livetv</property>
			<property name="isSubmenu">True</property>
		</item>
		<item id="3">
			<property name="id">$NUMBER[3]</property>
			<property name="mainmenuid">1</property>
			<label>$LOCALIZE[19163]</label>
			<label2>Live TV</label2>
			<icon>special://skin/extras/icons/addtile.png</icon>
			<thumb />
			<property name="labelID">19163</property>
			<property name="defaultID">19163</property>
			<visible>[System.HasPVRAddon] + String.IsEqual(Container(9000).ListItem.Property(submenuVisibility),livetv)</visible>
			<onclick>ActivateWindow(TVRecordings)</onclick>
			<property name="path">ActivateWindow(TVRecordings)</property>
			<property name="list">TVRecordings</property>
			<visible>String.IsEqual(System.ProfileName,Master user)</visible>
			<property name="group">livetv</property>
			<property name="isSubmenu">True</property>
		</item>
		<item id="4">
			<property name="id">$NUMBER[4]</property>
			<property name="mainmenuid">1</property>
			<label>$LOCALIZE[19040]</label>
			<label2>Live TV</label2>
			<icon>special://skin/extras/icons/addtile.png</icon>
			<thumb />
			<property name="labelID">19040</property>
			<property name="defaultID">19040</property>
			<visible>[System.HasPVRAddon] + String.IsEqual(Container(9000).ListItem.Property(submenuVisibility),livetv)</visible>
			<onclick>ActivateWindow(TVTimers)</onclick>
			<property name="path">ActivateWindow(TVTimers)</property>
			<property name="list">TVTimers</property>
			<visible>String.IsEqual(System.ProfileName,Master user)</visible>
			<property name="group">livetv</property>
			<property name="isSubmenu">True</property>
		</item>
		<item id="5">
			<property name="id">$NUMBER[5]</property>
			<property name="mainmenuid">1</property>
			<label>$LOCALIZE[137]</label>
			<label2>Live TV</label2>
			<icon>special://skin/extras/icons/addtile.png</icon>
			<thumb />
			<property name="labelID">137</property>
			<property name="defaultID">137</property>
			<visible>[System.HasPVRAddon] + String.IsEqual(Container(9000).ListItem.Property(submenuVisibility),livetv)</visible>
			<onclick>ActivateWindow(TVSearch)</onclick>
			<property name="path">ActivateWindow(TVSearch)</property>
			<property name="list">TVSearch</property>
			<visible>String.IsEqual(System.ProfileName,Master user)</visible>
			<property name="group">livetv</property>
			<property name="isSubmenu">True</property>
		</item>
		<item id="1">
			<property name="id">$NUMBER[1]</property>
			<property name="mainmenuid">2</property>
			<label>$LOCALIZE[31050]</label>
			<label2>Movies</label2>
			<icon>$INFO[Window(Home).Property(SkinHelper.AllMoviesBackground)]</icon>
			<thumb />
			<property name="labelID">31050</property>
			<property name="defaultID">135</property>
			<visible>[Library.HasContent(Movies)] + String.IsEqual(Container(9000).ListItem.Property(submenuVisibility),movies)</visible>
			<onclick>ActivateWindow(10025,videodb://movies/titles/,return)</onclick>
			<property name="path">ActivateWindow(10025,videodb://movies/titles/,return)</property>
			<property name="list">videodb://movies/titles/</property>
			<visible>String.IsEqual(System.ProfileName,Master user)</visible>
			<property name="group">movies</property>
			<property name="isSubmenu">True</property>
		</item>
		<item id="2">
			<property name="id">$NUMBER[2]</property>
			<property name="mainmenuid">2</property>
			<label>$LOCALIZE[31127]</label>
			<label2>Movies</label2>
			<icon>$INFO[Window(Home).Property(SkinHelper.RecentMoviesBackground)]</icon>
			<thumb />
			<property name="labelID">31127</property>
			<property name="defaultID">135</property>
			<onclick>ActivateWindow(10025,plugin://script.skin.helper.widgets/?action=recent&amp;mediatype=movies&amp;limit=250,return)</onclick>
			<property name="path">ActivateWindow(10025,plugin://script.skin.helper.widgets/?action=recent&amp;mediatype=movies&amp;limit=250,return)</property>
			<property name="list">plugin://script.skin.helper.widgets/?action=recent&amp;mediatype=movies&amp;limit=250</property>
			<visible>[String.IsEqual(System.ProfileName,Master user)] + String.IsEqual(Container(9000).ListItem.Property(submenuVisibility),movies)</visible>
			<property name="group">movies</property>
			<property name="isSubmenu">True</property>
		</item>
		<item id="3">
			<property name="id">$NUMBER[3]</property>
			<property name="mainmenuid">2</property>
			<label>$LOCALIZE[135]</label>
			<label2>Movies</label2>
			<icon>$INFO[Window(Home).Property(SkinHelper.AllMoviesBackground)]</icon>
			<thumb />
			<property name="labelID">135</property>
			<property name="defaultID">135</property>
			<visible>[Library.HasContent(Movies)] + String.IsEqual(Container(9000).ListItem.Property(submenuVisibility),movies)</visible>
			<onclick>ActivateWindow(10025,videodb://movies/genres/,return)</onclick>
			<property name="path">ActivateWindow(10025,videodb://movies/genres/,return)</property>
			<property name="list">videodb://movies/genres/</property>
			<visible>String.IsEqual(System.ProfileName,Master user)</visible>
			<property name="group">movies</property>
			<property name="isSubmenu">True</property>
		</item>
		<item id="4">
			<property name="id">$NUMBER[4]</property>
			<property name="mainmenuid">2</property>
			<label>$LOCALIZE[31035]</label>
			<label2>Movies</label2>
			<icon>$INFO[Window(Home).Property(SkinHelper.InProgressMoviesBackground)]</icon>
			<thumb />
			<property name="labelID">31035</property>
			<property name="defaultID">135</property>
			<onclick>ActivateWindow(10025,plugin://script.skin.helper.widgets/?action=inprogress&amp;mediatype=movies&amp;limit=250,return)</onclick>
			<property name="path">ActivateWindow(10025,plugin://script.skin.helper.widgets/?action=inprogress&amp;mediatype=movies&amp;limit=250,return)</property>
			<property name="list">plugin://script.skin.helper.widgets/?action=inprogress&amp;mediatype=movies&amp;limit=250</property>
			<visible>[String.IsEqual(System.ProfileName,Master user)] + String.IsEqual(Container(9000).ListItem.Property(submenuVisibility),movies)</visible>
			<property name="group">movies</property>
			<property name="isSubmenu">True</property>
		</item>
		<item id="5">
			<property name="id">$NUMBER[5]</property>
			<property name="mainmenuid">2</property>
			<label>$LOCALIZE[16101]</label>
			<label2>Movies</label2>
			<icon>$INFO[Window(Home).Property(SkinHelper.UnwatchedMoviesBackground)]</icon>
			<thumb />
			<property name="labelID">16101</property>
			<property name="defaultID">135</property>
			<onclick>ActivateWindow(10025,plugin://script.skin.helper.widgets/?action=unwatched&amp;mediatype=movies&amp;limit=2500,return)</onclick>
			<property name="path">ActivateWindow(10025,plugin://script.skin.helper.widgets/?action=unwatched&amp;mediatype=movies&amp;limit=2500,return)</property>
			<property name="list">plugin://script.skin.helper.widgets/?action=unwatched&amp;mediatype=movies&amp;limit=2500</property>
			<visible>[String.IsEqual(System.ProfileName,Master user)] + String.IsEqual(Container(9000).ListItem.Property(submenuVisibility),movies)</visible>
			<property name="group">movies</property>
			<property name="isSubmenu">True</property>
		</item>
		<item id="1">
			<property name="id">$NUMBER[1]</property>
			<property name="mainmenuid">3</property>
			<label>$LOCALIZE[31051]</label>
			<label2>TV shows</label2>
			<icon>$INFO[Window(Home).Property(SkinHelper.AllTvShowsBackground)]</icon>
			<thumb />
			<property name="labelID">31051</property>
			<property name="defaultID">369</property>
			<visible>[Library.HasContent(TVShows)] + String.IsEqual(Container(9000).ListItem.Property(submenuVisibility),tvshows)</visible>
			<onclick>ActivateWindow(10025,videodb://tvshows/titles/,return)</onclick>
			<property name="path">ActivateWindow(10025,videodb://tvshows/titles/,return)</property>
			<property name="list">videodb://tvshows/titles/</property>
			<visible>String.IsEqual(System.ProfileName,Master user)</visible>
			<property name="group">tvshows</property>
			<property name="isSubmenu">True</property>
		</item>
		<item id="2">
			<property name="id">$NUMBER[2]</property>
			<property name="mainmenuid">3</property>
			<label>$LOCALIZE[20387]</label>
			<label2>Videos</label2>
			<icon>$INFO[Window(Home).Property(SkinHelper.RecentEpisodesBackground)]</icon>
			<thumb />
			<property name="labelID">20387</property>
			<property name="defaultID">20387</property>
			<onclick>ActivateWindow(10025,library://video/recentlyaddedepisodes.xml/,return)</onclick>
			<property name="path">ActivateWindow(10025,library://video/recentlyaddedepisodes.xml/,return)</property>
			<property name="list">library://video/recentlyaddedepisodes.xml/</property>
			<visible>[String.IsEqual(System.ProfileName,Master user)] + String.IsEqual(Container(9000).ListItem.Property(submenuVisibility),tvshows)</visible>
			<property name="group">tvshows</property>
			<property name="isSubmenu">True</property>
		</item>
		<item id="3">
			<property name="id">$NUMBER[3]</property>
			<property name="mainmenuid">3</property>
			<label>$LOCALIZE[626]</label>
			<label2>Videos</label2>
			<icon>$INFO[Window(Home).Property(SkinHelper.InProgressShowsBackground)]</icon>
			<thumb />
			<property name="labelID">626</property>
			<property name="defaultID">626</property>
			<onclick>ActivateWindow(10025,library://video/inprogressshows.xml,return)</onclick>
			<property name="path">ActivateWindow(10025,library://video/inprogressshows.xml,return)</property>
			<property name="list">library://video/inprogressshows.xml</property>
			<visible>[String.IsEqual(System.ProfileName,Master user)] + String.IsEqual(Container(9000).ListItem.Property(submenuVisibility),tvshows)</visible>
			<property name="group">tvshows</property>
			<property name="isSubmenu">True</property>
		</item>
		<item id="4">
			<property name="id">$NUMBER[4]</property>
			<property name="mainmenuid">3</property>
			<label>$LOCALIZE[135]</label>
			<label2>TV shows</label2>
			<icon>special://skin/extras/icons/addtile.png</icon>
			<thumb />
			<property name="labelID">135</property>
			<property name="defaultID">135</property>
			<visible>[Library.HasContent(TVShows)] + String.IsEqual(Container(9000).ListItem.Property(submenuVisibility),tvshows)</visible>
			<onclick>ActivateWindow(10025,videodb://tvshows/genres/,return)</onclick>
			<property name="path">ActivateWindow(10025,videodb://tvshows/genres/,return)</property>
			<property name="list">videodb://tvshows/genres/</property>
			<visible>String.IsEqual(System.ProfileName,Master user)</visible>
			<property name="group">tvshows</property>
			<property name="isSubmenu">True</property>
		</item>
		<item id="1">
			<property name="id">$NUMBER[1]</property>
			<property name="mainmenuid">4</property>
			<label>$LOCALIZE[15100]</label>
			<label2>Music</label2>
			<icon>resource://resource.images.skinicons.wide/music.png</icon>
			<thumb>$INFO[Window(Home).Property(SkinHelper.AllMusicBackground)]</thumb>
			<property name="labelID">15100</property>
			<property name="defaultID">15100</property>
			<onclick>ActivateWindow(10502,return)</onclick>
			<property name="path">ActivateWindow(10502,return)</property>
			<property name="list">10502</property>
			<visible>[String.IsEqual(System.ProfileName,Master user)] + String.IsEqual(Container(9000).ListItem.Property(submenuVisibility),music)</visible>
			<property name="group">music</property>
			<property name="isSubmenu">True</property>
		</item>
		<item id="2">
			<property name="id">$NUMBER[2]</property>
			<property name="mainmenuid">4</property>
			<label>$LOCALIZE[19021]</label>
			<label2 />
			<icon>resource://resource.images.skinicons.wide/radio.png</icon>
			<thumb />
			<property name="labelID">19021</property>
			<property name="defaultID">19021</property>
			<visible>[System.HasPVRAddon] + String.IsEqual(Container(9000).ListItem.Property(submenuVisibility),music)</visible>
			<onclick>ActivateWindow(radiochannels,return)</onclick>
			<property name="path">ActivateWindow(radiochannels,return)</property>
			<property name="list">radiochannels</property>
			<visible>String.IsEqual(System.ProfileName,Master user)</visible>
			<property name="group">music</property>
			<property name="isSubmenu">True</property>
		</item>
		<item id="3">
			<property name="id">$NUMBER[3]</property>
			<property name="mainmenuid">4</property>
			<label>$LOCALIZE[517]</label>
			<label2>Music</label2>
			<icon>special://skin/extras/icons/addtile.png</icon>
			<thumb />
			<property name="labelID">517</property>
			<property name="defaultID">517</property>
			<visible>[Library.HasContent(Music)] + String.IsEqual(Container(9000).ListItem.Property(submenuVisibility),music)</visible>
			<onclick>ActivateWindow(10502,musicdb://recentlyplayedalbums/,return)</onclick>
			<property name="path">ActivateWindow(10502,musicdb://recentlyplayedalbums/,return)</property>
			<property name="list">musicdb://recentlyplayedalbums/</property>
			<visible>String.IsEqual(System.ProfileName,Master user)</visible>
			<property name="group">music</property>
			<property name="isSubmenu">True</property>
		</item>
		<item id="4">
			<property name="id">$NUMBER[4]</property>
			<property name="mainmenuid">4</property>
			<label>$LOCALIZE[359]</label>
			<label2>Music</label2>
			<icon>special://skin/extras/icons/addtile.png</icon>
			<thumb />
			<property name="labelID">359</property>
			<property name="defaultID">359</property>
			<visible>[Library.HasContent(Music)] + String.IsEqual(Container(9000).ListItem.Property(submenuVisibility),music)</visible>
			<onclick>ActivateWindow(10502,musicdb://recentlyaddedalbums/,return)</onclick>
			<property name="path">ActivateWindow(10502,musicdb://recentlyaddedalbums/,return)</property>
			<property name="list">musicdb://recentlyaddedalbums/</property>
			<visible>String.IsEqual(System.ProfileName,Master user)</visible>
			<property name="group">music</property>
			<property name="isSubmenu">True</property>
		</item>
		<item id="5">
			<property name="id">$NUMBER[5]</property>
			<property name="mainmenuid">4</property>
			<label>$LOCALIZE[20389]</label>
			<label2>$LOCALIZE[20389]</label2>
			<icon>$INFO[Window(Home).Property(SkinHelper.AllMusicVideosBackground)]</icon>
			<thumb />
			<property name="labelID">musicvideos</property>
			<property name="defaultID">musicvideos</property>
			<visible>[Library.HasContent(MusicVideos)] + String.IsEqual(Container(9000).ListItem.Property(submenuVisibility),music)</visible>
			<onclick>ActivateWindow(10025,videodb://musicvideos/titles/,return)</onclick>
			<property name="path">ActivateWindow(10025,videodb://musicvideos/titles/,return)</property>
			<property name="list">videodb://musicvideos/titles/</property>
			<visible>String.IsEqual(System.ProfileName,Master user)</visible>
			<property name="group">music</property>
			<property name="isSubmenu">True</property>
		</item>
		<item id="6">
			<property name="id">$NUMBER[6]</property>
			<property name="mainmenuid">4</property>
			<label>$LOCALIZE[1038]</label>
			<label2 />
			<icon>resource://resource.images.skinicons.wide/music.png</icon>
			<thumb />
			<property name="labelID">1038</property>
			<property name="defaultID">1038</property>
			<onclick>ActivateWindow(10502,addons://sources/audio/,return)</onclick>
			<property name="path">ActivateWindow(10502,addons://sources/audio/,return)</property>
			<property name="list">addons://sources/audio/</property>
			<visible>[String.IsEqual(System.ProfileName,Master user)] + String.IsEqual(Container(9000).ListItem.Property(submenuVisibility),music)</visible>
			<property name="group">music</property>
			<property name="isSubmenu">True</property>
		</item>
		<item id="1">
			<property name="id">$NUMBER[1]</property>
			<property name="mainmenuid">9</property>
			<label>$LOCALIZE[10001]</label>
			<label2 />
			<icon>resource://resource.images.skinicons.wide/programs.png</icon>
			<thumb />
			<property name="labelID">programs</property>
			<property name="defaultID">programs</property>
			<onclick>ActivateWindow(Programs,Addons,return)</onclick>
			<property name="path">ActivateWindow(Programs,Addons,return)</property>
			<property name="list">Addons</property>
			<visible>[String.IsEqual(System.ProfileName,Master user)] + String.IsEqual(Container(9000).ListItem.Property(submenuVisibility),num-10040)</visible>
			<property name="group">10040</property>
			<property name="isSubmenu">True</property>
		</item>
		<item id="2">
			<property name="id">$NUMBER[2]</property>
			<property name="mainmenuid">9</property>
			<label>$LOCALIZE[1037]</label>
			<label2 />
			<icon>resource://resource.images.skinicons.wide/videoaddons.png</icon>
			<thumb />
			<property name="labelID">1037</property>
			<property name="defaultID">1037</property>
			<onclick>ActivateWindow(Videos,addons,return)</onclick>
			<property name="path">ActivateWindow(Videos,addons,return)</property>
			<property name="list">addons</property>
			<visible>[String.IsEqual(System.ProfileName,Master user)] + String.IsEqual(Container(9000).ListItem.Property(submenuVisibility),num-10040)</visible>
			<property name="group">10040</property>
			<property name="isSubmenu">True</property>
		</item>
		<item id="3">
			<property name="id">$NUMBER[3]</property>
			<property name="mainmenuid">9</property>
			<label>$LOCALIZE[1038]</label>
			<label2 />
			<icon>resource://resource.images.skinicons.wide/music.png</icon>
			<thumb />
			<property name="labelID">1038</property>
			<property name="defaultID">1038</property>
			<onclick>ActivateWindow(10502,addons://sources/audio/,return)</onclick>
			<property name="path">ActivateWindow(10502,addons://sources/audio/,return)</property>
			<property name="list">addons://sources/audio/</property>
			<visible>[String.IsEqual(System.ProfileName,Master user)] + String.IsEqual(Container(9000).ListItem.Property(submenuVisibility),num-10040)</visible>
			<property name="group">10040</property>
			<property name="isSubmenu">True</property>
		</item>
		<item id="4">
			<property name="id">$NUMBER[4]</property>
			<property name="mainmenuid">9</property>
			<label>$LOCALIZE[1039]</label>
			<label2 />
			<icon>resource://resource.images.skinicons.wide/pictures.png</icon>
			<thumb />
			<property name="labelID">1039</property>
			<property name="defaultID">1039</property>
			<onclick>ActivateWindow(Pictures,Addons,return)</onclick>
			<property name="path">ActivateWindow(Pictures,Addons,return)</property>
			<property name="list">Addons</property>
			<visible>[String.IsEqual(System.ProfileName,Master user)] + String.IsEqual(Container(9000).ListItem.Property(submenuVisibility),num-10040)</visible>
			<property name="group">10040</property>
			<property name="isSubmenu">True</property>
		</item>
		<item id="1">
			<property name="id">$NUMBER[1]</property>
			<property name="mainmenuid">11</property>
			<label>$LOCALIZE[20077]</label>
			<label2>Settings</label2>
			<icon>special://skin/extras/icons/year.png</icon>
			<thumb />
			<property name="labelID">20077</property>
			<property name="defaultID">20077</property>
			<onclick>ActivateWindow(SkinSettings)</onclick>
			<property name="path">ActivateWindow(SkinSettings)</property>
			<property name="list">SkinSettings</property>
			<visible>[String.IsEqual(System.ProfileName,Master user)] + String.IsEqual(Container(9000).ListItem.Property(submenuVisibility),settings)</visible>
			<property name="group">settings</property>
			<property name="isSubmenu">True</property>
		</item>
		<item id="2">
			<property name="id">$NUMBER[2]</property>
			<property name="mainmenuid">11</property>
			<label>$LOCALIZE[10004]</label>
			<label2>Settings</label2>
			<icon>special://skin/extras/icons/settings.png</icon>
			<thumb />
			<property name="labelID">settings</property>
			<property name="defaultID">20077</property>
			<onclick>ActivateWindow(Settings)</onclick>
			<property name="path">ActivateWindow(Settings)</property>
			<property name="list">Settings</property>
			<visible>[String.IsEqual(System.ProfileName,Master user)] + String.IsEqual(Container(9000).ListItem.Property(submenuVisibility),settings)</visible>
			<property name="group">settings</property>
			<property name="isSubmenu">True</property>
		</item>
		<item id="3">
			<property name="id">$NUMBER[3]</property>
			<property name="mainmenuid">11</property>
			<label>$LOCALIZE[7]</label>
			<label2>Common Shortcut</label2>
			<icon>resource://resource.images.skinicons.wide/filemanager.png</icon>
			<thumb />
			<property name="labelID">7</property>
			<property name="defaultID">7</property>
			<onclick>ActivateWindow(FileManager)</onclick>
			<property name="path">ActivateWindow(FileManager)</property>
			<property name="list">FileManager</property>
			<visible>[String.IsEqual(System.ProfileName,Master user)] + String.IsEqual(Container(9000).ListItem.Property(submenuVisibility),settings)</visible>
			<property name="group">settings</property>
			<property name="isSubmenu">True</property>
		</item>
		<item id="4">
			<property name="id">$NUMBER[4]</property>
			<property name="mainmenuid">11</property>
			<label>$LOCALIZE[14111]</label>
			<label2>Common Shortcut</label2>
			<icon>resource://resource.images.skinicons.wide/settings.png</icon>
			<thumb />
			<property name="labelID">14111</property>
			<property name="defaultID">14111</property>
			<visible>[system.getbool(eventlog.enabled)] + String.IsEqual(Container(9000).ListItem.Property(submenuVisibility),settings)</visible>
			<onclick>ActivateWindow(eventlog)</onclick>
			<property name="path">ActivateWindow(eventlog)</property>
			<property name="list">eventlog</property>
			<visible>String.IsEqual(System.ProfileName,Master user)</visible>
			<property name="group">settings</property>
			<property name="isSubmenu">True</property>
		</item>
	</include>
	<include name="skinshortcuts-group-livetv">
		<item id="1">
			<property name="id">$NUMBER[1]</property>
			<property name="mainmenuid">1</property>
			<label>$LOCALIZE[22020]</label>
			<label2>Live TV</label2>
			<icon>special://skin/extras/icons/addtile.png</icon>
			<thumb />
			<property name="labelID">22020</property>
			<property name="defaultID">22020</property>
			<visible>System.HasPVRAddon</visible>
			<onclick>ActivateWindow(TVGuide)</onclick>
			<property name="path">ActivateWindow(TVGuide)</property>
			<property name="list">TVGuide</property>
			<visible>String.IsEqual(System.ProfileName,Master user)</visible>
			<property name="group">livetv</property>
			<property name="isSubmenu">True</property>
		</item>
		<item id="2">
			<property name="id">$NUMBER[2]</property>
			<property name="mainmenuid">1</property>
			<label>$LOCALIZE[19019]</label>
			<label2>Live TV</label2>
			<icon>special://skin/extras/icons/addtile.png</icon>
			<thumb />
			<property name="labelID">19019</property>
			<property name="defaultID">19019</property>
			<visible>System.HasPVRAddon</visible>
			<onclick>ActivateWindow(TVChannels)</onclick>
			<property name="path">ActivateWindow(TVChannels)</property>
			<property name="list">TVChannels</property>
			<visible>String.IsEqual(System.ProfileName,Master user)</visible>
			<property name="group">livetv</property>
			<property name="isSubmenu">True</property>
		</item>
		<item id="3">
			<property name="id">$NUMBER[3]</property>
			<property name="mainmenuid">1</property>
			<label>$LOCALIZE[19163]</label>
			<label2>Live TV</label2>
			<icon>special://skin/extras/icons/addtile.png</icon>
			<thumb />
			<property name="labelID">19163</property>
			<property name="defaultID">19163</property>
			<visible>System.HasPVRAddon</visible>
			<onclick>ActivateWindow(TVRecordings)</onclick>
			<property name="path">ActivateWindow(TVRecordings)</property>
			<property name="list">TVRecordings</property>
			<visible>String.IsEqual(System.ProfileName,Master user)</visible>
			<property name="group">livetv</property>
			<property name="isSubmenu">True</property>
		</item>
		<item id="4">
			<property name="id">$NUMBER[4]</property>
			<property name="mainmenuid">1</property>
			<label>$LOCALIZE[19040]</label>
			<label2>Live TV</label2>
			<icon>special://skin/extras/icons/addtile.png</icon>
			<thumb />
			<property name="labelID">19040</property>
			<property name="defaultID">19040</property>
			<visible>System.HasPVRAddon</visible>
			<onclick>ActivateWindow(TVTimers)</onclick>
			<property name="path">ActivateWindow(TVTimers)</property>
			<property name="list">TVTimers</property>
			<visible>String.IsEqual(System.ProfileName,Master user)</visible>
			<property name="group">livetv</property>
			<property name="isSubmenu">True</property>
		</item>
		<item id="5">
			<property name="id">$NUMBER[5]</property>
			<property name="mainmenuid">1</property>
			<label>$LOCALIZE[137]</label>
			<label2>Live TV</label2>
			<icon>special://skin/extras/icons/addtile.png</icon>
			<thumb />
			<property name="labelID">137</property>
			<property name="defaultID">137</property>
			<visible>System.HasPVRAddon</visible>
			<onclick>ActivateWindow(TVSearch)</onclick>
			<property name="path">ActivateWindow(TVSearch)</property>
			<property name="list">TVSearch</property>
			<visible>String.IsEqual(System.ProfileName,Master user)</visible>
			<property name="group">livetv</property>
			<property name="isSubmenu">True</property>
		</item>
	</include>
	<include name="skinshortcuts-group-alt-livetv">
		<item id="1">
			<property name="id">$NUMBER[1]</property>
			<property name="mainmenuid">1</property>
			<label>$LOCALIZE[22020]</label>
			<label2>Live TV</label2>
			<icon>special://skin/extras/icons/addtile.png</icon>
			<thumb />
			<property name="labelID">22020</property>
			<property name="defaultID">22020</property>
			<visible>[System.HasPVRAddon] + String.IsEqual(Window(10000).Property(submenuVisibility),livetv)</visible>
			<onclick>ActivateWindow(TVGuide)</onclick>
			<property name="path">ActivateWindow(TVGuide)</property>
			<property name="list">TVGuide</property>
			<visible>String.IsEqual(System.ProfileName,Master user)</visible>
			<property name="group">livetv</property>
			<property name="isSubmenu">True</property>
		</item>
		<item id="2">
			<property name="id">$NUMBER[2]</property>
			<property name="mainmenuid">1</property>
			<label>$LOCALIZE[19019]</label>
			<label2>Live TV</label2>
			<icon>special://skin/extras/icons/addtile.png</icon>
			<thumb />
			<property name="labelID">19019</property>
			<property name="defaultID">19019</property>
			<visible>[System.HasPVRAddon] + String.IsEqual(Window(10000).Property(submenuVisibility),livetv)</visible>
			<onclick>ActivateWindow(TVChannels)</onclick>
			<property name="path">ActivateWindow(TVChannels)</property>
			<property name="list">TVChannels</property>
			<visible>String.IsEqual(System.ProfileName,Master user)</visible>
			<property name="group">livetv</property>
			<property name="isSubmenu">True</property>
		</item>
		<item id="3">
			<property name="id">$NUMBER[3]</property>
			<property name="mainmenuid">1</property>
			<label>$LOCALIZE[19163]</label>
			<label2>Live TV</label2>
			<icon>special://skin/extras/icons/addtile.png</icon>
			<thumb />
			<property name="labelID">19163</property>
			<property name="defaultID">19163</property>
			<visible>[System.HasPVRAddon] + String.IsEqual(Window(10000).Property(submenuVisibility),livetv)</visible>
			<onclick>ActivateWindow(TVRecordings)</onclick>
			<property name="path">ActivateWindow(TVRecordings)</property>
			<property name="list">TVRecordings</property>
			<visible>String.IsEqual(System.ProfileName,Master user)</visible>
			<property name="group">livetv</property>
			<property name="isSubmenu">True</property>
		</item>
		<item id="4">
			<property name="id">$NUMBER[4]</property>
			<property name="mainmenuid">1</property>
			<label>$LOCALIZE[19040]</label>
			<label2>Live TV</label2>
			<icon>special://skin/extras/icons/addtile.png</icon>
			<thumb />
			<property name="labelID">19040</property>
			<property name="defaultID">19040</property>
			<visible>[System.HasPVRAddon] + String.IsEqual(Window(10000).Property(submenuVisibility),livetv)</visible>
			<onclick>ActivateWindow(TVTimers)</onclick>
			<property name="path">ActivateWindow(TVTimers)</property>
			<property name="list">TVTimers</property>
			<visible>String.IsEqual(System.ProfileName,Master user)</visible>
			<property name="group">livetv</property>
			<property name="isSubmenu">True</property>
		</item>
		<item id="5">
			<property name="id">$NUMBER[5]</property>
			<property name="mainmenuid">1</property>
			<label>$LOCALIZE[137]</label>
			<label2>Live TV</label2>
			<icon>special://skin/extras/icons/addtile.png</icon>
			<thumb />
			<property name="labelID">137</property>
			<property name="defaultID">137</property>
			<visible>[System.HasPVRAddon] + String.IsEqual(Window(10000).Property(submenuVisibility),livetv)</visible>
			<onclick>ActivateWindow(TVSearch)</onclick>
			<property name="path">ActivateWindow(TVSearch)</property>
			<property name="list">TVSearch</property>
			<visible>String.IsEqual(System.ProfileName,Master user)</visible>
			<property name="group">livetv</property>
			<property name="isSubmenu">True</property>
		</item>
	</include>
	<include name="skinshortcuts-group-movies">
		<item id="1">
			<property name="id">$NUMBER[1]</property>
			<property name="mainmenuid">2</property>
			<label>$LOCALIZE[31050]</label>
			<label2>Movies</label2>
			<icon>$INFO[Window(Home).Property(SkinHelper.AllMoviesBackground)]</icon>
			<thumb />
			<property name="labelID">31050</property>
			<property name="defaultID">135</property>
			<visible>Library.HasContent(Movies)</visible>
			<onclick>ActivateWindow(10025,videodb://movies/titles/,return)</onclick>
			<property name="path">ActivateWindow(10025,videodb://movies/titles/,return)</property>
			<property name="list">videodb://movies/titles/</property>
			<visible>String.IsEqual(System.ProfileName,Master user)</visible>
			<property name="group">movies</property>
			<property name="isSubmenu">True</property>
		</item>
		<item id="2">
			<property name="id">$NUMBER[2]</property>
			<property name="mainmenuid">2</property>
			<label>$LOCALIZE[31127]</label>
			<label2>Movies</label2>
			<icon>$INFO[Window(Home).Property(SkinHelper.RecentMoviesBackground)]</icon>
			<thumb />
			<property name="labelID">31127</property>
			<property name="defaultID">135</property>
			<onclick>ActivateWindow(10025,plugin://script.skin.helper.widgets/?action=recent&amp;mediatype=movies&amp;limit=250,return)</onclick>
			<property name="path">ActivateWindow(10025,plugin://script.skin.helper.widgets/?action=recent&amp;mediatype=movies&amp;limit=250,return)</property>
			<property name="list">plugin://script.skin.helper.widgets/?action=recent&amp;mediatype=movies&amp;limit=250</property>
			<visible>String.IsEqual(System.ProfileName,Master user)</visible>
			<property name="group">movies</property>
			<property name="isSubmenu">True</property>
		</item>
		<item id="3">
			<property name="id">$NUMBER[3]</property>
			<property name="mainmenuid">2</property>
			<label>$LOCALIZE[135]</label>
			<label2>Movies</label2>
			<icon>$INFO[Window(Home).Property(SkinHelper.AllMoviesBackground)]</icon>
			<thumb />
			<property name="labelID">135</property>
			<property name="defaultID">135</property>
			<visible>Library.HasContent(Movies)</visible>
			<onclick>ActivateWindow(10025,videodb://movies/genres/,return)</onclick>
			<property name="path">ActivateWindow(10025,videodb://movies/genres/,return)</property>
			<property name="list">videodb://movies/genres/</property>
			<visible>String.IsEqual(System.ProfileName,Master user)</visible>
			<property name="group">movies</property>
			<property name="isSubmenu">True</property>
		</item>
		<item id="4">
			<property name="id">$NUMBER[4]</property>
			<property name="mainmenuid">2</property>
			<label>$LOCALIZE[31035]</label>
			<label2>Movies</label2>
			<icon>$INFO[Window(Home).Property(SkinHelper.InProgressMoviesBackground)]</icon>
			<thumb />
			<property name="labelID">31035</property>
			<property name="defaultID">135</property>
			<onclick>ActivateWindow(10025,plugin://script.skin.helper.widgets/?action=inprogress&amp;mediatype=movies&amp;limit=250,return)</onclick>
			<property name="path">ActivateWindow(10025,plugin://script.skin.helper.widgets/?action=inprogress&amp;mediatype=movies&amp;limit=250,return)</property>
			<property name="list">plugin://script.skin.helper.widgets/?action=inprogress&amp;mediatype=movies&amp;limit=250</property>
			<visible>String.IsEqual(System.ProfileName,Master user)</visible>
			<property name="group">movies</property>
			<property name="isSubmenu">True</property>
		</item>
		<item id="5">
			<property name="id">$NUMBER[5]</property>
			<property name="mainmenuid">2</property>
			<label>$LOCALIZE[16101]</label>
			<label2>Movies</label2>
			<icon>$INFO[Window(Home).Property(SkinHelper.UnwatchedMoviesBackground)]</icon>
			<thumb />
			<property name="labelID">16101</property>
			<property name="defaultID">135</property>
			<onclick>ActivateWindow(10025,plugin://script.skin.helper.widgets/?action=unwatched&amp;mediatype=movies&amp;limit=2500,return)</onclick>
			<property name="path">ActivateWindow(10025,plugin://script.skin.helper.widgets/?action=unwatched&amp;mediatype=movies&amp;limit=2500,return)</property>
			<property name="list">plugin://script.skin.helper.widgets/?action=unwatched&amp;mediatype=movies&amp;limit=2500</property>
			<visible>String.IsEqual(System.ProfileName,Master user)</visible>
			<property name="group">movies</property>
			<property name="isSubmenu">True</property>
		</item>
	</include>
	<include name="skinshortcuts-group-alt-movies">
		<item id="1">
			<property name="id">$NUMBER[1]</property>
			<property name="mainmenuid">2</property>
			<label>$LOCALIZE[31050]</label>
			<label2>Movies</label2>
			<icon>$INFO[Window(Home).Property(SkinHelper.AllMoviesBackground)]</icon>
			<thumb />
			<property name="labelID">31050</property>
			<property name="defaultID">135</property>
			<visible>[Library.HasContent(Movies)] + String.IsEqual(Window(10000).Property(submenuVisibility),movies)</visible>
			<onclick>ActivateWindow(10025,videodb://movies/titles/,return)</onclick>
			<property name="path">ActivateWindow(10025,videodb://movies/titles/,return)</property>
			<property name="list">videodb://movies/titles/</property>
			<visible>String.IsEqual(System.ProfileName,Master user)</visible>
			<property name="group">movies</property>
			<property name="isSubmenu">True</property>
		</item>
		<item id="2">
			<property name="id">$NUMBER[2]</property>
			<property name="mainmenuid">2</property>
			<label>$LOCALIZE[31127]</label>
			<label2>Movies</label2>
			<icon>$INFO[Window(Home).Property(SkinHelper.RecentMoviesBackground)]</icon>
			<thumb />
			<property name="labelID">31127</property>
			<property name="defaultID">135</property>
			<onclick>ActivateWindow(10025,plugin://script.skin.helper.widgets/?action=recent&amp;mediatype=movies&amp;limit=250,return)</onclick>
			<property name="path">ActivateWindow(10025,plugin://script.skin.helper.widgets/?action=recent&amp;mediatype=movies&amp;limit=250,return)</property>
			<property name="list">plugin://script.skin.helper.widgets/?action=recent&amp;mediatype=movies&amp;limit=250</property>
			<visible>[String.IsEqual(System.ProfileName,Master user)] + String.IsEqual(Window(10000).Property(submenuVisibility),movies)</visible>
			<property name="group">movies</property>
			<property name="isSubmenu">True</property>
		</item>
		<item id="3">
			<property name="id">$NUMBER[3]</property>
			<property name="mainmenuid">2</property>
			<label>$LOCALIZE[135]</label>
			<label2>Movies</label2>
			<icon>$INFO[Window(Home).Property(SkinHelper.AllMoviesBackground)]</icon>
			<thumb />
			<property name="labelID">135</property>
			<property name="defaultID">135</property>
			<visible>[Library.HasContent(Movies)] + String.IsEqual(Window(10000).Property(submenuVisibility),movies)</visible>
			<onclick>ActivateWindow(10025,videodb://movies/genres/,return)</onclick>
			<property name="path">ActivateWindow(10025,videodb://movies/genres/,return)</property>
			<property name="list">videodb://movies/genres/</property>
			<visible>String.IsEqual(System.ProfileName,Master user)</visible>
			<property name="group">movies</property>
			<property name="isSubmenu">True</property>
		</item>
		<item id="4">
			<property name="id">$NUMBER[4]</property>
			<property name="mainmenuid">2</property>
			<label>$LOCALIZE[31035]</label>
			<label2>Movies</label2>
			<icon>$INFO[Window(Home).Property(SkinHelper.InProgressMoviesBackground)]</icon>
			<thumb />
			<property name="labelID">31035</property>
			<property name="defaultID">135</property>
			<onclick>ActivateWindow(10025,plugin://script.skin.helper.widgets/?action=inprogress&amp;mediatype=movies&amp;limit=250,return)</onclick>
			<property name="path">ActivateWindow(10025,plugin://script.skin.helper.widgets/?action=inprogress&amp;mediatype=movies&amp;limit=250,return)</property>
			<property name="list">plugin://script.skin.helper.widgets/?action=inprogress&amp;mediatype=movies&amp;limit=250</property>
			<visible>[String.IsEqual(System.ProfileName,Master user)] + String.IsEqual(Window(10000).Property(submenuVisibility),movies)</visible>
			<property name="group">movies</property>
			<property name="isSubmenu">True</property>
		</item>
		<item id="5">
			<property name="id">$NUMBER[5]</property>
			<property name="mainmenuid">2</property>
			<label>$LOCALIZE[16101]</label>
			<label2>Movies</label2>
			<icon>$INFO[Window(Home).Property(SkinHelper.UnwatchedMoviesBackground)]</icon>
			<thumb />
			<property name="labelID">16101</property>
			<property name="defaultID">135</property>
			<onclick>ActivateWindow(10025,plugin://script.skin.helper.widgets/?action=unwatched&amp;mediatype=movies&amp;limit=2500,return)</onclick>
			<property name="path">ActivateWindow(10025,plugin://script.skin.helper.widgets/?action=unwatched&amp;mediatype=movies&amp;limit=2500,return)</property>
			<property name="list">plugin://script.skin.helper.widgets/?action=unwatched&amp;mediatype=movies&amp;limit=2500</property>
			<visible>[String.IsEqual(System.ProfileName,Master user)] + String.IsEqual(Window(10000).Property(submenuVisibility),movies)</visible>
			<property name="group">movies</property>
			<property name="isSubmenu">True</property>
		</item>
	</include>
	<include name="skinshortcuts-group-tvshows">
		<item id="1">
			<property name="id">$NUMBER[1]</property>
			<property name="mainmenuid">3</property>
			<label>$LOCALIZE[31051]</label>
			<label2>TV shows</label2>
			<icon>$INFO[Window(Home).Property(SkinHelper.AllTvShowsBackground)]</icon>
			<thumb />
			<property name="labelID">31051</property>
			<property name="defaultID">369</property>
			<visible>Library.HasContent(TVShows)</visible>
			<onclick>ActivateWindow(10025,videodb://tvshows/titles/,return)</onclick>
			<property name="path">ActivateWindow(10025,videodb://tvshows/titles/,return)</property>
			<property name="list">videodb://tvshows/titles/</property>
			<visible>String.IsEqual(System.ProfileName,Master user)</visible>
			<property name="group">tvshows</property>
			<property name="isSubmenu">True</property>
		</item>
		<item id="2">
			<property name="id">$NUMBER[2]</property>
			<property name="mainmenuid">3</property>
			<label>$LOCALIZE[20387]</label>
			<label2>Videos</label2>
			<icon>$INFO[Window(Home).Property(SkinHelper.RecentEpisodesBackground)]</icon>
			<thumb />
			<property name="labelID">20387</property>
			<property name="defaultID">20387</property>
			<onclick>ActivateWindow(10025,library://video/recentlyaddedepisodes.xml/,return)</onclick>
			<property name="path">ActivateWindow(10025,library://video/recentlyaddedepisodes.xml/,return)</property>
			<property name="list">library://video/recentlyaddedepisodes.xml/</property>
			<visible>String.IsEqual(System.ProfileName,Master user)</visible>
			<property name="group">tvshows</property>
			<property name="isSubmenu">True</property>
		</item>
		<item id="3">
			<property name="id">$NUMBER[3]</property>
			<property name="mainmenuid">3</property>
			<label>$LOCALIZE[626]</label>
			<label2>Videos</label2>
			<icon>$INFO[Window(Home).Property(SkinHelper.InProgressShowsBackground)]</icon>
			<thumb />
			<property name="labelID">626</property>
			<property name="defaultID">626</property>
			<onclick>ActivateWindow(10025,library://video/inprogressshows.xml,return)</onclick>
			<property name="path">ActivateWindow(10025,library://video/inprogressshows.xml,return)</property>
			<property name="list">library://video/inprogressshows.xml</property>
			<visible>String.IsEqual(System.ProfileName,Master user)</visible>
			<property name="group">tvshows</property>
			<property name="isSubmenu">True</property>
		</item>
		<item id="4">
			<property name="id">$NUMBER[4]</property>
			<property name="mainmenuid">3</property>
			<label>$LOCALIZE[135]</label>
			<label2>TV shows</label2>
			<icon>special://skin/extras/icons/addtile.png</icon>
			<thumb />
			<property name="labelID">135</property>
			<property name="defaultID">135</property>
			<visible>Library.HasContent(TVShows)</visible>
			<onclick>ActivateWindow(10025,videodb://tvshows/genres/,return)</onclick>
			<property name="path">ActivateWindow(10025,videodb://tvshows/genres/,return)</property>
			<property name="list">videodb://tvshows/genres/</property>
			<visible>String.IsEqual(System.ProfileName,Master user)</visible>
			<property name="group">tvshows</property>
			<property name="isSubmenu">True</property>
		</item>
	</include>
	<include name="skinshortcuts-group-alt-tvshows">
		<item id="1">
			<property name="id">$NUMBER[1]</property>
			<property name="mainmenuid">3</property>
			<label>$LOCALIZE[31051]</label>
			<label2>TV shows</label2>
			<icon>$INFO[Window(Home).Property(SkinHelper.AllTvShowsBackground)]</icon>
			<thumb />
			<property name="labelID">31051</property>
			<property name="defaultID">369</property>
			<visible>[Library.HasContent(TVShows)] + String.IsEqual(Window(10000).Property(submenuVisibility),tvshows)</visible>
			<onclick>ActivateWindow(10025,videodb://tvshows/titles/,return)</onclick>
			<property name="path">ActivateWindow(10025,videodb://tvshows/titles/,return)</property>
			<property name="list">videodb://tvshows/titles/</property>
			<visible>String.IsEqual(System.ProfileName,Master user)</visible>
			<property name="group">tvshows</property>
			<property name="isSubmenu">True</property>
		</item>
		<item id="2">
			<property name="id">$NUMBER[2]</property>
			<property name="mainmenuid">3</property>
			<label>$LOCALIZE[20387]</label>
			<label2>Videos</label2>
			<icon>$INFO[Window(Home).Property(SkinHelper.RecentEpisodesBackground)]</icon>
			<thumb />
			<property name="labelID">20387</property>
			<property name="defaultID">20387</property>
			<onclick>ActivateWindow(10025,library://video/recentlyaddedepisodes.xml/,return)</onclick>
			<property name="path">ActivateWindow(10025,library://video/recentlyaddedepisodes.xml/,return)</property>
			<property name="list">library://video/recentlyaddedepisodes.xml/</property>
			<visible>[String.IsEqual(System.ProfileName,Master user)] + String.IsEqual(Window(10000).Property(submenuVisibility),tvshows)</visible>
			<property name="group">tvshows</property>
			<property name="isSubmenu">True</property>
		</item>
		<item id="3">
			<property name="id">$NUMBER[3]</property>
			<property name="mainmenuid">3</property>
			<label>$LOCALIZE[626]</label>
			<label2>Videos</label2>
			<icon>$INFO[Window(Home).Property(SkinHelper.InProgressShowsBackground)]</icon>
			<thumb />
			<property name="labelID">626</property>
			<property name="defaultID">626</property>
			<onclick>ActivateWindow(10025,library://video/inprogressshows.xml,return)</onclick>
			<property name="path">ActivateWindow(10025,library://video/inprogressshows.xml,return)</property>
			<property name="list">library://video/inprogressshows.xml</property>
			<visible>[String.IsEqual(System.ProfileName,Master user)] + String.IsEqual(Window(10000).Property(submenuVisibility),tvshows)</visible>
			<property name="group">tvshows</property>
			<property name="isSubmenu">True</property>
		</item>
		<item id="4">
			<property name="id">$NUMBER[4]</property>
			<property name="mainmenuid">3</property>
			<label>$LOCALIZE[135]</label>
			<label2>TV shows</label2>
			<icon>special://skin/extras/icons/addtile.png</icon>
			<thumb />
			<property name="labelID">135</property>
			<property name="defaultID">135</property>
			<visible>[Library.HasContent(TVShows)] + String.IsEqual(Window(10000).Property(submenuVisibility),tvshows)</visible>
			<onclick>ActivateWindow(10025,videodb://tvshows/genres/,return)</onclick>
			<property name="path">ActivateWindow(10025,videodb://tvshows/genres/,return)</property>
			<property name="list">videodb://tvshows/genres/</property>
			<visible>String.IsEqual(System.ProfileName,Master user)</visible>
			<property name="group">tvshows</property>
			<property name="isSubmenu">True</property>
		</item>
	</include>
	<include name="skinshortcuts-group-music">
		<item id="1">
			<property name="id">$NUMBER[1]</property>
			<property name="mainmenuid">4</property>
			<label>$LOCALIZE[15100]</label>
			<label2>Music</label2>
			<icon>resource://resource.images.skinicons.wide/music.png</icon>
			<thumb>$INFO[Window(Home).Property(SkinHelper.AllMusicBackground)]</thumb>
			<property name="labelID">15100</property>
			<property name="defaultID">15100</property>
			<onclick>ActivateWindow(10502,return)</onclick>
			<property name="path">ActivateWindow(10502,return)</property>
			<property name="list">10502</property>
			<visible>String.IsEqual(System.ProfileName,Master user)</visible>
			<property name="group">music</property>
			<property name="isSubmenu">True</property>
		</item>
		<item id="2">
			<property name="id">$NUMBER[2]</property>
			<property name="mainmenuid">4</property>
			<label>$LOCALIZE[19021]</label>
			<label2 />
			<icon>resource://resource.images.skinicons.wide/radio.png</icon>
			<thumb />
			<property name="labelID">19021</property>
			<property name="defaultID">19021</property>
			<visible>System.HasPVRAddon</visible>
			<onclick>ActivateWindow(radiochannels,return)</onclick>
			<property name="path">ActivateWindow(radiochannels,return)</property>
			<property name="list">radiochannels</property>
			<visible>String.IsEqual(System.ProfileName,Master user)</visible>
			<property name="group">music</property>
			<property name="isSubmenu">True</property>
		</item>
		<item id="3">
			<property name="id">$NUMBER[3]</property>
			<property name="mainmenuid">4</property>
			<label>$LOCALIZE[517]</label>
			<label2>Music</label2>
			<icon>special://skin/extras/icons/addtile.png</icon>
			<thumb />
			<property name="labelID">517</property>
			<property name="defaultID">517</property>
			<visible>Library.HasContent(Music)</visible>
			<onclick>ActivateWindow(10502,musicdb://recentlyplayedalbums/,return)</onclick>
			<property name="path">ActivateWindow(10502,musicdb://recentlyplayedalbums/,return)</property>
			<property name="list">musicdb://recentlyplayedalbums/</property>
			<visible>String.IsEqual(System.ProfileName,Master user)</visible>
			<property name="group">music</property>
			<property name="isSubmenu">True</property>
		</item>
		<item id="4">
			<property name="id">$NUMBER[4]</property>
			<property name="mainmenuid">4</property>
			<label>$LOCALIZE[359]</label>
			<label2>Music</label2>
			<icon>special://skin/extras/icons/addtile.png</icon>
			<thumb />
			<property name="labelID">359</property>
			<property name="defaultID">359</property>
			<visible>Library.HasContent(Music)</visible>
			<onclick>ActivateWindow(10502,musicdb://recentlyaddedalbums/,return)</onclick>
			<property name="path">ActivateWindow(10502,musicdb://recentlyaddedalbums/,return)</property>
			<property name="list">musicdb://recentlyaddedalbums/</property>
			<visible>String.IsEqual(System.ProfileName,Master user)</visible>
			<property name="group">music</property>
			<property name="isSubmenu">True</property>
		</item>
		<item id="5">
			<property name="id">$NUMBER[5]</property>
			<property name="mainmenuid">4</property>
			<label>$LOCALIZE[20389]</label>
			<label2>$LOCALIZE[20389]</label2>
			<icon>$INFO[Window(Home).Property(SkinHelper.AllMusicVideosBackground)]</icon>
			<thumb />
			<property name="labelID">musicvideos</property>
			<property name="defaultID">musicvideos</property>
			<visible>Library.HasContent(MusicVideos)</visible>
			<onclick>ActivateWindow(10025,videodb://musicvideos/titles/,return)</onclick>
			<property name="path">ActivateWindow(10025,videodb://musicvideos/titles/,return)</property>
			<property name="list">videodb://musicvideos/titles/</property>
			<visible>String.IsEqual(System.ProfileName,Master user)</visible>
			<property name="group">music</property>
			<property name="isSubmenu">True</property>
		</item>
		<item id="6">
			<property name="id">$NUMBER[6]</property>
			<property name="mainmenuid">4</property>
			<label>$LOCALIZE[1038]</label>
			<label2 />
			<icon>resource://resource.images.skinicons.wide/music.png</icon>
			<thumb />
			<property name="labelID">1038</property>
			<property name="defaultID">1038</property>
			<onclick>ActivateWindow(10502,addons://sources/audio/,return)</onclick>
			<property name="path">ActivateWindow(10502,addons://sources/audio/,return)</property>
			<property name="list">addons://sources/audio/</property>
			<visible>String.IsEqual(System.ProfileName,Master user)</visible>
			<property name="group">music</property>
			<property name="isSubmenu">True</property>
		</item>
	</include>
	<include name="skinshortcuts-group-alt-music">
		<item id="1">
			<property name="id">$NUMBER[1]</property>
			<property name="mainmenuid">4</property>
			<label>$LOCALIZE[15100]</label>
			<label2>Music</label2>
			<icon>resource://resource.images.skinicons.wide/music.png</icon>
			<thumb>$INFO[Window(Home).Property(SkinHelper.AllMusicBackground)]</thumb>
			<property name="labelID">15100</property>
			<property name="defaultID">15100</property>
			<onclick>ActivateWindow(10502,return)</onclick>
			<property name="path">ActivateWindow(10502,return)</property>
			<property name="list">10502</property>
			<visible>[String.IsEqual(System.ProfileName,Master user)] + String.IsEqual(Window(10000).Property(submenuVisibility),music)</visible>
			<property name="group">music</property>
			<property name="isSubmenu">True</property>
		</item>
		<item id="2">
			<property name="id">$NUMBER[2]</property>
			<property name="mainmenuid">4</property>
			<label>$LOCALIZE[19021]</label>
			<label2 />
			<icon>resource://resource.images.skinicons.wide/radio.png</icon>
			<thumb />
			<property name="labelID">19021</property>
			<property name="defaultID">19021</property>
			<visible>[System.HasPVRAddon] + String.IsEqual(Window(10000).Property(submenuVisibility),music)</visible>
			<onclick>ActivateWindow(radiochannels,return)</onclick>
			<property name="path">ActivateWindow(radiochannels,return)</property>
			<property name="list">radiochannels</property>
			<visible>String.IsEqual(System.ProfileName,Master user)</visible>
			<property name="group">music</property>
			<property name="isSubmenu">True</property>
		</item>
		<item id="3">
			<property name="id">$NUMBER[3]</property>
			<property name="mainmenuid">4</property>
			<label>$LOCALIZE[517]</label>
			<label2>Music</label2>
			<icon>special://skin/extras/icons/addtile.png</icon>
			<thumb />
			<property name="labelID">517</property>
			<property name="defaultID">517</property>
			<visible>[Library.HasContent(Music)] + String.IsEqual(Window(10000).Property(submenuVisibility),music)</visible>
			<onclick>ActivateWindow(10502,musicdb://recentlyplayedalbums/,return)</onclick>
			<property name="path">ActivateWindow(10502,musicdb://recentlyplayedalbums/,return)</property>
			<property name="list">musicdb://recentlyplayedalbums/</property>
			<visible>String.IsEqual(System.ProfileName,Master user)</visible>
			<property name="group">music</property>
			<property name="isSubmenu">True</property>
		</item>
		<item id="4">
			<property name="id">$NUMBER[4]</property>
			<property name="mainmenuid">4</property>
			<label>$LOCALIZE[359]</label>
			<label2>Music</label2>
			<icon>special://skin/extras/icons/addtile.png</icon>
			<thumb />
			<property name="labelID">359</property>
			<property name="defaultID">359</property>
			<visible>[Library.HasContent(Music)] + String.IsEqual(Window(10000).Property(submenuVisibility),music)</visible>
			<onclick>ActivateWindow(10502,musicdb://recentlyaddedalbums/,return)</onclick>
			<property name="path">ActivateWindow(10502,musicdb://recentlyaddedalbums/,return)</property>
			<property name="list">musicdb://recentlyaddedalbums/</property>
			<visible>String.IsEqual(System.ProfileName,Master user)</visible>
			<property name="group">music</property>
			<property name="isSubmenu">True</property>
		</item>
		<item id="5">
			<property name="id">$NUMBER[5]</property>
			<property name="mainmenuid">4</property>
			<label>$LOCALIZE[20389]</label>
			<label2>$LOCALIZE[20389]</label2>
			<icon>$INFO[Window(Home).Property(SkinHelper.AllMusicVideosBackground)]</icon>
			<thumb />
			<property name="labelID">musicvideos</property>
			<property name="defaultID">musicvideos</property>
			<visible>[Library.HasContent(MusicVideos)] + String.IsEqual(Window(10000).Property(submenuVisibility),music)</visible>
			<onclick>ActivateWindow(10025,videodb://musicvideos/titles/,return)</onclick>
			<property name="path">ActivateWindow(10025,videodb://musicvideos/titles/,return)</property>
			<property name="list">videodb://musicvideos/titles/</property>
			<visible>String.IsEqual(System.ProfileName,Master user)</visible>
			<property name="group">music</property>
			<property name="isSubmenu">True</property>
		</item>
		<item id="6">
			<property name="id">$NUMBER[6]</property>
			<property name="mainmenuid">4</property>
			<label>$LOCALIZE[1038]</label>
			<label2 />
			<icon>resource://resource.images.skinicons.wide/music.png</icon>
			<thumb />
			<property name="labelID">1038</property>
			<property name="defaultID">1038</property>
			<onclick>ActivateWindow(10502,addons://sources/audio/,return)</onclick>
			<property name="path">ActivateWindow(10502,addons://sources/audio/,return)</property>
			<property name="list">addons://sources/audio/</property>
			<visible>[String.IsEqual(System.ProfileName,Master user)] + String.IsEqual(Window(10000).Property(submenuVisibility),music)</visible>
			<property name="group">music</property>
			<property name="isSubmenu">True</property>
		</item>
	</include>
	<include name="skinshortcuts-group-musicvideos">
		<description>No items</description>
	</include>
	<include name="skinshortcuts-group-alt-musicvideos">
		<description>No items</description>
	</include>
	<include name="skinshortcuts-group-weather">
		<description>No items</description>
	</include>
	<include name="skinshortcuts-group-alt-weather">
		<description>No items</description>
	</include>
	<include name="skinshortcuts-group-plugin-video-youtube">
		<description>No items</description>
	</include>
	<include name="skinshortcuts-group-alt-plugin-video-youtube">
		<description>No items</description>
	</include>
	<include name="skinshortcuts-group-pictures">
		<description>No items</description>
	</include>
	<include name="skinshortcuts-group-alt-pictures">
		<description>No items</description>
	</include>
	<include name="skinshortcuts-group-num-10040">
		<item id="1">
			<property name="id">$NUMBER[1]</property>
			<property name="mainmenuid">9</property>
			<label>$LOCALIZE[10001]</label>
			<label2 />
			<icon>resource://resource.images.skinicons.wide/programs.png</icon>
			<thumb />
			<property name="labelID">programs</property>
			<property name="defaultID">programs</property>
			<onclick>ActivateWindow(Programs,Addons,return)</onclick>
			<property name="path">ActivateWindow(Programs,Addons,return)</property>
			<property name="list">Addons</property>
			<visible>String.IsEqual(System.ProfileName,Master user)</visible>
			<property name="group">10040</property>
			<property name="isSubmenu">True</property>
		</item>
		<item id="2">
			<property name="id">$NUMBER[2]</property>
			<property name="mainmenuid">9</property>
			<label>$LOCALIZE[1037]</label>
			<label2 />
			<icon>resource://resource.images.skinicons.wide/videoaddons.png</icon>
			<thumb />
			<property name="labelID">1037</property>
			<property name="defaultID">1037</property>
			<onclick>ActivateWindow(Videos,addons,return)</onclick>
			<property name="path">ActivateWindow(Videos,addons,return)</property>
			<property name="list">addons</property>
			<visible>String.IsEqual(System.ProfileName,Master user)</visible>
			<property name="group">10040</property>
			<property name="isSubmenu">True</property>
		</item>
		<item id="3">
			<property name="id">$NUMBER[3]</property>
			<property name="mainmenuid">9</property>
			<label>$LOCALIZE[1038]</label>
			<label2 />
			<icon>resource://resource.images.skinicons.wide/music.png</icon>
			<thumb />
			<property name="labelID">1038</property>
			<property name="defaultID">1038</property>
			<onclick>ActivateWindow(10502,addons://sources/audio/,return)</onclick>
			<property name="path">ActivateWindow(10502,addons://sources/audio/,return)</property>
			<property name="list">addons://sources/audio/</property>
			<visible>String.IsEqual(System.ProfileName,Master user)</visible>
			<property name="group">10040</property>
			<property name="isSubmenu">True</property>
		</item>
		<item id="4">
			<property name="id">$NUMBER[4]</property>
			<property name="mainmenuid">9</property>
			<label>$LOCALIZE[1039]</label>
			<label2 />
			<icon>resource://resource.images.skinicons.wide/pictures.png</icon>
			<thumb />
			<property name="labelID">1039</property>
			<property name="defaultID">1039</property>
			<onclick>ActivateWindow(Pictures,Addons,return)</onclick>
			<property name="path">ActivateWindow(Pictures,Addons,return)</property>
			<property name="list">Addons</property>
			<visible>String.IsEqual(System.ProfileName,Master user)</visible>
			<property name="group">10040</property>
			<property name="isSubmenu">True</property>
		</item>
	</include>
	<include name="skinshortcuts-group-alt-num-10040">
		<item id="1">
			<property name="id">$NUMBER[1]</property>
			<property name="mainmenuid">9</property>
			<label>$LOCALIZE[10001]</label>
			<label2 />
			<icon>resource://resource.images.skinicons.wide/programs.png</icon>
			<thumb />
			<property name="labelID">programs</property>
			<property name="defaultID">programs</property>
			<onclick>ActivateWindow(Programs,Addons,return)</onclick>
			<property name="path">ActivateWindow(Programs,Addons,return)</property>
			<property name="list">Addons</property>
			<visible>[String.IsEqual(System.ProfileName,Master user)] + String.IsEqual(Window(10000).Property(submenuVisibility),num-10040)</visible>
			<property name="group">10040</property>
			<property name="isSubmenu">True</property>
		</item>
		<item id="2">
			<property name="id">$NUMBER[2]</property>
			<property name="mainmenuid">9</property>
			<label>$LOCALIZE[1037]</label>
			<label2 />
			<icon>resource://resource.images.skinicons.wide/videoaddons.png</icon>
			<thumb />
			<property name="labelID">1037</property>
			<property name="defaultID">1037</property>
			<onclick>ActivateWindow(Videos,addons,return)</onclick>
			<property name="path">ActivateWindow(Videos,addons,return)</property>
			<property name="list">addons</property>
			<visible>[String.IsEqual(System.ProfileName,Master user)] + String.IsEqual(Window(10000).Property(submenuVisibility),num-10040)</visible>
			<property name="group">10040</property>
			<property name="isSubmenu">True</property>
		</item>
		<item id="3">
			<property name="id">$NUMBER[3]</property>
			<property name="mainmenuid">9</property>
			<label>$LOCALIZE[1038]</label>
			<label2 />
			<icon>resource://resource.images.skinicons.wide/music.png</icon>
			<thumb />
			<property name="labelID">1038</property>
			<property name="defaultID">1038</property>
			<onclick>ActivateWindow(10502,addons://sources/audio/,return)</onclick>
			<property name="path">ActivateWindow(10502,addons://sources/audio/,return)</property>
			<property name="list">addons://sources/audio/</property>
			<visible>[String.IsEqual(System.ProfileName,Master user)] + String.IsEqual(Window(10000).Property(submenuVisibility),num-10040)</visible>
			<property name="group">10040</property>
			<property name="isSubmenu">True</property>
		</item>
		<item id="4">
			<property name="id">$NUMBER[4]</property>
			<property name="mainmenuid">9</property>
			<label>$LOCALIZE[1039]</label>
			<label2 />
			<icon>resource://resource.images.skinicons.wide/pictures.png</icon>
			<thumb />
			<property name="labelID">1039</property>
			<property name="defaultID">1039</property>
			<onclick>ActivateWindow(Pictures,Addons,return)</onclick>
			<property name="path">ActivateWindow(Pictures,Addons,return)</property>
			<property name="list">Addons</property>
			<visible>[String.IsEqual(System.ProfileName,Master user)] + String.IsEqual(Window(10000).Property(submenuVisibility),num-10040)</visible>
			<property name="group">10040</property>
			<property name="isSubmenu">True</property>
		</item>
	</include>
	<include name="skinshortcuts-group-videos">
		<description>No items</description>
	</include>
	<include name="skinshortcuts-group-alt-videos">
		<description>No items</description>
	</include>
	<include name="skinshortcuts-group-settings">
		<item id="1">
			<property name="id">$NUMBER[1]</property>
			<property name="mainmenuid">11</property>
			<label>$LOCALIZE[20077]</label>
			<label2>Settings</label2>
			<icon>special://skin/extras/icons/year.png</icon>
			<thumb />
			<property name="labelID">20077</property>
			<property name="defaultID">20077</property>
			<onclick>ActivateWindow(SkinSettings)</onclick>
			<property name="path">ActivateWindow(SkinSettings)</property>
			<property name="list">SkinSettings</property>
			<visible>String.IsEqual(System.ProfileName,Master user)</visible>
			<property name="group">settings</property>
			<property name="isSubmenu">True</property>
		</item>
		<item id="2">
			<property name="id">$NUMBER[2]</property>
			<property name="mainmenuid">11</property>
			<label>$LOCALIZE[10004]</label>
			<label2>Settings</label2>
			<icon>special://skin/extras/icons/settings.png</icon>
			<thumb />
			<property name="labelID">settings</property>
			<property name="defaultID">20077</property>
			<onclick>ActivateWindow(Settings)</onclick>
			<property name="path">ActivateWindow(Settings)</property>
			<property name="list">Settings</property>
			<visible>String.IsEqual(System.ProfileName,Master user)</visible>
			<property name="group">settings</property>
			<property name="isSubmenu">True</property>
		</item>
		<item id="3">
			<property name="id">$NUMBER[3]</property>
			<property name="mainmenuid">11</property>
			<label>$LOCALIZE[7]</label>
			<label2>Common Shortcut</label2>
			<icon>resource://resource.images.skinicons.wide/filemanager.png</icon>
			<thumb />
			<property name="labelID">7</property>
			<property name="defaultID">7</property>
			<onclick>ActivateWindow(FileManager)</onclick>
			<property name="path">ActivateWindow(FileManager)</property>
			<property name="list">FileManager</property>
			<visible>String.IsEqual(System.ProfileName,Master user)</visible>
			<property name="group">settings</property>
			<property name="isSubmenu">True</property>
		</item>
		<item id="4">
			<property name="id">$NUMBER[4]</property>
			<property name="mainmenuid">11</property>
			<label>$LOCALIZE[14111]</label>
			<label2>Common Shortcut</label2>
			<icon>resource://resource.images.skinicons.wide/settings.png</icon>
			<thumb />
			<property name="labelID">14111</property>
			<property name="defaultID">14111</property>
			<visible>system.getbool(eventlog.enabled)</visible>
			<onclick>ActivateWindow(eventlog)</onclick>
			<property name="path">ActivateWindow(eventlog)</property>
			<property name="list">eventlog</property>
			<visible>String.IsEqual(System.ProfileName,Master user)</visible>
			<property name="group">settings</property>
			<property name="isSubmenu">True</property>
		</item>
	</include>
	<include name="skinshortcuts-group-alt-settings">
		<item id="1">
			<property name="id">$NUMBER[1]</property>
			<property name="mainmenuid">11</property>
			<label>$LOCALIZE[20077]</label>
			<label2>Settings</label2>
			<icon>special://skin/extras/icons/year.png</icon>
			<thumb />
			<property name="labelID">20077</property>
			<property name="defaultID">20077</property>
			<onclick>ActivateWindow(SkinSettings)</onclick>
			<property name="path">ActivateWindow(SkinSettings)</property>
			<property name="list">SkinSettings</property>
			<visible>[String.IsEqual(System.ProfileName,Master user)] + String.IsEqual(Window(10000).Property(submenuVisibility),settings)</visible>
			<property name="group">settings</property>
			<property name="isSubmenu">True</property>
		</item>
		<item id="2">
			<property name="id">$NUMBER[2]</property>
			<property name="mainmenuid">11</property>
			<label>$LOCALIZE[10004]</label>
			<label2>Settings</label2>
			<icon>special://skin/extras/icons/settings.png</icon>
			<thumb />
			<property name="labelID">settings</property>
			<property name="defaultID">20077</property>
			<onclick>ActivateWindow(Settings)</onclick>
			<property name="path">ActivateWindow(Settings)</property>
			<property name="list">Settings</property>
			<visible>[String.IsEqual(System.ProfileName,Master user)] + String.IsEqual(Window(10000).Property(submenuVisibility),settings)</visible>
			<property name="group">settings</property>
			<property name="isSubmenu">True</property>
		</item>
		<item id="3">
			<property name="id">$NUMBER[3]</property>
			<property name="mainmenuid">11</property>
			<label>$LOCALIZE[7]</label>
			<label2>Common Shortcut</label2>
			<icon>resource://resource.images.skinicons.wide/filemanager.png</icon>
			<thumb />
			<property name="labelID">7</property>
			<property name="defaultID">7</property>
			<onclick>ActivateWindow(FileManager)</onclick>
			<property name="path">ActivateWindow(FileManager)</property>
			<property name="list">FileManager</property>
			<visible>[String.IsEqual(System.ProfileName,Master user)] + String.IsEqual(Window(10000).Property(submenuVisibility),settings)</visible>
			<property name="group">settings</property>
			<property name="isSubmenu">True</property>
		</item>
		<item id="4">
			<property name="id">$NUMBER[4]</property>
			<property name="mainmenuid">11</property>
			<label>$LOCALIZE[14111]</label>
			<label2>Common Shortcut</label2>
			<icon>resource://resource.images.skinicons.wide/settings.png</icon>
			<thumb />
			<property name="labelID">14111</property>
			<property name="defaultID">14111</property>
			<visible>[system.getbool(eventlog.enabled)] + String.IsEqual(Window(10000).Property(submenuVisibility),settings)</visible>
			<onclick>ActivateWindow(eventlog)</onclick>
			<property name="path">ActivateWindow(eventlog)</property>
			<property name="list">eventlog</property>
			<visible>String.IsEqual(System.ProfileName,Master user)</visible>
			<property name="group">settings</property>
			<property name="isSubmenu">True</property>
		</item>
	</include>
</includes>
