<?xml version="1.0" encoding="UTF-8" standalone="yes"?>
<addon id="script.skin.info.service" name="Skin Info Service" version="2.0.0" provider-name="phil65">
	<requires>
		<import addon="xbmc.python" version="2.25.0"/>
	</requires>
	<extension point="xbmc.python.library" library="default.py" />
	<extension point="xbmc.python.script" library="default.py">
		<provides>executable</provides>
	</extension>
	<extension point="xbmc.addon.metadata">
		<language/>
		<summary lang="en">Script used by skins to show extended media info.</summary>
		<description lang="en">Updated for Leia by Latts.  This script fetches extended information for several media types (artists, albums, movie sets etc.). Needs skin support.</description>
		<platform>all</platform>
		<license>GNU GENERAL PUBLIC LICENSE Version 2, June 1991</license>
		<forum />
		<source />
		<email />
	<assets>
		<icon>icon.png</icon>
	</assets>
	<news>Kodi v18 updates</news>
	</extension>
</addon>
