<?xml version="1.0" encoding="utf-8"?>
<window>
    <defaultcontrol always="true">9000</defaultcontrol>
    <controls>
        <control type="group">
			<!-- default animation -->
			<include>animation_window_open_close</include>
            <include>GlobalBackground</include>
            <!--NowPlaying-->
            <include condition="!Skin.HasTheme(classic) + !Skin.HasSetting(LowPerformanceMode)">NowPlayingModern</include>
     			<!-- touchscreen workaround for windows tablets -->
			<include condition="Skin.HasSetting(EnableTouchSupport)">TouchScreenWorkaround</include>
			
			<control type="label">
				<include>animation_fade_visible_hidden</include>
				<posx>61</posx>
				<posy>10</posy>
				<width min="80" max="1400">auto</width>
				<height>100</height>
				<font>Bold45</font>
				<align>left</align>
				<textcolor>$INFO[Skin.String(HeaderTextColor)]</textcolor>
				<label>$INFO[Window.Property(Title)]</label>
				<shadowcolor>$INFO[Skin.String(HeaderTextShadowColor)]</shadowcolor>
				<visible>!Window.IsActive(notification) + !Window.IsActive(extendedprogressdialog) + !Control.IsVisible(88888)</visible>
			</control>
			 <control type="label">
				<posy>85</posy>
				<posx>61</posx>
				<width min="0" max="1100">auto</width>
				<height>50</height>
				<label>$INFO[Window.Property(TagLine)]</label>
				<font>Reg30</font>
				<textcolor>$INFO[Skin.String(HeaderTextColor)]</textcolor>
				<shadowcolor>$INFO[Skin.String(HeaderTextShadowColor)]</shadowcolor>
				<include>animation_fade_visible_hidden</include>
				<visible>!Window.IsActive(notification) + !Window.IsActive(extendedprogressdialog) + !Control.IsVisible(88888)</visible>
			</control>
			
			<include condition="!Skin.String(general_header,disable)">TimeInfo</include>
			
			<!-- panel background ,check, removed button, in case of bg overlays-->
			<control type="image">
				<posy>150</posy>
				<posx>0</posx>
				<width>100%</width>
				<height>930</height>
				<texture border="5">diffuse/panel.png</texture>
				<colordiffuse>ff000000</colordiffuse>
				<aspectratio>stretch</aspectratio>
			</control>
			
			<!-- footer with controls -->
				<control type="image">
					<posx>0</posx>
					<bottom>0</bottom>
					<width>100%</width>
					<height>110</height>
					<texture border="5">diffuse/panel.png</texture>
					<colordiffuse>$INFO[Skin.String(GeneralPanelsColor)]</colordiffuse>
				</control>

				<!--Butons 9000-->			
				<control type="grouplist" id="9000">
					<posx>60</posx>
					<bottom>15</bottom>
					<width>1800</width>
					<height>60</height>
					<itemgap>15</itemgap>
					<onup condition="!Skin.HasSetting(EnableTouchSupport)">4000</onup>
					<ondown condition="!Skin.HasSetting(EnableTouchSupport)">4000</ondown>
					<onleft>9000</onleft>
					<onright>9000</onright>
					<orientation>horizontal</orientation>
					
					<!-- touch controls -->
					
					<include condition="Skin.HasSetting(EnableTouchSupport)">back_button</include>
                    <include condition="Skin.HasSetting(EnableTouchSupport)">home_button</include>
					
					<control type="radiobutton" id="6001">
						<visible>false</visible>
					</control>
					<control type="radiobutton" id="6003">
						<visible>false></visible>
					</control>
					<control type="radiobutton" id="6005">
						<visible>false></visible>
					</control>
					<control type="radiobutton" id="6002">
						<visible>false></visible>
					</control>
					<control type="radiobutton" id="6006">
						<visible>false></visible>
					</control>
					
					<!-- play button -->
					<control type="button" id="8">
						<label>$LOCALIZE[208]</label>
						<width>285</width>
						<height>60</height>
						<align>center</align>
						<textoffsetx>0</textoffsetx>
						<visible>!String.IsEmpty(Window.Property(DBID)) + !String.IsEqual(Window.Property(Type),tvshow) + !Integer.IsGreater(Window.Property(PercentPlayed),0)</visible>
					</control>
                    
                    <!-- resume button -->
					<control type="button" id="9">
						<width>285</width>
						<height>60</height>
						<align>center</align>
						<textoffsetx>0</textoffsetx>
						<label>$LOCALIZE[13404] $INFO[Window.Property(PercentPlayed),(,%)]</label>
						<visible>Integer.IsGreater(Window.Property(PercentPlayed),0)</visible>
                        <onclick>Action(Close)</onclick>
					</control>
					
					<!-- play button tvshows -->
					<control type="button" id="120">
						<label>$LOCALIZE[21385]</label>
						<width>285</width>
						<height>60</height>
						<align>center</align>
						<textoffsetx>0</textoffsetx>
						<visible>!String.IsEmpty(Window.Property(DBID)) + String.IsEqual(Window.Property(Type),tvshow)</visible>
					</control>
					
					<!-- couchpotato button -->
					<control type="button" id="777">
						<label>$ADDON[script.extendedinfo 32165]</label>
						<width>285</width>
						<height>60</height>
						<align>center</align>
						<textoffsetx>0</textoffsetx>
						<onclick>XBMC.RunPlugin(plugin://plugin.video.couchpotato_manager/movies/add?imdb_id=$INFO[Window.Property(imdb_id)])</onclick>
						<visible>String.IsEmpty(Window.Property(DBID)) + System.HasAddon(plugin.video.couchpotato_manager)</visible>
					</control>
                    
					
					<!-- manage button -->
					<control type="button" id="445">
						<width>285</width>
						<height>60</height>
						<align>center</align>
						<textoffsetx>0</textoffsetx>
						<label>$ADDON[script.extendedinfo 32133]</label>
						<visible>!Skin.HasSetting(kioskmode)</visible>
					</control>
					
					<control type="button" id="244">
                        <!--Go Fullscreen-->
                        <label>244</label>
                        <width>285</width>
                        <height>60</height>
                        <align>center</align>
                        <textoffsetx>0</textoffsetx>
                        <visible>Player.HasVideo</visible>
                        <onclick>Close</onclick>
                        <onclick>ClearProperty(TrailerPlaying,Home)</onclick>
                        <onclick>FullScreen</onclick>
                    </control>
					
					<!-- Trailer on Youtube-->
					<control type="button" id="2356">
						<width>285</width>
						<height>60</height>
						<align>center</align>
						<textoffsetx>0</textoffsetx>
						<label>$LOCALIZE[20410]</label>
                        <onclick>SetFocus(1150,0)</onclick>
                        <onclick>SetProperty(TrailerPlaying,Playing,Home)</onclick>
						<visible>Integer.IsGreater(Container(1150).NumItems,0)</visible>
					</control>
					
					<!--video extras -->
					<control type="button" id="100">
						<width>285</width>
						<height>60</height>
						<align>center</align>
						<textoffsetx>0</textoffsetx>
						<label>$ADDON[script.extendedinfo 32132]</label>
						<onclick>XBMC.RunScript(script.videoextras,display,"$INFO[Window.Property(FilenameAndPath)]")</onclick>
						<visible>System.HasAddon(script.videoextras) + String.IsEmpty(Window(movieinformation).Property(HideVideoExtrasButton))</visible>
						<visible>!String.IsEmpty(Window.Property(FilenameAndPath))</visible>
					</control>
                    
                    <control type="button" id="101">
                        <!--Get Thumb Artwork Downloader-->
                        <label>13511</label>
                        <width>285</width>
                        <height>60</height>
                        <align>center</align>
                        <textoffsetx>0</textoffsetx>
                        <enable>!Skin.HasSetting(KioskMode.Enabled)</enable>
                        <onclick condition="System.HasAddon(script.artwork.downloader)">ActivateWindow(3004)</onclick>
                        <onclick condition="!System.HasAddon(script.artwork.downloader)">RunPlugin(plugin://script.artwork.downloader)</onclick>
                    </control>
                    
                    

				</control>
     
			<control type="group">

                <control type="grouplist" id="4000">
                    <orientation>vertical</orientation>
                    <scrolltime tween="sine">400</scrolltime>
                    <posx>60</posx>
                    <posy>180</posy>
                    <itemgap>0</itemgap>
                    <ondown condition="!Skin.HasSetting(EnableTouchSupport)">9000</ondown>
                    <onup condition="!Skin.HasSetting(EnableTouchSupport)">4000</onup>
					<onleft>9000</onleft>
                    <width>2100</width>
                    <height>800</height>
					<pagecontrol>999</pagecontrol>
                                					<!-- rating stuff -->
					<control type="group">
						<height>130</height>
						<animation effect="fade" time="250">VisibleChange</animation>
						<!--First Row-->
						<control type="group">
							<posy>0</posy>
							<posx>18</posx>
							<control type="image">
								<posx>-13</posx>
								<posy>0</posy>
								<width>1560</width>
								<height>1</height>
								<colordiffuse>$INFO[Skin.String(ViewDetailsTextColor)]</colordiffuse>
								<texture>info/infopanel_line.png</texture>
							</control>
							<control type="image">
								<posx>-13</posx>
								<posy>82</posy>
								<width>1560</width>
								<height>1</height>
								<colordiffuse>$INFO[Skin.String(ViewDetailsTextColor)]</colordiffuse>
								<texture>info/infopanel_line.png</texture>
							</control>
							<control type="grouplist">
								<posx>-18</posx>
								<posy>0</posy>
								<width>1800</width>
								<itemgap>0</itemgap>
								<orientation>horizontal</orientation>
								<usecontrolcoords>true</usecontrolcoords>
								<control type="group">
									<posx>0</posx>
									<width>155</width>
									<visible>!String.IsEqual(Window.Property(Rating),0.0) + !String.IsEmpty(Window.Property(Rating))</visible>
									<control type="image">
										<posx>0</posx>
										<height>79</height>
										<width>2</width>
										<colordiffuse>$INFO[Skin.String(ViewDetailsTextColor)]</colordiffuse>
										<texture>info/upright.png</texture>
									</control>
									<control type="label">
										<posx>0</posx>
										<posy>12</posy>
										<width>155</width>
										<height>38</height>
										<align>center</align>
										<label fallback="?">$INFO[Window.Property(Rating)]</label>
										<textcolor>$INFO[Skin.String(ViewDetailsTextColor)]</textcolor>
										<shadowcolor>$INFO[Skin.String(ViewDetailsTextShadowColor)]</shadowcolor>
										<font>Bold30</font>
									</control>
									<control type="label">
										<posx>0</posx>
										<posy>37</posy>
										<width>155</width>
										<height>38</height>
										<align>center</align>
										<aligny>center</aligny>
										<label fallback="Rating">$INFO[Window.Property(Votes),, Votes]</label>
										<textcolor>$INFO[Skin.String(ViewDetailsTextColor)]</textcolor>
										<shadowcolor>$INFO[Skin.String(ViewDetailsTextShadowColor)]</shadowcolor>
										<font>Reg24</font>
									</control>
								</control>
								<control type="image">
									<posx>0</posx>
									<posy>1</posy>
									<height>79</height>
									<width>2</width>
									<texture>info/upright.png</texture>
									<colordiffuse>$INFO[Skin.String(ViewDetailsTextColor)]</colordiffuse>
								</control>
								<control type="group">
									<width>220</width>
									<visible>!String.IsEmpty(Window.Property(ReleaseDate))</visible>
									<control type="label">
										<posx>0</posx>
										<posy>12</posy>
										<width>220</width>
										<height>38</height>
										<align>center</align>
										<label fallback="?">$INFO[Window.Property(ReleaseDate)]</label>
										<textcolor>$INFO[Skin.String(ViewDetailsTextColor)]</textcolor>
										<shadowcolor>$INFO[Skin.String(ViewDetailsTextShadowColor)]</shadowcolor>
										<font>Bold32</font>
									</control>
									<control type="label">
										<posx>0</posx>
										<posy>37</posy>
										<width>220</width>
										<height>38</height>
										<align>center</align>
										<aligny>center</aligny>
										<label fallback="Release Date">$INFO[Window.Property(Status)]</label>
										<textcolor>$INFO[Skin.String(ViewDetailsTextColor)]</textcolor>
										<shadowcolor>$INFO[Skin.String(ViewDetailsTextShadowColor)]</shadowcolor>
										<font>Reg24</font>
									</control>
								</control>
								<control type="group">
									<posx>0</posx>
									<width>220</width>
									<visible>!String.IsEmpty(Window.Property(Budget))</visible>
									<control type="image">
										<posx>0</posx>
										<posy>1</posy>
										<height>79</height>
										<width>2</width>
										<texture>info/upright.png</texture>
										<colordiffuse>$INFO[Skin.String(ViewDetailsTextColor)]</colordiffuse>
									</control>
									<control type="label">
										<posx>0</posx>
										<posy>12</posy>
										<width>220</width>
										<height>38</height>
										<align>center</align>
										<label>$INFO[Window.Property(Budget),$]</label>
										<textcolor>$INFO[Skin.String(ViewDetailsTextColor)]</textcolor>
										<shadowcolor>$INFO[Skin.String(ViewDetailsTextShadowColor)]</shadowcolor>
										<font>Bold32</font>
									</control>
									<control type="label">
										<posx>0</posx>
										<posy>37</posy>
										<width>220</width>
										<height>38</height>
										<align>center</align>
										<aligny>center</aligny>
										<label>Budget</label>
										<font>Reg24</font>
										<textcolor>$INFO[Skin.String(ViewDetailsTextColor)]</textcolor>
										<shadowcolor>$INFO[Skin.String(ViewDetailsTextShadowColor)]</shadowcolor>
									</control>
								</control>
								<control type="group" id="3300">
									<posx>0</posx>
									<width>220</width>
									<visible>!String.IsEmpty(Window.Property(Revenue))</visible>
									<control type="image">
										<posx>0</posx>
										<posy>1</posy>
										<height>79</height>
										<width>2</width>
										<texture>info/upright.png</texture>
										<colordiffuse>$INFO[Skin.String(ViewDetailsTextColor)]</colordiffuse>
									</control>
									<control type="label">
										<posx>0</posx>
										<posy>12</posy>
										<width>220</width>
										<height>38</height>
										<align>center</align>
										<label fallback="?">$INFO[Window.Property(Revenue),$]</label>
										<textcolor>$INFO[Skin.String(ViewDetailsTextColor)]</textcolor>
										<shadowcolor>$INFO[Skin.String(ViewDetailsTextShadowColor)]</shadowcolor>
										<font>Bold32</font>
									</control>
									<control type="label">
										<posx>0</posx>
										<posy>37</posy>
										<width>220</width>
										<height>38</height>
										<align>center</align>
										<aligny>center</aligny>
										<label>Revenue</label>
										<font>Reg24</font>
										<textcolor>$INFO[Skin.String(ViewDetailsTextColor)]</textcolor>
										<shadowcolor>$INFO[Skin.String(ViewDetailsTextShadowColor)]</shadowcolor>
									</control>
								</control>
								<control type="image">
									<posx>0</posx>
									<posy>1</posy>
									<height>79</height>
									<width>2</width>
									<texture>info/upright.png</texture>
									<colordiffuse>$INFO[Skin.String(ViewDetailsTextColor)]</colordiffuse>
								</control>
								<control type="group">
									<width>20</width>
								</control>
								<control type="label" id="800">
									<posy>5</posy>
									<width>720</width>
									<height>65</height>
									<align>left</align>
									<aligny>center</aligny>
									<wrapmultiline>true</wrapmultiline>
									<label>$INFO[Window.Property(omdb.Awards),,[CR]]$INFO[Window.Property(omdb.tomatoConsensus),,[CR] ]</label>
									<textcolor>$INFO[Skin.String(ViewDetailsTextColor)]</textcolor>
									<shadowcolor>$INFO[Skin.String(ViewDetailsTextShadowColor)]</shadowcolor>
									<font>Reg22</font>
								</control>
							
							</control>
						</control>
					</control>
				
					<!-- normal info -->
                    <control type="group" id="140">
						<visible>!String.IsEmpty(Window.Property(Plot))</visible>
						<height>300</height>
						<control type="radiobutton" id="132">
						<visible>false</visible>
                        </control>
                        <control type="label">
							<posx>0</posx>
							<posy>-35</posy>
							<width>1370</width>
							<height>25</height>
							<label>$INFO[Window.Property(movie.File),[B]$LOCALIZE[21800]: [/B]]</label>
							<textcolor>$INFO[Skin.String(ViewDetailsTextColor)]</textcolor>
							<shadowcolor>$INFO[Skin.String(ViewDetailsTextShadowColor)]</shadowcolor>
                            <visible>!String.IsEmpty(Window.Property(movie.File)) + !Skin.HasSetting(DialogVideoInfo_HideFileName)</visible>
							<align>left</align>
							<font>Reg20</font>
						</control>
						<control type="textbox" id="800">
							<posx>0</posx>
							<posy>10</posy>
							<width>1370</width>
							<height>230</height>
							<label>$INFO[Window.Property(Plot)]</label>
							<textcolor>$INFO[Skin.String(ViewDetailsTextColor)]</textcolor>
							<shadowcolor>$INFO[Skin.String(ViewDetailsTextShadowColor)]</shadowcolor>
							<align>justify</align>
							<font>Reg26</font>
						</control>
                        <control type="image">
							<!--cdart image-->
							<right>430</right>
							<posy>-70</posy>
							<width>300</width>
							<height>300</height>
							<texture background="true" diffuse="diffuse/cdmask_big.png" fallback="defaultcovers/cd_big.png">$INFO[Window.Property(DiscArt)]</texture>
							<aspectratio scalediffuse="false" align="center" aligny="center">scale</aspectratio>
							<animation effect="rotate" end="-90" center="auto" time="600" loop="false" reversible="false" condition="!Skin.HasSetting(AnimateDiscArt)">Conditional</animation>
							<animation effect="rotate" end="-360" center="auto" time="20000" delay="0" loop="true" reversible="false" condition="Skin.HasSetting(AnimateDiscArt)">Conditional</animation>
							<visible>!String.IsEmpty(Window.Property(Poster)) + !String.IsEmpty(Window.Property(DiscArt))</visible>
						</control>
						<control type="image">
							<!--poster-->
							<right>300</right>
							<posy>-144</posy>
							<width>300</width>
							<height>470</height>
							<aspectratio align="right" aligny="top" scalediffuse="true">keep</aspectratio>
							<texture background="true" diffuse="diffuse/poster.png" fallback="DefaultVideo.png" border="5">$INFO[Window.Property(Poster)]</texture>
						</control>
                                  					</control>
                    				
					<!-- cast panel -->
                    <control type="group" id="50111">
                        <visible>Integer.IsGreater(Container(1000).NumItems,0)</visible>
                        <height>350</height>
                        <control type="label">
                            <posx>5</posx>
                            <posy>0</posy>
                            <width>1540</width>
                            <height>25</height>
                            <aligny>center</aligny>
                            <font>Bold32</font>
                            <textcolor>$INFO[Skin.String(ViewDetailsHighlightTextColor)]</textcolor>
							<shadowcolor>$INFO[Skin.String(ViewDetailsHighlightTextShadowColor)]</shadowcolor>
                            <label>$LOCALIZE[206]$INFO[Container(1000).NumItems, (,)]</label>
                        </control>
						<control type="image">
                            <posx>1810</posx>
                            <posy>95</posy>
                            <width>35</width>
                            <height>150</height>
                            <texture>info/arrowright.png</texture>
                            <visible>Container(1000).HasNext</visible>
                        </control>
                        <control type="panel" id="1000">
                            <posx>0</posx>
                            <posy>40</posy>
                            <width>1800</width>
                            <height>280</height>
                            <onleft>9000</onleft>
                            <onright>1000</onright>
                            <onup condition="!Skin.HasSetting(EnableTouchSupport)">5000</onup>
                            <ondown condition="!Skin.HasSetting(EnableTouchSupport)">750</ondown>
                            <scrolltime>200</scrolltime>
                            <orientation>horizontal</orientation>
                            <itemlayout height="270" width="201">
                                <control type="group">
									<width>186</width>
									<height>262</height>
                                    <include>PosterPanelLayout</include>
                                  </control>
                            </itemlayout>
                            <focusedlayout height="260" width="201">
                               <control type="group">
									<width>186</width>
									<height>262</height>
                                    <include>PosterPanelLayoutFocus</include>
                                </control>
                            </focusedlayout>
						</control>
                    </control>
             					
					<!-- arrow down -->
                    <control type="group">
						<height>80</height>
						<visible>[Control.HasFocus(1000) | !ControlGroup(4000).HasFocus]</visible>
						<control type="image">
							<posx>25</posx>
							<posy>-35</posy>
							<width>150</width>
							<height>35</height>
							<texture>info/arrowdown.png</texture>
							<animation effect="fade" start="0" end="100" tween="sine" easing="inout" time="1200" pulse="true" reversible="false" condition="true">Conditional</animation>
						</control>
					</control>
					
					
					<!-- crew panel -->
					<control type="group" id="54111">
                        <visible>Integer.IsGreater(Container(750).NumItems,0)</visible>
                        <height>350</height>
                        <control type="label">
                            <posx>5</posx>
                            <posy>0</posy>
                            <width>1540</width>
                            <height>25</height>
                            <aligny>center</aligny>
                          <font>Bold32</font>
                            <textcolor>$INFO[Skin.String(ViewDetailsHighlightTextColor)]</textcolor>
                            <textcolor>$INFO[Skin.String(ViewDetailsTextColor)]</textcolor>
							<textcolor>$INFO[Skin.String(ViewDetailsTextColor)]</textcolor>
							<shadowcolor>$INFO[Skin.String(ViewDetailsTextShadowColor)]</shadowcolor>
                            <label>$ADDON[script.extendedinfo 32115]$INFO[Container(750).NumItems, (,)]</label>
                        </control>
						<control type="image">
                            <posx>1810</posx>
                            <posy>95</posy>
                            <width>35</width>
                            <height>150</height>
                            <texture>info/arrowright.png</texture>
                            <visible>Container(750).HasNext</visible>
                        </control>
                        <control type="panel" id="750">
                            <posx>0</posx>
                            <posy>40</posy>
                            <width>1800</width>
                            <height>280</height>
                            <onleft>9000</onleft>
                            <onright>750</onright>
                            <onup condition="!Skin.HasSetting(EnableTouchSupport)">1000</onup>
                            <ondown condition="!Skin.HasSetting(EnableTouchSupport)">150</ondown>
                            <scrolltime>200</scrolltime>
                            <orientation>horizontal</orientation>
                            <itemlayout height="270" width="201">
                                <control type="group">
									<width>186</width>
									<height>262</height>
                                    <include>PosterPanelLayout</include>
                                  </control>
                            </itemlayout>
                            <focusedlayout height="260" width="201">
                               <control type="group">
									<width>186</width>
									<height>262</height>
                                    <include>PosterPanelLayoutFocus</include>
                                </control>
                            </focusedlayout>
						</control>
                    </control>
                    				
					<!-- recommended by TMDB -->
					<control type="group" id="50112">
                        <visible>Integer.IsGreater(Container(150).NumItems,0)</visible>
                        <height>350</height>
                        <control type="label">
                            <posx>5</posx>
                            <posy>0</posy>
                            <width>1540</width>
                            <height>25</height>
                            <aligny>center</aligny>
                          <font>Bold32</font>
                            <textcolor>$INFO[Skin.String(ViewDetailsHighlightTextColor)]</textcolor>
                            <textcolor>$INFO[Skin.String(ViewDetailsTextColor)]</textcolor>
							<textcolor>$INFO[Skin.String(ViewDetailsTextColor)]</textcolor>
							<shadowcolor>$INFO[Skin.String(ViewDetailsTextShadowColor)]</shadowcolor>
                            <label>$ADDON[script.extendedinfo 32116]$INFO[Container(150).NumItems, (,)]</label>
                        </control>
                        <control type="image">
                            <posx>1810</posx>
                            <posy>95</posy>
                            <width>35</width>
                            <height>150</height>
                            <texture>info/arrowright.png</texture>
                            <visible>Container(150).HasNext</visible>
                        </control>
                        <control type="panel" id="150">
                            <posx>0</posx>
                            <posy>40</posy>
                            <width>1800</width>
                            <height>280</height>
                            <onleft>9000</onleft>
                            <onright>150</onright>
                            <onup condition="!Skin.HasSetting(EnableTouchSupport)">750</onup>
                            <ondown condition="!Skin.HasSetting(EnableTouchSupport)">250</ondown>
                            <scrolltime>200</scrolltime>
                            <orientation>horizontal</orientation>
							<itemlayout height="270" width="201">
                                <control type="group">
									<width>186</width>
									<height>262</height>
                                    <include>PosterPanelLayout</include>
                                  </control>
                            </itemlayout>
                            <focusedlayout height="260" width="201">
                               <control type="group">
									<width>186</width>
									<height>262</height>
                                    <include>PosterPanelLayoutFocus</include>
                                </control>
                            </focusedlayout>
						
						</control>
                    </control>
             					<!-- movie sets or seasons-->
					<control type="group" id="50113">
                        <height>350</height>
                        <visible>Integer.IsGreater(Container(250).NumItems,0)</visible>
                        <control type="label">
                            <posx>5</posx>
                            <posy>0</posy>
                            <width>1540</width>
                            <height>25</height>
                            <aligny>center</aligny>
                          <font>Bold32</font>
                            <textcolor>$INFO[Skin.String(ViewDetailsHighlightTextColor)]</textcolor>
                            <textcolor>$INFO[Skin.String(ViewDetailsTextColor)]</textcolor>
							<textcolor>$INFO[Skin.String(ViewDetailsTextColor)]</textcolor>
							<shadowcolor>$INFO[Skin.String(ViewDetailsTextShadowColor)]</shadowcolor>
                            <label>$INFO[Window.Property(set.label)]$INFO[Container(250).NumItems, (,)]</label>
							<visible>!Integer.IsGreater(Container(250).NumItems,0)</visible>
                        </control>
						 <control type="label">
                            <posx>5</posx>
                            <posy>0</posy>
                            <width>1540</width>
                            <height>25</height>
                            <aligny>center</aligny>
                          <font>Bold32</font>
                            <textcolor>$INFO[Skin.String(ViewDetailsHighlightTextColor)]</textcolor>
                            <textcolor>$INFO[Skin.String(ViewDetailsTextColor)]</textcolor>
							<textcolor>$INFO[Skin.String(ViewDetailsTextColor)]</textcolor>
							<shadowcolor>$INFO[Skin.String(ViewDetailsTextShadowColor)]</shadowcolor>
                            <label>$LOCALIZE[33054] $INFO[Container(250).NumItems, (,)]</label>
							<visible>Integer.IsGreater(Container(250).NumItems,0)</visible>
                        </control>
                        <control type="image">
                            <posx>1810</posx>
                            <posy>95</posy>
                            <width>35</width>
                            <height>150</height>
                            <texture>info/arrowright.png</texture>
                            <visible>Container(250).HasNext</visible>
                        </control>
                        <control type="panel" id="250">
                            <posx>0</posx>
                            <posy>40</posy>
                            <width>1800</width>
                            <height>280</height>
                            <onleft>9000</onleft>
                            <onright>250</onright>
                            <onup condition="!Skin.HasSetting(EnableTouchSupport)">150</onup>
                            <ondown condition="!Skin.HasSetting(EnableTouchSupport)">1150</ondown>
                            <scrolltime>200</scrolltime>
                            <orientation>horizontal</orientation>
							<itemlayout height="270" width="201">
                                <control type="group">
									<width>186</width>
									<height>262</height>
                                    <include>PosterPanelLayout</include>
                                  </control>
                            </itemlayout>
                            <focusedlayout height="260" width="201">
                               <control type="group">
									<width>186</width>
									<height>262</height>
                                    <include>PosterPanelLayoutFocus</include>
                                </control>
                            </focusedlayout>
						</control>
                    </control>
             					<!-- official movies -->
					<control type="group">
                        <visible>Integer.IsGreater(Container(1150).NumItems,0)</visible>
                        <height>270</height>
                        <control type="label">
                            <posx>5</posx>
                            <posy>0</posy>
                            <width>1540</width>
                            <height>25</height>
                            <aligny>center</aligny>
                          <font>Bold32</font>
                            <textcolor>$INFO[Skin.String(ViewDetailsHighlightTextColor)]</textcolor>
                            <textcolor>$INFO[Skin.String(ViewDetailsTextColor)]</textcolor>
							<textcolor>$INFO[Skin.String(ViewDetailsTextColor)]</textcolor>
							<shadowcolor>$INFO[Skin.String(ViewDetailsTextShadowColor)]</shadowcolor>
                            <label>$ADDON[script.extendedinfo 32117]</label>
                        </control>
                         <control type="image">
                            <posx>1810</posx>
                            <posy>60</posy>
                            <width>35</width>
                            <height>150</height>
                            <texture>info/arrowright.png</texture>
                            <visible>Container(1150).HasNext</visible>
                        </control>
                        <control type="panel" id="1150">
                            <posx>0</posx>
                            <posy>40</posy>
                            <width>1800</width>
                            <height>210</height>
                            <onleft>9000</onleft>
                            <onright>1150</onright>
                            <onup condition="!Skin.HasSetting(EnableTouchSupport)">250</onup>
                            <ondown condition="!Skin.HasSetting(EnableTouchSupport)">350</ondown>
                            <pagecontrol>60</pagecontrol>
                            <scrolltime>300</scrolltime>
                            <focusposition>0</focusposition>
                            <orientation>horizontal</orientation>
                            <preloaditems>2</preloaditems>
							<itemlayout width="360" height="200">
								<control type="group">
                                    <width>345</width>
                                    <height>200</height>
                                    <include>ThumbsViewLayout</include>
                                </control>
							</itemlayout>
							<focusedlayout width="360" height="200">
								<control type="group">
                                    <width>345</width>
                                    <height>200</height>
                                    <include>ThumbsViewLayoutFocus</include>
                                </control>
							</focusedlayout>
						</control>
                    </control>
             					<!-- youtube movies -->
					<control type="group">
                        <visible>Integer.IsGreater(Container(350).NumItems,0)</visible>
                        <height>270</height>
                        <control type="label">
                            <posx>5</posx>
                            <posy>0</posy>
                            <width>1540</width>
                            <height>25</height>
                            <aligny>center</aligny>
                          <font>Bold32</font>
                            <textcolor>$INFO[Skin.String(ViewDetailsHighlightTextColor)]</textcolor>
                            <textcolor>$INFO[Skin.String(ViewDetailsTextColor)]</textcolor>
							<textcolor>$INFO[Skin.String(ViewDetailsTextColor)]</textcolor>
							<shadowcolor>$INFO[Skin.String(ViewDetailsTextShadowColor)]</shadowcolor>
                            <label>$ADDON[script.extendedinfo 32118]</label>
                        </control>
                        <control type="image">
                            <posx>1810</posx>
                            <posy>60</posy>
                            <width>35</width>
                            <height>150</height>
                            <texture>info/arrowright.png</texture>
                            <visible>Container(350).HasNext</visible>
                        </control>
                        <control type="panel" id="350">
                            <posx>0</posx>
                            <posy>40</posy>
                            <width>1800</width>
                            <height>210</height>
							<onleft>9000</onleft>
                            <onright>350</onright>
                            <onup condition="!Skin.HasSetting(EnableTouchSupport)">1150</onup>
                            <ondown condition="!Skin.HasSetting(EnableTouchSupport)">550</ondown>
                            <pagecontrol>60</pagecontrol>
                            <scrolltime>300</scrolltime>
                            <focusposition>0</focusposition>
                            <orientation>horizontal</orientation>
                            <preloaditems>2</preloaditems>
                            <itemlayout width="360" height="200">
								<control type="group">
                                    <width>345</width>
                                    <height>200</height>
                                    <include>ThumbsViewLayout</include>
                                </control>
							</itemlayout>
							<focusedlayout width="360" height="200">
								<control type="group">
                                    <width>345</width>
                                    <height>200</height>
                                    <include>ThumbsViewLayoutFocus</include>
                                </control>
							</focusedlayout>

						</control>
                    </control>
             					<!-- studios -->
					<control type="group">
                        <visible>Integer.IsGreater(Container(550).NumItems,0)</visible>
                        <height>290</height>
                        <control type="label">
                            <posx>5</posx>
                            <posy>0</posy>
                            <width>1540</width>
                            <height>25</height>
                            <aligny>center</aligny>
                          <font>Bold32</font>
                            <textcolor>$INFO[Skin.String(ViewDetailsHighlightTextColor)]</textcolor>
                            <textcolor>$INFO[Skin.String(ViewDetailsTextColor)]</textcolor>
							<textcolor>$INFO[Skin.String(ViewDetailsTextColor)]</textcolor>
							<shadowcolor>$INFO[Skin.String(ViewDetailsTextShadowColor)]</shadowcolor>
                            <label>$LOCALIZE[20388]</label>
                        </control>
                       <control type="image">
                            <posx>1810</posx>
                            <posy>60</posy>
                            <width>35</width>
                            <height>150</height>
                            <texture>info/arrowright.png</texture>
                            <visible>Container(550).HasNext</visible>
                        </control>
                        <control type="panel" id="550">
                            <posx>0</posx>
                            <posy>40</posy>
                            <width>1800</width>
                            <height>210</height>
                            <onleft>9000</onleft>
                            <onright>550</onright>
                            <onup condition="!Skin.HasSetting(EnableTouchSupport)">350</onup>
                            <ondown condition="!Skin.HasSetting(EnableTouchSupport)">1450</ondown>
                            <pagecontrol>60</pagecontrol>
                            <scrolltime>300</scrolltime>
                            <focusposition>0</focusposition>
                            <orientation>horizontal</orientation>
                            <preloaditems>2</preloaditems>
                            <itemlayout height="200" width="360">
                                <control type="group">
                                    <posx>5</posx>
                                    <control type="image">
                                        <posy>0</posy>
                                        <width>340</width>
                                        <height>200</height>
                                        <texture border="5" colordiffuse="black">diffuse/panel.png</texture>
										
                                    </control>
                                    <control type="image">
                                        <posy>5</posy>
										<posx>5</posx>
                                        <width>330</width>
                                        <height>190</height>
                                        <texture border="5" colordiffuse="$VAR[ViewDetailsPanelColor]">diffuse/panel.png</texture>
                                    </control>
                                    <control type="image">
                                        <posy>28</posy>
                                        <posx>0</posx>
                                        <width>352</width>
                                        <height>100</height>
                                        <texture fallback="special://skin/extras/flags/studios/default-studio.png">$INFO[ListItem.Label,special://skin/extras/flags/studios/,.png]</texture>
                                        <aspectratio aligny="center" align="center">keep</aspectratio>
                                    </control>
                                   <control type="textbox">
										<bottom>2</bottom>
										<left>10</left>
										<width>322</width>
										<height>60</height>
										<textcolor>$INFO[Skin.String(ViewDetailsListItemTextColor)]</textcolor>
										<font>Reg20</font>
										<label>$INFO[ListItem.Label]</label>
									</control>
                                </control>
                            </itemlayout>
                            <focusedlayout height="200" width="360">
                                <control type="group">
                                    <posx>5</posx>
                                    <control type="image">
                                        <posy>0</posy>
                                        <width>340</width>
                                        <height>200</height>
                                        <texture border="5" colordiffuse="$INFO[Skin.String(ButtonFocusColor)]">diffuse/panel.png</texture>
                                    </control>
                                    <control type="image">
                                        <posy>5</posy>
										<posx>5</posx>
                                        <width>330</width>
                                        <height>190</height>
                                        <texture border="5" colordiffuse="$VAR[ViewDetailsPanelColor]">diffuse/panel.png</texture>
                                    </control>
                                    <control type="image">
                                        <posy>28</posy>
                                        <posx>0</posx>
                                        <width>352</width>
                                        <height>100</height>
                                        <texture fallback="special://skin/extras/flags/studios/default-studio.png">$INFO[ListItem.Label,special://skin/extras/flags/studios/,.png]</texture>
                                        <aspectratio aligny="center" align="center">keep</aspectratio>
                                    </control>
                                   <control type="textbox">
										<bottom>2</bottom>
										<left>10</left>
										<width>322</width>
										<height>60</height>
										<textcolor>$INFO[Skin.String(ViewDetailsListItemTextColor)]</textcolor>
										<font>Reg20</font>
										<label>$INFO[ListItem.Label]</label>
									</control>
                                </control>
                            </focusedlayout>
                 						</control>
                    </control>
             					<!-- networks -->
					<control type="group">
                        <visible>Integer.IsGreater(Container(1450).NumItems,0)</visible>
                        <height>290</height>
                        <control type="label">
                            <posx>5</posx>
                            <posy>0</posy>
                            <width>1540</width>
                            <height>25</height>
                            <aligny>center</aligny>
                          <font>Bold32</font>
                            <textcolor>$INFO[Skin.String(ViewDetailsHighlightTextColor)]</textcolor>
                            <textcolor>$INFO[Skin.String(ViewDetailsTextColor)]</textcolor>
							<textcolor>$INFO[Skin.String(ViewDetailsTextColor)]</textcolor>
							<shadowcolor>$INFO[Skin.String(ViewDetailsTextShadowColor)]</shadowcolor>
                            <label>$ADDON[script.extendedinfo 32152]</label>
                        </control>
                        <control type="image">
                            <posx>1810</posx>
                            <posy>60</posy>
                            <width>35</width>
                            <height>150</height>
                            <texture>info/arrowright.png</texture>
                            <visible>Container(1450).HasNext</visible>
                        </control>
                        <control type="panel" id="1450">
                            <posx>0</posx>
                            <posy>40</posy>
                            <width>1800</width>
                            <height>210</height>
                            <onleft>9000</onleft>
                            <onright>1450</onright>
                            <onup condition="!Skin.HasSetting(EnableTouchSupport)">550</onup>
                            <ondown condition="!Skin.HasSetting(EnableTouchSupport)">650</ondown>
                            <pagecontrol>60</pagecontrol>
                            <scrolltime>300</scrolltime>
                            <focusposition>0</focusposition>
                            <orientation>horizontal</orientation>
                            <preloaditems>2</preloaditems>
                             <itemlayout height="200" width="360">
                                <control type="group">
                                    <posx>5</posx>
                                    <control type="image">
                                        <posy>0</posy>
                                        <width>340</width>
                                        <height>200</height>
                                        <texture border="5" colordiffuse="black">diffuse/panel.png</texture>
										
                                    </control>
                                    <control type="image">
                                        <posy>5</posy>
										<posx>5</posx>
                                        <width>330</width>
                                        <height>190</height>
                                        <texture border="5" colordiffuse="$VAR[ViewDetailsPanelColor]">diffuse/panel.png</texture>
                                    </control>
                                    <control type="image">
                                        <posy>28</posy>
                                        <posx>0</posx>
                                        <width>352</width>
                                        <height>100</height>
                                        <texture fallback="special://skin/extras/flags/studios/default-studio.png">$INFO[ListItem.Label,special://skin/extras/flags/studios/,.png]</texture>
                                        <aspectratio aligny="center" align="center">keep</aspectratio>
                                    </control>
                                   <control type="textbox">
										<bottom>2</bottom>
										<left>10</left>
										<width>322</width>
										<height>60</height>
										<textcolor>$INFO[Skin.String(ViewDetailsListItemTextColor)]</textcolor>
										<font>Reg20</font>
										<label>$INFO[ListItem.Label]</label>
									</control>
                                </control>
                            </itemlayout>
                            <focusedlayout height="200" width="360">
                                <control type="group">
                                    <posx>5</posx>
                                    <control type="image">
                                        <posy>0</posy>
                                        <width>340</width>
                                        <height>200</height>
                                        <texture border="5" colordiffuse="$INFO[Skin.String(ButtonFocusColor)]">diffuse/panel.png</texture>
                                    </control>
                                    <control type="image">
                                        <posy>5</posy>
										<posx>5</posx>
                                        <width>330</width>
                                        <height>190</height>
                                        <texture border="5" colordiffuse="$VAR[ViewDetailsPanelColor]">diffuse/panel.png</texture>
                                    </control>
                                    <control type="image">
                                        <posy>28</posy>
                                        <posx>0</posx>
                                        <width>352</width>
                                        <height>100</height>
                                        <texture fallback="special://skin/extras/flags/studios/default-studio.png">$INFO[ListItem.Label,special://skin/extras/flags/studios/,.png]</texture>
                                        <aspectratio aligny="center" align="center">keep</aspectratio>
                                    </control>
                                   <control type="textbox">
										<bottom>2</bottom>
										<left>10</left>
										<width>322</width>
										<height>60</height>
										<textcolor>$INFO[Skin.String(ViewDetailsListItemTextColor)]</textcolor>
										<font>Reg20</font>
										<label>$INFO[ListItem.Label]</label>
									</control>
                                </control>
                            </focusedlayout>
                        </control>
                    </control>
             					<!-- releases -->
					<control type="group">
                        <visible>Integer.IsGreater(Container(650).NumItems,0)</visible>
                        <height>400</height>
						<control type="label">
                            <posx>5</posx>
                            <posy>0</posy>
                            <width>1540</width>
                            <height>25</height>
                            <aligny>center</aligny>
                          <font>Bold32</font>
                            <textcolor>$INFO[Skin.String(ViewDetailsHighlightTextColor)]</textcolor>
                            <textcolor>$INFO[Skin.String(ViewDetailsTextColor)]</textcolor>
							<textcolor>$INFO[Skin.String(ViewDetailsTextColor)]</textcolor>
							<shadowcolor>$INFO[Skin.String(ViewDetailsTextShadowColor)]</shadowcolor>
                            <label>$ADDON[script.extendedinfo 32168]</label>
                        </control>
                        <control type="image">
                            <posx>1810</posx>
                            <posy>60</posy>
                            <width>35</width>
                            <height>150</height>
                            <texture>info/arrowright.png</texture>
                            <visible>Container(650).HasNext</visible>
                        </control>
                        <control type="textbox">
                            <posx>5</posx>
                            <posy>250</posy>
                            <width>1795</width>
                            <height>120</height>
                            <font>Reg20</font>
                            <textcolor>$INFO[Skin.String(ViewDetailsTextColor)]</textcolor>
                            <label>$INFO[Container(650).ListItem.Property(meaning)]</label>
                        </control>
                        <control type="panel" id="650">
                            <posx>0</posx>
                            <posy>40</posy>
                            <width>1800</width>
                            <height>210</height>
                            <onleft>9000</onleft>
                            <onright>650</onright>
                            <onup condition="!Skin.HasSetting(EnableTouchSupport)">1450</onup>
                            <ondown condition="!Skin.HasSetting(EnableTouchSupport)">850</ondown>
                            <pagecontrol>60</pagecontrol>
                            <scrolltime>300</scrolltime>
                            <focusposition>0</focusposition>
                            <orientation>horizontal</orientation>
                            <preloaditems>2</preloaditems>
							<itemlayout height="200" width="360">
                                <control type="group">
                                    <posx>5</posx>
                                    <control type="image">
                                        <posy>0</posy>
                                        <width>340</width>
                                        <height>200</height>
                                        <texture border="5" colordiffuse="black">diffuse/panel.png</texture>
										
                                    </control>
                                    <control type="image">
                                        <posy>5</posy>
										<posx>5</posx>
                                        <width>330</width>
                                        <height>190</height>
                                        <texture border="5" colordiffuse="$VAR[ViewDetailsPanelColor]">diffuse/panel.png</texture>
                                    </control>
                                    <control type="image">
                                        <posy>28</posy>
                                        <posx>0</posx>
                                        <width>352</width>
                                        <height>100</height>
                                        <texture background="true">$INFO[ListItem.Property(iso_3166_1),$VAR[LanguageFlagIconPath],.png]</texture>
                                        <aspectratio aligny="center" align="center">keep</aspectratio>
                                    </control>
                                   <control type="textbox">
										<bottom>2</bottom>
										<left>10</left>
										<width>322</width>
										<height>60</height>
										<textcolor>$INFO[Skin.String(ViewDetailsListItemTextColor)]</textcolor>
										<font>Reg20</font>
										<label>$INFO[ListItem.Property(release_date)][CR]$INFO[ListItem.Property(certification)]</label>
									</control>
                                </control>
                            </itemlayout>
                            <focusedlayout height="200" width="360">
                                <control type="group">
                                    <posx>5</posx>
                                    <control type="image">
                                        <posy>0</posy>
                                        <width>340</width>
                                        <height>200</height>
                                        <texture border="5" colordiffuse="$INFO[Skin.String(ButtonFocusColor)]">diffuse/panel.png</texture>
                                    </control>
                                    <control type="image">
                                        <posy>5</posy>
										<posx>5</posx>
                                        <width>330</width>
                                        <height>190</height>
                                        <texture border="5" colordiffuse="$VAR[ViewDetailsPanelColor]">diffuse/panel.png</texture>
                                    </control>
                                    <control type="image">
                                        <posy>28</posy>
                                        <posx>0</posx>
                                        <width>352</width>
                                        <height>100</height>
                                        <texture background="true">$INFO[ListItem.Property(iso_3166_1),$VAR[LanguageFlagIconPath],.png]</texture>
                                        <aspectratio aligny="center" align="center">keep</aspectratio>
                                    </control>
                                   <control type="textbox">
										<bottom>2</bottom>
										<left>10</left>
										<width>322</width>
										<height>60</height>
										<textcolor>$INFO[Skin.String(ViewDetailsListItemTextColor)]</textcolor>
										<font>Reg20</font>
										<label>$INFO[ListItem.Property(release_date)][CR]$INFO[ListItem.Property(certification)]</label>
									</control>
                                </control>
                            </focusedlayout>
                        </control>
                    </control>
					
					<!-- Genres -->
                    <control type="group">
                        <visible>Integer.IsGreater(Container(850).NumItems,0)</visible>
                        <height>180</height>
                        <control type="label">
                           <posx>5</posx>
                            <posy>0</posy>
                            <width>1540</width>
                            <height>25</height>
                            <aligny>center</aligny>
                          <font>Bold32</font>
                            <textcolor>$INFO[Skin.String(ViewDetailsHighlightTextColor)]</textcolor>
                            <textcolor>$INFO[Skin.String(ViewDetailsTextColor)]</textcolor>
							<textcolor>$INFO[Skin.String(ViewDetailsTextColor)]</textcolor>
							<shadowcolor>$INFO[Skin.String(ViewDetailsTextShadowColor)]</shadowcolor>
                            <label>Genres</label>
                        </control>
                        <control type="panel" id="850">
                            <posx>0</posx>
                            <posy>40</posy>
                            <width>1800</width>
                            <height>100</height>
                            <onleft>9000</onleft>
                            <onright>850</onright>
                            <onup condition="!Skin.HasSetting(EnableTouchSupport)">650</onup>
                            <ondown condition="!Skin.HasSetting(EnableTouchSupport)">1050</ondown>
                            <pagecontrol>60</pagecontrol>
                            <scrolltime>300</scrolltime>
                            <focusposition>0</focusposition>
                            <orientation>horizontal</orientation>
                            <itemlayout height="100" width="360">
                                <control type="group">
                                    <posx>5</posx>
                                    <control type="image">
                                        <posy>0</posy>
                                        <width>340</width>
                                        <height>100</height>
                                        <texture border="5" colordiffuse="black">diffuse/panel.png</texture>
                                    </control>
                                    <control type="image">
                                        <posy>5</posy>
										<posx>5</posx>
                                        <width>330</width>
                                        <height>90</height>
                                        <texture border="5" colordiffuse="$VAR[ViewDetailsPanelColor]">diffuse/panel.png</texture>
                                    </control>
                                   <control type="label">
										<left>10</left>
										<width>322</width>
										<height>90</height>
										<align>center</align>
										<aligny>center</aligny>
										<textcolor>$INFO[Skin.String(ViewDetailsListItemTextColor)]</textcolor>
										<font>Reg28</font>
										<label>$INFO[ListItem.Label]</label>
									</control>
                                </control>
                            </itemlayout>
                            <focusedlayout height="100" width="360">
                                <control type="group">
                                    <posx>5</posx>
                                    <control type="image">
                                        <posy>0</posy>
                                        <width>340</width>
                                        <height>100</height>
                                        <texture border="5" colordiffuse="$INFO[Skin.String(ButtonFocusColor)]">diffuse/panel.png</texture>
                                    </control>
                                    <control type="image">
                                        <posy>5</posy>
										<posx>5</posx>
                                        <width>330</width>
                                        <height>90</height>
                                        <texture border="5" colordiffuse="$VAR[ViewDetailsPanelColor]">diffuse/panel.png</texture>
                                    </control>
                                   <control type="label">
										<left>10</left>
										<width>322</width>
										<height>90</height>
										<align>center</align>
										<aligny>center</aligny>
										<textcolor>$INFO[Skin.String(ViewDetailsListItemTextColor)]</textcolor>
										<font>Reg28</font>
										<label>$INFO[ListItem.Label]</label>
									</control>
                                </control>
                            </focusedlayout>
                        </control>
                    </control>
             					<!-- reviews -->
					<control type="group">
                        <visible>Integer.IsGreater(Container(1050).NumItems,0)</visible>
                        <height>365</height>
                        <control type="label">
                            <posx>5</posx>
                            <posy>130</posy>
                            <width>500</width>
                            <height>25</height>
                            <aligny>center</aligny>
                            <font>Bold32</font>
                            <textcolor>$INFO[Skin.String(ViewDetailsHighlightTextColor)]</textcolor>
                            <label>$ADDON[script.extendedinfo 32167]</label>
                        </control>
						<control type="image">
                            <posx>1810</posx>
                            <posy>130</posy>
                            <width>35</width>
                            <height>100</height>
                            <texture>info/arrowright.png</texture>
                            <visible>Container(1050).HasNext</visible>
                        </control>
                        <control type="panel" id="1050">
                            <posx>5</posx>
                            <posy>40</posy>
                            <width>1800</width>
                            <height>300</height>
                            <onleft>9000</onleft>
                            <onright>1050</onright>
                            <onup condition="!Skin.HasSetting(EnableTouchSupport)">850</onup>
                            <ondown condition="!Skin.HasSetting(EnableTouchSupport)">950</ondown>
                            <pagecontrol>60</pagecontrol>
                            <scrolltime>300</scrolltime>
                            <focusposition>0</focusposition>
                            <orientation>horizontal</orientation>
                            <preloaditems>2</preloaditems>
							<itemgap>50</itemgap>
							
							<itemlayout height="300" width="900">
                                <control type="group">
                                    <control type="image">
										<width>880</width>
                                        <texture border="5" colordiffuse="black">diffuse/panel.png</texture>
                                    </control>
                                    <control type="image">
										<width>880</width>
										<bordersize>5</bordersize>
                                        <texture border="5" colordiffuse="$VAR[ViewDetailsPanelColor]">diffuse/panel.png</texture>
                                    </control>
                                   <control type="textbox">
										<top>20</top>
										<left>20</left>
										<width>820</width>
										<height>260</height>
										<align>justify</align>
										
										<textcolor>$INFO[Skin.String(ViewDetailsListItemTextColor)]</textcolor>
										<font>Reg26</font>
										<label>$INFO[ListItem.Property(Author),[B],[/B][CR]]$INFO[ListItem.Property(Content)]</label>
									</control>
                                </control>
                            </itemlayout>
                            <focusedlayout height="300" width="900">
                                <control type="group">
                                    <control type="image">
										<width>880</width>
                                        <texture border="5" colordiffuse="$INFO[Skin.String(ButtonFocusColor)]">diffuse/panel.png</texture>
                                    </control>
                                    <control type="image">
										<width>880</width>
										<bordersize>5</bordersize>
                                        <texture border="5" colordiffuse="$VAR[ViewDetailsPanelColor]">diffuse/panel.png</texture>
                                    </control>
                                   <control type="textbox">
										<top>20</top>
										<left>20</left>
										<width>820</width>
										<height>260</height>
										<align>justify</align>
										
										<textcolor>$INFO[Skin.String(ViewDetailsListItemTextColor)]</textcolor>
										<font>Reg26</font>
										<label>$INFO[ListItem.Property(Author),[B],[/B][CR]]$INFO[ListItem.Property(Content)]</label>
									</control>
                                </control>
                            </focusedlayout>
						</control>
                    </control>
             					<!-- keywords -->
					<control type="group">
                        <visible>Integer.IsGreater(Container(950).NumItems,0)</visible>
                        <height>310</height>
                        <control type="label">
                            <posx>5</posx>
                            <posy>0</posy>
                            <width>1540</width>
                            <height>25</height>
                            <aligny>center</aligny>
                          <font>Bold32</font>
                            <textcolor>$INFO[Skin.String(ViewDetailsHighlightTextColor)]</textcolor>
                            <label>Keywords</label>
                        </control>
						<control type="image">
                            <posx>1810</posx>
                            <posy>60</posy>
                            <width>35</width>
                            <height>150</height>
                            <texture>info/arrowright.png</texture>
                            <visible>Container(950).HasNext</visible>
                        </control>
                        <control type="panel" id="950">
                            <posx>0</posx>
                            <posy>40</posy>
                            <width>1800</width>
                            <height>220</height>
                            <onleft>9000</onleft>
                            <onright>950</onright>
                            <onup condition="!Skin.HasSetting(EnableTouchSupport)">1050</onup>
                            <ondown condition="!Skin.HasSetting(EnableTouchSupport)">1250</ondown>
                            <pagecontrol>60</pagecontrol>
                            <scrolltime>300</scrolltime>
                            <focusposition>0</focusposition>
                            <orientation>horizontal</orientation>
                            <preloaditems>2</preloaditems>
                            <itemlayout height="110" width="360">
                                <control type="group">
                                    <posx>5</posx>
                                    <control type="image">
                                        <posy>0</posy>
                                        <width>340</width>
                                        <height>100</height>
                                        <texture border="5" colordiffuse="black">diffuse/panel.png</texture>
										
                                    </control>
                                    <control type="image">
                                        <posy>5</posy>
										<posx>5</posx>
                                        <width>330</width>
                                        <height>90</height>
                                        <texture border="5" colordiffuse="$VAR[ViewDetailsPanelColor]">diffuse/panel.png</texture>
                                    </control>
                                   <control type="label">
										<left>10</left>
										<width>322</width>
										<height>90</height>
										<align>center</align>
										<aligny>center</aligny>
										<textcolor>$INFO[Skin.String(ViewDetailsListItemTextColor)]</textcolor>
										<font>Reg28</font>
										<label>$INFO[ListItem.Label]</label>
									</control>
                                </control>
                            </itemlayout>
                            <focusedlayout height="110" width="360">
                                <control type="group">
                                    <posx>5</posx>
                                    <control type="image">
                                        <posy>0</posy>
                                        <width>340</width>
                                        <height>100</height>
                                        <texture border="5" colordiffuse="$INFO[Skin.String(ButtonFocusColor)]">diffuse/panel.png</texture>
                                    </control>
                                    <control type="image">
                                        <posy>5</posy>
										<posx>5</posx>
                                        <width>330</width>
                                        <height>90</height>
                                        <texture border="5" colordiffuse="$VAR[ViewDetailsPanelColor]">diffuse/panel.png</texture>
                                    </control>
                                   <control type="label">
										<left>10</left>
										<width>322</width>
										<height>90</height>
										<align>center</align>
										<aligny>center</aligny>
										<textcolor>$INFO[Skin.String(ViewDetailsListItemTextColor)]</textcolor>
										<font>Reg28</font>
										<label>$INFO[ListItem.Label]</label>
									</control>
                                </control>
                            </focusedlayout>
                        </control>
                    </control>
             					<!-- artwork (posters) -->
					<control type="group">
                        <height>350</height>
                        <visible>Integer.IsGreater(Container(1250).NumItems,0)</visible>
                        <control type="label">
                            <posx>5</posx>
                            <width>500</width>
                            <height>25</height>
                            <aligny>center</aligny>
                          <font>Bold32</font>
                            <textcolor>$INFO[Skin.String(ViewDetailsHighlightTextColor)]</textcolor>
                            <textcolor>$INFO[Skin.String(ViewDetailsTextColor)]</textcolor>
							<textcolor>$INFO[Skin.String(ViewDetailsTextColor)]</textcolor>
							<shadowcolor>$INFO[Skin.String(ViewDetailsTextShadowColor)]</shadowcolor>
                            <label>$ADDON[script.extendedinfo 32119]</label>
                        </control>
						<control type="image">
                            <posx>1810</posx>
                            <posy>95</posy>
                            <width>35</width>
                            <height>150</height>
                            <texture>info/arrowright.png</texture>
                            <visible>Container(1250).HasNext</visible>
                        </control>
                        <control type="panel" id="1250">
                            <posx>0</posx>
                            <posy>40</posy>
                            <width>1800</width>
                            <height>280</height>
                            <onleft>9000</onleft>
                            <onright>1250</onright>
                            <onup condition="!Skin.HasSetting(EnableTouchSupport)">950</onup>
                            <ondown condition="!Skin.HasSetting(EnableTouchSupport)">1350</ondown>
                            <scrolltime>200</scrolltime>
                            <orientation>horizontal</orientation>
                            <itemlayout height="270" width="201">
                                <control type="group">
									<width>176</width>
									<height>252</height>
									<posy>10</posy>
									<posx>10</posx>
									
                                    <control type="image">
										<width>176</width>
										<height>252</height>
										<include>PosterThumbBG</include>
									  </control>
									  <control type="image">
										<width>176</width>
										<height>252</height>
										<texture border="0" background="true" diffuse="diffuse/poster.png" fallback="DefaultActorPoster.png">$INFO[ListItem.Thumb]</texture>
										<aspectratio scalediffuse="false" aligny="center" align="center">stretch</aspectratio><bordersize>8</bordersize>
									  </control>
                                </control>
                            </itemlayout>
                            <focusedlayout height="260" width="201">
                               <control type="group">
									<width>176</width>
									<height>252</height>
									<posy>10</posy>
									<posx>10</posx>
                                    <control type="image">
										<width>176</width>
										<height>252</height>
										<include>PosterThumbFO</include>
									  </control>
									  <control type="image">
										<width>176</width>
										<height>252</height>
										<texture border="0" background="true" diffuse="diffuse/poster.png" fallback="DefaultActorPoster.png">$INFO[ListItem.Thumb]</texture>
										<aspectratio scalediffuse="false" aligny="center" align="center">stretch</aspectratio><bordersize>8</bordersize>
									  </control>
                                </control>
                            </focusedlayout>
						</control>
                    </control>
             					<!-- fanart -->
					<control type="group">
                        <height>270</height>
                        <visible>Integer.IsGreater(Container(1350).NumItems,0)</visible>
                        <control type="label">
                            <posx>5</posx>
                            <width>500</width>
                            <height>25</height>
                            <aligny>center</aligny>
                          <font>Bold32</font>
                            <textcolor>$INFO[Skin.String(ViewDetailsHighlightTextColor)]</textcolor>
                            <textcolor>$INFO[Skin.String(ViewDetailsTextColor)]</textcolor>
							<textcolor>$INFO[Skin.String(ViewDetailsTextColor)]</textcolor>
							<shadowcolor>$INFO[Skin.String(ViewDetailsTextShadowColor)]</shadowcolor>
                            <label>$LOCALIZE[20445]</label>
                        </control>
						<control type="image">
                            <posx>1810</posx>
                            <posy>60</posy>
                            <width>35</width>
                            <height>150</height>
                            <texture>info/arrowright.png</texture>
                            <visible>Container(1350).HasNext</visible>
                        </control>
                        <control type="panel" id="1350">
                            <posx>0</posx>
                            <posy>40</posy>
                            <width>1800</width>
                            <height>280</height>
                            <onleft>9000</onleft>
                            <onright>1350</onright>
                            <onup condition="!Skin.HasSetting(EnableTouchSupport)">1250</onup>
                            <ondown condition="!Skin.HasSetting(EnableTouchSupport)">450</ondown>
                            <scrolltime>200</scrolltime>
                            <orientation>horizontal</orientation>
                            <itemlayout width="362" height="200">
								<control type="group">
									<width>340</width>
									<height>200</height>
									<control type="image">
										<texture>home/home_matte2.png</texture>
										<colordiffuse>black</colordiffuse>
									  </control>
									<control type="image">
										<!--Panel Normal-->
										<bordersize>5</bordersize>
										<texture background="true" diffuse="home/home_matte2.png" fallback="resource://resource.images.skinicons.wide/video.png">$INFO[ListItem.Thumb]</texture>
										<aspectratio scalediffuse="true" align="center" aligny="center">scale</aspectratio>
									</control>
								</control>
							</itemlayout>
							<focusedlayout width="362" height="200">
								<control type="group">
									<width>340</width>
									<height>200</height>
									<control type="image">
										<texture>home/home_matte2.png</texture>
										<colordiffuse>$VAR[ViewDetailsFocusColor]</colordiffuse>
									  </control>
									<control type="image">
										<!--Panel Normal-->
										<bordersize>5</bordersize>
										<texture background="true" diffuse="home/home_matte2.png" fallback="resource://resource.images.skinicons.wide/video.png">$INFO[ListItem.Thumb]</texture>
										<aspectratio scalediffuse="true" align="center" aligny="center">scale</aspectratio>
									</control>
								</control>
							</focusedlayout>

						</control>
                    </control>
             					<!-- related tmdb lists -->
					<control type="group" id="50215">
                        <height>350</height>
                        <visible>Integer.IsGreater(Container(450).NumItems,0)</visible>
                        <control type="label">
                            <posx>5</posx>
                            <posy>0</posy>
                            <width>500</width>
                            <height>25</height>
                            <aligny>center</aligny>
                          <font>Bold32</font>
                            <textcolor>$INFO[Skin.String(ViewDetailsHighlightTextColor)]</textcolor>
                            <textcolor>$INFO[Skin.String(ViewDetailsTextColor)]</textcolor>
							<textcolor>$INFO[Skin.String(ViewDetailsTextColor)]</textcolor>
							<shadowcolor>$INFO[Skin.String(ViewDetailsTextShadowColor)]</shadowcolor>
                            <label>Related TMDB Lists$INFO[Container(450).NumItems, (,)]</label>
                        </control>
                        <control type="image">
                            <posx>1810</posx>
                            <posy>95</posy>
                            <width>35</width>
                            <height>150</height>
                            <texture>info/arrowright.png</texture>
                            <visible>Container(450).HasNext</visible>
                        </control>
                        <control type="panel" id="450">
                            <posx>0</posx>
                            <posy>40</posy>
                            <width>1800</width>
                            <height>280</height>
                            <onleft>9000</onleft>
                            <onright>450</onright>
                            <onup condition="!Skin.HasSetting(EnableTouchSupport)">1350</onup>
                            <ondown condition="!Skin.HasSetting(EnableTouchSupport)">2000</ondown>
                            <scrolltime>200</scrolltime>
                            <orientation>horizontal</orientation>
							
							<itemlayout height="270" width="201">
                                <control type="group">
									<width>176</width>
									<height>252</height>
									
									<posy>10</posy>
									<posx>10</posx>
                                    <control type="image">
										<width>176</width>
										<height>252</height>
										<include>PosterThumbBG</include>
									  </control>
									  <control type="image">
										<width>176</width>
										<height>252</height>
										<texture border="0" background="true" diffuse="diffuse/poster.png" fallback="DefaultActorPoster.png">$INFO[ListItem.Thumb]</texture>
										<aspectratio scalediffuse="false" aligny="center" align="center">stretch</aspectratio><bordersize>8</bordersize>
									  </control>
									<control type="image">
										<bottom>8</bottom>
										<left>8</left>
										<width>160</width>
										<height>65</height>
										<include>PosterThumbBG</include>
										
									</control>
									<control type="textbox">
										<bottom>0</bottom>
										<left>10</left>
										<width>156</width>
										<height>75</height>
										<textcolor>$INFO[Skin.String(ViewDetailsListItemTextColor)]</textcolor>
										<font>Reg20</font>
										<label>$INFO[ListItem.Label]$INFO[ListItem.Property(Description),[CR] ]</label>
									</control>
                                </control>
                            </itemlayout>
                            <focusedlayout height="260" width="201">
                               <control type="group">
									<width>176</width>
									<height>252</height>
									<posy>10</posy>
									<posx>10</posx>
                                    <control type="image">
										<width>176</width>
										<height>252</height>
										<include>PosterThumbFO</include>
									  </control>
									  <control type="image">
										<width>176</width>
										<height>252</height>
										<texture border="0" background="true" diffuse="diffuse/poster.png" fallback="DefaultActorPoster.png">$INFO[ListItem.Thumb]</texture>
										<aspectratio scalediffuse="false" aligny="center" align="center">stretch</aspectratio><bordersize>8</bordersize>
									  </control>
									<control type="image">
										<bottom>8</bottom>
										<left>8</left>
										<width>160</width>
										<height>65</height>
										<include>PosterThumbBG</include>
										
									</control>
									<control type="textbox">
										<bottom>0</bottom>
										<left>10</left>
										<width>156</width>
										<height>75</height>
										<textcolor>$INFO[Skin.String(ViewDetailsListItemTextColor)]</textcolor>
										<font>Reg20</font>
										<label>$INFO[ListItem.Label]$INFO[ListItem.Property(Description),[CR] ]</label>
									</control>
                                </control>
                            </focusedlayout>
						</control>
                    </control>
             					<!-- episode index -->
					<control type="group">
                        <visible>Integer.IsGreater(Container(2000).NumItems,0)</visible>
                        <height>270</height>
                        <control type="label">
                            <posx>5</posx>
                            <posy>0</posy>
                            <width>500</width>
                            <height>25</height>
                            <aligny>center</aligny>
                          <font>Bold32</font>
                            <textcolor>$INFO[Skin.String(ViewDetailsHighlightTextColor)]</textcolor>
                            <textcolor>$INFO[Skin.String(ViewDetailsTextColor)]</textcolor>
							<textcolor>$INFO[Skin.String(ViewDetailsTextColor)]</textcolor>
							<shadowcolor>$INFO[Skin.String(ViewDetailsTextShadowColor)]</shadowcolor>
                            <label>Episode Index</label>
                        </control>
						 <control type="image">
                            <posx>1810</posx>
                            <posy>60</posy>
                            <width>35</width>
                            <height>150</height>
                            <texture>info/arrowright.png</texture>
                            <visible>Container(2000).HasNext</visible>
                        </control>
                        <control type="panel" id="2000">
                            <posx>0</posx>
                            <posy>40</posy>
                            <width>1800</width>
                            <height>210</height>
                            <onleft>9000</onleft>
                            <onright>2000</onright>
                            <onup condition="!Skin.HasSetting(EnableTouchSupport)">450</onup>
                            <ondown condition="!Skin.HasSetting(EnableTouchSupport)">9000</ondown>
                            <pagecontrol>60</pagecontrol>
                            <scrolltime>300</scrolltime>
                            <focusposition>0</focusposition>
                            <orientation>horizontal</orientation>
                            <preloaditems>2</preloaditems>
							<itemlayout width="362" height="200">
								<control type="group">
									<posx>5</posx>
									
									<control type="image">
										<width>340</width>
										<height>200</height>
										<include>PosterThumbBG</include>
									  </control>
									<control type="image">
										<!--Panel Normal-->
										<posx>4</posx>
										<posy>8</posy>
										<width>332</width>
										<height>190</height>
										<texture background="true" diffuse="home/home_matte2.png" fallback="resource://resource.images.skinicons.wide/video.png">$INFO[ListItem.Thumb]</texture>
										<aspectratio scalediffuse="true" align="center" aligny="center">scale</aspectratio>
									</control>
									<control type="image">
										<bottom>8</bottom>
										<left>10</left>
										<width>320</width>
										<height>53</height>
										<include>PosterThumbBG</include>
										
									</control>
									<control type="textbox">
										<bottom>2</bottom>
										<left>15</left>
										<width>305</width>
										<height>60</height>
										<textcolor>$INFO[Skin.String(ViewDetailsListItemTextColor)]</textcolor>
										<font>Reg20</font>
										<label>$INFO[ListItem.Episode,[B],[/B]]$INFO[ListItem.Label,[B]:[/B] ]</label>
									</control>
								</control>
							</itemlayout>
							<focusedlayout width="362" height="200">
								<control type="group">
									<posx>5</posx>
									<control type="image">
										<width>340</width>
										<height>200</height>
										<include>PosterThumbFO</include>
									  </control>
									<control type="image">
										<!--Panel Normal-->
										<posx>4</posx>
										<posy>8</posy>
										<width>332</width>
										<height>190</height>
										<texture background="true" diffuse="home/home_matte2.png" fallback="resource://resource.images.skinicons.wide/video.png">$INFO[ListItem.Thumb]</texture>
										<aspectratio scalediffuse="true" align="center" aligny="center">scale</aspectratio>
									</control>
									<control type="image">
										<bottom>8</bottom>
										<left>10</left>
										<width>320</width>
										<height>53</height>
										<include>PosterThumbBG</include>
										
									</control>
									<control type="textbox">
										<bottom>2</bottom>
										<left>15</left>
										<width>305</width>
										<height>60</height>
										<textcolor>$INFO[Skin.String(ViewDetailsListItemTextColor)]</textcolor>
										<font>Reg20</font>
										<label>$INFO[ListItem.Episode,[B],[/B]]$INFO[ListItem.Label,[B]:[/B] ]</label>
									</control>
								</control>
							</focusedlayout>
						</control>
                    </control>
					
					<!-- buttons (hidden)
					<control type="grouplist" id="5000">
						<posx>60</posx>
						<posy>140</posy>
						<width>1090</width>
						<height>400</height>
						<onleft>9000</onleft>
						<onright>5000</onright>
						<onup condition="!Skin.HasSetting(EnableTouchSupport)">2000</onup>
						<ondown condition="!Skin.HasSetting(EnableTouchSupport)">1000</ondown>
						<itemgap>-10</itemgap>
						<visible>false</visible>
						<orientation>horizontal</orientation>
						<scrolltime tween="quadratic">200</scrolltime>
						<control type="group" id="20000">
							<posx>0</posx>
							<posy>0</posy>
							<visible>false</visible>
							<width>280</width>
							<height>400</height>
							<control type="radiobutton" id="6001">
								<visible>false</visible>
							</control>
							<control type="label">
								<visible>false</visible>
							</control>
						</control>
						
					</control> -->
         				
				</control>
         				<!--vertical Scollbar-->
				<control type="scrollbar" id="999">
					<right>5</right>
					<posy>175</posy>
					<height>770</height>
					<onup condition="!Skin.HasSetting(EnableTouchSupport)">60</onup>
					<ondown condition="!Skin.HasSetting(EnableTouchSupport)">60</ondown>
					<onleft>4000</onleft>
					<animation effect="fade" start="0" end="100" time="400" condition="Control.HasFocus(60) | Skin.HasSetting(EnableTouchSupport) | Container.Scrolling | Skin.HasSetting(alwaysShowScrollbars)">Conditional</animation>
					<animation effect="fade" start="100" end="0" time="400" condition="![Control.HasFocus(60) | Skin.HasSetting(EnableTouchSupport) | Container.Scrolling | Skin.HasSetting(alwaysShowScrollbars)]">Conditional</animation>
				</control>
				
				<!--Movie info-->
                <control type="group" id="33000">
                    <posx>825</posx>
                    <posy>22</posy>
                    <visible>false</visible>
                    <animation effect="fade" time="250">VisibleChange</animation>
                </control>
				
				
				
				
			</control>
        </control>
    </controls>
</window>
