<?xml version="1.0" encoding="UTF-8"?>
<window id="1159" type="dialog">

	<allowoverlay>true</allowoverlay>
	<!-- contextmenu -->
	<defaultcontrol always="true">901</defaultcontrol>
	<coordinates>
		<origin x="0" y="0"/>
	</coordinates>

	<controls>

		<!-- Background -->
		<include>DialogFadeBackgroundImage</include>

		<!-- Dialog group -->
		<control type="group">
			<include>DialogZoomAnimation</include>
			<centertop>50%</centertop>
			<centerleft>50%</centerleft>
			<width>500</width>
			<height>225</height>
			<animation effect="slide" end="0,37.5" time="0" condition="!Control.IsVisible(1001)">Conditional</animation>
			
			<!-- Background -->
			<control type="image" id="999">
				<left>-20</left>
				<top>-10</top>
				<width>540</width>
				<height>170</height>
				<texture border="5" colordiffuse="Dialog-S-BGColor2">common/Base.png</texture>
				<aspectratio>stretch</aspectratio>
				<bordertexture border="3" colordiffuse="Dialog-S-BorderColor">dialogs/DialogBorder_1px.png</bordertexture>
				<bordersize>1</bordersize>
			</control>

			<!-- Default grouplist -->
			<control type="grouplist" id="900">
				<centerleft>50%</centerleft>
				<width>440</width>
				<height max="225">auto</height>
				<onup>noop</onup>
				<ondown>noop</ondown>
				<orientation>vertical</orientation>
				<itemgap>0</itemgap>
				<control type="button" id ="901">
					<description>Schauspielerinformationen</description>
					<label>$LOCALIZE[31246]</label>
					<width>440</width>
					<align>center</align>
					<textcolor>Dialog-S-TextColor2</textcolor>
					<focusedcolor>Dialog-S-TextColor1</focusedcolor>
					<onclick>Dialog.Close(1159)</onclick>
					<onclick>RunScript(script.extendedinfo,info=extendedactorinfo,name=$INFO[Skin.String(ActorLabel)])</onclick>
					<visible>System.HasAddon(script.extendedinfo)</visible>
				</control>
				<control type="button" id ="902">
					<description>SchauspielerFilme</description>
					<label>$LOCALIZE[31247]</label>
					<width>440</width>
					<align>center</align>
					<textcolor>Dialog-S-TextColor2</textcolor>
					<focusedcolor>Dialog-S-TextColor1</focusedcolor>
					<onclick>Dialog.Close(1159,true)</onclick>
					<onclick>SetFocus(50)</onclick>
					<onclick>Action(Select)</onclick>
					<visible></visible>
				</control>

			</control>


		</control>

	</controls>

</window>