<?xml version="1.0" encoding="UTF-8"?>
<window id="1161" type="dialog">
	<!-- yesnodialog -->
	<defaultcontrol always="true">9000</defaultcontrol>

	<controls>

		<!-- Background -->
		<include>DialogFadeBackgroundImage</include>

		<!-- Main group -->
		<control type="group">
			<include>DialogZoomAnimation</include>
			<centerleft>50%</centerleft>
			<centertop>50%</centertop>
			<width>1420</width>
			<height>560</height>

			<!-- Background -->
			<!-- old:
			<control type="image">
				<centerleft>50%</centerleft>
				<width>720</width>
				<height>360</height>
				<!--texture border="20">dialogs/DialogBackground.png</texture->
				<texture border="10" colordiffuse="Dialog-S-BGColor1">common/Base.png</texture>
				<aspectratio>stretch</aspectratio>
				<bordertexture border="7" colordiffuse="Dialog-S-BorderColor">common/Base.png</bordertexture>
				<bordersize>1</bordersize>	
			</control>
			-->
			
			<control type="image">
				<centerleft>50%</centerleft>
				<width>1380</width>
				<height>520</height>
				<texture border="10" colordiffuse="Dialog-S-BGColor1">common/Base.png</texture>
				<aspectratio>stretch</aspectratio>
				<bordertexture border="7" colordiffuse="Dialog-S-BorderColor">common/Base.png</bordertexture>
				<bordersize>1</bordersize>
			</control>
			
			<!-- Panel (Background image) -->
			<!--include>Dialog-Mid-BackgroundImage</include-->

			<!-- Heading -->
			<control type="label">
				<centerleft>50%</centerleft>
				<top>20</top>  <!-- 40 -->
				<width>1350</width>
				<height>48</height>
				<align>center</align>
				<font>Font48</font>
				<label>31254</label>
				<textcolor>Dialog-S-TextColor1</textcolor>
			</control>

			<!-- Details -->
			<control type="textbox" id="9">
				<centerleft>50%</centerleft>
				<top>75</top>  <!-- 96 -->
				<width>1350</width>
				<height>358</height>  <!-- 132 -->
				<align>center</align>
				<font>Font33</font>
				<autoscroll>False</autoscroll>
				<label>31253</label>
				<textcolor>Dialog-S-TextColor2</textcolor>
			</control>

			
			<control type="grouplist" id="9000">
				<centerleft>50%</centerleft>
				<top>442</top>
				<width>1340</width>
				<height>65</height>
				<align>center</align>
				<onleft>noop</onleft>
				<onright>noop</onright>
				<onup>500</onup>
				<ondown>noop</ondown>
				<itemgap>6</itemgap>
				<orientation>horizontal</orientation>
				
				<!-- No -->
				<control type="button" id="100">
					<width>634</width>
					<label>31255</label>
					<include condition="!Skin.HasSetting(DialogButtonStyleJustText)">DialogButtonStyle</include>
					<onclick>RunScript(script.skinshortcuts,type=resetall)</onclick>
					<onclick>Skin.Setbool(FirstTimeRunHint)</onclick>
					<onclick>Dialog.Close(1161)</onclick>
				</control>
				<!-- No -->
				<control type="button" id="101">
					<width>634</width>
					<label>31256</label>
					<include condition="!Skin.HasSetting(DialogButtonStyleJustText)">DialogButtonStyle</include>
					<onclick>Skin.Setbool(FirstTimeRunHint)</onclick>
					<onclick>Dialog.Close(1161)</onclick>
				</control>
				
			</control>
			
			<!-- No -->
			<!--
			<control type="button" id="10">
				<left>40</left>
				<top>262</top>
				<width>270</width>
				<height>36</height>
				<align>right</align>
				<onleft>noop</onleft>
				<onright>11</onright>
				<label>106</label>
				<font>Font36</font>
			</control>
			-->

			<!-- Yes -->
			<!--
			<control type="button" id="11">
				<right>40</right>
				<top>262</top>
				<width>270</width>
				<height>36</height>
				<onleft>10</onleft>
				<onright>noop</onright>
				<label>107</label>
				<font>Font36</font>
			</control>
			-->

		</control>

	</controls>

</window>