<?xml version="1.0" encoding="UTF-8"?>
<window id="1111" type="window">

    <defaultcontrol always="true">7100</defaultcontrol>
	<allowoverlay>true</allowoverlay>
	
    <controls>
	
		<!-- Background -->
		<include>WindowBackgroundImage</include>
		
		<!-- Fanart -->
		<include>AddonHubFanart</include>

		
		<!--
		<!-- Fanart if BG is Picture ->
		<control type="image">
			<include>FullscreenDimensions</include>
			<include>VisibleFadeAnimation</include>
			<fadetime>400</fadetime>
			<colordiffuse>FFFFFFFF</colordiffuse>
			<texture background="true">$VAR[AddonHubBGFanart]</texture>
			<aspectratio>scale</aspectratio>
			<animation effect="fade" start="100" end="0" condition="[Player.HasVideo + !StringCompare(Player.FolderPath,Skin.String(CustomBackgroundVideo)) + Skin.HasSetting(BackgroundVideo)] | [Player.HasAudio + Skin.HasSetting(BackgroundVisualisation) + !SubString(Window(Videos).Property(TvTunesIsAlive),True)]">Conditional</animation>
			<visible>!Substring(Skin.String(CustomBackgroundImage),special://skin/extras/backgrounds/Colors) + Skin.HasSetting(AddonFanart)</visible>
		</control>
		<!-- Fanart if BG is Color ->
		<control type="image">
			<include>FullscreenDimensions</include>
			<include>VisibleFadeAnimation</include>
			<fadetime>400</fadetime>
			<colordiffuse>FanartDiffuse</colordiffuse>
			<texture background="true">$VAR[AddonHubBGFanart]</texture>
			<aspectratio>scale</aspectratio>
			<animation effect="fade" start="100" end="0" condition="[Player.HasVideo + !StringCompare(Player.FolderPath,Skin.String(CustomBackgroundVideo)) + Skin.HasSetting(BackgroundVideo)] | [Player.HasAudio + Skin.HasSetting(BackgroundVisualisation) + !SubString(Window(Videos).Property(TvTunesIsAlive),True)]">Conditional</animation>
			<visible>Substring(Skin.String(CustomBackgroundImage),special://skin/extras/backgrounds/Colors) + Skin.HasSetting(AddonFanart)</visible>
		</control>
		<!-- Overlay if BG is Picture ->
		<control type="image">
			<include>FullscreenDimensions</include>
			<texture colordiffuse="CommonFanartOverlay">common/Base.png</texture>
			<animation effect="fade" start="100" end="0" condition="[Player.HasVideo + !StringCompare(Player.FolderPath,Skin.String(CustomBackgroundVideo)) + Skin.HasSetting(BackgroundVideo)] | [Player.HasAudio + Skin.HasSetting(BackgroundVisualisation) + !SubString(Window(Videos).Property(TvTunesIsAlive),True)]">Conditional</animation>
			<visible>[[!Skin.HasSetting(ShowAddonHubView1) + !Skin.HasSetting(ShowAddonHubView2) + !Skin.HasSetting(ShowAddonHubView3) + !String.IsEmpty(Container(80).ListItem.Art(fanart))] | [Skin.HasSetting(ShowAddonHubView1) + !String.IsEmpty(Container(80).ListItem.Art(fanart))] | [Skin.HasSetting(ShowAddonHubView2) + !String.IsEmpty(Container(81).ListItem.Art(fanart))] | [Skin.HasSetting(ShowAddonHubView3) + !String.IsEmpty(Container(82).ListItem.Art(fanart))]] + !Substring(Skin.String(CustomBackgroundImage),special://skin/extras/backgrounds/Colors) + Skin.HasSetting(AddonFanart)</visible>
		</control>
		-->
		
		
		<control type="group">
			<left>0</left>
			<top>0</top>
			
			<include>WindowFadeAnimation</include>
			
			<control type="group">
			
				<!-- Header old: -
				<control type="label">
					<left>90</left>
					<top>60</top>
					<width>auto</width>
					<height>70</height>
					<font>font60</font>
					<textcolor>TextColor1</textcolor>
					<align>left</align>
					<aligny>center</aligny>
					<label>My Addons</label>
					<visible></visible>
				</control>
				-->
			
				<!-- Nav. Bar (Top) -->
				<control type="image">
					<left>75</left>  <!-- 275 -->
					<top>135</top>
					<width>1770</width>  <!-- 1370 -->
					<height>50</height>
					<texture border="24" colordiffuse="FF121212">common/Base.png</texture>   <!-- custom/AddonHubTopBar.png -->
					<aspectratio>stretch</aspectratio>    
					<visible></visible>
				</control>
				
				<!-- Addon kathegory List -->
				<control type="list" id="7100">
					<left>75</left>  <!-- 315 -->
					<top>135</top>
					<width>1770</width>  <!-- 1282 -->
					<height>50</height>
					<orientation>horizontal</orientation>
					<onleft>7100</onleft>
					<onright>7100</onright>
					<onup>3000</onup>
					<ondown>8700</ondown>
					<onback>50</onback>
					<onfocus>SetProperty(SettingsManageAddons,true,Settings)</onfocus>
					<pagecontrol>-</pagecontrol>
					<scrolltime>300</scrolltime>
					<itemgap>0</itemgap>
					<itemlayout height="50" width="354">  <!-- height="50" width="320 -->
						
						<control type="label">
							<left>7</left>
							<top>0</top>
							<width>340</width>
							<height>50</height>
							<font>Font36</font>
							<textcolor>TextColor3</textcolor>
							<align>center</align>
							<aligny>center</aligny>
							<label>$INFO[ListItem.Label]</label>
						</control>
						
					</itemlayout>
					
					<focusedlayout height="50" width="354">  <!-- height="50" width="320 -->
					
						<control type="image">
							<left>0</left>
							<top>0</top>
							<width>354</width>
							<height>82</height>
							<texture border="8" colordiffuse="$VAR[CommonDialogButtonFO]">common/Base.png</texture>
							<animation effect="fade" start="100" end="30" time="100" condition="!Control.HasFocus(7100)">Conditional</animation>
						</control>
						
						<control type="label">
							<left>7</left>
							<top>0</top>
							<width>340</width>
							<height>50</height>
							<font>Font36</font>
							<textcolor>TextColor1</textcolor>
							<align>center</align>
							<aligny>center</aligny>
							<label>$INFO[ListItem.Label]</label>
						</control>
						
					</focusedlayout>
					
					<content>
					
						<item id="1">
							<label>$LOCALIZE[1037]</label>
							<icon>-</icon>
							<onclick>ActivateWindow(Videos,Addons,return)</onclick>
							<onfocus>ClearProperty(SettingsManageAddons,Settings)</onfocus>
						</item>
						<item id="2">
							<label>$LOCALIZE[1038]</label>
							<icon>-</icon>
							<onclick>ActivateWindow(Music,Addons,return)</onclick>
							<onfocus>ClearProperty(SettingsManageAddons,Settings)</onfocus>
						</item>
						<item id="3">
							<label>$LOCALIZE[1039]</label>
							<icon>-</icon>
							<onclick>ActivateWindow(Pictures,Addons,return)</onclick>
							<onfocus>ClearProperty(SettingsManageAddons,Settings)</onfocus>
						</item>
						<item id="4">
							<label>$LOCALIZE[1043]</label>
							<icon>-</icon>
							<onclick condition="!System.Platform.Android">ActivateWindow(Programs,Addons,return)</onclick>
							<onclick condition="System.Platform.Android">ActivateWindow(Programs)</onclick>
							<onfocus>ClearProperty(SettingsManageAddons,Settings)</onfocus>
						</item>
						<item id="5">
							<label>$LOCALIZE[20244]</label>
							<icon>-</icon>
							<onclick>ActivateWindow(Programs,androidapp://sources/apps/)</onclick>
							<onfocus>ClearProperty(SettingsManageAddons,Settings)</onfocus>
							<visible>System.Platform.Android</visible>
						</item>
						<item id="6">
							<label>$LOCALIZE[31191]</label>
							<icon>-</icon>
							<onclick condition="Skin.HasSetting(AddonHubManageAddonsViaSettings)">SetProperty(SettingsManageAddons,true,Settings)</onclick>
							<onclick condition="!Skin.HasSetting(AddonHubManageAddonsViaSettings)">ClearProperty(SettingsManageAddons,Settings)</onclick>
							<onfocus condition="Skin.HasSetting(AddonHubManageAddonsViaSettings)">SetProperty(SettingsManageAddons,true,Settings)</onfocus>
							<onfocus condition="!Skin.HasSetting(AddonHubManageAddonsViaSettings)">ClearProperty(SettingsManageAddons,Settings)</onfocus>
							<onclick>ActivateWindow(AddonBrowser)</onclick>
							<ondown>ActivateWindow(addonbrowser)</ondown>
						</item>
						
					</content>
					
				</control>
				
			</control>
			
			<!-- Views -->
			<control type="group" id="8700">
				
				<!-- Cards View -->
				<control type="group">
					<visible>Skin.HasSetting(ShowAddonHubView1) | [!Skin.HasSetting(ShowAddonHubView1) + !Skin.HasSetting(ShowAddonHubView2) + !Skin.HasSetting(ShowAddonHubView3) + !Skin.HasSetting(ShowAddonHubView4)]</visible>
					<include>CardsView</include>
				</control>
				
				<!-- Infowrap View -->
				<control type="group">
					<visible>Skin.HasSetting(ShowAddonHubView2)</visible>
					<include>InfowrapView</include>
				</control>
				
				<!-- Spez. Thumb View -->
				<control type="group">
					<visible>Skin.HasSetting(ShowAddonHubView3)</visible>
					<include>SpezThumbView</include>
				</control>
				
				<!-- Big Thumb View -->
				
				<control type="group">
					<visible>Skin.HasSetting(ShowAddonHubView4)</visible>
					<include>BigThumbView</include>
				</control>
				
				
			</control>
	
		</control>
		
		
		
		<!-- Window Header -->
		<include>WindowHeaderCommon</include>
		
		<!-- Time -->
		<include>Time</include>
		
		<!-- "Now Playing" Info -->
		<include>NowPlayingInfo</include>
		
		<!-- Main Window Mouse Buttons -->
		<include>MainWindowMouseButtons</include>
		
	
		<!-- Options -->
		<include condition="!Skin.Hassetting(SidebladeStyleSimple)">SidebladeCustomAddonHub</include>

		<include condition="Skin.Hassetting(SidebladeStyleSimple)">SidebladeCustomAddonHubV2</include>	
	
	
	</controls>
</window>