<?xml version="1.0" encoding="UTF-8"?>
<window id="1162" type="dialog">
	<!-- First start help dialog -->
	<defaultcontrol always="true">9000</defaultcontrol>

	<controls>

		<!-- Background -->
		<include>DialogFadeBackgroundImage</include>

		<!-- Main group -->
		<control type="group">
			<include>OptionsAnimation</include>
			<!--include>DialogZoomAnimation</include-->
			
			<!-- Background -->
			<include>OptionsBackgroundImage</include>

			<!-- Text group -->
			<control type="group">
				<left>75</left>
				<top>45</top>
				
				<!-- Heading -->
				<control type="label" id="3010">
					<width>600</width>
					<height>72</height>
					<label>$LOCALIZE[31258]</label>
					<font>Font60</font>
					<textcolor>Dialog-S-TextColor1</textcolor>
				</control>
				
				<!-- Arrow Icon -->
				<control type="image" id="912">
					<left>-20</left>
					<top>435</top>
					<width>70</width>
					<height>120</height>
					<aspectratio>keep</aspectratio>
					<texture colordiffuse="TextColor2" algin="left" flipx="true">common/ArrowRight3.png</texture>
					<visible></visible>
				</control>
				
				<!-- Hint Text -->
				<control type="textbox">
					<left>0</left>
					<top>100</top>
					<width>500</width>
					<height>508</height>
					<font>Font30</font>
					<label>$LOCALIZE[31257]</label>
					<align>left</align>
					<textcolor>DialogTextColor2</textcolor>
					<visible></visible>
				</control>

			</control>
			
			<control type="grouplist" id="9000">
				<left>75</left>
				<top>934</top>
				<width>500</width>
				<height>65</height>
				<align>center</align>
				<onleft>noop</onleft>
				<onright>noop</onright>
				<onup>500</onup>
				<ondown>noop</ondown>
				<itemgap>6</itemgap>
				<orientation>horizontal</orientation>
				
				<!-- O.K. -->
				<control type="button" id="101">
					<width>500</width>
					<label>186</label>
					<include condition="!Skin.HasSetting(DialogButtonStyleJustText)">DialogButtonStyle</include>
					<onclick>Skin.Setbool(FirstTimeRunSidebladeHint)</onclick>
					<onclick>Dialog.Close(1162)</onclick>
				</control>
				
			</control>

		</control>


			<!-- Yes -->
			<!--
			<control type="button" id="11">
				<right>40</right>
				<top>262</top>
				<width>270</width>
				<height>36</height>
				<onleft>10</onleft>
				<onright>noop</onright>
				<label>107</label>
				<font>Font36</font>
			</control>
			-->


	</controls>

</window>