<?xml version="1.0" encoding="UTF-8"?>
<window>
	<!-- extendedprogressdialog -->
	<controls>

		<control type="group">
			<centerleft>50%</centerleft>
			<top>15</top>
			<width>800</width>
			<height>180</height>
			<include>DialogZoomAnimation</include>
			<animation effect="fade" start="100" end="0" time="0" condition="Window.IsActive(fullscreenvideo)">Conditional</animation>

			<!-- Background image -->
			<!-- old:
			<control type="image">
				<left>0</left>
				<top>0</top>
				<width>800</width>
				<height>180</height>
				<texture border="20">dialogs/DialogBackground.png</texture>
			</control>
			-->
			
			<!-- Panel (Background image) -->
			<include>Dialog-Top-BackgroundImage</include>

			<!-- Heading -->
			<control type="label" id="30">
				<left>40</left>
				<top>50</top>
				<width>720</width>
				<height>33</height>
				<align>center</align>
				<scroll>true</scroll>
				<font>Font33</font>
				<textcolor>Dialog-S-TextColor1</textcolor>
			</control>

			<!-- Details -->
			<control type="label" id="31">
				<left>40</left>
				<top>104</top>
				<width>720</width>
				<height>27</height>
				<align>center</align>
				<scroll>true</scroll>
				<haspath>true</haspath>
				<font>Font30</font>
				<textcolor>Dialog-S-TextColor2</textcolor>
			</control>
			
			<!-- Progress bar -->
			<control type="progress" id="32">
                <left>225</left>  	<!-- 75 -->
                <top>95</top>
                <width>350</width>  <!-- 650 -->
                <height>3</height>
				<texturebg border="1" colordiffuse="72FFFFFF">osd/OSDProgressBack.png</texturebg>
				<lefttexture>-</lefttexture>
				<midtexture border="1" colordiffuse="72FFFFFF">osd/OSDProgressBar.png</midtexture>
				<righttexture>-</righttexture>
				<overlaytexture>-</overlaytexture>
            </control>

		</control>

	</controls>

</window>