<?xml version="1.0" encoding="UTF-8"?>
<window>

	<controls>

		<!-- volumebar -->
		<control type="group">
			<centerleft>50%</centerleft>
			<top>15</top>
			<width>800</width> <!-- 220 -->
			<height>180</height>
			<include>DialogZoomAnimation</include>
			<visible>!Player.Muted</visible>
			<!--
			<animation effect="slide" start="0,0" end="470,0" time="100" condition="Window.IsActive(Notification) | Window.IsActive(extendedprogressdialog)">Conditional</animation>
			<animation effect="fade" start="100" end="0" time="0" condition="Window.IsActive(mutebug)">Conditional</animation>
			-->
			
			<!-- Background image -->
			<!-- old:
			<control type="image">
				<left>0</left>
				<top>0</top>
				<width>800</width> <!-- 220 ->
				<height>180</height>
				<texture border="20">dialogs/DialogBackground.png</texture>
			</control>
			-->
			
			<!-- Panel (Background image) -->
			<include>Dialog-Top-BackgroundImage</include>

			<!-- Heading -->
			<control type="label">
				<left>40</left>
				<top>50</top>
				<width>720</width> <!-- 140 -->
				<height>33</height>
				<align>center</align>
				<scroll>true</scroll>
				<font>Font33</font>
				<textcolor>Dialog-S-TextColor1</textcolor>
				<label>13376</label>
			</control>
			

			<control type="group">
				<visible>!Player.Muted</visible>
			
				<!-- Details -->
				<control type="label">
					<left>40</left>
					<top>104</top>
					<width>720</width>
					<height>27</height>
					<align>center</align>
					<scroll>true</scroll>
					<font>Font30</font>
					<textcolor>Dialog-S-TextColor2</textcolor>
					<label>$INFO[Control.GetLabel(404),,%]</label>
				</control>
				
				<!-- Passthrough Label -->
				<control type="label">
					<left>40</left>
					<top>124</top>  <!-- 104 -->
					<width>720</width>
					<height>27</height>
					<align>center</align>
					<scroll>true</scroll>
					<font>Font30</font>
					<textcolor>Dialog-S-TextColor2</textcolor>
					<label>Passthrough</label>  <!-- $LOCALIZE[29802] -->
					<visible>player.passthrough</visible>
				</control>

				<!-- Progress -->
				<control type="progress" id="404">
					<visible>false</visible>
					<info>player.volume</info>
				</control>
				
				<!-- Progress bar -->
				<control type="progress" id="404">
					<left>225</left>
					<top>95</top>
					<width>350</width>
					<height>3</height>
					<texturebg border="1" colordiffuse="72FFFFFF">osd/OSDProgressBack.png</texturebg>
					<lefttexture>-</lefttexture>
					<midtexture border="1" colordiffuse="72FFFFFF">osd/OSDProgressBar.png</midtexture>
					<righttexture>-</righttexture>
					<overlaytexture>-</overlaytexture>
					<info>Player.Volume</info>
				</control>
			
			</control>

		</control>
		
		<!-- muted -->
		<control type="group">
			<right>15</right>
			<top>15</top>
			<width>200</width> <!-- 220 -->
			<height>170</height>
			<include>DialogZoomAnimation</include>
			<visible>Player.Muted</visible>
			
			<!-- Panel -->
			<control type="image">
				<left>0</left>
				<top>0</top>
				<width>180</width>
				<height>165</height>
				<texture border="2" alingn="right" colordiffuse="Dialog-S-BGColor2">common/Base.png</texture>
				<aspectratio>keep</aspectratio>
				<bordersize>20</bordersize>
			</control>
			
			<!-- Mute icon -->
			<control type="image">
				<left>0</left>
				<top>30</top>
				<width>180</width>
				<height>70</height>
				<texture border="2" alingn="right" colordiffuse="Red">mute.png</texture>
				<aspectratio>keep</aspectratio>
				<bordersize>2</bordersize>
			</control>
		
			<!-- Details -->
			<control type="label">
				<left>20</left>
				<top>104</top>
				<width>140</width>
				<height>27</height>
				<align>center</align>
				<scroll>true</scroll>
				<font>Font30</font>
				<textcolor>DialogTextColor2</textcolor>
				<label>31013</label>
				<visible>Player.Muted</visible>
			</control>
		
		</control>

	</controls>

</window>