<?xml version="1.0" encoding="UTF-8"?>
<window>
	<!-- yesnodialog -->
-	<!--defaultcontrol always="true">10</defaultcontrol-->

	<controls>

		<!-- Background -->
		<include>DialogFadeBackgroundImage</include>

		<!-- Main group -->
		<control type="group">
			<include>DialogZoomAnimation</include>
			<centerleft>50%</centerleft>
			<centertop>50%</centertop>
			<width>800</width>
			<height>360</height>

			<!-- Background -->
			<!-- old:
			<control type="image">
				<centerleft>50%</centerleft>
				<width>720</width>
				<height>360</height>
				<!--texture border="20">dialogs/DialogBackground.png</texture->
				<texture border="10" colordiffuse="Dialog-S-BGColor1">common/Base.png</texture>
				<aspectratio>stretch</aspectratio>
				<bordertexture border="7" colordiffuse="Dialog-S-BorderColor">common/Base.png</bordertexture>
				<bordersize>1</bordersize>	
			</control>
			-->
			
			<!-- Panel (Background image) -->
			<include>Dialog-Mid-BackgroundImage</include>

			<!-- Heading -->
			<control type="label" id="1">
				<centerleft>50%</centerleft>
				<top>20</top>  <!-- 40 -->
				<width>740</width>
				<height>48</height>
				<align>center</align>
				<font>Font48</font>
				<textcolor>Dialog-S-TextColor1</textcolor>
			</control>

			<!-- Details -->
			<control type="textbox" id="9">
				<centerleft>50%</centerleft>
				<top>75</top>  <!-- 96 -->
				<width>740</width>
				<height>158</height>  <!-- 132 -->
				<align>center</align>
				<font>Font33</font>
				<autoscroll>False</autoscroll>
				<textcolor>Dialog-S-TextColor2</textcolor>
			</control>
			
			<!-- Progressbar -->
			<control type="progress" id="20">
+				<centerleft>50%</centerleft>
				<top>225</top>
				<width>176</width>
				<height>20</height>
+				<info>System.Progressbar</info>
+			</control>

			<!--
			<!-- Scroll ->
			<control type="image">
				<centerleft>50%</centerleft>
				<top>215</top>
				<width>176</width>
				<height>20</height>
				<texture border="1,12,1,1" colordiffuse="Dialog-S-OverlayColorNF">common/ScrollBackgroundHorizontal.png</texture>
			</control>
			<control type="image">
				<centerleft>50%</centerleft>
				<top>215</top>
				<width>24</width>
				<height>20</height>
				<texture border="1,12,1,1" colordiffuse="Dialog-S-OverlayColorFO">common/ScrollbarGripHorizontalFO.png</texture>
				<animation effect="slide" start="-76,0" end="76,0" time="800" loop="true" tween="cubic" easing="out" condition="true">Conditional</animation>
			</control>
			-->
			
			<control type="grouplist" id="9000">
				<centerleft>50%</centerleft>
				<top>252</top>
				<width>740</width>
				<height>65</height>
				<align>center</align>
				<onleft>noop</onleft>
				<onright>noop</onright>
				<itemgap>6</itemgap>
				<orientation>horizontal</orientation>
				
				<!-- Yes -->
				<control type="button" id="11">
					<width>367</width>
					<label>107</label>
					<include condition="!Skin.HasSetting(DialogButtonStyleJustText)">DialogButtonStyle</include>
				</control>
				
				<!-- No -->
				<control type="button" id="10">
					<width>367</width>
					<label>106</label>
					<include condition="!Skin.HasSetting(DialogButtonStyleJustText)">DialogButtonStyle</include>
				</control>

				<!-- Custom Button (Reserved) -->
				<control type="button" id="12">
					<width>367</width>
					<label>107</label>
					<include condition="!Skin.HasSetting(DialogButtonStyleJustText)">DialogButtonStyle</include>
				</control>
				
			</control>
			
			<!-- No -->
			<!--
			<control type="button" id="10">
				<left>40</left>
				<top>262</top>
				<width>270</width>
				<height>36</height>
				<align>right</align>
				<onleft>noop</onleft>
				<onright>11</onright>
				<label>106</label>
				<font>Font36</font>
			</control>
			-->

			<!-- Yes -->
			<!--
			<control type="button" id="11">
				<right>40</right>
				<top>262</top>
				<width>270</width>
				<height>36</height>
				<onleft>10</onleft>
				<onright>noop</onright>
				<label>107</label>
				<font>Font36</font>
			</control>
			-->

		</control>

	</controls>

</window>