<?xml version="1.0" encoding="UTF-8"?>
<window>
	<!-- musicinformation -->
	<defaultcontrol always="true">9000</defaultcontrol>
	<include>DialogZoomAnimation</include>
	
	<!--onload condition="false">Skin.SetBool(SkinHelper.EnableMusicArt)</onload-->
	<onload condition="false">SetProperty(ListItemArtistLabel,$INFO[ListItem.Artist])</onload>  <!-- $INFO[Window(musicinformation).Property(ListItemArtistLabel)] -->

	<controls>

		<!-- Background -->
		<include>DialogBackgroundImage</include>
		
		<!-- Background Fanaret -->
		<include condition="Skin.HasSetting(ShowDialogFanart)">DialogFanartImage</include>

		<!-- Heading -->
		<control type="label">
			<include>DialogHeaderLabelInner</include>
		</control>

		<!-- Heading old: -
		<control type="label">
			<left>90</left>    <!-- 120 ->
			<top>60</top>       <!-- 90 ->
			<width min="0" max="1200">auto</width>
			<height>70</height>
			<align>left</align>
			<aligny>top</aligny>
			<font>font60</font>
			<label>$VAR[DialogAudioInfoHeader]</label>
		</control>
		-->
		
		<!-- Close Window Button -->
		<control type="button">
			<description>Close Window button</description>
			<right>70</right>
			<top>21</top>
			<width>120</width>
			<height>50</height>
			<label>[B]x[/B]</label>
			<font>Font42</font>
			<align>center</align>
			<aligny>bottom</aligny>
			<textoffsetx></textoffsetx>
			<textoffsety>-12</textoffsety>
			<onclick>PreviousMenu</onclick>
			<texturefocus border="15" colordiffuse="CommonDialogButtonFO">Buttons/DialogCloseButton.png</texturefocus>
			<texturenofocus border="15" colordiffuse="CommonDialogButtonNF">Buttons/DialogCloseButton.png</texturenofocus>
			<visible>system.getbool(input.enablemouse) + Skin.HasSetting(ShowMouseButtons)</visible>
		</control>

		<!-- Album image -->
		<control type="group">
			<visible>!SubString(ListItem.Icon,Default) + [String.IsEqual(ListItem.DBType,album) | String.IsEqual(ListItem.DBType,song)]</visible>
			<control type="image">
				<left>80</left>
				<top>189</top>
				<width>495</width>
				<height>495</height>
				<fadetime>200</fadetime>
				<texture fallback="DefaultAudio.png">$INFO[ListItem.Icon]</texture>  <!-- DefaultMusicAlbums.png / DefaultMusicSongs.png / DefaultAlbumCover.png -->
				<aspectratio aligny="center">scale</aspectratio>
			</control>
			<control type="image">
				<left>80</left>
				<top>189</top>
				<width>495</width>
				<height>495</height>
				<texture>views/OverlayAlbum.png</texture>
				<visible>Skin.HasSetting(Overlays)</visible>
			</control>
		</control>

		<!-- Artist image -->
		<control type="group">
			<visible>!SubString(ListItem.Icon,Default) + String.IsEqual(ListItem.DBType,artist)</visible>
			<control type="image">
				<left>80</left>
				<top>189</top>
				<width>495</width>
				<height>495</height>
				<fadetime>200</fadetime>
				<texture fallback="DefaultArtist.png">$INFO[ListItem.Icon]</texture>
				<aspectratio aligny="top">scale</aspectratio>
			</control>
			<control type="image">
				<left>80</left>
				<top>189</top>
				<width>495</width>
				<height>495</height>
				<texture>views/OverlayPosterFO.png</texture>
				<visible>Skin.HasSetting(Overlays)</visible>
			</control>
		</control>

		<!-- Default image -->
		<control type="image">
			<left>80</left>
			<top>189</top>
			<width>495</width>
			<height>495</height>
			<texture>$INFO[ListItem.Icon]</texture>
			<colordiffuse>OverlayColorFO</colordiffuse>
			<aspectratio align="center" aligny="top">keep</aspectratio>
			<visible>SubString(ListItem.Icon,Default)</visible>
		</control>

		<!-- Info -->
		<control type="group">
			<!--
			<visible>String.IsEqual(ListItem.DBType,album) + !Control.HasFocus(12)</visible>
			-->
			<!--visible>!StringCompare(Control.GetLabel(5),$LOCALIZE[21887]) + !StringCompare(Control.GetLabel(5),$LOCALIZE[183])</visible-->
			<left>600</left>
			<top>184</top>
			<include>VisibleFadeEffect</include>
			
			<!-- Header label -->
			<control type="label">
				<left>10</left>
				<top>0</top>
				<width>1230</width>
				<height>50</height>
				<font>Font48</font>
				<label>$VAR[MusicInfoLabel]</label>
				<align>left</align>
				<aligny>center</aligny>
				<textcolor>DialogTextColor1</textcolor>
				<shadowcolor>black</shadowcolor>
				<visible>String.IsEmpty(Control.GetLabel(222)) + String.IsEmpty(Control.GetLabel(221))</visible>
			</control>
			<!-- Header label -->
			<control type="label">
				<left>10</left>
				<top>0</top>
				<width>800</width>
				<height>50</height>
				<font>Font48</font>
				<label>$VAR[MusicInfoLabel]</label>
				<align>left</align>
				<aligny>center</aligny>
				<textcolor>DialogTextColor1</textcolor>
				<shadowcolor>black</shadowcolor>
				<visible>!String.IsEmpty(Control.GetLabel(222)) | !String.IsEmpty(Control.GetLabel(221))</visible>
			</control>
			<!-- Album Tagline label -->
			<control type="label">
				<left>10</left>
				<top>50</top>
				<width>1230</width>
				<height>35</height>
				<font>Font30</font>
				<label>$INFO[Listitem.Artist]</label>
				<align>left</align>
				<aligny>center</aligny>
				<textcolor>DialogTextColor3</textcolor>
				<shadowcolor>black</shadowcolor>
				<visible>String.IsEqual(ListItem.DBType,album) | String.IsEqual(ListItem.DBType,song)</visible>
			</control>
			
			
			<control type="list" id="49">
				<left>0</left>
				<top>95</top>
				<width>1000</width>
				<height>495</height>
				<onleft>49</onleft>
				<onright>49</onright>
				<onup>61</onup>
				<ondown>9000</ondown>
				<pagecontrol>-</pagecontrol>
				<scrolltime>200</scrolltime>
				<visible>!StringCompare(Window.Property(InfoContent),Tracks) + !StringCompare(Window.Property(InfoContent),Discography) + !StringCompare(Window.Property(InfoContent),MLTracks) + !StringCompare(Window.Property(InfoContent),YouTube) + !StringCompare(Window.Property(InfoContent),Plot)</visible>
				
				<itemlayout height="40">
					<control type="label">
						<left>10</left>
						<top>0</top>
						<width>250</width>
						<height>40</height>
						<font>Font30</font>
						<align>left</align>
						<aligny>center</aligny>
						<textcolor>DialogTextColor2</textcolor>
						<info>ListItem.Label</info>
					</control>
					<control type="label">
						<left>272</left>
						<top>0</top>
						<width>760</width>
						<height>40</height>
						<font>Font30</font>
						<align>left</align>
						<aligny>center</aligny>
						<textcolor>DialogTextColor1</textcolor>
						<info>ListItem.Label2</info>
						<!--visible>!String.IsEqual(ListItem.DBType,album) | [String.IsEqual(ListItem.DBType,album) + String.IsEmpty(Control.GetLabel(222))]</visible-->
						<visible>String.IsEmpty(Control.GetLabel(221)) + String.IsEmpty(Control.GetLabel(222))</visible>
					</control>
					<control type="label">
						<left>272</left>
						<top>0</top>
						<width>470</width>
						<height>40</height>
						<font>Font30</font>
						<align>left</align>
						<aligny>center</aligny>
						<textcolor>DialogTextColor1</textcolor>
						<info>ListItem.Label2</info>
						<!--visible>String.IsEqual(ListItem.DBType,album) + !String.IsEmpty(Control.GetLabel(222))</visible-->  <!-- String.IsEmpty(Window(Home).Property(SkinHelper.Music.DiscArt)) -->
						<visible>!String.IsEmpty(Control.GetLabel(221)) | !String.IsEmpty(Control.GetLabel(222))</visible>
					</control>
				</itemlayout>
				<focusedlayout height="40">
					<!-- check if remove is O.k. -
					<control type="image">
						<left>0</left>
						<top>0</top>
						<width>990</width>
						<height>40</height>
						<visible>Control.HasFocus(49)</visible>
						<texture border="5" colordiffuse="$VAR[FOItemImageColor]">MenuItemFO.png</texture>
						<include>VisibleFadeEffect</include>
					</control>
					-->
					<control type="label">
						<left>10</left>
						<top>0</top>
						<width>250</width>
						<height>40</height>
						<font>Font30</font>
						<align>left</align>
						<aligny>center</aligny>
						<textcolor>DialogTextColor2</textcolor>
						<info>ListItem.Label</info>
					</control>
					<control type="label">
						<left>272</left>
						<top>0</top>
						<width>760</width>
						<height>40</height>
						<font>Font30</font>
						<align>left</align>
						<aligny>center</aligny>
						<textcolor>DialogTextColor1</textcolor>
						<info>ListItem.Label2</info>
						<visible>!String.IsEqual(ListItem.DBType,album) | [String.IsEqual(ListItem.DBType,album) + String.IsEmpty(Control.GetLabel(221)) + String.IsEmpty(Control.GetLabel(222))]</visible>
					</control>
					<control type="label">
						<left>272</left>
						<top>0</top>
						<width>470</width>
						<height>40</height>
						<font>Font30</font>
						<align>left</align>
						<aligny>center</aligny>
						<textcolor>DialogTextColor1</textcolor>
						<info>ListItem.Label2</info>
						<visible>String.IsEqual(ListItem.DBType,album) + [!String.IsEmpty(Control.GetLabel(221)) | !String.IsEmpty(Control.GetLabel(222))]</visible>
					</control>
				</focusedlayout>
				<content>
				
					<!-- Album Content -->
					<item>
						<label>[UPPERCASE]$LOCALIZE[557]:[/UPPERCASE]</label>
						<label2>$INFO[ListItem.Artist]</label2>
						<onclick>noop</onclick>
						<visible>String.IsEqual(ListItem.DBType,album) + !String.IsEmpty(ListItem.Artist)</visible>
					</item>
					<item>
						<label>[UPPERCASE]$LOCALIZE[515]:[/UPPERCASE]</label>
						<label2>$INFO[ListItem.Genre]</label2>
						<onclick>noop</onclick>
						<visible>String.IsEqual(ListItem.DBType,album) + !String.IsEmpty(ListItem.Genre)</visible>
					</item>
					<item>
						<label>[UPPERCASE]$LOCALIZE[563]:[/UPPERCASE]</label>
						<label2 fallback="[COLOR=TextColor2]Keine Informationen verfügbar[/COLOR]">$INFO[ListItem.UserRating]</label2>  <!-- $LOCALIZE[19055] -->
						<onclick>noop</onclick>
						<visible>String.IsEqual(ListItem.DBType,album) + !String.IsEmpty(ListItem.UserRating)</visible>
					</item>
					<item>
						<label>[UPPERCASE]TADB $LOCALIZE[563]:[/UPPERCASE]</label>
						<label2 fallback="[COLOR=TextColor2]Keine Informationen verfügbar[/COLOR]">$INFO[ListItem.Rating]</label2>  <!-- $LOCALIZE[19055] -->
						<onclick>noop</onclick>
						<visible>String.IsEqual(ListItem.DBType,album) + !String.IsEmpty(ListItem.Rating)</visible>
					</item>
					<item>
						<label>[UPPERCASE]$LOCALIZE[175]:[/UPPERCASE]</label>
						<label2>$INFO[ListItem.Property(Album_Mood)]</label2>
						<onclick>noop</onclick>
						<visible>String.IsEqual(ListItem.DBType,album) + !String.IsEmpty(ListItem.Property(Album_Mood))</visible>
					</item>
					<item>
						<label>[UPPERCASE]$LOCALIZE[176]:[/UPPERCASE]</label>
						<label2>$INFO[ListItem.Property(Album_Style)]</label2>
						<onclick>noop</onclick>
						<visible>String.IsEqual(ListItem.DBType,album) + !String.IsEmpty(ListItem.Property(Album_Style))</visible>
					</item>
					<item>
						<label>[UPPERCASE]$LOCALIZE[21895]:[/UPPERCASE]</label>
						<label2>$INFO[ListItem.Property(Album_Theme)]</label2>
						<onclick>noop</onclick>
						<visible>String.IsEqual(ListItem.DBType,album) + !String.IsEmpty(ListItem.Property(Album_Theme))</visible>
					</item>
					<item>
						<label>[UPPERCASE]$LOCALIZE[146]:[/UPPERCASE]</label>
						<label2>$INFO[ListItem.Property(Album_Type)]</label2>
						<onclick>noop</onclick>
						<visible>String.IsEqual(ListItem.DBType,album) + !String.IsEmpty(ListItem.Property(Album_Type))</visible>
					</item>
					<item>
						<label>[UPPERCASE]$LOCALIZE[21899]:[/UPPERCASE]</label>
						<label2>$INFO[ListItem.Property(Album_Label)]</label2>
						<onclick>noop</onclick>
						<visible>String.IsEqual(ListItem.DBType,album) + !String.IsEmpty(ListItem.Property(Album_Label))</visible>
					</item>
					<item>
						<label>[UPPERCASE]$LOCALIZE[562]:[/UPPERCASE]</label>
						<label2>$INFO[ListItem.Year]</label2>
						<onclick>noop</onclick>
						<visible>String.IsEqual(ListItem.DBType,album) + !String.IsEmpty(ListItem.Year)</visible>
					</item>
					
					<!-- Artist Content -->
					<item>
						<label>[UPPERCASE]$LOCALIZE[21893]:[/UPPERCASE]</label>
						<label2 fallback="19055">$INFO[ListItem.Property(Artist_Born)]</label2>
						<onclick>noop</onclick>
						<!--visible>!String.IsEmpty(ListItem.Property(Artist_Born))</visible-->
						<visible>String.IsEqual(ListItem.DBType,artist)</visible>
					</item>
					<item>
						<label>[UPPERCASE]$LOCALIZE[21894]:[/UPPERCASE]</label>
						<label2 fallback="19055">$INFO[ListItem.Property(Artist_Formed)]</label2>
						<onclick>noop</onclick>
						<!--visible>!String.IsEmpty(ListItem.Property(Artist_Formed))</visible-->
						<visible>String.IsEqual(ListItem.DBType,artist)</visible>
					</item>
					<item>
						<label>[UPPERCASE]$LOCALIZE[515]:[/UPPERCASE]</label>
						<label2 fallback="19055">$INFO[ListItem.Genre]</label2>
						<onclick>noop</onclick>
						<!--visible>!String.IsEmpty(ListItem.Genre)</visible-->
						<visible>String.IsEqual(ListItem.DBType,artist)</visible>
					</item>
					<item>
						<label>[UPPERCASE]$LOCALIZE[175]:[/UPPERCASE]</label>
						<label2 fallback="19055">$INFO[ListItem.Property(Artist_Mood)]</label2>
						<onclick>noop</onclick>
						<!--visible>!String.IsEmpty(ListItem.Property(Artist_Mood))</visible-->
						<visible>String.IsEqual(ListItem.DBType,artist)</visible>
					</item>
					<item>
						<label>[UPPERCASE]$LOCALIZE[176]:[/UPPERCASE]</label>
						<label2 fallback="19055">$INFO[ListItem.Property(Artist_Style)]</label2>
						<onclick>noop</onclick>
						<!--visible>!String.IsEmpty(ListItem.Property(Artist_Style))</visible-->
						<visible>String.IsEqual(ListItem.DBType,artist)</visible>
					</item>
					<item>
						<label>[UPPERCASE]$LOCALIZE[21892]:[/UPPERCASE]</label>
						<label2>$INFO[ListItem.Property(Artist_Instrument)]</label2>
						<onclick>noop</onclick>
						<visible>String.IsEqual(ListItem.DBType,artist) + !String.IsEmpty(ListItem.Property(Artist_Instrument))</visible>
					</item>
					<item>
						<label>[UPPERCASE]$LOCALIZE[21897]:[/UPPERCASE]</label>
						<label2>$INFO[ListItem.Property(Artist_Died)]</label2>
						<onclick>noop</onclick>
						<visible>String.IsEqual(ListItem.DBType,artist) + !String.IsEmpty(ListItem.Property(Artist_Died))</visible>
					</item>
					<item>
						<label>[UPPERCASE]$LOCALIZE[21896]:[/UPPERCASE]</label>
						<label2>$INFO[ListItem.Property(Artist_Disbanded)]</label2>
						<onclick>noop</onclick>
						<visible>String.IsEqual(ListItem.DBType,artist) + !String.IsEmpty(ListItem.Property(Artist_Disbanded))</visible>
					</item>
					<item>
						<label>[UPPERCASE]$LOCALIZE[21898]:[/UPPERCASE]</label>
						<label2>$INFO[ListItem.Property(Artist_YearsActive)]</label2>
						<onclick>noop</onclick>
						<visible>String.IsEqual(ListItem.DBType,artist) + !String.IsEmpty(ListItem.Property(Artist_YearsActive))</visible>
					</item>
					
					<!-- Song Content -->
					<item>
						<label>[UPPERCASE]$LOCALIZE[554]:[/UPPERCASE]</label>
						<label2>$INFO[ListItem.TrackNumber]</label2>
						<onclick>noop</onclick>
						<visible>String.IsEqual(ListItem.DBType,song) + !String.IsEmpty(ListItem.TrackNumber)</visible>
					</item>
					<item>
						<label>[UPPERCASE]$LOCALIZE[558]:[/UPPERCASE]</label>
						<label2>$INFO[ListItem.Album]</label2>
						<onclick>noop</onclick>
						<visible>String.IsEqual(ListItem.DBType,song) + !String.IsEmpty(ListItem.Album)</visible>
					</item>
					<item>
						<label>[UPPERCASE]$LOCALIZE[562]:[/UPPERCASE]</label>
						<label2>$INFO[ListItem.Year]</label2>
						<onclick>noop</onclick>
						<visible>String.IsEqual(ListItem.DBType,song) + !String.IsEmpty(ListItem.Year)</visible>
					</item>
					<item>
						<label>[UPPERCASE]$LOCALIZE[515]:[/UPPERCASE]</label>
						<label2>$INFO[ListItem.Genre]</label2>
						<onclick>noop</onclick>
						<visible>String.IsEqual(ListItem.DBType,song) + !String.IsEmpty(ListItem.Genre)</visible>
					</item>
					<item>
						<label>[UPPERCASE]$LOCALIZE[563]:[/UPPERCASE]</label>
						<label2 fallback="[COLOR=TextColor2]Keine Informationen verfügbar[/COLOR]">$INFO[ListItem.UserRating]</label2>  <!-- $LOCALIZE[19055] -->
						<onclick>noop</onclick>
						<visible>String.IsEqual(ListItem.DBType,song)</visible>
					</item>
					<item>
						<label>[UPPERCASE]TADB:[/UPPERCASE]</label>
						<label2 fallback="[COLOR=TextColor2]Keine Informationen verfügbar[/COLOR]">$INFO[ListItem.Rating]</label2>  <!-- $LOCALIZE[19055] -->
						<onclick>noop</onclick>
						<visible>String.IsEqual(ListItem.DBType,song) + !String.IsEmpty(ListItem.Rating)</visible>
					</item>
					
					<item>
						<label>[UPPERCASE]$LOCALIZE[21899]:[/UPPERCASE]</label>
						<label2>$INFO[ListItem.Property(Album_Label)]</label2>
						<onclick>noop</onclick>
						<visible>String.IsEqual(ListItem.DBType,song) + !String.IsEmpty(ListItem.Property(Album_Label))</visible>
					</item>
					
					<item>
						<label>[UPPERCASE]$LOCALIZE[567]:[/UPPERCASE]</label>
						<label2>$INFO[ListItem.PlayCount]</label2>
						<onclick>noop</onclick>
						<visible>String.IsEqual(ListItem.DBType,song) + !String.IsEmpty(ListItem.PlayCount)</visible>
					</item>
					
					<!-- start Krypton add (Songs) -->
					<item>
						<label>[UPPERCASE]Contributors $LOCALIZE[ ]:[/UPPERCASE]</label>
						<label2>$INFO[ListItem.Contributors]</label2>
						<onclick>noop</onclick>
						<visible>String.IsEqual(ListItem.DBType,song) + !String.IsEmpty(ListItem.Contributors)</visible>
					</item>
					<item>
						<label>[UPPERCASE]$LOCALIZE[ ]:[/UPPERCASE]</label>
						<label2>$INFO[ListItem.ContributorAndRole]</label2>
						<onclick>noop</onclick>
						<visible>String.IsEqual(ListItem.DBType,song) + !String.IsEmpty(ListItem.ContributorAndRole)</visible>
					</item>
					<item>
						<label>[UPPERCASE]$LOCALIZE[ ]:[/UPPERCASE]</label>
						<label2>$INFO[ListItem.Mood]</label2>
						<onclick>noop</onclick>
						<visible>String.IsEqual(ListItem.DBType,song) + !String.IsEmpty(ListItem.Mood)</visible>
					</item>
					<item>
						<label>[UPPERCASE]$LOCALIZE[ ]:[/UPPERCASE]</label>
						<label2>$INFO[ListItem.Property(Role.Composer)]</label2>
						<onclick>noop</onclick>
						<visible>String.IsEqual(ListItem.DBType,song) + !String.IsEmpty(ListItem.Property(Role.Composer))</visible>
					</item>
					<item>
						<label>[UPPERCASE]$LOCALIZE[ ]:[/UPPERCASE]</label>
						<label2>$INFO[ListItem.Property(Role.Conductor)]</label2>
						<onclick>noop</onclick>
						<visible>String.IsEqual(ListItem.DBType,song) + !String.IsEmpty(ListItem.Property(Role.Conductor))</visible>
					</item>
					<item>
						<label>[UPPERCASE]$LOCALIZE[ ]:[/UPPERCASE]</label>
						<label2>$INFO[ListItem.Property(Role.Orchestra)]</label2>
						<onclick>noop</onclick>
						<visible>String.IsEqual(ListItem.DBType,song) + !String.IsEmpty(ListItem.Property(Role.Orchestra))</visible>
					</item>
					<item>
						<label>[UPPERCASE]$LOCALIZE[ ]:[/UPPERCASE]</label>
						<label2>$INFO[ListItem.Property(Role.Lyricist)]</label2>
						<onclick>noop</onclick>
						<visible>String.IsEqual(ListItem.DBType,song) + !String.IsEmpty(ListItem.Property(Role.Lyricist))</visible>
					</item>
					<item>
						<label>[UPPERCASE]$LOCALIZE[ ]:[/UPPERCASE]</label>
						<label2>$INFO[ListItem.Property(Role.Remixer)]</label2>
						<onclick>noop</onclick>
						<visible>String.IsEqual(ListItem.DBType,song) + !String.IsEmpty(ListItem.Property(Role.Remixer))</visible>
					</item>
					<item>
						<label>[UPPERCASE]$LOCALIZE[ ]:[/UPPERCASE]</label>
						<label2>$INFO[ListItem.Property(Role.Arranger)]</label2>
						<onclick>noop</onclick>
						<visible>String.IsEqual(ListItem.DBType,song) + !String.IsEmpty(ListItem.Property(Role.Arranger))</visible>
					</item>
					<item>
						<label>[UPPERCASE]$LOCALIZE[ ]:[/UPPERCASE]</label>
						<label2>$INFO[ListItem.Property(Role.Engineer)]</label2>
						<onclick>noop</onclick>
						<visible>String.IsEqual(ListItem.DBType,song) + !String.IsEmpty(ListItem.Property(Role.Engineer))</visible>
					</item>
					<item>
						<label>[UPPERCASE]$LOCALIZE[ ]:[/UPPERCASE]</label>
						<label2>$INFO[ListItem.Property(Role.Producer)]</label2>
						<onclick>noop</onclick>
						<visible>String.IsEqual(ListItem.DBType,song) + !String.IsEmpty(ListItem.Property(Role.Producer))</visible>
					</item>
					<item>
						<label>[UPPERCASE]$LOCALIZE[ ]:[/UPPERCASE]</label>
						<label2>$INFO[ListItem.Property(Role.DJMixer)]</label2>
						<onclick>noop</onclick>
						<visible>String.IsEqual(ListItem.DBType,song) + !String.IsEmpty(ListItem.Property(Role.DJMixer))</visible>
					</item>
					<item>
						<label>[UPPERCASE]$LOCALIZE[ ]:[/UPPERCASE]</label>
						<label2>$INFO[ListItem.Property(Role.Mixer)]</label2>
						<onclick>noop</onclick>
						<visible>String.IsEqual(ListItem.DBType,song) + !String.IsEmpty(ListItem.Property(Role.Mixer))</visible>
					</item>
					<!-- end Krypton add (Songs) -->
					
				</content>
			</control>
			
			<!-- User Rating -->
			<control type="group">
				<left>0</left>
				<top>467</top>
				<height>36</height>
				<width>1170</width>
				<visible>[String.IsEqual(ListItem.DBType,album) | String.IsEqual(ListItem.DBType,song)] + !StringCompare(Window.Property(InfoContent),Tracks) + !StringCompare(Window.Property(InfoContent),YouTube) + !StringCompare(Window.Property(InfoContent),Plot)</visible>  <!--  + [StringCompare(ListItem.UserRating,rating0.png) | StringCompare(ListItem.UserRating,rating1.png) | StringCompare(ListItem.UserRating,rating2.png) | StringCompare(ListItem.UserRating,rating3.png) | StringCompare(ListItem.UserRating,rating4.png) | StringCompare(ListItem.UserRating,rating5.png)] -->
				<control type="label">
					<left>10</left>
					<width>260</width>
					<height>36</height>
					<align>left</align>
					<font>Font33</font>
					<label>$LOCALIZE[31096] $LOCALIZE[563]:</label>
					<textcolor>DialogTextColor2</textcolor>
				</control>
				<control type="image" id="99">
					<left>272</left>
					<width>200</width>
					<height>36</height>
					<aspectratio align="left">keep</aspectratio>
					<texture fallback="rating-audio/rating0.png">$INFO[ListItem.UserRating,rating-audio/rating,.png]</texture>
				</control>
			</control>
			
			<!-- Description (Album / Artist - Info) -->
			<control type="textbox">
				<description>Plot</description>
				<left>10</left>  <!-- -520 -->
				<top>530</top>
				<width>1230</width>  <!-- 1770 -->
				<height>178</height>
				<font>Font30</font>
				<label>$VAR[MusicInfoPlot]</label>   <!-- $VAR[MusicInfoPlot] -->
				<align>left</align>
				<textcolor>DialogTextColor3</textcolor>
				<autoscroll time="3700" delay="19500" repeat="15000">Skin.HasSetting(AutoScroll)</autoscroll>  <!-- !Control.HasFocus(61) +  -->
				<visible>!StringCompare(Window.Property(InfoContent),Tracks) + !StringCompare(Window.Property(InfoContent),Discography) + !StringCompare(Window.Property(InfoContent),MLTracks) + !StringCompare(Window.Property(InfoContent),YouTube) + !StringCompare(Window.Property(InfoContent),Plot)</visible>
			</control>
			
			<!-- Description (Album / Artist - Info) -->
			<!-- ** Krypton remove ** ->
			<control type="textbox" id="4">
				<description>Plot</description>
				<left>-490</left>
				<top>515</top>
				<width>1755</width>
				<height>180</height>
				<font>Font30</font>
				<align>left</align>
				<textcolor>DialogTextColor3</textcolor>
				<autoscroll time="3700" delay="19500" repeat="15000">Skin.HasSetting(AutoScroll)</autoscroll>  <!-- !Control.HasFocus(61) +  ->
			</control>
			-->
			
		
			<!-- 2nd Image (right) -->
			<control type="image" id="221">
				<description>2nd Image (right)</description>
				<right>80</right>
				<top>5</top>
				<width>525</width>
				<height>430</height>
				<aspectratio align="right">keep</aspectratio>
				<texture>$INFO[ListItem.FolderPath]cdart.png</texture>    <!--  fallback="cdart\default.png" -->
				<visible>String.IsEqual(ListItem.DBType,album) + !StringCompare(Window.Property(InfoContent),YouTube) + !StringCompare(Window.Property(InfoContent),Plot)</visible>
			</control>
			
			<control type="image" id="222">
				<description>2nd Image (right)</description>
				<right>80</right>
				<top>5</top>
				<width>525</width>
				<height>430</height>
				<aspectratio align="right">keep</aspectratio>
				<texture>$INFO[Window(Home).Property(SkinHelper.ListItem.Art.DiscArt)]</texture>    <!--  fallback="$INFO[ListItem.FolderPath]cdart.png" -->
				<visible>String.IsEmpty(Control.GetLabel(221) + String.IsEqual(ListItem.DBType,album) + !StringCompare(Window.Property(InfoContent),YouTube) + !StringCompare(Window.Property(InfoContent),Plot)</visible>   <!--  + !StringCompare(Window.Property(InfoContent),Tracks) -->
			</control>
			
		</control>
		
		

		<!-- Tracks (/old: Discography) -->
		<control type="group">
			<left>600</left>
			<top>189</top>
			<include>VisibleFadeEffect</include>
			<visible>StringCompare(Window.Property(InfoContent),Tracks)</visible>  <!--  | StringCompare(Window.Property(InfoContent),Discography) -->
			
			<control type="list" id="50">
				<left>10</left>
				<top>105</top>
				<width>1170</width>
				<height>600</height>
				<onup>noop</onup>
				<ondown>9000</ondown>
				<onleft>9000</onleft>
				<onright>60</onright>
				<orientation>vertical</orientation>
				<pagecontrol>60</pagecontrol>
				<!--
				<onclick condition="String.IsEqual(ListItem.DBType,album) + System.HasAddon(script.playalbum)">RunScript(script.playalbum,albumid=$INFO[ListItem.DBID]&amp;tracknr=$INFO[Container(50).ListItem.TrackNumber])</onclick>
				-->
				<viewtype label="">list</viewtype>
				<scrolltime tween="sine" easing="out">240</scrolltime>
				<!--
				<visible allowhiddenfocus="true">StringCompare(Control.GetLabel(5),$LOCALIZE[21887]) | StringCompare(Control.GetLabel(5),$LOCALIZE[183])</visible>
				-->
				<visible>StringCompare(Window.Property(InfoContent),Tracks)</visible>  <!--  | StringCompare(Window.Property(InfoContent),Discography) -->
				
				<itemlayout width="1170" height="40">
					<control type="label">
						<width>1170</width>
						<height>40</height>
						<font>Font33</font>
						<textcolor>DialogTextColor2</textcolor>
						<label>$VAR[MusicInfoTracks]</label>
					</control>
				</itemlayout>

				<focusedlayout width="1170" height="40">
					<control type="label">
						<width>1170</width>
						<height>40</height>
						<font>Font33</font>
						<textcolor>DialogTextColor1</textcolor>
						<label>$VAR[MusicInfoTracks]</label>
						<animation effect="fade" start="100" end="75" time="0" condition="!Control.HasFocus(50)">Conditional</animation>
					</control>
					<control type="button">
						<onfocus condition="String.IsEqual(ListItem.DBType,album)">SetFocus(9334)</onfocus>
					</control>
				</focusedlayout>
				
				<!--content>plugin://script.extendedinfo?info=discography&amp;&amp;artistname=$INFO[ListItem.Artist]</content-->

			</control>
			
			<control type="button" id="9334">
				<onfocus condition="String.IsEqual(ListItem.DBType,artist)">SetFocus(50)</onfocus>
				<onleft condition="String.IsEqual(ListItem.DBType,album)">SetFocus(9000)</onleft>
				<onup condition="String.IsEqual(ListItem.DBType,album)">Control.Move(50,-1)</onup>
				<ondown condition="String.IsEqual(ListItem.DBType,album)">Control.Move(50,1)</ondown>
				<onclick condition="String.IsEqual(ListItem.DBType,album) + System.HasAddon(script.playalbum)">RunScript(script.playalbum,albumid=$INFO[ListItem.DBID]&amp;tracknr=$INFO[Container(50).ListItem.TrackNumber])</onclick>
			</control>

			<!-- Scrollbar (list) -->
			<control type="scrollbar" id="60">
				<right>65</right>
				<top>105</top>
				<width>20</width>
				<height>600</height>
				<onleft>50</onleft>
				<onright>9000</onright>
				<showonepage>false</showonepage>
				<orientation>vertical</orientation>
				<colordiffuse>OverlayColorNF</colordiffuse>
				<texturesliderbackground border="9,1,6,1">common/ScrollBackground.png</texturesliderbackground>
				<texturesliderbar border="8,1,6,1">common/ScrollbarGripNF.png</texturesliderbar>
				<texturesliderbarfocus border="8,1,6,1" colordiffuse="DialogOverlayColorFO">common/ScrollbarGripFO.png</texturesliderbarfocus>
				<textureslidernib>-</textureslidernib>
				<textureslidernibfocus>-</textureslidernibfocus>
				<visible>!Skin.HasSetting(Scrollbars)</visible>
			</control>
			
		</control>
		
		
		<!-- Discography (Extendedinfo) -->
		<control type="group">
			<left>600</left>
			<top>189</top>
			<include>VisibleFadeEffect</include>
			<visible>StringCompare(Window.Property(InfoContent),Discography)</visible>
			
			<!-- Header Label -->
			<control type="group">
				<left>0</left>
				<top>270</top>
				
				<!-- Header Label Lists -->
				<control type="label">
					<left>10</left>
					<top>0</top>
					<width>1230</width>
					<height>45</height>
					<font>Font36</font>
					<textcolor>DialogTextColor1</textcolor>
					<label>$LOCALIZE[21888]:</label>
					<!--label>$INFO[Container(55).ListItemPosition(0).Label]</label-->
				</control>
				
				<!-- Item Count Lists -->
				<control type="label">
					<right>90</right>
					<top>0</top>
					<width>1230</width>
					<height>45</height>
					<font>Font27</font>
					<scroll>true</scroll>
					<textcolor>DialogTextColor2</textcolor>
					<label>$VAR[ItemCountContentLists]</label>
					<align>right</align>
				</control>
				
			</control>
			
			<!-- Discography List-->
			<control type="group">
				<left>0</left>
				<top>320</top>
				<control type="list" id="56">
					<visible></visible>
					<!--include>ThumbList-Square</include-->
					<ondown>9000</ondown>
					<left>0</left>
					<top>0</top>
					<width>1240</width>
					<height>410</height>
					<pagecontrol>-</pagecontrol>
					<scrolltime>200</scrolltime>
					<onclick>close</onclick>
					<onclick>ActivateWindow(videos,plugin://plugin.video.youtube/search/?q=$INFO[ListItem.Artist]%20$INFO[ListItem.Label],return)</onclick>
					<!--onclick>ActivateWindow(10025,&quot;plugin://plugin.video.youtube/kodion/search/query/?q=$INFO[ListItem.Artist]%20$INFO[ListItem.Label]&quot;,return)</onclick-->
					<!--
					<onclick>ActivateWindow(10025,&quot;plugin://plugin.video.youtube/kodion/search/query/?q=$INFO[ListItem.Artist] $INFO[ListItem.Label],return)</onclick>  <!-- $INFO[Container(55).ListItemPosition(0).Label] ->
					<onclick>ActivateWindow(10025,&quot;plugin://plugin.video.youtube/kodion/search/list/&quot;,return)</onclick>
					-->
					<orientation>horizontal</orientation>
					<!--preloaditems>2</preloaditems-->
					<itemlayout width="345" height="390">
					
						<control type="image">
							<left>10</left>
							<width>325</width>
							<height>325</height>
							<texture background="true" colordiffuse="$VAR[UnfocusColordiffuse]" fallback="fallbacks/FallbackFilePostersice.png">$INFO[ListItem.Icon]</texture>
							<include>BorderTextureNF</include>
							<bordersize>5</bordersize>
							<aspectratio align="center">stretch</aspectratio>
						</control>
						<control type="image">
							<left>10</left>
							<width>325</width>
							<height>325</height>
							<texture>views/OverlayPosterNF.png</texture>
							<bordersize>5</bordersize>
							<visible>Skin.HasSetting(Overlays)</visible>
						</control>
						<!-- Title -->
						<control type="label">
							<left>15</left>
							<top>325</top>
							<width>315</width>
							<height>30</height>
							<font>Font27</font>
							<align>left</align>
							<textcolor>TextColor2</textcolor>
							<shadowcolor>ShadowColor</shadowcolor>
							<label>$INFO[ListItem.Label]$INFO[ListItem.Year, • (,)]</label>
						</control>
						<!-- Additional Infos -->
						<control type="label">
							<left>15</left>
							<top>360</top>
							<width>315</width>
							<height>30</height>
							<font>Font25</font>
							<align>left</align>
							<textcolor>TextColor3</textcolor>
							<shadowcolor>ShadowColor</shadowcolor>
							<label>$INFO[ListItem.Artist]</label>
						</control>
						
					</itemlayout>
					<focusedlayout width="345" height="390">
					
						<control type="image">
							<left>10</left>
							<width>325</width>
							<height>325</height>
							<texture background="true" colordiffuse="$VAR[UnfocusColordiffuse]" fallback="fallbacks/FallbackFilePostersice.png">$INFO[ListItem.Icon]</texture>
							<include>BorderTextureNF</include>
							<bordersize>5</bordersize>
							<aspectratio align="center">stretch</aspectratio>
							<visible>![Control.HasFocus(56)]</visible>
						</control>
						<control type="image">
							<left>10</left>
							<width>325</width>
							<height>325</height>
							<texture background="true" fallback="fallbacks/FallbackFilePostersice.png">$INFO[ListItem.Icon]</texture>
							<!--bordertexture border="7">Borders/BorderFO.png</bordertexture-->
							<include condition="!Skin.HasSetting(FocusStyleDarkBright)">BorderTextureFO</include>
							<include condition="Skin.HasSetting(FocusStyleDarkBright)">BorderTextureNF</include>
							<bordersize>5</bordersize>
							<aspectratio align="center">stretch</aspectratio>
							<visible>[Control.HasFocus(56)]</visible>
						</control>
						
						<control type="image">
							<left>10</left>
							<width>325</width>
							<height>325</height>
							<texture>views/OverlayPosterFO.png</texture>
							<bordersize>5</bordersize>
							<visible>Skin.HasSetting(Overlays)</visible>
						</control>
						<!-- Title -->
						<control type="label">
							<left>15</left>
							<top>325</top>
							<width>315</width>
							<height>30</height>
							<font>Font27</font>
							<align>left</align>
							<textcolor>TextColor1</textcolor>
							<shadowcolor>ShadowColor</shadowcolor>
							<label>$INFO[ListItem.Label]$INFO[ListItem.Year, • (,)]</label>
						</control>
						<!-- Additional Infos -->
						<control type="label">
							<left>15</left>
							<top>360</top>
							<width>315</width>
							<height>30</height>
							<font>Font25</font>
							<align>left</align>
							<textcolor>TextColor2</textcolor>
							<shadowcolor>ShadowColor</shadowcolor>
							<label>$INFO[ListItem.Artist]</label>
						</control>
						
					</focusedlayout>
					
					<content limit="50">plugin://script.extendedinfo?info=discography&amp;&amp;artistname=$INFO[ListItem.Artist]</content>
					
				</control>
			</control>
			
			<!-- Description (Album) -->
			<control type="textbox">
				<description>Plot</description>
				<left>-520</left>
				<top>530</top>
				<width>495</width>
				<height>175</height>
				<font>Font30</font>
				<label>$INFO[Container(56).ListItem.Description]</label>
				<align>left</align>
				<textcolor>DialogTextColor3</textcolor>
				<autoscroll time="3700" delay="19500" repeat="15000">Skin.HasSetting(AutoScroll)</autoscroll> 
				<visible></visible>
			</control>
		
		</control>
		
		<!-- Most Loved Tracks (Extendedinfo) -->
		<control type="group">
			<left>600</left>
			<top>189</top>
			<include>VisibleFadeEffect</include>
			<visible>StringCompare(Window.Property(InfoContent),MLTracks)</visible>
			
			<!-- Header Label -->
			<control type="group">
				<left>0</left>
				<top>270</top>
				
				<!-- Header Label Lists -->
				<control type="label">
					<left>10</left>
					<top>0</top>
					<width>1230</width>
					<height>45</height>
					<font>Font36</font>
					<textcolor>DialogTextColor1</textcolor>
					<label>$LOCALIZE[31249]:</label>
					<!--label>$INFO[Container(55).ListItemPosition(0).Label]</label-->
				</control>
				
				<!-- Item Count Lists -->
				<control type="label">
					<right>90</right>
					<top>0</top>
					<width>1230</width>
					<height>45</height>
					<font>Font27</font>
					<scroll>true</scroll>
					<textcolor>DialogTextColor2</textcolor>
					<label>$VAR[ItemCountContentLists]</label>
					<align>right</align>
				</control>
				
			</control>
			
			<!-- ML Tracks List-->
			<control type="group">
				<left>0</left>
				<top>320</top>
				<control type="list" id="57">
					<visible></visible>
					<!--include>ThumbList-Square</include-->
					<ondown>9000</ondown>
					<left>0</left>
					<top>0</top>
					<width>1240</width>
					<height>410</height>
					<pagecontrol>-</pagecontrol>
					<scrolltime>200</scrolltime>
					<onclick>close</onclick>
					<onclick>ActivateWindow(10025,&quot;plugin://plugin.video.youtube/kodion/search/query/?q=$INFO[ListItem.Artist]%20$INFO[ListItem.Label]&quot;,return)</onclick>
					<!--
					<onclick>ActivateWindow(10025,&quot;plugin://plugin.video.youtube/kodion/search/query/?q=$INFO[ListItem.Artist]%20$INFO[ListItem.Label]&quot;,return)</onclick>
					<onclick>ActivateWindow(10025,&quot;plugin://plugin.video.youtube/kodion/search/list/&quot;,return)</onclick>
					-->
					<orientation>horizontal</orientation>
					<!--preloaditems>2</preloaditems-->
					<itemlayout width="345" height="390">
					
						<control type="image">
							<left>10</left>
							<width>325</width>
							<height>325</height>
							<texture background="true" colordiffuse="$VAR[UnfocusColordiffuse]" fallback="fallbacks/FallbackFilePostersice.png">$INFO[ListItem.Icon]</texture>
							<include>BorderTextureNF</include>
							<bordersize>5</bordersize>
							<aspectratio align="center">stretch</aspectratio>
						</control>
						<control type="image">
							<left>10</left>
							<width>325</width>
							<height>325</height>
							<texture>views/OverlayPosterNF.png</texture>
							<bordersize>5</bordersize>
							<visible>Skin.HasSetting(Overlays)</visible>
						</control>
						<!-- Title -->
						<control type="label">
							<left>15</left>
							<top>325</top>
							<width>315</width>
							<height>30</height>
							<font>Font27</font>
							<align>left</align>
							<textcolor>TextColor2</textcolor>
							<shadowcolor>ShadowColor</shadowcolor>
							<label>$INFO[ListItem.Label]$INFO[ListItem.Year, • (,)]</label>
						</control>
						<!-- Additional Infos -->
						<control type="label">
							<left>15</left>
							<top>360</top>
							<width>315</width>
							<height>30</height>
							<font>Font25</font>
							<align>left</align>
							<textcolor>TextColor3</textcolor>
							<shadowcolor>ShadowColor</shadowcolor>
							<label>$INFO[ListItem.Artist]</label>
						</control>
						
					</itemlayout>
					<focusedlayout width="345" height="390">
					
						<control type="image">
							<left>10</left>
							<width>325</width>
							<height>325</height>
							<texture background="true" colordiffuse="$VAR[UnfocusColordiffuse]" fallback="fallbacks/FallbackFilePostersice.png">$INFO[ListItem.Icon]</texture>
							<include>BorderTextureNF</include>
							<bordersize>5</bordersize>
							<aspectratio align="center">stretch</aspectratio>
							<visible>![Control.HasFocus(57)]</visible>
						</control>
						<control type="image">
							<left>10</left>
							<width>325</width>
							<height>325</height>
							<texture background="true" fallback="fallbacks/FallbackFilePostersice.png">$INFO[ListItem.Icon]</texture>
							<!--bordertexture border="7">Borders/BorderFO.png</bordertexture-->
							<include condition="!Skin.HasSetting(FocusStyleDarkBright)">BorderTextureFO</include>
							<include condition="Skin.HasSetting(FocusStyleDarkBright)">BorderTextureNF</include>
							<bordersize>5</bordersize>
							<aspectratio align="center">stretch</aspectratio>
							<visible>[Control.HasFocus(57)]</visible>
						</control>
						
						<control type="image">
							<left>10</left>
							<width>325</width>
							<height>325</height>
							<texture>views/OverlayPosterFO.png</texture>
							<bordersize>5</bordersize>
							<visible>Skin.HasSetting(Overlays)</visible>
						</control>
						<!-- Title -->
						<control type="label">
							<left>15</left>
							<top>325</top>
							<width>315</width>
							<height>30</height>
							<font>Font27</font>
							<align>left</align>
							<textcolor>TextColor1</textcolor>
							<shadowcolor>ShadowColor</shadowcolor>
							<label>$INFO[ListItem.Label]$INFO[ListItem.Year, • (,)]</label>
						</control>
						<!-- Additional Infos -->
						<control type="label">
							<left>15</left>
							<top>360</top>
							<width>315</width>
							<height>30</height>
							<font>Font25</font>
							<align>left</align>
							<textcolor>TextColor2</textcolor>
							<shadowcolor>ShadowColor</shadowcolor>
							<label>$INFO[ListItem.Artist]</label>
						</control>
						
					</focusedlayout>
					
					<content limit="50">plugin://script.extendedinfo?info=mostlovedtracks&amp;&amp;artistname=$INFO[ListItem.Artist]</content>
					
				</control>
			</control>
			
			<!-- Description (Album) -->
			<control type="textbox">
				<description>Plot</description>
				<left>-520</left>
				<top>530</top>
				<width>495</width>
				<height>175</height>
				<font>Font30</font>
				<label>$INFO[Container(55).ListItem.Description]</label>
				<align>left</align>
				<textcolor>DialogTextColor3</textcolor>
				<autoscroll time="3700" delay="19500" repeat="15000">Skin.HasSetting(AutoScroll)</autoscroll> 
				<visible></visible>
			</control>
		
		</control>
		
		<!-- YouTube -->
		<control type="group">
			<left>600</left>
			<top>189</top>
			
			<!-- Header Label -->
			<control type="group">
				<left>0</left>
				<top>270</top>
				<visible>StringCompare(Window.Property(InfoContent),YouTube)</visible>
				
				<!-- Header Label Lists -->
				<control type="label">
					<left>15</left>
					<top>0</top>
					<width>1230</width>
					<height>45</height>
					<font>Font36</font>
					<textcolor>DialogTextColor1</textcolor>
					<label>$LOCALIZE[31161]:</label>
				</control>
				
				<!-- Item Count Lists -->
				<control type="label">
					<right>90</right>
					<top>0</top>
					<width>1230</width>
					<height>45</height>
					<font>Font27</font>
					<scroll>true</scroll>
					<textcolor>DialogTextColor2</textcolor>
					<label>$VAR[ItemCountContentLists]</label>
					<align>right</align>
				</control>
				
			</control>
			
			<!-- YouTube List-->
			<control type="group">
				<left>0</left>
				<top>320</top>
				<control type="list" id="55">
					<visible>StringCompare(Window.Property(InfoContent),YouTube)</visible>
					<include>ExtendedInfoScript-ThumbListWide</include>
					
					<content limit="20">$VAR[MusicInfoYouTubeContent]</content>
					
					<!--content limit="20">plugin://plugin.video.youtube/kodion/search/query/?q=$INFO[ListItem.Title]</content-->
					
				</control>
			</control>
				
		</control>
		
		<!-- Plot -->
		<control type="group">
			<left>600</left>
			<top>189</top>
			<visible>StringCompare(Window.Property(InfoContent),Plot)</visible>
				
			<!-- Plot -->
			<control type="textbox">
				<left>10</left>
				<top>90</top>
				<width>1210</width>  <!-- 1230 -->
				<height>627</height>
				<font>Font33</font>
				<label>$VAR[MusicInfoPlot]</label>
				<align>left</align>
				<textcolor>DialogTextColor2</textcolor>
				<pagecontrol>60</pagecontrol>
				<autoscroll time="3700" delay="19500" repeat="15000">Skin.HasSetting(AutoScroll)</autoscroll>  <!-- !Control.HasFocus(61) +  -->
			</control>
			
			<control type="scrollbar" id="60">
				<right>70</right>
				<top>90</top>
				<width>20</width>
				<height>627</height>
				<onleft>9000</onleft>
				<onright>9000</onright>
				<ondown>9000</ondown>
				<showonepage>false</showonepage>
				<orientation>vertical</orientation>
				<colordiffuse>OverlayColorNF</colordiffuse>
				<texturesliderbackground border="6,1,8,1">common/ScrollBackground.png</texturesliderbackground>
				<texturesliderbar border="8,1,6,1">common/ScrollbarGripNF.png</texturesliderbar>
				<texturesliderbarfocus border="8,1,6,1" colordiffuse="DialogOverlayColorFO">common/ScrollbarGripFO.png</texturesliderbarfocus>
				<textureslidernib>-</textureslidernib>
				<textureslidernibfocus>-</textureslidernibfocus>
				<animation effect="fade" start="100" end="50" time="0" condition="true">Conditional</animation>
				<visible></visible>
			</control>
				
		</control>
		
		
		<!-- left Arrow -->
		<include>InfodialogGrouplistArrowLeft</include>
		
		<!-- right Arrow -->
		<include>InfodialogGrouplistArrowRight</include>
		

		<!-- Button grouplist -->
		<control type="grouplist" id="9000">
			<left>75</left>
			<top>934</top>
			<width>1771</width>
			<height>65</height>
			<itemgap>6</itemgap>
			<!--align>center</align-->
			<onleft>noop</onleft>
			<onright>noop</onright>
			<onup condition="StringCompare(Window.Property(InfoContent),Tracks)">50</onup>
			<onup condition="StringCompare(Window.Property(InfoContent),YouTube)">55</onup>
			<onup condition="StringCompare(Window.Property(InfoContent),Discography)">56</onup>
			<onup condition="StringCompare(Window.Property(InfoContent),MLTracks)">57</onup>
			<onup condition="StringCompare(Window.Property(InfoContent),Plot)">60</onup>
			<ondown>noop</ondown>
			<orientation>horizontal</orientation>

			<!-- Play Album Button -->
			<control type="button" id="20">
				<width>247</width>  <!-- 290 -->
				<label>31079</label>
				<include condition="!Skin.HasSetting(DialogButtonStyleJustText)">DialogButtonStyle</include>
				<onclick>RunScript(script.playalbum,albumid=$INFO[ListItem.DBID])</onclick>
				<onfocus>ClearProperty(InfoContent)</onfocus>
				<visible>String.IsEqual(ListItem.DBType,album) + System.HasAddon(script.playalbum)</visible>
			</control>
			<!-- Tracks/Discography Button -->
			<!-- ** Krypton remove ** ->
			<control type="button" id="5">
				<width>285</width>
				<include condition="!Skin.HasSetting(DialogButtonStyleJustText)">DialogButtonStyle</include>
			</control>
			-->
			<!-- Discography Button -->
			<control type="button" id="23">
				<width>247</width>
				<label>21888</label>
				<include condition="!Skin.HasSetting(DialogButtonStyleJustText)">DialogButtonStyle</include>
				<onclick>SetProperty(InfoContent,Discography)</onclick>
				<onfocus>ClearProperty(InfoContent)</onfocus>
				<visible>String.IsEqual(ListItem.DBType,artist)</visible>
			</control>
			<!-- Most loved Tracks Button -->
			<control type="button" id="27">
				<width>247</width>
				<label>31249</label>
				<include condition="!Skin.HasSetting(DialogButtonStyleJustText)">DialogButtonStyle</include>
				<onclick>SetProperty(InfoContent,MLTracks)</onclick>
				<onfocus>ClearProperty(InfoContent)</onfocus>
				<visible>String.IsEqual(ListItem.DBType,artist)</visible>
			</control>
			<!-- Tracks Button -->
			<control type="button" id="24">
				<width>247</width>
				<label>182</label>
				<include condition="!Skin.HasSetting(DialogButtonStyleJustText)">DialogButtonStyle</include>
				<onclick>SetProperty(InfoContent,Tracks)</onclick>
				<onfocus>ClearProperty(InfoContent)</onfocus>
				<visible>String.IsEqual(ListItem.DBType,album)</visible>
			</control>
			<!-- Plot Button -->
			<control type="button" id="26">
				<width>247</width>
				<label>$VAR[MusicInfoPlotLabel]</label>  <!-- 207 -->
				<onup>60</onup>
				<include condition="!Skin.HasSetting(DialogButtonStyleJustText)">DialogButtonStyle</include>
				<onclick>SetProperty(InfoContent,Plot)</onclick>
				<onfocus>ClearProperty(InfoContent)</onfocus>
				<visible>[String.IsEqual(ListItem.DBType,album) + !String.IsEmpty(ListItem.Property(Album_Description))] | [String.IsEqual(ListItem.DBType,artist) + !String.IsEmpty(ListItem.Property(Artist_Description))]</visible>
			</control>
			<!-- Youtube Button -->
			<control type="button" id="17">
				<width>247</width>
				<label>$LOCALIZE[31099]</label>
				<include condition="!Skin.HasSetting(DialogButtonStyleJustText)">DialogButtonStyle</include>
				<onclick>SetProperty(InfoContent,YouTube)</onclick>
				<onfocus>ClearProperty(InfoContent)</onfocus>
				<visible></visible>  <!-- String.IsEqual(ListItem.DBType,album) -->
            </control>
			<!-- Album on Youtube Button -->
			<control type="button" id="21">
				<width>247</width>
				<label>$LOCALIZE[773] $LOCALIZE[31095]</label>
				<include condition="!Skin.HasSetting(DialogButtonStyleJustText)">DialogButtonStyle</include>
				<onclick>close</onclick>
				<onclick>ActivateWindow(10025,&quot;plugin://plugin.video.youtube/kodion/search/query/?q=$INFO[ListItem.Artist]%20-%20$INFO[ListItem.Album]&quot;,return)</onclick>
				<onclick>ActivateWindow(10025,&quot;plugin://plugin.video.youtube/kodion/search/list/&quot;,return)</onclick>
				<!--
				<onclick>ActivateWindow(10025,&quot;plugin://plugin.video.youtube/kodion/search/query/?q=$INFO[ListItem.Artist] - $INFO[ListItem.Album]&quot;,return)</onclick>
				<onclick>ActivateWindow(10025,&quot;plugin://plugin.video.youtube/kodion/search/list/&quot;,return)</onclick>
				-->
				<onfocus>ClearProperty(InfoContent)</onfocus>
				<visible>String.IsEqual(ListItem.DBType,album)</visible>
            </control>
			<!-- Artist on Youtube Button -->
			<control type="button" id="22">
				<width>247</width>
				<label>$LOCALIZE[773] $LOCALIZE[31095]</label>
				<include condition="!Skin.HasSetting(DialogButtonStyleJustText)">DialogButtonStyle</include>
				<onclick>close</onclick>
				<onclick>ActivateWindow(10025,&quot;plugin://plugin.video.youtube/kodion/search/query/?q=$INFO[ListItem.Artist]&quot;,return)</onclick>
				<onclick>ActivateWindow(10025,&quot;plugin://plugin.video.youtube/kodion/search/list/&quot;,return)</onclick>
				<!--
				<onclick>ActivateWindow(10025,&quot;plugin://plugin.video.youtube/kodion/search/query/?q=$INFO[ListItem.Artist]&quot;,return)</onclick>
				<onclick>ActivateWindow(10025,&quot;plugin://plugin.video.youtube/kodion/search/list/&quot;,return)</onclick>
				-->
				<onfocus>ClearProperty(InfoContent)</onfocus>
				<visible>String.IsEqual(ListItem.DBType,artist)</visible>
            </control>
			<!-- Set Rating -->
			<control type="button" id="7">
				<width>247</width>
				<label>-</label>  <!-- Jarvis: 38023 -->
				<include condition="!Skin.HasSetting(DialogButtonStyleJustText)">DialogButtonStyle</include>
				<onfocus>ClearProperty(InfoContent)</onfocus>
			</control>
			<!-- Refresh Button -->
			<control type="button" id="6">
				<width>247</width>
				<label>-</label>  <!-- Jarvis: 184 -->
				<include condition="!Skin.HasSetting(DialogButtonStyleJustText)">DialogButtonStyle</include>
				<onfocus>ClearProperty(InfoContent)</onfocus>
			</control>
			<!-- Get Thumb Button -->
			<control type="button" id="10">
				<width>247</width>
				<label>-</label>  <!-- Jarvis: 13511 -->
				<include condition="!Skin.HasSetting(DialogButtonStyleJustText)">DialogButtonStyle</include>
				<onfocus>ClearProperty(InfoContent)</onfocus>
			</control>
			<!-- Fanart Button -->
			<control type="button" id="12">
				<width>247</width>
				<label>-</label>  <!-- Jarvis: 20413 -->
				<include condition="!Skin.HasSetting(DialogButtonStyleJustText)">DialogButtonStyle</include>
				<onfocus>ClearProperty(InfoContent)</onfocus>
			</control>
			
		</control>

	</controls>

</window>