<?xml version="1.0" encoding="UTF-8"?>
<window>
	<!-- networksetup -->
	<!--defaultcontrol always="true">10</defaultcontrol-->
	<include>DialogZoomAnimation</include>

	<controls>
	
		
		<include condition="!Window.IsActive(osdaudiosettings) + !Window.IsActive(osdvideosettings)">SettingsDialogNonOSDContent</include>	
		
		<include condition="Window.IsActive(osdaudiosettings) | Window.IsActive(osdvideosettings)">SettingsDialogOSDContent</include>
		
	
		<!-- Non OSD Settings Window -->
		<control type="group">
			<visible>false</visible>
			
			<!-- Background (NonOSD) -->
			<include condition="!Window.IsActive(osdaudiosettings) + !Window.IsActive(osdvideosettings)">DialogBackgroundImage</include>

			<!-- Heading -->
			<control type="label" id="2">
				<include>DialogHeaderLabelInner</include>
			</control>

			<!-- Close Window Button -->
			<control type="button">
				<description>Close Window button</description>
				<right>100</right>
				<top>21</top>
				<width>120</width>
				<height>50</height>
				<label>[B]x[/B]</label>
				<font>Font42</font>
				<align>center</align>
				<aligny>bottom</aligny>
				<textoffsetx></textoffsetx>
				<textoffsety>-12</textoffsety>
				<onclick>close</onclick>
				<texturefocus border="15" colordiffuse="CommonDialogButtonFO">Buttons/DialogCloseButton.png</texturefocus>
				<texturenofocus border="15" colordiffuse="CommonDialogButtonNF">Buttons/DialogCloseButton.png</texturenofocus>
				<visible>system.getbool(input.enablemouse) + Skin.HasSetting(ShowMouseButtons)</visible>
			</control>
			

			<!-- Group -->
			<control type="group">
				<left>600</left>
				<top>228</top>
				
				<!-- Grouplist (Control Area) -->
				<control type="grouplist" id="5">
					<!--left>600</left>
					<top>228</top-->
					<width>1200</width>
					<height>660</height>
					<itemgap>0</itemgap>
					<onleft>noop</onleft>
					<onright>9001</onright>
					<onup>noop</onup>
					<ondown>9001</ondown>
					<orientation>vertical</orientation>
					<scrolltime tween="sine" easing="out">240</scrolltime>
				</control>
				
				<!-- Default button -->
				<control type="button" id="7">
					<width>1200</width>
					<height>66</height>
				</control>
				
				<!-- Default radiobutton -->
				<!--
				<control type="radiobutton" id="8">
					<width>1200</width>
					<height>66</height>
					<textwidth>1120</textwidth>
				</control>
				-->
				
				<!-- Default radiobutton -->
				<control type="radiobutton" id="8">
					<width>1200</width>
					<height>66</height>
					<radiowidth>50</radiowidth>
					<radioheight>25</radioheight>
					<textureradioonfocus border="1">osd/OSDRadioOn.png</textureradioonfocus>
					<textureradioonnofocus border="1">osd/OSDRadioOn.png</textureradioonnofocus>
					<textureradioofffocus border="1">osd/OSDRadioOff.png</textureradioofffocus>
					<textureradiooffnofocus border="1">osd/OSDRadioOff.png</textureradiooffnofocus>
				</control>
				
				<!-- Default spincontrolex -->
				<control type="spincontrolex" id="9">
					<width>1200</width>
					<height>66</height>
					<textwidth>1120</textwidth>
				</control>
				
				<!-- separator image -->
				<control type="image" id="11">
					<height>2</height>
					<texture colordiffuse="TextColor3" border="1">common/Base.png</texture>
					<aspectratio>stretch</aspectratio>
				</control>
				
				<!-- Default Setting Button -->
				<control type="edit" id="12">
					<top>66</top>
					<width>1040</width>
					<height>66</height>
					<label>-</label>
				</control>

				<!-- Default sliderex -->
				<control type="sliderex" id="13">
					<width>1200</width>
					<height>66</height>
					<sliderwidth>150</sliderwidth>
					<sliderheight>20</sliderheight>
					<texturesliderbar border="10,0,10,0">osd/OSDSliderBack.png</texturesliderbar>
					<textureslidernib border="10,0,10,0">osd/OSDSliderNib.png</textureslidernib>
					<textureslidernibfocus border="10,0,10,0">osd/OSDSliderNib.png</textureslidernibfocus>
				</control>
				
				<!-- Default label -->
				<control type="label" id="14">
					<width>1200</width>
					<height>42</height>
					<font>Font33</font>
					<align>center</align>
					<label>-</label>
					<textcolor>TextColor1</textcolor>
				</control>

				<!--
				<!-- Protocol ->
				<control type="spincontrolex" id="10">
					<width>1200</width>
					<height>66</height>
					<ondown>11</ondown>
					<textwidth>1120</textwidth>
					<label>1008</label>
				</control>

				<!-- Server Address ->
				<control type="edit" id="11">
					<top>66</top>
					<width>1040</width>
					<height>66</height>
					<onup>10</onup>
					<ondown>16</ondown>
					<onright>12</onright>
					<label>-</label>
				</control>

				<!-- Server Browse ->
				<control type="button" id="12">
					<left>1000</left>
					<top>66</top>
					<align>right</align>
					<width>200</width>
					<height>66</height>
					<onup>10</onup>
					<ondown>16</ondown>
					<onleft>11</onleft>
					<label>1024</label>
				</control>

				<!-- Remote ->
				<control type="edit" id="16">
					<top>132</top>
					<width>1200</width>
					<height>66</height>
					<onup>11</onup>
					<ondown>13</ondown>
					<label>-</label>
				</control>

				<!-- Port ->
				<control type="edit" id="13">
					<top>198</top>
					<width>1200</width>
					<height>66</height>
					<onup>16</onup>
					<ondown>14</ondown>
					<label>1013</label>
				</control>

				<!-- Username ->
				<control type="edit" id="14">
					<top>264</top>
					<width>1200</width>
					<height>66</height>
					<onup>13</onup>
					<ondown>15</ondown>
					<label>1014</label>
				</control>

				<!-- Password ->
				<control type="edit" id="15">
					<top>330</top>
					<width>1200</width>
					<height>66</height>
					<onup>14</onup>
					<ondown>9001</ondown>
					<label>15052</label>
				</control>
				-->

			</control>

			<!-- Button grouplist -->
			<control type="grouplist" id="9001">
				<left>600</left>
				<top>926</top>
				<width>1200</width>
				<itemgap>6</itemgap>
				<onleft>noop</onleft>
				<onright>noop</onright>
				<onup>5</onup>
				<ondown>noop</ondown>
				<orientation>horizontal</orientation>
				<visible>!Window.Is(osdaudiosettings) + !Window.Is(osdvideosettings)</visible>

				<!-- OK Button -->
				<control type="button" id="28">
					<width>400</width>
					<label>186</label>
					<include condition="!Skin.HasSetting(DialogButtonStyleJustText)">DialogButtonStyle</include>
				</control>

				<!-- Cancel Button -->
				<control type="button" id="29">
					<width>400</width>
					<label>222</label>
					<include condition="!Skin.HasSetting(DialogButtonStyleJustText)">DialogButtonStyle</include>
				</control>
				
				<!-- clear/settings button Button -->
				<control type="button" id="30">
					<width>400</width>
					<label>222</label>
					<include condition="!Skin.HasSetting(DialogButtonStyleJustText)">DialogButtonStyle</include>
				</control>

			</control>
		
		</control>
		
		

	</controls>

</window>