<?xml version="1.0" encoding="UTF-8"?>
<window>
	<!-- pvrosdchannels -->
	<defaultcontrol always="true">11</defaultcontrol>
	<include>DialogZoomAnimationLeft</include>

	<controls>

		<!-- Menu -->
		<control type="group">
			<left>0</left>
			<top>0</top>

			<!-- Background -->
			<control type="image">
				<left>20</left>
				<top>20</top>
				<width>770</width>
				<height>1040</height>
				<texture colordiffuse="$VAR[OverlayColordiffuse]">common/Base.png</texture>
			</control>
			
			<!-- Close Window Button -->
			<control type="button">
				<description>Close Window button</description>
				<left>670</left>
				<top>20</top>
				<width>120</width>
				<height>50</height>
				<label>[B]x[/B]</label>
				<font>Font42</font>
				<align>center</align>
				<aligny>bottom</aligny>
				<textoffsetx></textoffsetx>
				<textoffsety>-12</textoffsety>
				<onclick>Dialog.Close(PVROSDChannels,true)</onclick>
				<onclick>FullScreen</onclick>
				<texturefocus border="15" colordiffuse="CommonDialogButtonFO">Buttons/DialogCloseButton.png</texturefocus>
				<texturenofocus border="15" colordiffuse="CommonDialogButtonNF">Buttons/DialogCloseButton.png</texturenofocus>
				<visible>String.IsEmpty(Window(Home).Property(VideoIsStartup)) + system.getbool(input.enablemouse) + Skin.HasSetting(ShowMouseButtons)</visible>
			</control>
			
			<!-- Heading label arrow left -->
			<control type="button">
				<left>35</left>
				<top>53</top>
				<width>32</width>
				<height>54</height>
				<texturefocus flipx="true">common/ArrowRight3.png</texturefocus>
				<texturenofocus flipx="true">common/ArrowRight3.png</texturenofocus>
				<colordiffuse>TextColor2</colordiffuse>
				<onclick>Control.Move(2,1)</onclick>
				<!--visible>Container(2).HasPrevious</visible-->
			</control>

			<!-- Heading label -->
			<control type="label" id="2">
				<left>75</left>  <!-- 50 -->
				<top>35</top>
				<width>750</width>
				<height>90</height>
				<font>Font60</font>
				<textcolor>DialogTextColor1</textcolor>
				<label>$INFO[VideoPlayer.ChannelGroup]</label>
				<visible>!Skin.HasSetting(UseBigHeaders)</visible>
			</control>
			
			<!-- Heading label -->
			<control type="label" id="2">
				<left>75</left>  <!-- 50 -->
				<top>45</top>
				<width>750</width>
				<height>80</height>
				<font>Font72</font>
				<textcolor>DialogTextColor1</textcolor>
				<label>$INFO[VideoPlayer.ChannelGroup]</label>
				<visible>Skin.HasSetting(UseBigHeaders)</visible>
			</control>
			
			<!-- Heading label arrow right -->
			<control type="button">
				<left>745</left>
				<top>53</top>
				<width>32</width>
				<height>54</height>
				<texturefocus>common/ArrowRight3.png</texturefocus>
				<texturenofocus>common/ArrowRight3.png</texturenofocus>
				<colordiffuse>TextColor2</colordiffuse>
				<onclick>Control.Move(2,1)</onclick>
				<!--visible>Container(2).HasNext</visible-->
			</control>

			<!-- List -->
			<control type="list" id="11">
				<left>30</left>  <!-- 120 -->
				<top>135</top>
				<width>750</width>
				<height>749</height>  <!-- 857 -->
				<onleft>PreviousChannelGroup</onleft>
				<onright>NextChannelGroup</onright>
				<onup>11</onup>
				<ondown>11</ondown>
				<!--pagecontrol>70</pagecontrol-->
				<scrolltime tween="sine" easing="out">240</scrolltime>

				<itemlayout width="750" height="107">
				
					<!-- Background - EPG Genre -->
					<control type="image">
						<left>3</left>
						<top>3</top>
						<width>744</width>
						<height>100</height>
						<colordiffuse>3effffff</colordiffuse>
						<texture border="5">pvr/epg-genres/0.png</texture>
						<visible></visible>
					</control>

					<!-- Channel image -->
					<control type="image">
						<left>43</left>
						<top>8</top>
						<width>90</width>
						<height>90</height>
						<aspectratio>keep</aspectratio>
						<texture background="true" fallback="pvr/defaultchannel.png">$VAR[PVRChannelIcon]</texture>
					</control>

					<!-- Channel number -->
					<control type="label">
						<left>156</left>
						<width>88</width>
						<height>106</height>
						<textcolor>TextColor2</textcolor>
						<label>[B]$INFO[ListItem.ChannelNumber][/B]</label>
					</control>
					
					<!-- Channel name -->
					<control type="label">
						<left>234</left>
						<top>11</top>
						<width>432</width>
						<textcolor>TextColor2</textcolor>
						<label>$INFO[ListItem.Label]</label>
					</control>
					
					<!-- Program name -->
					<control type="label">
						<left>234</left>
						<top>53</top>
						<width>432</width>
						<height>27</height>
						<font>Font27</font>
						<textcolor>TextColor2</textcolor>
						<label>$INFO[ListItem.Title]</label>
					</control>

					<!-- Recording image -->
					<control type="image">
						<right>5</right>
						<top>40</top>
						<width>30</width>
						<height>30</height>
						<texture>pvr/Recording.png</texture>
						<visible>ListItem.IsRecording</visible>
					</control>

					<!-- Timer image -->
					<control type="image">
						<right>0</right>
						<top>36</top>
						<width>38</width>
						<height>40</height>
						<texture>pvr/Timer.png</texture>
						<visible>[ListItem.HasTimer | ListItem.HasTimerSchedule] + !ListItem.IsRecording</visible>
					</control>
					
					<!-- Start time -->
					<control type="label">
						<right>45</right>
						<top>11</top>
						<width>200</width>
						<align>right</align>
						<textcolor>TextColor2</textcolor>
						<label>$INFO[ListItem.StartTime]</label>
					</control>

					<!-- End time -->
					<control type="label">
						<right>45</right>
						<top>53</top>
						<width>200</width>
						<height>27</height>
						<align>right</align>
						<textcolor>TextColor2</textcolor>
						<label>$INFO[ListItem.EndTime]</label>
					</control>

					<!-- Progress -->
					<control type="progress">
						<left>234</left>
						<top>92</top>
						<width>485</width>
						<height>6</height>
						<colordiffuse>OverlayColorNF</colordiffuse>
						<texturebg border="2">osd/OSDProgressBack.png</texturebg>
						<lefttexture>-</lefttexture>
						<midtexture border="2">osd/OSDProgressBar.png</midtexture>
						<righttexture>-</righttexture>
						<info>ListItem.Progress</info>
						<visible>ListItem.HasEpg</visible>
					</control>

				</itemlayout>

				<focusedlayout width="750" height="107">

					<!-- Background - EPG Genre -->
					<control type="image">
						<left>3</left>
						<top>3</top>
						<width>744</width>
						<height>100</height>
						<texture border="5" colordiffuse="88ffffff">pvr/epg-genres/0.png</texture>
						<bordertexture border="5">pvr/EPGBorder.png</bordertexture>
						<bordersize>2</bordersize>
						<visible></visible>
					</control>

					<!-- Channel image -->
					<control type="image">
						<left>43</left>
						<top>8</top>
						<width>90</width>
						<height>90</height>
						<aspectratio>keep</aspectratio>
						<texture background="true" fallback="pvr/defaultchannel.png">$VAR[PVRChannelIcon]</texture>
					</control>

					<!-- Channel number -->
					<control type="label">
						<left>156</left>
						<width>88</width>
						<height>106</height>
						<label>[B]$INFO[ListItem.ChannelNumber][/B]</label>
					</control>

					<!-- Channel name -->
					<control type="label">
						<left>234</left>
						<top>11</top>
						<width>432</width>
						<height>36</height>
						<label>$INFO[ListItem.Label]</label>
					</control>

					<!-- Program name -->
					<control type="label">
						<left>234</left>
						<top>53</top>
						<width>432</width>
						<height>27</height>
						<font>Font27</font>
						<label>$INFO[ListItem.Title]</label>
					</control>

					<!-- Recording image -->
					<control type="image">
						<right>5</right>
						<top>40</top>
						<width>30</width>
						<height>30</height>
						<texture>pvr/Recording.png</texture>
						<visible>ListItem.IsRecording</visible>
					</control>

					<!-- Timer image -->
					<control type="image">
						<right>0</right>
						<top>36</top>
						<width>38</width>
						<height>40</height>
						<texture>pvr/Timer.png</texture>
						<visible>[ListItem.HasTimer | ListItem.HasTimerSchedule] + !ListItem.IsRecording</visible>
					</control>
					
					<!-- Start time -->
					<control type="label">
						<right>45</right>
						<top>11</top>
						<width>200</width>
						<align>right</align>
						<label>$INFO[ListItem.StartTime]</label>
					</control>

					<!-- End time -->
					<control type="label">
						<right>45</right>
						<top>53</top>
						<width>200</width>
						<height>27</height>
						<align>right</align>
						<label>$INFO[ListItem.EndTime]</label>
					</control>

					<!-- Progress -->
					<control type="progress">
						<left>234</left>
						<top>92</top>
						<width>485</width>
						<height>6</height>
						<colordiffuse>OverlayColorFO</colordiffuse>
						<texturebg border="2">osd/OSDProgressBack.png</texturebg>
						<lefttexture>-</lefttexture>
						<midtexture border="2">osd/OSDProgressBar.png</midtexture>
						<righttexture>-</righttexture>
						<info>ListItem.Progress</info>
						<visible>ListItem.HasEpg</visible>
					</control>

				</focusedlayout>

			</control>
			
			<!-- Info -->
			<control type="group">
				<left>75</left>
				<top>867</top>  <!-- 685 -->
				<width>680</width>
				<height>202</height>
				
				<!-- Date label -->
				<control type="label">
					<left>0</left>
					<top>30</top>  <!-- -120 -->
					<width>680</width>
					<height>36</height>
					<font>Font36</font>
					<textcolor>DialogTextColor2</textcolor>
					<label>$INFO[Container(11).ListItem.Title]$INFO[Container(11).ListItem.StartTime, • ]$INFO[Container(11).ListItem.EndTime, - ]</label>
				</control>
				
				<!-- Plot -->
				<control type="textbox">
					<top>72</top>
					<width>680</width>
					<height>75</height>
					<align>left</align>
					<font>Font30</font>
					<textcolor>TextColor3</textcolor>
					<shadowcolor>ShadowColor</shadowcolor>
					<label>$INFO[Container(11).ListItem.Plot]</label>
				</control>
				
			</control>
			
			<!-- Scrollbar -->
			<!--
			<control type="scrollbar" id="70">
				<left>50</left>
				<top>190</top>
				<width>20</width>
				<height>742</height>
				<onleft>50</onleft>
				<showonepage>false</showonepage>
				<orientation>vertical</orientation>
				<colordiffuse>OverlayColorNF</colordiffuse>
				<texturesliderbackground border="6,1,8,1">common/ScrollBackground.png</texturesliderbackground>
				<texturesliderbar border="8,1,6,1">common/ScrollbarGripNF.png</texturesliderbar>
				<texturesliderbarfocus border="8,1,6,1" colordiffuse="DialogOverlayColorFO">common/ScrollbarGripFO.png</texturesliderbarfocus>
				<textureslidernib>-</textureslidernib>
				<textureslidernibfocus>-</textureslidernibfocus>
				<visible>!Skin.HasSetting(Scrollbars)</visible>
			</control>
			-->
			
			<!-- Channel count -->
			<control type="grouplist">
				<left>75</left>
				<bottom>23</bottom>
				<width>800</width>
				<height>40</height>
				<itemgap>6</itemgap>
				<align>left</align>
				<orientation>horizontal</orientation>
				<usecontrolcoords>true</usecontrolcoords>
				
				<control type="label">
					<top>3</top>
					<width>auto</width>
					<height>40</height>
					<align>left</align>
					<label>$INFO[Container(11).NumItems]</label>
					<font>Font25</font>
					<textcolor>TextColor2</textcolor>

				</control>
				<control type="label">
					<width>auto</width>
					<height>40</height>
					<align>left</align>
					<label>19019</label>
					<!--label>$VAR[ContentType]</label-->
					<font>Font33</font>
					<textcolor>TextColor2</textcolor>
				</control>

			</control>

		</control>

	</controls>

</window>