<?xml version="1.0" encoding="UTF-8"?>
<window>
	<!-- mediasource -->
	<defaultcontrol always="true">11</defaultcontrol>
	<include>DialogZoomAnimation</include>

	<controls>

		<!-- Background -->
		<include>DialogBackgroundImage</include>

		<!-- Heading -->
		<control type="label" id="2">
			<include>DialogHeaderLabelInner</include>
		</control>

		<!-- Heading old: -
		<control type="label" id="2">
			<left>90</left>
			<top>60</top>
			<width min="0" max="1200">auto</width>
			<height>70</height>
			<align>left</align>
			<aligny>top</aligny>
			<font>font60</font>
			<label>-</label>   <!-- 1021 / 13406 ->
		</control>
		-->
		
		<!-- Close Window Button -->
		<control type="button">
			<description>Close Window button</description>
			<right>100</right>
			<top>21</top>
			<width>120</width>
			<height>50</height>
			<label>[B]x[/B]</label>
			<font>Font42</font>
			<align>center</align>
			<aligny>bottom</aligny>
			<textoffsetx></textoffsetx>
			<textoffsety>-12</textoffsety>
			<onclick>PreviousMenu</onclick>
			<texturefocus border="15" colordiffuse="CommonDialogButtonFO">Buttons/DialogCloseButton.png</texturefocus>
			<texturenofocus border="15" colordiffuse="CommonDialogButtonNF">Buttons/DialogCloseButton.png</texturenofocus>
			<visible>system.getbool(input.enablemouse) + Skin.HasSetting(ShowMouseButtons)</visible>
		</control>

		<!-- Left grouplist -->
		<control type="grouplist" id="9000">
			<left>150</left>
			<top>228</top>
			<width>360</width>
			<height>660</height>
			<itemgap>0</itemgap>
			<onleft>noop</onleft>
			<onright>10</onright>
			<onup>noop</onup>
			<ondown>9001</ondown>
			<orientation>vertical</orientation>
			<scrolltime tween="sine" easing="out">240</scrolltime>

			<!-- Browse -->
			<control type="button" id="11">
				<width>360</width>
				<height>65</height>
				<label>1024</label>
				<include condition="!Skin.HasSetting(DialogButtonStyleJustText)">DialogButtonStyle2</include>
			</control>

			<!-- Add -->
			<control type="button" id="13">
				<width>360</width>
				<height>65</height>
				<label>15019</label>
				<include condition="!Skin.HasSetting(DialogButtonStyleJustText)">DialogButtonStyle2</include>
			</control>

			<!-- Remove -->
			<control type="button" id="14">
				<width>360</width>
				<height>65</height>
				<label>1210</label>
				<include condition="!Skin.HasSetting(DialogButtonStyleJustText)">DialogButtonStyle2</include>
			</control>

		</control>

		<!-- Right grouplist -->
		<control type="list" id="10">
			<left>600</left>
			<top>228</top>
			<width>1200</width>
			<height>462</height>
			<onleft>9000</onleft>
			<onright>noop</onright>
			<onup>noop</onup>
			<ondown>12</ondown>
			<scrolltime tween="sine" easing="out">240</scrolltime>

			<itemlayout width="1200" height="66">
				<control type="label">
					<left>25</left>
					<width>1210</width>
					<height>66</height>
					<textcolor>DialogTextColor2</textcolor>
					<label>$INFO[ListItem.Label]</label>
				</control>
			</itemlayout>

			<focusedlayout width="1200" height="66">
				<control type="label">
					<left>25</left>
					<width>1200</width>
					<height>66</height>
					<scroll>true</scroll>
					<label>$INFO[ListItem.Label]</label>
					<animation effect="fade" start="100" end="75" time="0" condition="!Control.HasFocus(10)">Conditional</animation>
				</control>
			</focusedlayout>

		</control>

		<!-- Name background -->
		<!--
		<control type="image">
			<left>600</left>
			<top>708</top>
			<width>1170</width>
			<height>66</height>
			<texture>dialogs/DialogTextBackground.png</texture>
		</control>
		-->

		<!-- Name -->
		<control type="edit" id="12">
			<left>600</left>
			<top>708</top>
			<width>1200</width>
			<textoffsetx>20</textoffsetx>
			<textwidth>1160</textwidth>
			<onup>10</onup>
			<onleft>9000</onleft>
			<onright>noop</onright>
			<ondown>9001</ondown>
			<texturefocus colordiffuse="$VAR[CommonDialogButtonFO]">common/Base.png</texturefocus>
			<texturenofocus colordiffuse="CommonDialogButtonNF">common/Base.png</texturenofocus>
		</control>

		<!-- Name Label -->
		<control type="label">
			<left>600</left>
			<top>794</top>
			<width>1170</width>
			<height>74</height>
			<label>1022</label>
		</control>

		<!-- Button grouplist -->
		<control type="grouplist" id="9001">
			<left>600</left>
			<top>934</top>
			<width>1200</width>
			<itemgap>6</itemgap>
			<onleft>9000</onleft>
			<onright>noop</onright>
			<onup>12</onup>
			<ondown>noop</ondown>
			<orientation>horizontal</orientation>

			<!-- OK Button -->
			<control type="button" id="18">
				<width>400</width>
				<label>186</label>
				<include condition="!Skin.HasSetting(DialogButtonStyleJustText)">DialogButtonStyle</include>
			</control>

			<!-- Cancel Button -->
			<control type="button" id="19">
				<width>400</width>
				<label>222</label>
				<include condition="!Skin.HasSetting(DialogButtonStyleJustText)">DialogButtonStyle</include>
			</control>

		</control>

	</controls>

</window>
