<?xml version="1.0" encoding="UTF-8"?>
<window>
	<!-- osdvideosettings -->
	<defaultcontrol always="true">11</defaultcontrol>
	<include>DialogZoomAnimationLeft</include>
	<controls>

		<!-- Menu -->
		<control type="group">
			<left>0</left>
			<top>0</top>
			
			<!-- Background -->
			<!--
			<control type="image">
				<left>150</left>
				<top>150</top>
				<width>790</width>
				<height>695</height>
				<texture colordiffuse="$VAR[OverlayColordiffuse]">common/Base.png</texture>
			</control>
			-->

			<!-- Background -->
			<control type="image">
				<left>20</left>
				<top>20</top>
				<width>770</width>
				<height>1040</height>
				<texture colordiffuse="$VAR[OverlayColordiffuse]">common/Base.png</texture>
			</control>
			
			<!-- Close Window Button -->
			<control type="button">
				<description>Close Window button</description>
				<left>670</left>
				<top>20</top>
				<width>120</width>
				<height>50</height>
				<label>[B]x[/B]</label>
				<font>Font42</font>
				<align>center</align>
				<aligny>bottom</aligny>
				<textoffsetx></textoffsetx>
				<textoffsety>-12</textoffsety>
				<onclick>Dialog.Close(PVROSDGuide,true)</onclick>
				<onclick>FullScreen</onclick>
				<texturefocus border="15" colordiffuse="CommonDialogButtonFO">Buttons/DialogCloseButton.png</texturefocus>
				<texturenofocus border="15" colordiffuse="CommonDialogButtonNF">Buttons/DialogCloseButton.png</texturenofocus>
				<visible>String.IsEmpty(Window(Home).Property(VideoIsStartup)) + system.getbool(input.enablemouse) + Skin.HasSetting(ShowMouseButtons)</visible>
			</control>

			<!-- Heading label -->
			<control type="label" id="2">
				<left>75</left>
				<top>35</top>  <!-- -120 -->
				<width>750</width>
				<height>90</height>
				<font>Font60</font>
				<textcolor>DialogTextColor1</textcolor>
				<label>$INFO[VideoPlayer.ChannelName]</label>
				<visible>!Skin.HasSetting(UseBigHeaders)</visible>
			</control>
			
			<!-- Heading label -->
			<control type="label" id="2">
				<left>75</left>
				<top>45</top>  <!-- -120 -->
				<width>750</width>
				<height>80</height>
				<font>Font72</font>
				<textcolor>DialogTextColor1</textcolor>
				<label>$INFO[VideoPlayer.ChannelName]</label>
				<visible>Skin.HasSetting(UseBigHeaders)</visible>
			</control>

			<!-- Date label -->
			<control type="label" id="3">
				<left>75</left>
				<top>111</top>  <!-- -120 -->
				<width>750</width>
				<height>36</height>
				<font>Font36</font>
				<textcolor>DialogTextColor2</textcolor>
				<label>$INFO[Container(11).ListItem.StartDate]</label>
				<animation effect="slide" start="0,0" end="0,10" time="0" condition="Skin.HasSetting(UseBigHeaders)">Conditional</animation>
			</control>

			<!-- List -->
			<control type="list" id="11">
				<left>30</left>  <!-- 120 -->
				<top>175</top>
				<width>750</width>
				<height>510</height>  <!-- 819 -->
				<onleft>Close</onleft>
				<onright>Close</onright>
				<onup>11</onup>
				<ondown>11</ondown>
				<scrolltime tween="sine" easing="out">240</scrolltime>

				<itemlayout width="750" height="51">
				
					<!-- Background - EPG Genre -->
					<control type="image">
						<left>3</left>
						<top>3</top>
						<width>744</width>
						<height>45</height>
						<colordiffuse>3effffff</colordiffuse>
						<texture border="5" fallback="pvr/epg-genres/0.png">$INFO[ListItem.Property(GenreType),pvr/epg-genres/,.png]</texture>
						<visible></visible>
					</control>

					<!-- Start time -->
					<control type="label">
						<top>2</top>
						<left>45</left>
						<width>100</width>
						<height>51</height>
						<font>Font27</font>
						<align>left</align>
						<textcolor>DialogTextColor2</textcolor>
						<label>$INFO[ListItem.StartTime]</label>
						<visible>!String.IsEqual(Player.Title,ListItem.Label) | !String.IsEqual(Player.StartTime,ListItem.StartTime)</visible>
					</control>
					
					<!-- Start time (selected) -->
					<control type="label">
						<top>2</top>
						<left>45</left>
						<width>100</width>
						<height>51</height>
						<font>Font27</font>
						<align>left</align>
						<textcolor>SelectedColor</textcolor>
						<label>$INFO[ListItem.StartTime]</label>
						<visible>String.IsEqual(Player.Title,ListItem.Label) + String.IsEqual(Player.StartTime,ListItem.StartTime) + String.IsEqual(System.Date,ListItem.StartDate)</visible>
					</control>

					<!-- Program name -->
					<control type="label">
						<left>160</left>
						<width>520</width>
						<height>51</height>
						<textcolor>DialogTextColor2</textcolor>
						<selectedcolor>SelectedColor</selectedcolor>
						<label>$INFO[ListItem.Label]</label>
						<visible>!String.IsEqual(Player.Title,ListItem.Label) | !String.IsEqual(Player.StartTime,ListItem.StartTime)</visible>
					</control>
					
					<!-- Program name (selected) -->
					<control type="label">
						<left>160</left>
						<width>520</width>
						<height>51</height>
						<textcolor>SelectedColor</textcolor>
						<selectedcolor>SelectedColor</selectedcolor>
						<label>$INFO[ListItem.Label]</label>
						<visible>String.IsEqual(Player.Title,ListItem.Label) + String.IsEqual(Player.StartTime,ListItem.StartTime) + String.IsEqual(System.Date,ListItem.StartDate)</visible>
					</control>

					<!-- Recording image -->
					<control type="image">
						<right>4</right>
						<top>14</top>
						<width>30</width>
						<height>30</height>
						<texture>pvr/Recording.png</texture>
						<visible>ListItem.IsRecording</visible>
					</control>

					<!-- Timer image -->
					<control type="image">
						<right>0</right>
						<top>10</top>
						<width>38</width>
						<height>40</height>
						<texture>pvr/Timer.png</texture>
						<visible>[ListItem.HasTimer | ListItem.HasTimerSchedule] + !ListItem.IsRecording</visible>
					</control>

				</itemlayout>

				<focusedlayout width="750" height="51">
				
					<!-- Background - EPG Genre -->
					<control type="image">
						<left>3</left>
						<top>3</top>
						<width>744</width>
						<height>45</height>
						<texture border="5" colordiffuse="88ffffff" fallback="pvr/epg-genres/0.png">$INFO[ListItem.Property(GenreType),pvr/epg-genres/,.png]</texture>
						<bordertexture border="5">pvr/EPGBorder.png</bordertexture>
						<bordersize>2</bordersize>
						<visible></visible>
					</control>

					<!-- Start time -->
					<control type="label">
						<top>2</top>
						<left>45</left>
						<width>100</width>
						<height>51</height>
						<font>Font27</font>
						<align>left</align>
						<textcolor>DialogTextColor1</textcolor>
						<label>$INFO[ListItem.StartTime]</label>
						<visible>!String.IsEqual(Player.Title,ListItem.Label) | !String.IsEqual(Player.StartTime,ListItem.StartTime)</visible>
					</control>
					
					<!-- Start time (selected) -->
					<control type="label">
						<top>2</top>
						<left>45</left>
						<width>100</width>
						<height>51</height>
						<font>Font27</font>
						<align>left</align>
						<textcolor>SelectedColor</textcolor>
						<label>$INFO[ListItem.StartTime]</label>
						<visible>String.IsEqual(Player.Title,ListItem.Label) + String.IsEqual(Player.StartTime,ListItem.StartTime) + String.IsEqual(System.Date,ListItem.StartDate)</visible>
					</control>

					<!-- Program name -->
					<control type="label">
						<left>160</left>
						<width>520</width>
						<height>51</height>
						<textcolor>DialogTextColor1</textcolor>
						<selectedcolor>SelectedColor</selectedcolor>
						<label>$INFO[ListItem.Label]</label>
						<visible>!String.IsEqual(Player.Title,ListItem.Label) | !String.IsEqual(Player.StartTime,ListItem.StartTime)</visible>
					</control>
					
					<!-- Program name (selected) -->
					<control type="label">
						<left>160</left>
						<width>520</width>
						<height>51</height>
						<textcolor>SelectedColor</textcolor>
						<selectedcolor>SelectedColor</selectedcolor>
						<label>$INFO[ListItem.Label]</label>
						<visible>String.IsEqual(Player.Title,ListItem.Label) + String.IsEqual(Player.StartTime,ListItem.StartTime) + String.IsEqual(System.Date,ListItem.StartDate)</visible>
					</control>

					<!-- Recording image -->
					<control type="image">
						<right>4</right>
						<top>14</top>
						<width>30</width>
						<height>30</height>
						<texture>pvr/Recording.png</texture>
						<visible>ListItem.IsRecording</visible>
					</control>

					<!-- Timer image -->
					<control type="image">
						<right>0</right>
						<top>10</top>
						<width>38</width>
						<height>40</height>
						<texture>pvr/Timer.png</texture>
						<visible>[ListItem.HasTimer | ListItem.HasTimerSchedule] + !ListItem.IsRecording</visible>
					</control>

				</focusedlayout>

			</control>
			
			<!-- Info -->
			<control type="group">
				<left>75</left>  <!-- 120 -->
				<top>685</top>
				<width>680</width>
				<height>309</height>  <!-- 819 -->
				
				<!-- Date label -->
				<control type="label">
					<left>0</left>
					<top>30</top>  <!-- -120 -->
					<width>680</width>
					<height>36</height>
					<font>Font36</font>
					<textcolor>DialogTextColor2</textcolor>
					<label>$INFO[Container(11).ListItem.StartTime]$INFO[Container(11).ListItem.StartDate, • ]</label>
				</control>
				
				<!-- Plot -->
				<control type="textbox">
					<top>80</top>
					<width>680</width>
					<height>242</height>
					<align>left</align>
					<font>Font30</font>
					<textcolor>TextColor2</textcolor>
					<shadowcolor>ShadowColor</shadowcolor>
					<label>$INFO[Container(11).ListItem.Plot]</label>
				</control>
				
			</control>

		</control>

	</controls>

</window>
