<?xml version="1.0" encoding="UTF-8"?>
<window>
	<!-- filebrowser -->
	<defaultcontrol always="true">450</defaultcontrol>
	<include>DialogZoomAnimation</include>

	<controls>

		<!-- Background -->
		<include>DialogBackgroundImage</include>

		<!-- Heading -->
		<control type="label" id="411">
			<include>DialogHeaderLabelInner</include>
		</control>

		<!-- Heading old: -
		<control type="label" id="411">
			<left>90</left>
			<top>60</top>
			<width min="0" max="1200">auto</width>
			<height>70</height>
			<align>left</align>
			<aligny>top</aligny>
			<font>font60</font>
		</control>
		-->
		
		<!-- Close Window Button -->
		<control type="button">
			<description>Close Window button</description>
			<right>100</right>
			<top>21</top>
			<width>120</width>
			<height>50</height>
			<label>[B]x[/B]</label>
			<font>Font42</font>
			<align>center</align>
			<aligny>bottom</aligny>
			<textoffsetx></textoffsetx>
			<textoffsety>-12</textoffsety>
			<onclick>PreviousMenu</onclick>
			<texturefocus border="15" colordiffuse="CommonDialogButtonFO">Buttons/DialogCloseButton.png</texturefocus>
			<texturenofocus border="15" colordiffuse="CommonDialogButtonNF">Buttons/DialogCloseButton.png</texturenofocus>
			<visible>system.getbool(input.enablemouse) + Skin.HasSetting(ShowMouseButtons)</visible>
		</control>

		<!-- Image -->
		<control type="image">
			<left>80</left>
			<top>189</top>
			<width>495</width>
			<height>703</height>
			<texture>$INFO[ListItem.Icon]</texture>
			<aspectratio aligny="top">keep</aspectratio>
			<visible>!SubString(ListItem.Icon,Default) + !SubString(Control.GetLabel(416),*)</visible>
		</control>
		<control type="image">
			<left>80</left>
			<top>189</top>
			<width>495</width>
			<height>703</height>
			<texture flipx="true">$INFO[ListItem.Icon]</texture>
			<aspectratio aligny="top">keep</aspectratio>
			<visible>!SubString(ListItem.Icon,Default) + SubString(Control.GetLabel(416),*)</visible>
		</control>
		<control type="image">
			<left>80</left>
			<top>189</top>
			<width>495</width>
			<height>703</height>
			<texture>$INFO[ListItem.Icon]</texture>
			<colordiffuse>OverlayColorFO</colordiffuse>
			<aspectratio aligny="top">keep</aspectratio>
			<visible>SubString(ListItem.Icon,Default)</visible>
		</control>
		<!--control type="image">
			<left>90</left>
			<top>200</top>
			<width>476</width>
			<height>680</height>
			<texture>$INFO[ListItem.FileNameAndPath]</texture>
			<colordiffuse>OverlayColorFO</colordiffuse>
			<aspectratio aligny="center">keep</aspectratio>
			<visible>StringCompare(ListItem.Path,special://skin/extras/backgrounds/)</visible>
		</control-->

		<!-- List -->
		<control type="list" id="450">
			<left>640</left>
			<top>200</top>
			<width>1170</width>
			<height>680</height>
			<onup>noop</onup>
			<ondown>9000</ondown>
			<onleft>9000</onleft>
			<onright>9000</onright>
			<orientation>vertical</orientation>
			<pagecontrol>60</pagecontrol>
			<viewtype label="list">list</viewtype>
			<scrolltime tween="sine" easing="out">240</scrolltime>

			<itemlayout width="1170" height="96">
				<control type="image">
					<width>96</width>
					<height>96</height>
					<bordersize>6</bordersize>
					<aspectratio>scale</aspectratio>
					<texture colordiffuse="DialogTextColor2">$INFO[ListItem.Icon]</texture>
					<visible>SubString(ListItem.Icon,Default)</visible>
				</control>
				<control type="image">
					<width>96</width>
					<height>96</height>
					<bordersize>6</bordersize>
					<aspectratio>scale</aspectratio>
					<texture>$INFO[ListItem.Icon]</texture>
					<visible>!SubString(ListItem.Icon,Default)</visible>
				</control>
				<control type="label">
					<left>140</left>
					<width>1030</width>
					<height>96</height>
					<font>Font36</font>
					<textcolor>DialogTextColor2</textcolor>
					<label>$INFO[ListItem.Label]</label>
				</control>
			</itemlayout>

			<focusedlayout width="1170" height="96">
				<control type="image">
					<width>96</width>
					<height>96</height>
					<bordersize>6</bordersize>
					<aspectratio>scale</aspectratio>
					<texture>$INFO[ListItem.Icon]</texture>
					<animation effect="fade" start="100" end="75" condition="!Control.HasFocus(450)">Conditional</animation>
				</control>
				<control type="label">
					<left>140</left>
					<width>1030</width>
					<height>96</height>
					<font>Font36</font>
					<textcolor>DialogTextColor1</textcolor>
					<label>$INFO[ListItem.Label]</label>
				</control>
			</focusedlayout>

		</control>

		<!-- List -->

		<control type="list" id="451">
			<left>640</left>
			<top>200</top>
			<width>1170</width>
			<height>672</height>
			<onup>noop</onup>
			<ondown>9000</ondown>
			<onleft>9000</onleft>
			<onright>9000</onright>
			<orientation>vertical</orientation>
			<pagecontrol>60</pagecontrol>
			<scrolltime tween="sine" easing="out">240</scrolltime>

			<itemlayout width="1170" height="96">
				<control type="image">
					<width>96</width>
					<height>96</height>
					<bordersize>6</bordersize>
					<aspectratio>scale</aspectratio>
					<texture>$INFO[ListItem.Icon]</texture>
				</control>
				<control type="label">
					<left>140</left>
					<width>1030</width>
					<height>96</height>
					<font>Font36</font>
					<textcolor>DialogTextColor2</textcolor>
					<label>$INFO[ListItem.Label]</label>
				</control>
			</itemlayout>

			<focusedlayout width="1170" height="96">
				<control type="image">
					<width>96</width>
					<height>96</height>
					<bordersize>6</bordersize>
					<aspectratio>scale</aspectratio>
					<texture>$INFO[ListItem.Icon]</texture>
					<animation effect="fade" start="100" end="75" condition="!Control.HasFocus(451)">Conditional</animation>
				</control>
				<control type="label">
					<left>140</left>
					<width>1030</width>
					<height>96</height>
					<font>Font36</font>
					<textcolor>DialogTextColor1</textcolor>
					<label>$INFO[ListItem.Label]</label>
				</control>
			</focusedlayout>

		</control>
		
		<!-- Scrollbar (list) -->
		<control type="scrollbar" id="60">
			<right>90</right>
			<centertop>50%</centertop>
			<width>20</width>
			<height>680</height>
			<onleft condition="!Skin.HasSetting(KioskMode)">3001</onleft>
			<onright>50</onright>
			<showonepage>false</showonepage>
			<orientation>vertical</orientation>
			<colordiffuse>OverlayColorNF</colordiffuse>
			<texturesliderbackground border="9,1,6,1">common/ScrollBackground.png</texturesliderbackground>
			<texturesliderbar border="8,1,6,1">common/ScrollbarGripNF.png</texturesliderbar>
			<texturesliderbarfocus border="8,1,6,1" colordiffuse="DialogOverlayColorFO">common/ScrollbarGripFO.png</texturesliderbarfocus>
			<textureslidernib>-</textureslidernib>
			<textureslidernibfocus>-</textureslidernibfocus>
			<visible>!Skin.HasSetting(Scrollbars)</visible>
		</control>

		<!-- Button grouplist -->
		<control type="grouplist" id="9000">
			<left>80</left>
			<top>912</top>
			<width>1740</width>
			<height>65</height>
			<itemgap>6</itemgap>
			<onleft>noop</onleft>
			<onright>noop</onright>
			<onup>450</onup>
			<ondown>noop</ondown>
			<orientation>horizontal</orientation>

			<!-- OK Button -->
			<control type="button" id="413">
				<width>324</width>
				<height>66</height>
				<label>186</label>
				<include condition="!Skin.HasSetting(DialogButtonStyleJustText)">DialogButtonStyle</include>
			</control>

			<!-- Cancel Button -->
			<control type="button" id="414">
				<width>324</width>
				<height>66</height>
				<label>222</label>
				<include condition="!Skin.HasSetting(DialogButtonStyleJustText)">DialogButtonStyle</include>
			</control>

			<!-- New folder -->
			<control type="button" id="415">
				<width>324</width>
				<height>66</height>
				<label>119</label>
				<include condition="!Skin.HasSetting(DialogButtonStyleJustText)">DialogButtonStyle</include>
				<visible>Control.IsEnabled(415)</visible>
			</control>

			<!-- Mirror image -->
			<control type="radiobutton" id="416">
				<width>324</width>
				<height>66</height>
				<label>749</label>
				<include condition="!Skin.HasSetting(DialogButtonStyleJustText)">DialogButtonStyle</include>
				<visible>Control.IsEnabled(416)</visible>
			</control>

		</control>

	</controls>

</window>