<?xml version="1.0" encoding="UTF-8"?>
<window>
	<!-- filemanager -->
	<backgroundcolor>0x00000000</backgroundcolor>
	<defaultcontrol always="true">20</defaultcontrol>

	<controls>

		<!-- Background -->
		<include>WindowBackgroundImage</include>
		
		<!-- Panel -->
		<include>DialogWindowBackgroundImage</include>

		<!-- Window Header -->
		<include>WindowHeaderCommon</include>
		
		<!-- Heading -->
		<!--control type="label">
			<include>DialogHeaderLabelInner</include>
		</control-->
		
		<!-- Time -->
		<include>Time</include>

		<!-- Dummy list -->
		<control type="grouplist" id="9000">
			<left>90</left>
			<top>200</top>
			<width>300</width>
			<height>870</height>
			<itemgap>34</itemgap>
			<orientation>vertical</orientation>

			<!-- Appearance -->
			<control type="button">
				<width>300</width>
				<height>42</height>
				<label>480</label>
				<font>Font42</font>
				<textcolor>DialogTextColor3</textcolor>
			</control>
			<!-- Files -->
			<control type="button">
				<width>300</width>
				<height>42</height>
				<label>1214</label>
				<font>Font42</font>
				<textcolor>DialogTextColor2</textcolor>
			</control>
			<!-- Media Settings -->
			<control type="button">
				<width>300</width>
				<height>42</height>
				<label>$LOCALIZE[14212]</label>
				<font>Font42</font>
				<textcolor>DialogTextColor3</textcolor>
			</control>
			<!-- Player Settings -->
			<control type="button">
				<width>300</width>
				<height>42</height>
				<label>$LOCALIZE[14200]</label>
				<font>Font42</font>
				<textcolor>DialogTextColor3</textcolor>
			</control>
			<!-- PVR Settings -->
			<control type="button">
				<width>300</width>
				<height>42</height>
				<label>$LOCALIZE[31015]</label>
				<font>Font42</font>
				<textcolor>DialogTextColor3</textcolor>
			</control>
			<!-- Service Settings -->
			<control type="button">
				<width>300</width>
				<height>42</height>
				<label>$LOCALIZE[14036]</label>
				<font>Font42</font>
				<textcolor>DialogTextColor3</textcolor>
			</control>
			<!-- system settings -->
			<control type="button">
				<width>300</width>
				<height>42</height>
				<label>$LOCALIZE[13000]</label>
				<font>Font42</font>
				<textcolor>DialogTextColor3</textcolor>
			</control>
			<!-- System info -->
			<control type="button">
				<width>300</width>
				<height>42</height>
				<label>$LOCALIZE[130]</label>
				<font>Font42</font>
				<textcolor>DialogTextColor3</textcolor>
			</control>
			<!-- Addons -->
			<control type="button">
				<width>300</width>
				<height>42</height>
				<label>$LOCALIZE[24001]</label>
				<font>Font42</font>
				<textcolor>DialogTextColor3</textcolor>
			</control>
			<!-- More -->
			<control type="button">
				<width>300</width>
				<height>42</height>
				<label>$LOCALIZE[22082]</label>
				<font>Font42</font>
				<textcolor>DialogTextColor3</textcolor>
			</control>

		</control>

		<!-- Dummy main list -->
		<control type="grouplist">
			<left>465</left>
			<top>204</top>
			<width>380</width>
			<height>726</height>
			<itemgap>34</itemgap>
			<orientation>vertical</orientation>

			<!-- Manage Video Files -->
			<control type="button">
				<width>370</width>
				<height>42</height>
				<label>31163</label>
				<font>Font33</font>
				<textcolor>DialogTextColor3</textcolor>
			</control>
			<!-- Manage Audio Files -->
			<control type="button">
				<width>370</width>
				<height>42</height>
				<label>31164</label>
				<font>Font33</font>
				<textcolor>DialogTextColor3</textcolor>
			</control>
			<!-- Manage Pictures and Homevideos -->
			<control type="button">
				<width>370</width>
				<height>42</height>
				<label>31165</label>
				<font>Font33</font>
				<textcolor>DialogTextColor3</textcolor>
			</control>
			<!-- Kodi Filemanager -->
			<control type="button">
				<width>370</width>
				<height>42</height>
				<label>Kodi $LOCALIZE[7]</label>
				<font>Font33</font>
				<textcolor>DialogTextColor1</textcolor>
			</control>

		</control>

		<!-- Dummy main list indicator -->
		<control type="image">
			<left>427</left>
			<top>204</top>
			<width>20</width>
			<height>60</height>
			<colordiffuse>OverlayColorFO</colordiffuse>
			<texture border="6,1,8,1">common/ScrollBackground.png</texture>
			<animation effect="fade" start="100" end="50" time="0" condition="true">Conditional</animation>
		</control>

		<!-- Main group -->
		<control type="group">
			<include>DialogZoomAnimation</include>

			<!-- Background -->
			<include>DialogBackgroundImage</include>

			<!-- Heading -->
			<control type="label">
				<include>DialogHeaderLabelInner</include>
			</control>

			<!-- Heading old: -
			<control type="label">
				<left>90</left>
				<top>60</top>
				<width min="0" max="1200">auto</width>
				<height>70</height>
				<align>left</align>
				<aligny>top</aligny>
				<font>font60</font>
				<label>7</label>
			</control>
			-->
			
			<!-- Close Window Button -->
			<control type="button">
				<description>Close Window button</description>
				<right>70</right>
				<top>21</top>
				<width>120</width>
				<height>50</height>
				<label>[B]x[/B]</label>
				<font>Font42</font>
				<align>center</align>
				<aligny>bottom</aligny>
				<textoffsetx></textoffsetx>
				<textoffsety>-12</textoffsety>
				<onclick>PreviousMenu</onclick>
				<texturefocus border="15" colordiffuse="CommonDialogButtonFO">Buttons/DialogCloseButton.png</texturefocus>
				<texturenofocus border="15" colordiffuse="CommonDialogButtonNF">Buttons/DialogCloseButton.png</texturenofocus>
				<visible>system.getbool(input.enablemouse) + Skin.HasSetting(ShowMouseButtons)</visible>
			</control>

			<!-- Left group -->
			<control type="group">
				<left>90</left>
				<top>189</top>
				
				<!-- File list BG -->
				<control type="image">
					<left>-15</left>
					<top>0</top>
					<width>850</width>
					<height>700</height>
					<texture border="5" colordiffuse="SettingsPanelOverlayColor">common/Base.png</texture>
					<aspectratio>stretch</aspectratio>
					<visible></visible>
				</control>

				<!-- Root label -->
				<control type="label" id="101">
					<width>820</width>
					<height>66</height>
					<haspath>true</haspath>
					<textcolor>DialogTextColor1</textcolor>
				</control>

				<!-- Seperator -->
				<control type="image">
					<top>66</top>
					<width>820</width>
					<height>20</height>
					<texture border="1,12,1,1" colordiffuse="DialogOverlayColorNF">common/ScrollBackgroundHorizontal.png</texture>
				</control>

				<!-- Left list -->
				<control type="list" id="20">
					<top>86</top>
					<width>820</width>
					<height>594</height>
					<onleft>noop</onleft>
					<onright>21</onright>
					<onup>noop</onup>
					<ondown>noop</ondown>

					<itemlayout height="66" width="770">
						<control type="label">
							<width>820</width>
							<textcolor>DialogTextColor2</textcolor>
							<label>$INFO[ListItem.Label]</label>
						</control>
						<control type="label">
							<width>820</width>
							<align>right</align>
							<textcolor>DialogTextColor2</textcolor>
							<label>$INFO[ListItem.Label2]</label>
						</control>
					</itemlayout>

					<focusedlayout height="66" width="770">
						<control type="group">
							<animation effect="fade" start="100" end="75" time="200" tween="cubic" easing="out" reversible="true" condition="!Control.HasFocus(20)">Conditional</animation>
							<control type="label">
								<width>820</width>
								<textcolor>DialogTextColor1</textcolor>
								<label>$INFO[ListItem.Label]</label>
							</control>
							<control type="label">
								<width>820</width>
								<align>right</align>
								<textcolor>DialogTextColor1</textcolor>
								<label>$INFO[ListItem.Label2]</label>
							</control>
						</control>
					</focusedlayout>

				</control>

				<!-- Number label -->
				<control type="grouplist">
					<top>708</top>
					<width>820</width>
					<height>44</height>
					<align>right</align>
					<itemgap>6</itemgap>
					<orientation>horizontal</orientation>
					<usecontrolcoords>true</usecontrolcoords>
					<control type="label">
						<top>3</top>
						<width>auto</width>
						<height>44</height>
						<align>right</align>
						<font>Font25</font>
						<label>$INFO[Container(20).NumItems]</label>
						<textcolor>DialogTextColor2</textcolor>
					</control>
					<control type="label">
						<width>auto</width>
						<height>44</height>
						<align>right</align>
						<label>31000</label>
						<font>Font33</font>
						<textcolor>DialogTextColor2</textcolor>
						<visible>!IntegerGreaterThan(Container(20).NumItems,1)</visible>
					</control>
					<control type="label">
						<width>auto</width>
						<height>44</height>
						<align>right</align>
						<label>31001</label>
						<font>Font33</font>
						<textcolor>DialogTextColor2</textcolor>
						<visible>IntegerGreaterThan(Container(20).NumItems,1)</visible>
					</control>
				</control>

			</control>

			<!-- Right group -->
			<control type="group">
				<left>1010</left>
				<top>189</top>
				
				<!-- File list BG -->
				<control type="image">
					<left>-15</left>
					<top>0</top>
					<width>850</width>
					<height>700</height>
					<texture border="5" colordiffuse="SettingsPanelOverlayColor">common/Base.png</texture>
					<aspectratio>stretch</aspectratio>
					<visible></visible>
				</control>

				<!-- Root label -->
				<control type="label" id="102">
					<width>820</width>
					<height>66</height>
					<haspath>true</haspath>
					<textcolor>DialogTextColor1</textcolor>
				</control>

				<!-- Seperator -->
				<control type="image">
					<top>66</top>
					<width>820</width>
					<height>20</height>
					<texture border="1,12,1,1" colordiffuse="DialogOverlayColorNF">common/ScrollBackgroundHorizontal.png</texture>
				</control>

				<!-- Right list -->
				<control type="list" id="21">
					<top>86</top>
					<width>820</width>
					<height>594</height>
					<onleft>20</onleft>
					<onright>noop</onright>
					<onup>noop</onup>
					<ondown>noop</ondown>

					<itemlayout height="66" width="770">
						<control type="label">
							<width>820</width>
							<textcolor>DialogTextColor2</textcolor>
							<label>$INFO[ListItem.Label]</label>
						</control>
						<control type="label">
							<width>820</width>
							<align>right</align>
							<textcolor>DialogTextColor2</textcolor>
							<label>$INFO[ListItem.Label2]</label>
						</control>
					</itemlayout>

					<focusedlayout height="66" width="770">
						<control type="group">
							<animation effect="fade" start="100" end="75" time="200" tween="cubic" easing="out" reversible="true" condition="!Control.HasFocus(21)">Conditional</animation>
							<control type="label">
								<width>820</width>
								<textcolor>DialogTextColor1</textcolor>
								<label>$INFO[ListItem.Label]</label>
							</control>
							<control type="label">
								<width>820</width>
								<align>right</align>
								<textcolor>DialogTextColor1</textcolor>
								<label>$INFO[ListItem.Label2]</label>
							</control>
						</control>
					</focusedlayout>

				</control>

				<!-- Number label -->
				<control type="grouplist">
					<top>708</top>
					<width>820</width>
					<height>44</height>
					<align>right</align>
					<itemgap>6</itemgap>
					<orientation>horizontal</orientation>
					<usecontrolcoords>true</usecontrolcoords>
					<control type="label">
						<top>3</top>
						<width>auto</width>
						<height>44</height>
						<align>right</align>
						<font>Font25</font>
						<label>$INFO[Container(21).NumItems]</label>
						<textcolor>DialogTextColor2</textcolor>
					</control>
					<control type="label">
						<width>auto</width>
						<height>44</height>
						<align>right</align>
						<label>31000</label>
						<font>Font33</font>
						<textcolor>DialogTextColor2</textcolor>
						<visible>!IntegerGreaterThan(Container(21).NumItems,1)</visible>
					</control>
					<control type="label">
						<width>auto</width>
						<height>44</height>
						<align>right</align>
						<label>31001</label>
						<font>Font33</font>
						<textcolor>DialogTextColor2</textcolor>
						<visible>IntegerGreaterThan(Container(21).NumItems,1)</visible>
					</control>
				</control>

			</control>

		</control>

	</controls>

</window>