<includes>

	
	<include name="SettingsDialogNonOSDContent">
		
		<!-- Background -->
		<include>DialogBackgroundImage</include>

		<!-- Heading -->
		<control type="label" id="2">
			<include>DialogHeaderLabelInner</include>
		</control>

		<!-- Close Window Button -->
		<control type="button">
			<description>Close Window button</description>
			<right>100</right>
			<top>21</top>
			<width>120</width>
			<height>50</height>
			<label>[B]x[/B]</label>
			<font>Font42</font>
			<align>center</align>
			<aligny>bottom</aligny>
			<textoffsetx></textoffsetx>
			<textoffsety>-12</textoffsety>
			<onclick>close</onclick>
			<texturefocus border="15" colordiffuse="CommonDialogButtonFO">Buttons/DialogCloseButton.png</texturefocus>
			<texturenofocus border="15" colordiffuse="CommonDialogButtonNF">Buttons/DialogCloseButton.png</texturenofocus>
			<visible>system.getbool(input.enablemouse) + Skin.HasSetting(ShowMouseButtons)</visible>
		</control>
		

		<!-- Group -->
		<control type="group">
			<left>600</left>
			<top>228</top>
			
			<!-- Grouplist (Control Area) -->
			<control type="grouplist" id="5">
				<width>1200</width>
				<height>660</height>
				<itemgap>0</itemgap>
				<onleft>noop</onleft>
				<onright>9001</onright>
				<onup>noop</onup>
				<ondown>9001</ondown>
				<orientation>vertical</orientation>
				<scrolltime tween="sine" easing="out">240</scrolltime>
			</control>
			
			<!-- Default button -->
			<control type="button" id="7">
				<width>1200</width>
				<height>66</height>
			</control>
			
			<!-- Default radiobutton -->
			<!--
			<control type="radiobutton" id="8">
				<width>1200</width>
				<height>66</height>
				<textwidth>1120</textwidth>
			</control>
			-->
			
			<!-- Default radiobutton -->
			<control type="radiobutton" id="8">
				<width>1200</width>
				<height>66</height>
				<radiowidth>50</radiowidth>
				<radioheight>25</radioheight>
				<textureradioonfocus border="1">osd/OSDRadioOn.png</textureradioonfocus>
				<textureradioonnofocus border="1">osd/OSDRadioOn.png</textureradioonnofocus>
				<textureradioofffocus border="1">osd/OSDRadioOff.png</textureradioofffocus>
				<textureradiooffnofocus border="1">osd/OSDRadioOff.png</textureradiooffnofocus>
			</control>
			
			<!-- Default spincontrolex -->
			<control type="spincontrolex" id="9">
				<width>1200</width>
				<height>66</height>
				<textwidth>1120</textwidth>
			</control>
			
			<!-- separator image -->
			<control type="image" id="11">
				<height>2</height>
				<texture colordiffuse="TextColor3" border="1">common/Base.png</texture>
				<aspectratio>stretch</aspectratio>
			</control>
			
			<!-- Default Setting Button -->
			<control type="edit" id="12">
				<top>66</top>
				<width>1040</width>
				<height>66</height>
				<label>-</label>
			</control>

			<!-- Default sliderex -->
			<control type="sliderex" id="13">
				<width>1200</width>
				<height>66</height>
				<sliderwidth>150</sliderwidth>
				<sliderheight>20</sliderheight>
				<texturesliderbar border="10,0,10,0">osd/OSDSliderBack.png</texturesliderbar>
				<textureslidernib border="10,0,10,0">osd/OSDSliderNib.png</textureslidernib>
				<textureslidernibfocus border="10,0,10,0">osd/OSDSliderNib.png</textureslidernibfocus>
			</control>
			
			<!-- Default label -->
			<control type="label" id="14">
				<width>1200</width>
				<height>42</height>
				<font>Font33</font>
				<align>center</align>
				<label>-</label>
				<textcolor>TextColor1</textcolor>
			</control>

		</control>

		<!-- Button grouplist -->
		<control type="grouplist" id="9001">
			<left>600</left>
			<top>926</top>
			<width>1200</width>
			<itemgap>6</itemgap>
			<onleft>noop</onleft>
			<onright>noop</onright>
			<onup>5</onup>
			<ondown>noop</ondown>
			<orientation>horizontal</orientation>

			<!-- OK Button -->
			<control type="button" id="28">
				<width>400</width>
				<label>186</label>
				<include condition="!Skin.HasSetting(DialogButtonStyleJustText)">DialogButtonStyle</include>
			</control>

			<!-- Cancel Button -->
			<control type="button" id="29">
				<width>400</width>
				<label>222</label>
				<include condition="!Skin.HasSetting(DialogButtonStyleJustText)">DialogButtonStyle</include>
			</control>
			
			<!-- clear/settings button Button -->
			<control type="button" id="30">
				<width>400</width>
				<label>222</label>
				<include condition="!Skin.HasSetting(DialogButtonStyleJustText)">DialogButtonStyle</include>
			</control>

		</control>
		
	</include>
	
	<include name="SettingsDialogOSDContent">
		
		<control type="group">
			<left>510</left>
			<top>190</top>
			<!--animation effect="fade" start="100" end="0" time="200" condition="Window.IsVisible(SliderDialog) | Window.IsVisible(FileBrowser)">Conditional</animation-->
				
			<!-- Background -->
			<control type="image">
				<width>910</width>
				<height>700</height>
				<texture>osd/OSDSettingsBack.png</texture>
			</control>
			
			<!-- Close Window Button -->
			<control type="button">
				<description>Close Window button</description>
				<left>780</left>
				<top>0</top>
				<width>120</width>
				<height>50</height>
				<label>[B]x[/B]</label>
				<font>Font42</font>
				<align>center</align>
				<aligny>bottom</aligny>
				<textoffsetx></textoffsetx>
				<textoffsety>-12</textoffsety>
				<onclick condition="Window.IsVisible(osdvideosettings)">Dialog.Close(osdvideosettings,true)</onclick>
				<onclick condition="Window.IsVisible(osdaudiosettings)">Dialog.Close(osdaudiosettings,true)</onclick>
				<texturefocus border="15" colordiffuse="CommonDialogButtonFO">Buttons/DialogCloseButton.png</texturefocus>
				<texturenofocus border="15" colordiffuse="CommonDialogButtonNF">Buttons/DialogCloseButton.png</texturenofocus>
				<visible>system.getbool(input.enablemouse) + Skin.HasSetting(ShowMouseButtons)</visible>
			</control>

			<!-- Heading label -->
			<control type="label" id="2">
				<left>20</left>
				<top>10</top>
				<width>870</width>
				<height>48</height>
				<font>Font48</font>
				<textcolor>DialogTextColor1</textcolor>
				<label>-</label>
			</control>
			
			<!-- Group -->
			<control type="group">

				<!-- Grouplist (Control Area) -->
				<control type="grouplist" id="5">
					<left>20</left>
					<top>80</top>
					<width>870</width>
					<height>611</height>
					<itemgap>6</itemgap>
					<onleft>close</onleft>
					<onright>close</onright>
					<onup>noop</onup>
					<ondown>noop</ondown>
					<orientation>vertical</orientation>
					<scrolltime tween="sine" easing="out">240</scrolltime>
				</control>

				<!-- Default label -->
				<control type="label" id="14">
					<width>870</width>
					<height>42</height>
					<font>Font33</font>
					<align>center</align>
					<label>-</label>
					<textcolor>TextColor1</textcolor>
				</control>

				<!-- Default button -->
				<control type="button" id="7">
					<width>870</width>
					<height>50</height>
					<font>Font30</font>
				</control>

				<!-- Default radiobutton -->
				<control type="radiobutton" id="8">
					<width>870</width>
					<height>50</height>
					<font>Font30</font>
					<radiowidth>40</radiowidth>
					<radioheight>20</radioheight>
					<textureradioonfocus border="1">osd/OSDRadioOn.png</textureradioonfocus>
					<textureradioonnofocus border="1">osd/OSDRadioOn.png</textureradioonnofocus>
					<textureradioofffocus border="1">osd/OSDRadioOff.png</textureradioofffocus>
					<textureradiooffnofocus border="1">osd/OSDRadioOff.png</textureradiooffnofocus>
				</control>

				<!-- Default spincontrolex -->
				<control type="spincontrolex" id="9">
					<width>870</width>
					<height>50</height>
					<font>Font30</font>
				</control>

				<!-- Default sliderex -->
				<control type="sliderex" id="13">
					<width>870</width>
					<height>50</height>
					<font>Font30</font>
					<sliderwidth>150</sliderwidth>
					<sliderheight>20</sliderheight>
					<texturesliderbar border="10,0,10,0">osd/OSDSliderBack.png</texturesliderbar>
					<textureslidernib border="10,0,10,0">osd/OSDSliderNib.png</textureslidernib>
					<textureslidernibfocus border="10,0,10,0">osd/OSDSliderNib.png</textureslidernibfocus>
				</control>
				
				<!-- Default Setting Button -->
				<control type="edit" id="12">
					<width>870</width>
					<height>50</height>
					<font>Font30</font>
					<label>-</label>
				</control>
				
					<!-- separator image -->
					<control type="image" id="11">
						<height>2</height>
						<texture colordiffuse="TextColor3" border="1">common/Base.png</texture>
						<aspectratio>stretch</aspectratio>
					</control>
				
			</control>
			
			<!-- Button grouplist -->
			<control type="grouplist" id="9001">
				<left>600</left>
				<top>926</top>
				<width>1200</width>
				<itemgap>6</itemgap>
				<onleft>noop</onleft>
				<onright>noop</onright>
				<onup>15</onup>
				<ondown>noop</ondown>
				<orientation>horizontal</orientation>
				<visible>false</visible>

				<!-- OK Button -->
				<control type="button" id="28">
					<width>400</width>
					<label>186</label>
					<include condition="!Skin.HasSetting(DialogButtonStyleJustText)">DialogButtonStyle</include>
				</control>

				<!-- Cancel Button -->
				<control type="button" id="29">
					<width>400</width>
					<label>222</label>
					<include condition="!Skin.HasSetting(DialogButtonStyleJustText)">DialogButtonStyle</include>
				</control>
				
				<!-- clear/settings button Button -->
				<control type="button" id="30">
					<width>400</width>
					<label>222</label>
					<include condition="!Skin.HasSetting(DialogButtonStyleJustText)">DialogButtonStyle</include>
				</control>

			</control>

		</control>
		
	</include>
	
</includes>