<?xml version="1.0" encoding="UTF-8"?>
<includes>

	<include name="HomeDefault">
		
		
		<!-- Start Addons in Home -->
				
		<!-- Addon BG if Menubar is Bottom -->
		<control type="group">
			<top>430</top>
			<visible>Skin.HasSetting(BottomMenuBar) + Skin.HasSetting(EnableAddonsInHome) + [Skin.HasSetting(HomeHorizontalText3ItemsBar) | Skin.HasSetting(HomeHorizontalText5ItemsBar) | Skin.HasSetting(HomeHorizontalText7ItemsBar) | [!Skin.HasSetting(HomeHorizontalText3Items) + !Skin.HasSetting(HomeHorizontalText3ItemsBar) + !Skin.HasSetting(HomeHorizontalText5Items) + !Skin.HasSetting(HomeHorizontalText5ItemsBar) + !Skin.HasSetting(HomeHorizontalText7ItemsBar) + !Skin.HasSetting(HomeIconMenuDarkCircles) + !Skin.HasSetting(HomeIconMenuBrightCircles)]]</visible>
			<include>MenuPositionAnimation</include>
			<animation effect="slide" start="0,0" end="0,-30" time="200" condition="Control.HasFocus(9001)">conditional</animation>
			
			<!-- BG Image -->
			<control type="image">
				<left>0</left>
				<top>180</top>
				<width>1920</width>
				<height>350</height>
				<texture colordiffuse="SpecialBottomBarColor">common/Base.png</texture>
				<aspectratio>stretch</aspectratio>
				<visible></visible>
			</control>
			
		</control>
		
		<!-- Addon BG if Menubar is Lowerd -->
		<control type="group">
			<top>430</top>
			<visible>Skin.HasSetting(LowerMenuBar) + Skin.HasSetting(EnableAddonsInHome) + [Skin.HasSetting(HomeHorizontalText3ItemsBar) | Skin.HasSetting(HomeHorizontalText5ItemsBar) | Skin.HasSetting(HomeHorizontalText7ItemsBar) | [!Skin.HasSetting(HomeHorizontalText3Items) + !Skin.HasSetting(HomeHorizontalText3ItemsBar) + !Skin.HasSetting(HomeHorizontalText5Items) + !Skin.HasSetting(HomeHorizontalText5ItemsBar) + !Skin.HasSetting(HomeHorizontalText7ItemsBar) + !Skin.HasSetting(HomeIconMenuDarkCircles) + !Skin.HasSetting(HomeIconMenuBrightCircles)]]</visible>
			<include>MenuPositionAnimation</include>
			
			<!-- BG Image -->
			<control type="image">
				<left>0</left>
				<top>180</top>
				<width>1920</width>
				<height>350</height>
				<texture colordiffuse="E2FFFFFF">fallbacks/Fanartfallback.png</texture>
				<aspectratio>stretch</aspectratio>
				<visible></visible>
			</control>
			
		</control>
				
		
		<control type="group">
			<visible>!Skin.HasSetting(DontUseShortcutScriptToPopulateHomeMenu) + Skin.HasSetting(EnableAddonsInHome)</visible>
			<!-- Addons in Home -->
			<control type="fixedlist" id="700">
				<left>60</left>
				<top>245r</top>
				<width>1800</width>		
				<height>225</height>
				<!--hitrect x="60" y="950" w="1800" h="130" /-->
				<pagecontrol>-</pagecontrol>
				<scrolltime>300</scrolltime>
				<onup>9000</onup>
				<ondown condition="Player.HasMedia + [[Player.HasAudio + Integer.IsGreater(Playlist.Length(music),1)] | [Player.HasVideo + Integer.IsGreater(Playlist.Length(video),1)]]">950</ondown>
				<ondown condition="!Player.HasMedia | [Player.HasMedia + ![[Player.HasAudio + Integer.IsGreater(Playlist.Length(music),1)] | [Player.HasVideo + Integer.IsGreater(Playlist.Length(video),1)]]]">901</ondown>
				<onleft>700</onleft>
				<onright>700</onright>
				<focusposition>4</focusposition>
				<movement>5</movement>
				<orientation>Horizontal</orientation>
				<!--itemgap>300</itemgap-->
				<animation effect="fade" start="100" end="0" time="200" condition="!Control.HasFocus(700) + [Skin.HasSetting(BottomMenuBar) | Skin.HasSetting(HideAddonsIfNotOnFocus)]">conditional</animation>
				<!--animation effect="slide" start="0,0" end="0,100" time="0" condition="!Control.HasFocus(700) + Skin.HasSetting(BottomMenuBar)">conditional</animation-->
				
				<animation effect="slide" start="0,0" end="90,0" time="0" condition="StringCompare(Container(700).NumItems,1) | StringCompare(Container(700).NumItems,3) | StringCompare(Container(700).NumItems,5) | StringCompare(Container(700).NumItems,7) | StringCompare(Container(700).NumItems,9)">conditional</animation>  <!-- Zentrierung bei gerader Anzahl Items -->
				
				<itemlayout height="180" width="180">
					<control type="image">
						<left>5</left>
						<top>1</top>
						<width>170</width>
						<height>170</height>
						<texture background="true" colordiffuse="$VAR[UnfocusColordiffuse]">$INFO[ListItem.Icon]</texture>
						<aspectratio>stretch</aspectratio>
						<include>BorderTextureNF</include>
						<bordersize>5</bordersize>
					</control>
				</itemlayout>
				<focusedlayout height="180" width="180">
					<control type="image">
						<left>5</left>
						<top>1</top>
						<width>170</width>
						<height>170</height>
						<texture background="true" colordiffuse="$VAR[UnfocusColordiffuse]">$INFO[ListItem.Icon]</texture>
						<aspectratio>stretch</aspectratio>
						<include>BorderTextureNF</include>
						<bordersize>5</bordersize>
						<visible>!Control.HasFocus(700)</visible>
					</control>
					<control type="image">
						<left>5</left>
						<top>1</top>
						<width>170</width>
						<height>170</height>
						<texture background="true">$INFO[ListItem.Icon]</texture>
						<aspectratio>stretch</aspectratio>
						<include condition="!Skin.HasSetting(FocusStyleDarkBright)">BorderTextureFO</include>
						<include condition="Skin.HasSetting(FocusStyleDarkBright)">BorderTextureNF</include>
						<bordersize>5</bordersize>
						<visible>Control.HasFocus(700)</visible>
					</control>
				</focusedlayout>
				
				<content>
					<include>skinshortcuts-submenu-1</include>
				</content>
				
			</control>
		</control>
		
		
		<!-- Start Spez.HomeMenu - Addons in Home -->
		<control type="group">
			<animation effect="fade" start="100" end="0" time="200" condition="!Control.HasFocus(700) + [Skin.HasSetting(BottomMenuBar) | Skin.HasSetting(HideAddonsIfNotOnFocus)]">conditional</animation>
			<include condition="Skin.HasSetting(DontUseShortcutScriptToPopulateHomeMenu) + Skin.HasSetting(UseAddonsinHome)">SpezHomeMenuAddonsInHomeHorizontal</include>
		</control>
		
		<!-- End Addons in Home -->
		
		
		
		<!-- Start Widgets Content -->
		
		<!-- Widget Movies (Multiwidget) -->
		<control type="grouplist" id="9002">
			<include>WidgetPositionAnimation</include>
			<orientation>vertical</orientation>
			<left>317</left>
			<top>278</top>
			<height>430</height>
			<scrolltime tween="cubic" easing="out">500</scrolltime>
			<itemgap>0</itemgap>
			<animation effect="fade" start="0" end="100" time="0" condition="ControlGroup(9002).HasFocus | Skin.HasSetting(LowerMenuBar) | Skin.HasSetting(BottomMenuBar)">conditional</animation>

			<visible>[StringCompare(Container(9000).ListItem.Property(Widget),MoviesWidgetMulti) + !Skin.HasSetting(DontUseShortcutScriptToPopulateHomeMenu)] | [Container(9000).HasFocus(8) + Skin.HasSetting(DontUseShortcutScriptToPopulateHomeMenu) + !Skin.HasSetting(DontShowMoviesWidget)]</visible>
			
			<!--animation effect="slide" start="10,0" end="0,0" time="200">Visible</animation-->
			
			<!-- In Progress Movies -->
			<include content="WidgetLayoutAll">
				<param name="widget_header" value="$LOCALIZE[31261]"/>
				<param name="Widgetcontent_path" value="special://skin/extras/SkinPlaylists/movies/inprogress_movies.xsp"/>
				<param name="widgetcontent_target" value="videos"/>
				<param name="widgetcontent_sortby" value="random"/>
				<param name="widgetcontent_sortorder" value="descending"/>
				<param name="Widgetlist_id" value="9020"/>
				<param name="Widgetonup_id" value="9000"/>
				<param name="Widgetondown_id" value="9021"/>
				<param name="Widgetlist_height" value="430"/>
				<param name="Widgetlist_width" value="1285"/>
				<param name="Widgetlist_visible" value="Integer.IsGreater(Container(9020).NumItems,0) | Container(9020).IsUpdating"/>
			</include>
			<!-- Recently Added Movies -->
			<include content="WidgetLayoutAll">
				<param name="widget_header" value="$LOCALIZE[31037] $LOCALIZE[20342]"/>
				<param name="Widgetcontent_path" value="videodb://movies/titles/"/>
				<param name="widgetcontent_target" value="videos"/>
				<param name="widgetcontent_sortby" value="dateadded"/>
				<param name="widgetcontent_sortorder" value="descending"/>
				<param name="Widgetlist_id" value="9021"/>
				<param name="Widgetonup_id" value="9020"/>
				<param name="Widgetondown_id" value="9022"/>
				<param name="Widgetlist_height" value="430"/>
				<param name="Widgetlist_width" value="1285"/>
				<param name="Widgetlist_visible" value="Integer.IsGreater(Container(9021).NumItems,0) | Container(9021).IsUpdating"/>  <!-- [IntegerGreaterThan(Container($PARAM[Widgetlist_id]).NumItems,0) | Container($PARAM[Widgetlist_id]).IsUpdating] -->
			</include>
			<!-- Random Movies -->
			<include content="WidgetLayoutAll">
				<param name="widget_header" value="$LOCALIZE[31038] $LOCALIZE[20342]"/>
				<param name="Widgetcontent_path" value="videodb://movies/titles/"/>
				<param name="widgetcontent_target" value="videos"/>
				<param name="widgetcontent_sortby" value="random"/>
				<param name="widgetcontent_sortorder" value="descending"/>
				<param name="Widgetlist_id" value="9022"/>
				<param name="Widgetonup_id" value="9021"/>
				<param name="Widgetondown_id" value="9023"/>
				<param name="Widgetlist_height" value="430"/>
				<param name="Widgetlist_width" value="1285"/>
				<param name="Widgetlist_visible" value="Integer.IsGreater(Container(9022).NumItems,0) | Container(9022).IsUpdating"/>
			</include>
			<!-- Recently Watched Movies -->
			<include content="WidgetLayoutAll">
				<param name="widget_header" value="$LOCALIZE[31039] $LOCALIZE[20342]"/>
				<param name="Widgetcontent_path" value="videodb://movies/titles/"/>
				<param name="widgetcontent_target" value="videos"/>
				<param name="widgetcontent_sortby" value="lastplayed"/>
				<param name="widgetcontent_sortorder" value="descending"/>
				<param name="Widgetlist_id" value="9023"/>
				<param name="Widgetonup_id" value="9022"/>
				<param name="Widgetondown_id" value="9024"/>
				<param name="Widgetlist_height" value="430"/>
				<param name="Widgetlist_width" value="1285"/>
				<param name="Widgetlist_visible" value="Integer.IsGreater(Container(9023).NumItems,0) | Container(9023).IsUpdating"/>
			</include>
			<!-- Unwatched Movies -->
			<include content="WidgetLayoutAll">
				<param name="widget_header" value="$LOCALIZE[16101] $LOCALIZE[20342]"/>
				<param name="Widgetcontent_path" value="special://skin/extras/SkinPlaylists/movies/unwatched_movies.xsp"/>
				<param name="widgetcontent_target" value="videos"/>
				<param name="widgetcontent_sortby" value="random"/>
				<param name="widgetcontent_sortorder" value="descending"/>
				<param name="Widgetlist_id" value="9024"/>
				<param name="Widgetonup_id" value="9023"/>
				<param name="Widgetondown_id" value="9000"/>
				<param name="Widgetlist_height" value="430"/>
				<param name="Widgetlist_width" value="1285"/>
				<param name="Widgetlist_visible" value="Integer.IsGreater(Container(9024).NumItems,0) | Container(9024).IsUpdating"/>
			</include>
		
		</control>
			
		<!-- Widget TVShows (Multiwidget) -->
		<control type="grouplist" id="9002">
			<include>WidgetPositionAnimation</include>
			<orientation>vertical</orientation>
			<left>317</left>
			<top>278</top>
			<height>430</height>
			<scrolltime tween="cubic" easing="out">500</scrolltime>
			<itemgap>0</itemgap>
			<animation effect="fade" start="0" end="100" time="0" condition="ControlGroup(9002).HasFocus | Skin.HasSetting(LowerMenuBar) | Skin.HasSetting(BottomMenuBar)">conditional</animation>

			<visible>[StringCompare(Container(9000).ListItem.Property(Widget),TVShowsWidgetMulti) + !Skin.HasSetting(DontUseShortcutScriptToPopulateHomeMenu)] | [Container(9000).HasFocus(9) + Skin.HasSetting(DontUseShortcutScriptToPopulateHomeMenu) + !Skin.HasSetting(DontShowTVShowsWidget)]</visible>
			
			<!-- In Progress TV Shows -->
			<include content="WidgetLayoutAll">
				<param name="widget_header" value="$LOCALIZE[626]"/>
				<param name="Widgetcontent_path" value="videodb://inprogresstvshows"/>  <!-- ** Krypton Change ** old:library://video/inprogressshows.xml -->
				<param name="widgetcontent_target" value="videos"/>
				<param name="widgetcontent_sortby" value=""/>
				<param name="widgetcontent_sortorder" value="descending"/>
				<param name="Widgetlist_id" value="9030"/>
				<param name="Widgetonup_id" value="9000"/>
				<param name="Widgetondown_id" value="9031"/>
				<param name="Widgetlist_height" value="430"/>
				<param name="Widgetlist_width" value="1285"/>
				<param name="Widgetlist_visible" value="Integer.IsGreater(Container(9030).NumItems,0) | Container(9030).IsUpdating"/>
			</include>
			<!-- Recently Added Episodes -->
			<include content="WidgetLayoutAll">
				<param name="widget_header" value="$LOCALIZE[31037] $LOCALIZE[20360]"/>
				<param name="Widgetcontent_path" value="videodb://tvshows/titles/-1/-1/"/>
				<param name="widgetcontent_target" value="videos"/>
				<param name="widgetcontent_sortby" value="dateadded"/>
				<param name="widgetcontent_sortorder" value="descending"/>
				<param name="Widgetlist_id" value="9031"/>
				<param name="Widgetonup_id" value="9030"/>
				<param name="Widgetondown_id" value="9032"/>
				<param name="Widgetlist_height" value="430"/>
				<param name="Widgetlist_width" value="1285"/>
				<param name="Widgetlist_visible" value="Integer.IsGreater(Container(9031).NumItems,0) | Container(9031).IsUpdating"/>
			</include>
			<!-- Random Episodes -->
			<include content="WidgetLayoutAll">
				<param name="widget_header" value="$LOCALIZE[31038] $LOCALIZE[20360]"/>
				<param name="Widgetcontent_path" value="videodb://tvshows/titles/-1/-1/"/>
				<param name="widgetcontent_target" value="videos"/>
				<param name="widgetcontent_sortby" value="random"/>
				<param name="widgetcontent_sortorder" value="descending"/>
				<param name="Widgetlist_id" value="9032"/>
				<param name="Widgetonup_id" value="9031"/>
				<param name="Widgetondown_id" value="9033"/>
				<param name="Widgetlist_height" value="430"/>
				<param name="Widgetlist_width" value="1285"/>
				<param name="Widgetlist_visible" value="Integer.IsGreater(Container(9032).NumItems,0) | Container(9032).IsUpdating"/>
			</include>
			<!-- Recently Played Episodes -->
			<include content="WidgetLayoutAll">
				<param name="widget_header" value="$LOCALIZE[31039] $LOCALIZE[20360]"/>
				<param name="Widgetcontent_path" value="videodb://tvshows/titles/-1/-1/"/>
				<param name="widgetcontent_target" value="videos"/>
				<param name="widgetcontent_sortby" value="lastplayed"/>
				<param name="widgetcontent_sortorder" value="descending"/>
				<param name="Widgetlist_id" value="9033"/>
				<param name="Widgetonup_id" value="9032"/>
				<param name="Widgetondown_id" value="9034"/>
				<param name="Widgetlist_height" value="430"/>
				<param name="Widgetlist_width" value="1285"/>
				<param name="Widgetlist_visible" value="Integer.IsGreater(Container(9033).NumItems,0) | Container(9033).IsUpdating"/>
			</include>
			<!-- Unwatched TV Shows -->
			<include content="WidgetLayoutAll">
				<param name="widget_header" value="$LOCALIZE[16101] $LOCALIZE[20343]"/>
				<param name="Widgetcontent_path" value="special://skin/extras/SkinPlaylists/tvshows/unwatched_tvshows.xsp"/>
				<param name="widgetcontent_target" value="videos"/>
				<param name="widgetcontent_sortby" value=""/>
				<param name="widgetcontent_sortorder" value="descending"/>
				<param name="Widgetlist_id" value="9034"/>
				<param name="Widgetonup_id" value="9033"/>
				<param name="Widgetondown_id" value="9000"/>
				<param name="Widgetlist_height" value="430"/>
				<param name="Widgetlist_width" value="1285"/>
				<param name="Widgetlist_visible" value="Integer.IsGreater(Container(9034).NumItems,0) | Container(9034).IsUpdating"/>
			</include>
		
		</control>
			
		<!-- Widget MusicVideos (Multiwidget) -->
		<control type="grouplist" id="9002">
			<include>WidgetPositionAnimation</include>
			<orientation>vertical</orientation>
			<left>317</left>
			<top>278</top>
			<height>430</height>
			<scrolltime tween="cubic" easing="out">500</scrolltime>
			<itemgap>0</itemgap>
			<animation effect="fade" start="0" end="100" time="0" condition="ControlGroup(9002).HasFocus | Skin.HasSetting(LowerMenuBar) | Skin.HasSetting(BottomMenuBar)">conditional</animation>

			<visible>[StringCompare(Container(9000).ListItem.Property(Widget),MusicVideosWidgetMulti) + !Skin.HasSetting(DontUseShortcutScriptToPopulateHomeMenu)] | [Container(9000).HasFocus(6) + Skin.HasSetting(DontUseShortcutScriptToPopulateHomeMenu) + !Skin.HasSetting(DontShowMusicVideosWidget)]</visible>
			
			<!-- Recently Played MusicVideos -->
			<include content="WidgetLayoutAll">
				<param name="widget_header" value="$LOCALIZE[31039] $LOCALIZE[20389]"/>
				<param name="Widgetcontent_path" value="videodb://musicvideos/titles/"/>
				<param name="widgetcontent_target" value="videos"/>
				<param name="widgetcontent_sortby" value="lastplayed"/>
				<param name="widgetcontent_sortorder" value="descending"/>
				<param name="Widgetlist_id" value="9040"/>
				<param name="Widgetonup_id" value="9000"/>
				<param name="Widgetondown_id" value="9041"/>
				<param name="Widgetlist_height" value="430"/>
				<param name="Widgetlist_width" value="1285"/>
				<param name="Widgetlist_visible" value="Integer.IsGreater(Container(9040).NumItems,0) | Container(9040).IsUpdating"/>
			</include>
			<!-- Recently Added MusicVideos -->
			<include content="WidgetLayoutAll">
				<param name="widget_header" value="$LOCALIZE[31037] $LOCALIZE[20389]"/>
				<param name="Widgetcontent_path" value="videodb://musicvideos/titles/"/>
				<param name="widgetcontent_target" value="videos"/>
				<param name="widgetcontent_sortby" value="dateadded"/>
				<param name="widgetcontent_sortorder" value="descending"/>
				<param name="Widgetlist_id" value="9041"/>
				<param name="Widgetonup_id" value="9040"/>
				<param name="Widgetondown_id" value="9042"/>
				<param name="Widgetlist_height" value="430"/>
				<param name="Widgetlist_width" value="1285"/>
				<param name="Widgetlist_visible" value="Integer.IsGreater(Container(9041).NumItems,0) | Container(9041).IsUpdating"/>
			</include>
			<!-- Random MusicVideos -->
			<include content="WidgetLayoutAll">
				<param name="widget_header" value="$LOCALIZE[31038] $LOCALIZE[20389]"/>
				<param name="Widgetcontent_path" value="videodb://musicvideos/titles/"/>
				<param name="widgetcontent_target" value="videos"/>
				<param name="widgetcontent_sortby" value="random"/>
				<param name="widgetcontent_sortorder" value="descending"/>
				<param name="Widgetlist_id" value="9042"/>
				<param name="Widgetonup_id" value="9041"/>
				<param name="Widgetondown_id" value="9000"/>
				<param name="Widgetlist_height" value="430"/>
				<param name="Widgetlist_width" value="1285"/>
				<param name="Widgetlist_visible" value="Integer.IsGreater(Container(9042).NumItems,0) | Container(9042).IsUpdating"/>
			</include>
	
		</control>
			
		<!-- Widget Music (Multiwidget) -->
		<control type="grouplist" id="9002">
			<include>WidgetPositionAnimation</include>
			<orientation>vertical</orientation>
			<left>317</left>
			<top>278</top>
			<height>430</height>
			<scrolltime tween="cubic" easing="out">500</scrolltime>
			<itemgap>0</itemgap>
			<animation effect="fade" start="0" end="100" time="0" condition="ControlGroup(9002).HasFocus | Skin.HasSetting(LowerMenuBar) | Skin.HasSetting(BottomMenuBar)">conditional</animation>

			<visible>[StringCompare(Container(9000).ListItem.Property(Widget),MusicWidgetMulti) + !Skin.HasSetting(DontUseShortcutScriptToPopulateHomeMenu)] | [Container(9000).HasFocus(5) + Skin.HasSetting(DontUseShortcutScriptToPopulateHomeMenu) + !Skin.HasSetting(DontShowMusicWidget)]</visible>
			
			<!-- Recently Added Albums -->
			<include content="WidgetLayoutAll">
				<param name="widget_header" value="$LOCALIZE[31037] $LOCALIZE[36919]"/>
				<param name="Widgetcontent_path" value="musicdb://albums/"/>
				<param name="widgetcontent_target" value="music"/>
				<param name="widgetcontent_sortby" value="dateadded"/>
				<param name="widgetcontent_sortorder" value="descending"/>
				<param name="Widgetlist_id" value="9050"/>
				<param name="Widgetonup_id" value="9000"/>
				<param name="Widgetondown_id" value="9051"/>
				<param name="Widgetlist_height" value="430"/>
				<param name="Widgetlist_width" value="1285"/>
				<param name="Widgetlist_visible" value="Integer.IsGreater(Container(9051).NumItems,0) | Container(9051).IsUpdating"/>
			</include>
			<!-- Recently Played Albums -->
			<include content="WidgetLayoutAll">
				<param name="widget_header" value="$LOCALIZE[31039] $LOCALIZE[36919]"/>
				<param name="Widgetcontent_path" value="musicdb://albums/"/>
				<param name="widgetcontent_target" value="music"/>
				<param name="widgetcontent_sortby" value="lastplayed"/>
				<param name="widgetcontent_sortorder" value="descending"/>
				<param name="Widgetlist_id" value="9051"/>
				<param name="Widgetonup_id" value="9050"/>
				<param name="Widgetondown_id" value="9052"/>
				<param name="Widgetlist_height" value="430"/>
				<param name="Widgetlist_width" value="1285"/>
				<param name="Widgetlist_visible" value="Integer.IsGreater(Container(9050).NumItems,0) | Container(9050).IsUpdating"/>
			</include>
			<!-- Random Albums -->
			<include content="WidgetLayoutAll">
				<param name="widget_header" value="$LOCALIZE[31038] $LOCALIZE[36919]"/>
				<param name="Widgetcontent_path" value="musicdb://albums/"/>
				<param name="widgetcontent_target" value="music"/>
				<param name="widgetcontent_sortby" value="random"/>
				<param name="widgetcontent_sortorder" value="descending"/>
				<param name="Widgetlist_id" value="9052"/>
				<param name="Widgetonup_id" value="9051"/>
				<param name="Widgetondown_id" value="9053"/>
				<param name="Widgetlist_height" value="430"/>
				<param name="Widgetlist_width" value="1285"/>
				<param name="Widgetlist_visible" value="Integer.IsGreater(Container(9052).NumItems,0) | Container(9052).IsUpdating"/>
			</include>
			
			<!-- Recently Added Songs (Singles) -->
			<include content="WidgetLayoutAll">
				<param name="widget_header" value="$LOCALIZE[31037] $LOCALIZE[36921] (Singles)"/>
				<param name="Widgetcontent_path" value="library://music/singles.xml"/>    <!-- musicdb://songs/ -->
				<param name="widgetcontent_target" value="music"/>
				<param name="widgetcontent_sortby" value="dateadded"/>
				<param name="widgetcontent_sortorder" value="descending"/>
				<param name="Widgetlist_id" value="9053"/>
				<param name="Widgetonup_id" value="9052"/>
				<param name="Widgetondown_id" value="9054"/>
				<param name="Widgetlist_height" value="430"/>
				<param name="Widgetlist_width" value="1285"/>
				<param name="Widgetlist_visible" value="Integer.IsGreater(Container(9054).NumItems,0) | Container(9054).IsUpdating"/>
			</include>
			<!-- Recently Played Songs -->
			<include content="WidgetLayoutAll">
				<param name="widget_header" value="$LOCALIZE[31039] $LOCALIZE[36921]"/>
				<param name="Widgetcontent_path" value="musicdb://songs/"/>
				<param name="widgetcontent_target" value="music"/>
				<param name="widgetcontent_sortby" value="lastplayed"/>
				<param name="widgetcontent_sortorder" value="descending"/>
				<param name="Widgetlist_id" value="9054"/>
				<param name="Widgetonup_id" value="9053"/>
				<param name="Widgetondown_id" value="9055"/>
				<param name="Widgetlist_height" value="430"/>
				<param name="Widgetlist_width" value="1285"/>
				<param name="Widgetlist_visible" value="Integer.IsGreater(Container(9053).NumItems,0) | Container(9053).IsUpdating"/>
			</include>
			<!-- Random Songs -->
			<include content="WidgetLayoutAll">
				<param name="widget_header" value="$LOCALIZE[31038] $LOCALIZE[36921]"/>
				<param name="Widgetcontent_path" value="musicdb://songs/"/>
				<param name="widgetcontent_target" value="music"/>
				<param name="widgetcontent_sortby" value="random"/>
				<param name="widgetcontent_sortorder" value="descending"/>
				<param name="Widgetlist_id" value="9055"/>
				<param name="Widgetonup_id" value="9054"/>
				<param name="Widgetondown_id" value="9056"/>
				<param name="Widgetlist_height" value="430"/>
				<param name="Widgetlist_width" value="1285"/>
				<param name="Widgetlist_visible" value="Integer.IsGreater(Container(9055).NumItems,0) | Container(9055).IsUpdating"/>
			</include>
			
			<!-- Random Artists -->
			<include content="WidgetLayoutAll">
				<param name="widget_header" value="$LOCALIZE[31038] $LOCALIZE[36917]"/>
				<param name="Widgetcontent_path" value="special://skin/extras/SkinPlaylists/music/random_artists.xsp"/>
				<param name="widgetcontent_target" value="music"/>
				<param name="widgetcontent_sortby" value="random"/>
				<param name="widgetcontent_sortorder" value="descending"/>
				<param name="Widgetlist_id" value="9056"/>
				<param name="Widgetonup_id" value="9055"/>
				<param name="Widgetondown_id" value="9057"/>
				<param name="Widgetlist_height" value="430"/>
				<param name="Widgetlist_width" value="1285"/>
				<param name="Widgetlist_visible" value="Integer.IsGreater(Container(9056).NumItems,0) | Container(9056).IsUpdating"/>
			</include>
			<!-- Most playe Albums -->
			<include content="WidgetLayoutAll">
				<param name="widget_header" value="$LOCALIZE[31280]"/>
				<param name="Widgetcontent_path" value="special://skin/extras/SkinPlaylists/music/mostplayed_albums.xsp"/>
				<param name="widgetcontent_target" value="music"/>
				<param name="widgetcontent_sortby" value="random"/>
				<param name="widgetcontent_sortorder" value="descending"/>
				<param name="Widgetlist_id" value="9057"/>
				<param name="Widgetonup_id" value="9056"/>
				<param name="Widgetondown_id" value="9000"/>
				<param name="Widgetlist_height" value="430"/>
				<param name="Widgetlist_width" value="1285"/>
				<param name="Widgetlist_visible" value="Integer.IsGreater(Container(9057).NumItems,0) | Container(9057).IsUpdating"/>
			</include>
		
		</control>
		
		<!-- Widget Addons (Multiwidget) -->
		<control type="grouplist" id="9002">
			<include>WidgetPositionAnimation</include>
			<orientation>vertical</orientation>
			<left>317</left>
			<top>278</top>
			<height>330</height>
			<scrolltime tween="cubic" easing="out">500</scrolltime>
			<itemgap>0</itemgap>
			<animation effect="fade" start="0" end="100" time="0" condition="ControlGroup(9002).HasFocus | Skin.HasSetting(LowerMenuBar) | Skin.HasSetting(BottomMenuBar)">conditional</animation>

			<visible>[StringCompare(Container(9000).ListItem.Property(Widget),AddonsWidgetMulti) + !Skin.HasSetting(DontUseShortcutScriptToPopulateHomeMenu)] | [Container(9000).HasFocus(15) + Skin.HasSetting(DontUseShortcutScriptToPopulateHomeMenu) + !Skin.HasSetting(DontShowAddonsWidget)]</visible>
			
			<!-- Video Addons -->
			<include content="WidgetLayoutAddons">
				<param name="widget_header" value="$LOCALIZE[1037]"/>
				<param name="Widgetcontent_path" value="addons://sources/video"/>
				<param name="widgetcontent_target" value="videos"/>
				<param name="widgetcontent_sortby" value="lastused"/>
				<param name="widgetcontent_sortorder" value="descending"/>
				<param name="Widgetlist_id" value="9060"/>
				<param name="Widgetonup_id" value="9000"/>
				<param name="Widgetondown_id" value="9061"/>
				<param name="Widgetlist_height" value="330"/>
				<param name="Widgetlist_width" value="1285"/>
				<param name="Widgetlist_visible" value="Integer.IsGreater(Container(9060).NumItems,0) | Container(9060).IsUpdating"/>  <!-- Integer.IsGreater(Container(9060).NumItems,0) | !String.IsEmpty(Container(9060).ListItemPosition(0).Label) -->
			</include>
			<!-- Music Addons -->
			<include content="WidgetLayoutAddons">
				<param name="widget_header" value="$LOCALIZE[1038]"/>
				<param name="Widgetcontent_path" value="addons://sources/audio"/>
				<param name="widgetcontent_target" value="music"/>
				<param name="widgetcontent_sortby" value="lastused"/>
				<param name="widgetcontent_sortorder" value="descending"/>
				<param name="Widgetlist_id" value="9061"/>
				<param name="Widgetonup_id" value="9060"/>
				<param name="Widgetondown_id" value="9062"/>
				<param name="Widgetlist_height" value="330"/>
				<param name="Widgetlist_width" value="1285"/>
				<param name="Widgetlist_visible" value="Integer.IsGreater(Container(9061).NumItems,0) | Container(9061).IsUpdating"/>
			</include>
			<!-- Picture Addons -->
			<include content="WidgetLayoutAddons">
				<param name="widget_header" value="$LOCALIZE[1039]"/>
				<param name="Widgetcontent_path" value="addons://sources/image"/>
				<param name="widgetcontent_target" value="pictures"/>
				<param name="widgetcontent_sortby" value="lastused"/>
				<param name="widgetcontent_sortorder" value="descending"/>
				<param name="Widgetlist_id" value="9062"/>
				<param name="Widgetonup_id" value="9061"/>
				<param name="Widgetondown_id" value="9063"/>
				<param name="Widgetlist_height" value="330"/>
				<param name="Widgetlist_width" value="1285"/>
				<param name="Widgetlist_visible" value="Integer.IsGreater(Container(9062).NumItems,0) | Container(9062).IsUpdating"/>
			</include>
			<!-- Program Addons -->
			<include content="WidgetLayoutAddons">
				<param name="widget_header" value="$LOCALIZE[1043]"/>
				<param name="Widgetcontent_path" value="addons://sources/executable"/>
				<param name="widgetcontent_target" value="programs"/>
				<param name="widgetcontent_sortby" value="lastused"/>
				<param name="widgetcontent_sortorder" value="descending"/>
				<param name="Widgetlist_id" value="9063"/>
				<param name="Widgetonup_id" value="9062"/>
				<param name="Widgetondown_id" value="9064"/>
				<param name="Widgetlist_height" value="330"/>
				<param name="Widgetlist_width" value="1285"/>
				<param name="Widgetlist_visible" value="Integer.IsGreater(Container(9063).NumItems,0) | Container(9063).IsUpdating"/>
			</include>
			<!-- Android Apps -->
			<include content="WidgetLayoutAddons">
				<param name="widget_header" value="$LOCALIZE[20244]"/>
				<param name="Widgetcontent_path" value="androidapp://sources/apps/"/>
				<param name="widgetcontent_target" value="programs"/>
				<param name="widgetcontent_sortby" value="lastused"/>
				<param name="widgetcontent_sortorder" value="descending"/>
				<param name="Widgetlist_id" value="9064"/>
				<param name="Widgetonup_id" value="9063"/>
				<param name="Widgetondown_id" value="9000"/>
				<param name="Widgetlist_height" value="330"/>
				<param name="Widgetlist_width" value="1285"/>
				<param name="Widgetlist_visible" value="System.Platform.Android + [Integer.IsGreater(Container(9064).NumItems,0) | Container(9064).IsUpdating]"/>
			</include>
		
		</control>
		
		<!-- Widget PVR-TV (Multiwidget) -->
		<control type="grouplist" id="9002">
			<include>WidgetPositionAnimation</include>
			<orientation>vertical</orientation>
			<left>317</left>
			<top>278</top>
			<height>430</height>
			<scrolltime tween="cubic" easing="out">500</scrolltime>
			<itemgap>0</itemgap>
			<animation effect="fade" start="0" end="100" time="0" condition="ControlGroup(9002).HasFocus | Skin.HasSetting(LowerMenuBar) | Skin.HasSetting(BottomMenuBar)">conditional</animation>

			<visible>[StringCompare(Container(9000).ListItem.Property(Widget),TVWidgetMulti) + !Skin.HasSetting(DontUseShortcutScriptToPopulateHomeMenu)] | [Container(9000).HasFocus(10) + Skin.HasSetting(DontUseShortcutScriptToPopulateHomeMenu) + !Skin.HasSetting(DontShowTVWidget)]</visible>
			
			<!-- Recently Watched Channels -->
			<include content="WidgetLayoutPVR">
				<param name="widget_header" value="$LOCALIZE[31304]"/>  <!-- $LOCALIZE[ ] -->
				<param name="Widgetcontent_path" value="pvr://channels/tv/*?view=lastplayed"/>
				<param name="widgetcontent_target" value="pvr"/>
				<param name="widgetcontent_sortby" value="lastused"/>
				<param name="widgetcontent_sortorder" value="descending"/>
				<param name="Widgetlist_id" value="9090"/>
				<param name="Widgetonup_id" value="9000"/>
				<param name="Widgetondown_id" value="9091"/>
				<param name="Widgetlist_height" value="430"/>
				<param name="Widgetlist_width" value="1285"/>
				<param name="Widgetlist_visible" value="Integer.IsGreater(Container(9090).NumItems,0) | Container(9090).IsUpdating"/>  <!-- Integer.IsGreater(Container(9060).NumItems,0) | !String.IsEmpty(Container(9060).ListItemPosition(0).Label) -->
			</include>
			<!-- All Channels -->
			<include content="WidgetLayoutPVR">
				<param name="widget_header" value="$LOCALIZE[19217]"/>  <!-- 19287 -->
				<param name="Widgetcontent_path" value="pvr://channels/tv/*"/>
				<param name="widgetcontent_target" value="pvr"/>
				<param name="widgetcontent_sortby" value=""/>
				<param name="widgetcontent_sortorder" value="descending"/>
				<param name="Widgetlist_id" value="9091"/>
				<param name="Widgetonup_id" value="9090"/>
				<param name="Widgetondown_id" value="9092"/>
				<param name="Widgetlist_height" value="430"/>
				<param name="Widgetlist_width" value="1285"/>
				<param name="Widgetlist_visible" value="Integer.IsGreater(Container(9091).NumItems,0) | Container(9091).IsUpdating"/>
			</include>
			<!-- Recordings -->
			<include content="WidgetLayoutPVR">
				<param name="widget_header" value="$LOCALIZE[19017]"/>
				<param name="Widgetcontent_path" value="pvr://recordings/tv/active?view=flat"/>
				<param name="widgetcontent_target" value="pvr"/>
				<param name="widgetcontent_sortby" value="lastused"/>
				<param name="widgetcontent_sortorder" value="descending"/>
				<param name="Widgetlist_id" value="9092"/>
				<param name="Widgetonup_id" value="9091"/>
				<param name="Widgetondown_id" value="9000"/>
				<param name="Widgetlist_height" value="430"/>
				<param name="Widgetlist_width" value="1285"/>
				<param name="Widgetlist_visible" value="Integer.IsGreater(Container(9092).NumItems,0) | Container(9092).IsUpdating"/>
			</include>
		
		</control>
		
		<!-- Widget PVR-Radio (Multiwidget) -->
		<control type="grouplist" id="9002">
			<include>WidgetPositionAnimation</include>
			<orientation>vertical</orientation>
			<left>317</left>
			<top>278</top>
			<height>430</height>
			<scrolltime tween="cubic" easing="out">500</scrolltime>
			<itemgap>0</itemgap>
			<animation effect="fade" start="0" end="100" time="0" condition="ControlGroup(9002).HasFocus | Skin.HasSetting(LowerMenuBar) | Skin.HasSetting(BottomMenuBar)">conditional</animation>

			<visible>[StringCompare(Container(9000).ListItem.Property(Widget),RadioWidgetMulti) + !Skin.HasSetting(DontUseShortcutScriptToPopulateHomeMenu)] | [Container(9000).HasFocus(11) + Skin.HasSetting(DontUseShortcutScriptToPopulateHomeMenu) + !Skin.HasSetting(DontShowRadioWidget)]</visible>
			
			<!-- Recently Watched Channels -->
			<include content="WidgetLayoutPVR">
				<param name="widget_header" value="$LOCALIZE[31304]"/>  <!-- $LOCALIZE[ ] -->
				<param name="Widgetcontent_path" value="pvr://channels/radio/*?view=lastplayed"/>
				<param name="widgetcontent_target" value="pvr"/>
				<param name="widgetcontent_sortby" value="lastused"/>
				<param name="widgetcontent_sortorder" value="descending"/>
				<param name="Widgetlist_id" value="9095"/>
				<param name="Widgetonup_id" value="9000"/>
				<param name="Widgetondown_id" value="9096"/>
				<param name="Widgetlist_height" value="430"/>
				<param name="Widgetlist_width" value="1285"/>
				<param name="Widgetlist_visible" value="Integer.IsGreater(Container(9095).NumItems,0) | Container(9095).IsUpdating"/>  <!-- Integer.IsGreater(Container(9060).NumItems,0) | !String.IsEmpty(Container(9060).ListItemPosition(0).Label) -->
			</include>
			<!-- All Channels -->
			<include content="WidgetLayoutPVR">
				<param name="widget_header" value="$LOCALIZE[19216]"/>
				<param name="Widgetcontent_path" value="pvr://channels/radio/*"/>
				<param name="widgetcontent_target" value="pvr"/>
				<param name="widgetcontent_sortby" value="lastused"/>
				<param name="widgetcontent_sortorder" value="descending"/>
				<param name="Widgetlist_id" value="9096"/>
				<param name="Widgetonup_id" value="9095"/>
				<param name="Widgetondown_id" value="9097"/>
				<param name="Widgetlist_height" value="430"/>
				<param name="Widgetlist_width" value="1285"/>
				<param name="Widgetlist_visible" value="Integer.IsGreater(Container(9096).NumItems,0) | Container(9096).IsUpdating"/>
			</include>
			<!-- Recordings -->
			<include content="WidgetLayoutPVR">
				<param name="widget_header" value="$LOCALIZE[19017]"/>
				<param name="Widgetcontent_path" value="pvr://recordings/radio/active?view=flat"/>
				<param name="widgetcontent_target" value="pvr"/>
				<param name="widgetcontent_sortby" value="lastused"/>
				<param name="widgetcontent_sortorder" value="descending"/>
				<param name="Widgetlist_id" value="9097"/>
				<param name="Widgetonup_id" value="9096"/>
				<param name="Widgetondown_id" value="9000"/>
				<param name="Widgetlist_height" value="430"/>
				<param name="Widgetlist_width" value="1285"/>
				<param name="Widgetlist_visible" value="Integer.IsGreater(Container(9097).NumItems,0) | Container(9097).IsUpdating"/>
			</include>
		
		</control>
		
		<!-- Widget Weather (Multiwidget) -->
		<control type="grouplist" id="9002">
			<include>WidgetPositionAnimation</include>
			<orientation>vertical</orientation>
			<left>317</left>
			<top>278</top>
			<height>430</height>
			<scrolltime tween="cubic" easing="out">500</scrolltime>
			<itemgap>0</itemgap>
			<animation effect="fade" start="0" end="100" time="0" condition="ControlGroup(9002).HasFocus | Skin.HasSetting(LowerMenuBar) | Skin.HasSetting(BottomMenuBar)">conditional</animation>

			<visible>[StringCompare(Container(9000).ListItem.Property(Widget),WeatherWidgetMulti) + !Skin.HasSetting(DontUseShortcutScriptToPopulateHomeMenu)] | [Container(9000).HasFocus(1) + Skin.HasSetting(DontUseShortcutScriptToPopulateHomeMenu) + !Skin.HasSetting(DontShowWeatherWidget)]</visible>
			
			<!-- Weather Forecast Current -->
			<include content="WidgetLayoutCurrentWeather">
				<param name="widget_header" value="$LOCALIZE[31046]"/>
				<param name="Widgetlist_id" value="9070"/>
				<param name="Widgetonup_id" value="9000"/>
				<param name="Widgetondown_id" value="9071"/>
				<param name="Widgetlist_height" value="430"/>
				<param name="Widgetlist_width" value="1285"/>
				<param name="Widgetlist_visible" value="true"/>
			</include>
			<!-- Weather Forecast Daily -->
			<include content="WidgetLayoutWeather">
				<param name="widget_header" value="$LOCALIZE[31076] $LOCALIZE[31167]"/>
				<param name="Widgetcontent_include" value="WeatherItemsDaily"/>
				<param name="Widgetlist_id" value="9071"/>
				<param name="Widgetonup_id" value="9070"/>
				<param name="Widgetondown_id" value="9072"/>
				<param name="Widgetlist_height" value="430"/>
				<param name="Widgetlist_width" value="1285"/>
				<param name="Widgetlist_visible" value="true"/>
			</include>
			<!-- Weather Forecast Houerly -->
			<include content="WidgetLayoutWeather">
				<param name="widget_header" value="$LOCALIZE[31076] $LOCALIZE[31168]"/>
				<param name="Widgetcontent_include" value="WeatherItemsHouerly"/>
				<param name="Widgetlist_id" value="9072"/>
				<param name="Widgetonup_id" value="9071"/>
				<param name="Widgetondown_id" value="9000"/>
				<param name="Widgetlist_height" value="430"/>
				<param name="Widgetlist_width" value="1285"/>
				<param name="Widgetlist_visible" value="true"/>
			</include>
			
		</control>
		
		
		<!-- Custom Favorite Webradio Widget (Multiwidget) -->
		<control type="grouplist" id="9002">
			<include>WidgetPositionAnimation</include>
			<orientation>vertical</orientation>
			<left>317</left>
			<top>278</top>
			<height>350</height>
			<scrolltime tween="cubic" easing="out">500</scrolltime>
			<itemgap>0</itemgap>
			<animation effect="fade" start="0" end="100" time="0" condition="ControlGroup(9002).HasFocus | Skin.HasSetting(LowerMenuBar) | Skin.HasSetting(BottomMenuBar)">conditional</animation>

			<visible>[StringCompare(Container(9000).ListItem.Property(Widget),CustomFavoriteWebradio) + !Skin.HasSetting(DontUseShortcutScriptToPopulateHomeMenu)] | [Container(9000).HasFocus(noop) + Skin.HasSetting(DontUseShortcutScriptToPopulateHomeMenu)]</visible>
			
			<!-- Favourite 1 -->
			<include content="WidgetLayoutAddons">
				<param name="widget_header" value="$INFO[Skin.String(CustomFavouriteWebradio.1.Label)]"/>
				<param name="Widgetcontent_path" value="$INFO[Skin.String(CustomFavouriteWebradio.1.List)]"/>
				<param name="widgetcontent_target" value=""/>
				<param name="widgetcontent_sortby" value=""/>
				<param name="widgetcontent_sortorder" value=""/>
				<param name="Widgetlist_id" value="9080"/>
				<param name="Widgetonup_id" value="9000"/>
				<param name="Widgetondown_id" value="9081"/>
				<param name="Widgetlist_height" value="350"/>
				<param name="Widgetlist_width" value="1285"/>
				<param name="Widgetlist_visible" value="!String.IsEmpty(Skin.String(CustomFavouriteWebradio.1.Label))"/>
			</include>
			<!-- Favourite 2 -->
			<include content="WidgetLayoutAddons">
				<param name="widget_header" value="$INFO[Skin.String(CustomFavouriteWebradio.2.Label)]"/>
				<param name="Widgetcontent_path" value="$INFO[Skin.String(CustomFavouriteWebradio.2.List)]"/>
				<param name="widgetcontent_target" value=""/>
				<param name="widgetcontent_sortby" value=""/>
				<param name="widgetcontent_sortorder" value=""/>
				<param name="Widgetlist_id" value="9081"/>
				<param name="Widgetonup_id" value="9080"/>
				<param name="Widgetondown_id" value="9082"/>
				<param name="Widgetlist_height" value="350"/>
				<param name="Widgetlist_width" value="1285"/>
				<param name="Widgetlist_visible" value="!String.IsEmpty(Skin.String(CustomFavouriteWebradio.2.Label))"/>
			</include>
			<!-- Favourite 3 -->
			<include content="WidgetLayoutAddons">
				<param name="widget_header" value="$INFO[Skin.String(CustomFavouriteWebradio.3.Label)]"/>
				<param name="Widgetcontent_path" value="$INFO[Skin.String(CustomFavouriteWebradio.3.List)]"/>
				<param name="widgetcontent_target" value=""/>
				<param name="widgetcontent_sortby" value=""/>
				<param name="widgetcontent_sortorder" value=""/>
				<param name="Widgetlist_id" value="9082"/>
				<param name="Widgetonup_id" value="9081"/>
				<param name="Widgetondown_id" value="9083"/>
				<param name="Widgetlist_height" value="350"/>
				<param name="Widgetlist_width" value="1285"/>
				<param name="Widgetlist_visible" value="!String.IsEmpty(Skin.String(CustomFavouriteWebradio.3.Label))"/>
			</include>
			<!-- Favourite 4 -->
			<include content="WidgetLayoutAddons">
				<param name="widget_header" value="$INFO[Skin.String(CustomFavouriteWebradio.4.Label)]"/>
				<param name="Widgetcontent_path" value="$INFO[Skin.String(CustomFavouriteWebradio.4.List)]"/>
				<param name="widgetcontent_target" value=""/>
				<param name="widgetcontent_sortby" value=""/>
				<param name="widgetcontent_sortorder" value=""/>
				<param name="Widgetlist_id" value="9083"/>
				<param name="Widgetonup_id" value="9082"/>
				<param name="Widgetondown_id" value="9000"/>
				<param name="Widgetlist_height" value="350"/>
				<param name="Widgetlist_width" value="1285"/>
				<param name="Widgetlist_visible" value="!String.IsEmpty(Skin.String(CustomFavouriteWebradio.4.Label))"/>
			</include>
		
		</control>
		
		
		<!-- Custom Favorite Group1 Widget (Multiwidget) -->
		<control type="grouplist" id="9002">
			<include>WidgetPositionAnimation</include>
			<orientation>vertical</orientation>
			<left>317</left>
			<top>278</top>
			<height>430</height>
			<scrolltime tween="cubic" easing="out">500</scrolltime>
			<itemgap>0</itemgap>
			<animation effect="fade" start="0" end="100" time="0" condition="ControlGroup(9002).HasFocus | Skin.HasSetting(LowerMenuBar) | Skin.HasSetting(BottomMenuBar)">conditional</animation>

			<visible>[StringCompare(Container(9000).ListItem.Property(Widget),CustomFavoriteGroup1) + !Skin.HasSetting(DontUseShortcutScriptToPopulateHomeMenu)] | [Container(9000).HasFocus(noop) + Skin.HasSetting(DontUseShortcutScriptToPopulateHomeMenu)]</visible>
			
			<!-- Favourite 1 -->
			<include content="WidgetLayoutAll">
				<param name="widget_header" value="$INFO[Skin.String(CustomFavouriteGroup1.1.Label)]"/>
				<param name="Widgetcontent_path" value="$INFO[Skin.String(CustomFavouriteGroup1.1.List)]"/>
				<param name="widgetcontent_target" value=""/>
				<param name="widgetcontent_sortby" value=""/>
				<param name="widgetcontent_sortorder" value=""/>
				<param name="Widgetlist_id" value="9085"/>
				<param name="Widgetonup_id" value="9000"/>
				<param name="Widgetondown_id" value="9086"/>
				<param name="Widgetlist_height" value="430"/>
				<param name="Widgetlist_width" value="1285"/>
				<param name="Widgetlist_visible" value="!String.IsEmpty(Skin.String(CustomFavouriteGroup1.1.Label))"/>
			</include>
			<!-- Favourite 2 -->
			<include content="WidgetLayoutAll">
				<param name="widget_header" value="$INFO[Skin.String(CustomFavouriteGroup1.2.Label)]"/>
				<param name="Widgetcontent_path" value="$INFO[Skin.String(CustomFavouriteGroup1.2.List)]"/>
				<param name="widgetcontent_target" value=""/>
				<param name="widgetcontent_sortby" value=""/>
				<param name="widgetcontent_sortorder" value=""/>
				<param name="Widgetlist_id" value="9086"/>
				<param name="Widgetonup_id" value="9085"/>
				<param name="Widgetondown_id" value="9087"/>
				<param name="Widgetlist_height" value="430"/>
				<param name="Widgetlist_width" value="1285"/>
				<param name="Widgetlist_visible" value="!String.IsEmpty(Skin.String(CustomFavouriteGroup1.2.Label))"/>
			</include>
			<!-- Favourite 3 -->
			<include content="WidgetLayoutAll">
				<param name="widget_header" value="$INFO[Skin.String(CustomFavouriteGroup1.3.Label)]"/>
				<param name="Widgetcontent_path" value="$INFO[Skin.String(CustomFavouriteGroup1.3.List)]"/>
				<param name="widgetcontent_target" value=""/>
				<param name="widgetcontent_sortby" value=""/>
				<param name="widgetcontent_sortorder" value=""/>
				<param name="Widgetlist_id" value="9087"/>
				<param name="Widgetonup_id" value="9086"/>
				<param name="Widgetondown_id" value="9088"/>
				<param name="Widgetlist_height" value="430"/>
				<param name="Widgetlist_width" value="1285"/>
				<param name="Widgetlist_visible" value="!String.IsEmpty(Skin.String(CustomFavouriteGroup1.3.Label))"/>
			</include>
			<!-- Favourite 4 -->
			<include content="WidgetLayoutAll">
				<param name="widget_header" value="$INFO[Skin.String(CustomFavouriteGroup1.4.Label)]"/>
				<param name="Widgetcontent_path" value="$INFO[Skin.String(CustomFavouriteGroup1.4.List)]"/>
				<param name="widgetcontent_target" value=""/>
				<param name="widgetcontent_sortby" value=""/>
				<param name="widgetcontent_sortorder" value=""/>
				<param name="Widgetlist_id" value="9088"/>
				<param name="Widgetonup_id" value="9087"/>
				<param name="Widgetondown_id" value="9000"/>
				<param name="Widgetlist_height" value="430"/>
				<param name="Widgetlist_width" value="1285"/>
				<param name="Widgetlist_visible" value="!String.IsEmpty(Skin.String(CustomFavouriteGroup1.4.Label))"/>
			</include>
		
		</control>
		
		
		<!-- Default Widgets (Singlewidget) -->
		<control type="grouplist" id="9002">
			<include>WidgetPositionAnimation</include>
			<orientation>vertical</orientation>
			<left>317</left>
			<top>278</top>
			<height>430</height>
			<scrolltime tween="cubic" easing="out">500</scrolltime>
			<itemgap>0</itemgap>
			<animation effect="fade" start="0" end="100" time="0" condition="ControlGroup(9002).HasFocus | Skin.HasSetting(LowerMenuBar) | Skin.HasSetting(BottomMenuBar)">conditional</animation>
			<visible>!SubString(Container(9000).ListItem.Property(Widget),Multi)</visible>  <!--  + [StringCompare(Container(9000).ListItem.Property(Widget),Favourites) | StringCompare(Container(9000).ListItem.Property(Widget),pvr)] -->
			
			<!-- All Content Widget (default shortcut Widget) -->
			<include content="WidgetLayoutAll">
				<param name="widget_header" value="$INFO[Container(9000).ListItem.Property(widgetName)]"/>
				<param name="Widgetcontent_path" value="$INFO[Container(9000).ListItem.Property(widgetPath)]"/>
				<param name="widgetcontent_target" value="$INFO[Container(9000).ListItem.Property(widgetTarget)]"/>
				<param name="widgetcontent_sortby" value=""/>
				<param name="widgetcontent_sortorder" value=""/>
				<param name="Widgetlist_id" value="9011"/>
				<param name="Widgetonup_id" value="noop"/>
				<param name="Widgetondown_id" value="9000"/>
				<param name="Widgetlist_height" value="390"/>
				<param name="Widgetlist_width" value="1285"/>
				<param name="Widgetlist_visible" value="!String.IsEmpty(Container(9000).ListItem.Property(widgetPath))"/>
			</include>
			
			<!-- Favourites Widget -->
			<include content="WidgetLayoutFavorites">
				<param name="widget_header" value="$LOCALIZE[1036]"/>
				<param name="Widgetcontent_include" value="FavouriteItems"/>
				<param name="widgetcontent_target" value=""/>
				<param name="widgetcontent_sortby" value=""/>
				<param name="widgetcontent_sortorder" value=""/>
				<param name="Widgetlist_id" value="9017"/>
				<param name="Widgetonup_id" value="noop"/>
				<param name="Widgetondown_id" value="9000"/>
				<param name="Widgetlist_height" value="260"/>
				<param name="Widgetlist_width" value="1285"/>
				<param name="Widgetlist_visible" value="StringCompare(Container(9000).ListItem.Property(Widget),Favourites) + [Integer.IsGreater(Container(9017).NumItems,0) | Container(9017).IsUpdating]"/>
			</include>
			
		</control>	
		
		
		<!-- Start Widget Indicators -->
		<control type="group" id="9010">
			<include>WidgetPositionAnimation</include>
			<left>1600</left>
			<top>322</top>
			<width>60</width>
			<height>370</height>
			<animation effect="fade" start="0" end="100" time="200" delay="100" >Visible</animation>
			<animation effect="fade" start="0" end="100" time="0" condition="!Container(9000).OnNext + !Container(9000).OnPrevious">conditional</animation>

			<visible>!Skin.HasSetting(DontUseShortcutScriptToPopulateHomeMenu)</visible>
			
			<!-- FakeButton to keep Mouse Focus -->
			<control type="button" id="9011">
				<width>50</width>
				<height>320</height>
				<onclick>noop</onclick>
				<visible></visible>
			</control>
			
			<control type="grouplist">
				<left>10</left>
				<top>5</top>
				<width>60</width>
				<height>320</height>
				<itemgap>15</itemgap>
				<orientation>vertical</orientation>
				<animation effect="fade" start="0" end="100" time="200" delay="100" >Visible</animation>
				<!--include>WidgetPositionAnimation</include-->
				<visible>!Skin.HasSetting(DontUseShortcutScriptToPopulateHomeMenu)</visible>
				
				<!-- ** Weather Indicators ** -->
				
				<!-- WidgetIndicator Weather 1 -->
				<include content="WidgetIndicator">
					<param name="Indicator-onFocus" value="SetFocus(9070)"/>
					<param name="Indicator-usealttexture" value="ControlGroup(9002).HasFocus(9070)"/>
					<param name="Indicator-visible" value="StringCompare(Container(9000).ListItem.Property(Widget),WeatherWidgetMulti)"/>
				</include>
				
				<!-- WidgetIndicator Weather 2 -->
				<include content="WidgetIndicator">
					<param name="Indicator-onFocus" value="SetFocus(9071)"/>
					<param name="Indicator-usealttexture" value="ControlGroup(9002).HasFocus(9071)"/>
					<param name="Indicator-visible" value="StringCompare(Container(9000).ListItem.Property(Widget),WeatherWidgetMulti) + [Integer.IsGreater(Container(9071).NumItems,0) | Container(9071).IsUpdating]"/>
				</include>
				
				<!-- WidgetIndicator Weather 3 -->
				<include content="WidgetIndicator">
					<param name="Indicator-onFocus" value="SetFocus(9072)"/>
					<param name="Indicator-usealttexture" value="ControlGroup(9002).HasFocus(9072)"/>
					<param name="Indicator-visible" value="StringCompare(Container(9000).ListItem.Property(Widget),WeatherWidgetMulti) + [Integer.IsGreater(Container(9072).NumItems,0) | Container(9072).IsUpdating]"/>
				</include>
				
				
				<!-- ** Movie Indicators ** -->
				
				<!-- WidgetIndicator Movies 1 -->
				<include content="WidgetIndicator">
					<param name="Indicator-onFocus" value="SetFocus(9020)"/>
					<param name="Indicator-usealttexture" value="ControlGroup(9002).HasFocus(9020)"/>
					<param name="Indicator-visible" value="StringCompare(Container(9000).ListItem.Property(Widget),MoviesWidgetMulti) + [Integer.IsGreater(Container(9020).NumItems,0) | Container(9020).IsUpdating]"/>
				</include>
				
				<!-- WidgetIndicator Movies 2 -->
				<include content="WidgetIndicator">
					<param name="Indicator-onFocus" value="SetFocus(9021))"/>
					<param name="Indicator-usealttexture" value="ControlGroup(9002).HasFocus(9021)"/>
					<param name="Indicator-visible" value="StringCompare(Container(9000).ListItem.Property(Widget),MoviesWidgetMulti) + [Integer.IsGreater(Container(9021).NumItems,0) | Container(9021).IsUpdating]"/>
				</include>
				
				<!-- WidgetIndicator Movies 3 -->
				<include content="WidgetIndicator">
					<param name="Indicator-onFocus" value="SetFocus(9022)"/>
					<param name="Indicator-usealttexture" value="ControlGroup(9002).HasFocus(9022)"/>
					<param name="Indicator-visible" value="StringCompare(Container(9000).ListItem.Property(Widget),MoviesWidgetMulti) + [Integer.IsGreater(Container(9022).NumItems,0) | Container(9022).IsUpdating]"/>
				</include>
				
				<!-- WidgetIndicator Movies 4 -->
				<include content="WidgetIndicator">
					<param name="Indicator-onFocus" value="SetFocus(9023)"/>
					<param name="Indicator-usealttexture" value="ControlGroup(9002).HasFocus(9023)"/>
					<param name="Indicator-visible" value="StringCompare(Container(9000).ListItem.Property(Widget),MoviesWidgetMulti) + [Integer.IsGreater(Container(9023).NumItems,0) | Container(9023).IsUpdating]"/>
				</include>
				
				<!-- WidgetIndicator Movies 5 -->
				<include content="WidgetIndicator">
					<param name="Indicator-onFocus" value="SetFocus(9024)"/>
					<param name="Indicator-usealttexture" value="ControlGroup(9002).HasFocus(9024)"/>
					<param name="Indicator-visible" value="StringCompare(Container(9000).ListItem.Property(Widget),MoviesWidgetMulti) + [Integer.IsGreater(Container(9024).NumItems,0) | Container(9024).IsUpdating]"/>
				</include>
				
				
				<!-- ** TVShows Indicators ** -->
				
				<!-- WidgetIndicator TVShows 1 -->
				<include content="WidgetIndicator">
					<param name="Indicator-onFocus" value="SetFocus(9030)"/>
					<param name="Indicator-usealttexture" value="ControlGroup(9002).HasFocus(9030)"/>
					<param name="Indicator-visible" value="StringCompare(Container(9000).ListItem.Property(Widget),TVShowsWidgetMulti) + [Integer.IsGreater(Container(9030).NumItems,0) | Container(9030).IsUpdating]"/>
				</include>
				
				<!-- WidgetIndicator TVShows 2 -->
				<include content="WidgetIndicator">
					<param name="Indicator-onFocus" value="SetFocus(9031)"/>
					<param name="Indicator-usealttexture" value="ControlGroup(9002).HasFocus(9031)"/>
					<param name="Indicator-visible" value="StringCompare(Container(9000).ListItem.Property(Widget),TVShowsWidgetMulti) + [Integer.IsGreater(Container(9031).NumItems,0) | Container(9031).IsUpdating]"/>
				</include>
				
				<!-- WidgetIndicator TVShows 3 -->
				<include content="WidgetIndicator">
					<param name="Indicator-onFocus" value="SetFocus(9032)"/>
					<param name="Indicator-usealttexture" value="ControlGroup(9002).HasFocus(9032)"/>
					<param name="Indicator-visible" value="StringCompare(Container(9000).ListItem.Property(Widget),TVShowsWidgetMulti) + [Integer.IsGreater(Container(9032).NumItems,0) | Container(9032).IsUpdating]"/>
				</include>
				
				<!-- WidgetIndicator TVShows 4 -->
				<include content="WidgetIndicator">
					<param name="Indicator-onFocus" value="SetFocus(9033)"/>
					<param name="Indicator-usealttexture" value="ControlGroup(9002).HasFocus(9033)"/>
					<param name="Indicator-visible" value="StringCompare(Container(9000).ListItem.Property(Widget),TVShowsWidgetMulti) + [Integer.IsGreater(Container(9033).NumItems,0) | Container(9033).IsUpdating]"/>
				</include>
				
				<!-- WidgetIndicator TVShows 5 -->
				<include content="WidgetIndicator">
					<param name="Indicator-onFocus" value="SetFocus(9034)"/>
					<param name="Indicator-usealttexture" value="ControlGroup(9002).HasFocus(9034)"/>
					<param name="Indicator-visible" value="StringCompare(Container(9000).ListItem.Property(Widget),TVShowsWidgetMulti) + [Integer.IsGreater(Container(9034).NumItems,0) | Container(9034).IsUpdating]"/>
				</include>
				
				
				<!-- ** MusicVideos Indicators ** -->
				
				<!-- WidgetIndicator MusicVideos 1 -->
				<include content="WidgetIndicator">
					<param name="Indicator-onFocus" value="SetFocus(9040)"/>
					<param name="Indicator-usealttexture" value="ControlGroup(9002).HasFocus(9040)"/>
					<param name="Indicator-visible" value="StringCompare(Container(9000).ListItem.Property(Widget),MusicVideosWidgetMulti) + [Integer.IsGreater(Container(9040).NumItems,0) | Container(9040).IsUpdating]"/>
				</include>
				
				<!-- WidgetIndicator MusicVideos 2 -->
				<include content="WidgetIndicator">
					<param name="Indicator-onFocus" value="SetFocus(9041)"/>
					<param name="Indicator-usealttexture" value="ControlGroup(9002).HasFocus(9041)"/>
					<param name="Indicator-visible" value="StringCompare(Container(9000).ListItem.Property(Widget),MusicVideosWidgetMulti) + [Integer.IsGreater(Container(9041).NumItems,0) | Container(9041).IsUpdating]"/>
				</include>
				
				<!-- WidgetIndicator MusicVideos 3 -->
				<include content="WidgetIndicator">
					<param name="Indicator-onFocus" value="SetFocus(9042)"/>
					<param name="Indicator-usealttexture" value="ControlGroup(9002).HasFocus(9042)"/>
					<param name="Indicator-visible" value="StringCompare(Container(9000).ListItem.Property(Widget),MusicVideosWidgetMulti) + [Integer.IsGreater(Container(9042).NumItems,0) | Container(9042).IsUpdating]"/>
				</include>
				
				
				<!-- ** Music Indicators ** -->
				
				<!-- WidgetIndicator Music 1 -->
				<include content="WidgetIndicator">
					<param name="Indicator-onFocus" value="SetFocus(9050)"/>
					<param name="Indicator-usealttexture" value="ControlGroup(9002).HasFocus(9050)"/>
					<param name="Indicator-visible" value="StringCompare(Container(9000).ListItem.Property(Widget),MusicWidgetMulti) + [Integer.IsGreater(Container(9050).NumItems,0) | Container(9050).IsUpdating]"/>
				</include>
				
				<!-- WidgetIndicator Music 2 -->
				<include content="WidgetIndicator">
					<param name="Indicator-onFocus" value="SetFocus(9051)"/>
					<param name="Indicator-usealttexture" value="ControlGroup(9002).HasFocus(9051)"/>
					<param name="Indicator-visible" value="StringCompare(Container(9000).ListItem.Property(Widget),MusicWidgetMulti) + [Integer.IsGreater(Container(9051).NumItems,0) | Container(9051).IsUpdating]"/>
				</include>
				
				<!-- WidgetIndicator Music 3 -->
				<include content="WidgetIndicator">
					<param name="Indicator-onFocus" value="SetFocus(9052)"/>
					<param name="Indicator-usealttexture" value="ControlGroup(9002).HasFocus(9052)"/>
					<param name="Indicator-visible" value="StringCompare(Container(9000).ListItem.Property(Widget),MusicWidgetMulti) + [Integer.IsGreater(Container(9052).NumItems,0) | Container(9052).IsUpdating]"/>
				</include>
				
				<!-- WidgetIndicator Music 4 -->
				<include content="WidgetIndicator">
					<param name="Indicator-onFocus" value="SetFocus(9053)"/>
					<param name="Indicator-usealttexture" value="ControlGroup(9002).HasFocus(9053)"/>
					<param name="Indicator-visible" value="StringCompare(Container(9000).ListItem.Property(Widget),MusicWidgetMulti) + [Integer.IsGreater(Container(9053).NumItems,0) | Container(9053).IsUpdating]"/>
				</include>
				
				<!-- WidgetIndicator Music 5 -->
				<include content="WidgetIndicator">
					<param name="Indicator-onFocus" value="SetFocus(9054)"/>
					<param name="Indicator-usealttexture" value="ControlGroup(9002).HasFocus(9054)"/>
					<param name="Indicator-visible" value="StringCompare(Container(9000).ListItem.Property(Widget),MusicWidgetMulti) + [Integer.IsGreater(Container(9054).NumItems,0) | Container(9054).IsUpdating]"/>
				</include>
				
				<!-- WidgetIndicator Music 6 -->
				<include content="WidgetIndicator">
					<param name="Indicator-onFocus" value="SetFocus(9055)"/>
					<param name="Indicator-usealttexture" value="ControlGroup(9002).HasFocus(9055)"/>
					<param name="Indicator-visible" value="StringCompare(Container(9000).ListItem.Property(Widget),MusicWidgetMulti) + [Integer.IsGreater(Container(9055).NumItems,0) | Container(9055).IsUpdating]"/>
				</include>
				
				<!-- WidgetIndicator Music 7 -->
				<include content="WidgetIndicator">
					<param name="Indicator-onFocus" value="SetFocus(9056)"/>
					<param name="Indicator-usealttexture" value="ControlGroup(9002).HasFocus(9056)"/>
					<param name="Indicator-visible" value="StringCompare(Container(9000).ListItem.Property(Widget),MusicWidgetMulti) + [Integer.IsGreater(Container(9056).NumItems,0) | Container(9056).IsUpdating]"/>
				</include>
				
				<!-- WidgetIndicator Music 8 -->
				<include content="WidgetIndicator">
					<param name="Indicator-onFocus" value="SetFocus(9057)"/>
					<param name="Indicator-usealttexture" value="ControlGroup(9002).HasFocus(9057)"/>
					<param name="Indicator-visible" value="StringCompare(Container(9000).ListItem.Property(Widget),MusicWidgetMulti) + [Integer.IsGreater(Container(9057).NumItems,0) | Container(9057).IsUpdating]"/>
				</include>
				
				
				<!-- ** Addons Indicators ** -->
				
				<!-- WidgetIndicator Addons 1 -->
				<include content="WidgetIndicator">
					<param name="Indicator-onFocus" value="SetFocus(9060)"/>
					<param name="Indicator-usealttexture" value="ControlGroup(9002).HasFocus(9060)"/>
					<param name="Indicator-visible" value="StringCompare(Container(9000).ListItem.Property(Widget),AddonsWidgetMulti) + [Integer.IsGreater(Container(9060).NumItems,0) | Container(9060).IsUpdating]"/>
				</include>
				
				<!-- WidgetIndicator Addons 2 -->
				<include content="WidgetIndicator">
					<param name="Indicator-onFocus" value="SetFocus(9061)"/>
					<param name="Indicator-usealttexture" value="ControlGroup(9002).HasFocus(9061)"/>
					<param name="Indicator-visible" value="StringCompare(Container(9000).ListItem.Property(Widget),AddonsWidgetMulti) + [Integer.IsGreater(Container(9061).NumItems,0) | Container(9061).IsUpdating]"/>
				</include>
				
				<!-- WidgetIndicator Addons 3 -->
				<include content="WidgetIndicator">
					<param name="Indicator-onFocus" value="SetFocus(9062)"/>
					<param name="Indicator-usealttexture" value="ControlGroup(9002).HasFocus(9062)"/>
					<param name="Indicator-visible" value="StringCompare(Container(9000).ListItem.Property(Widget),AddonsWidgetMulti) + [Integer.IsGreater(Container(9062).NumItems,0) | Container(9062).IsUpdating]"/>
				</include>
				
				<!-- WidgetIndicator Addons 4 -->
				<include content="WidgetIndicator">
					<param name="Indicator-onFocus" value="SetFocus(9063)"/>
					<param name="Indicator-usealttexture" value="ControlGroup(9002).HasFocus(9063)"/>
					<param name="Indicator-visible" value="StringCompare(Container(9000).ListItem.Property(Widget),AddonsWidgetMulti) + [Integer.IsGreater(Container(9063).NumItems,0) | Container(9063).IsUpdating]"/>
				</include>
				
				<!-- WidgetIndicator Addons 5 -->
				<include content="WidgetIndicator">
					<param name="Indicator-onFocus" value="SetFocus(9064)"/>
					<param name="Indicator-usealttexture" value="ControlGroup(9002).HasFocus(9064)"/>
					<param name="Indicator-visible" value="StringCompare(Container(9000).ListItem.Property(Widget),AddonsWidgetMulti) + System.Platform.Android + [Integer.IsGreater(Container(9064).NumItems,0) | Container(9064).IsUpdating]"/>
				</include>
				
				
				<!-- ** PVR-TVChannels Indicators ** -->
				
				<!-- WidgetIndicator TVChannels 1 -->
				<include content="WidgetIndicator">
					<param name="Indicator-onFocus" value="SetFocus(9090)"/>
					<param name="Indicator-usealttexture" value="ControlGroup(9002).HasFocus(9090)"/>
					<param name="Indicator-visible" value="StringCompare(Container(9000).ListItem.Property(Widget),TVWidgetMulti) + [Integer.IsGreater(Container(9090).NumItems,0) | Container(9090).IsUpdating]"/>
				</include>
				
				<!-- WidgetIndicator TVChannels 2 -->
				<include content="WidgetIndicator">
					<param name="Indicator-onFocus" value="SetFocus(9091)"/>
					<param name="Indicator-usealttexture" value="ControlGroup(9002).HasFocus(9091)"/>
					<param name="Indicator-visible" value="StringCompare(Container(9000).ListItem.Property(Widget),TVWidgetMulti) + [Integer.IsGreater(Container(9091).NumItems,0) | Container(9091).IsUpdating]"/>
				</include>
				
				<!-- WidgetIndicator TVChannels 3 -->
				<include content="WidgetIndicator">
					<param name="Indicator-onFocus" value="SetFocus(9092)"/>
					<param name="Indicator-usealttexture" value="ControlGroup(9002).HasFocus(9092)"/>
					<param name="Indicator-visible" value="StringCompare(Container(9000).ListItem.Property(Widget),TVWidgetMulti) + [Integer.IsGreater(Container(9092).NumItems,0) | Container(9092).IsUpdating]"/>
				</include>
				
				
				<!-- ** PVR-RadioChannels Indicators ** -->
				
				<!-- WidgetIndicator RadioChannels 1 -->
				<include content="WidgetIndicator">
					<param name="Indicator-onFocus" value="SetFocus(9095)"/>
					<param name="Indicator-usealttexture" value="ControlGroup(9002).HasFocus(9095)"/>
					<param name="Indicator-visible" value="StringCompare(Container(9000).ListItem.Property(Widget),RadioWidgetMulti) + [Integer.IsGreater(Container(9095).NumItems,0) | Container(9095).IsUpdating]"/>
				</include>
				
				<!-- WidgetIndicator RadioChannels 2 -->
				<include content="WidgetIndicator">
					<param name="Indicator-onFocus" value="SetFocus(9096)"/>
					<param name="Indicator-usealttexture" value="ControlGroup(9002).HasFocus(9096)"/>
					<param name="Indicator-visible" value="StringCompare(Container(9000).ListItem.Property(Widget),RadioWidgetMulti) + [Integer.IsGreater(Container(9096).NumItems,0) | Container(9096).IsUpdating]"/>
				</include>
				
				<!-- WidgetIndicator RadioChannels 3 -->
				<include content="WidgetIndicator">
					<param name="Indicator-onFocus" value="SetFocus(9097)"/>
					<param name="Indicator-usealttexture" value="ControlGroup(9002).HasFocus(9097)"/>
					<param name="Indicator-visible" value="StringCompare(Container(9000).ListItem.Property(Widget),RadioWidgetMulti) + [Integer.IsGreater(Container(9097).NumItems,0) | Container(9097).IsUpdating]"/>
				</include>
				
				
				<!-- ** FavoriteWebradio Indicators ** -->
				
				<!-- WidgetIndicator FavoriteWebradio 1 -->
				<include content="WidgetIndicator">
					<param name="Indicator-onFocus" value="SetFocus(9080)"/>
					<param name="Indicator-usealttexture" value="ControlGroup(9002).HasFocus(9080)"/>
					<param name="Indicator-visible" value="StringCompare(Container(9000).ListItem.Property(Widget),CustomFavoriteWebradio) + [Integer.IsGreater(Container(9080).NumItems,0) | Container(9080).IsUpdating]"/>
				</include>
				
				<!-- WidgetIndicator FavoriteWebradio 2 -->
				<include content="WidgetIndicator">
					<param name="Indicator-onFocus" value="SetFocus(9081)"/>
					<param name="Indicator-usealttexture" value="ControlGroup(9002).HasFocus(9081)"/>
					<param name="Indicator-visible" value="StringCompare(Container(9000).ListItem.Property(Widget),CustomFavoriteWebradio) + [Integer.IsGreater(Container(9081).NumItems,0) | Container(9081).IsUpdating]"/>
				</include>
				
				<!-- WidgetIndicator FavoriteWebradio 3 -->
				<include content="WidgetIndicator">
					<param name="Indicator-onFocus" value="SetFocus(9082)"/>
					<param name="Indicator-usealttexture" value="ControlGroup(9002).HasFocus(9082)"/>
					<param name="Indicator-visible" value="StringCompare(Container(9000).ListItem.Property(Widget),CustomFavoriteWebradio) + [Integer.IsGreater(Container(9082).NumItems,0) | Container(9082).IsUpdating]"/>
				</include>
				
				<!-- WidgetIndicator FavoriteWebradio 4 -->
				<include content="WidgetIndicator">
					<param name="Indicator-onFocus" value="SetFocus(9083)"/>
					<param name="Indicator-usealttexture" value="ControlGroup(9002).HasFocus(9083)"/>
					<param name="Indicator-visible" value="StringCompare(Container(9000).ListItem.Property(Widget),CustomFavoriteWebradio) + [Integer.IsGreater(Container(9083).NumItems,0) | Container(9083).IsUpdating]"/>
				</include>
				
				
				<!-- ** FavoriteGroup1 Indicators ** -->
				
				<!-- WidgetIndicator FavoriteGroup1 1 -->
				<include content="WidgetIndicator">
					<param name="Indicator-onFocus" value="SetFocus(9085)"/>
					<param name="Indicator-usealttexture" value="ControlGroup(9002).HasFocus(9085)"/>
					<param name="Indicator-visible" value="StringCompare(Container(9000).ListItem.Property(Widget),CustomFavoriteGroup1) + [Integer.IsGreater(Container(9085).NumItems,0) | Container(9085).IsUpdating]"/>
				</include>
				
				<!-- WidgetIndicator FavoriteGroup1 2 -->
				<include content="WidgetIndicator">
					<param name="Indicator-onFocus" value="SetFocus(9086)"/>
					<param name="Indicator-usealttexture" value="ControlGroup(9002).HasFocus(9086)"/>
					<param name="Indicator-visible" value="StringCompare(Container(9000).ListItem.Property(Widget),CustomFavoriteGroup1) + [Integer.IsGreater(Container(9086).NumItems,0) | Container(9086).IsUpdating]"/>
				</include>
				
				<!-- WidgetIndicator FavoriteGroup1 3 -->
				<include content="WidgetIndicator">
					<param name="Indicator-onFocus" value="SetFocus(9087)"/>
					<param name="Indicator-usealttexture" value="ControlGroup(9002).HasFocus(9087)"/>
					<param name="Indicator-visible" value="StringCompare(Container(9000).ListItem.Property(Widget),CustomFavoriteGroup1) + [Integer.IsGreater(Container(9087).NumItems,0) | Container(9087).IsUpdating]"/>
				</include>
				
				<!-- WidgetIndicator FavoriteGroup1 4 -->
				<include content="WidgetIndicator">
					<param name="Indicator-onFocus" value="SetFocus(9088)"/>
					<param name="Indicator-usealttexture" value="ControlGroup(9002).HasFocus(9088)"/>
					<param name="Indicator-visible" value="StringCompare(Container(9000).ListItem.Property(Widget),CustomFavoriteGroup1) + [Integer.IsGreater(Container(9088).NumItems,0) | Container(9088).IsUpdating]"/>
				</include>
			
			</control>
			
			
		</control>
		<!-- End Widget Indicators -->
		
		
		
		
		<!-- ***** Home Menu ***** -->
		
		<!-- Icon Menu -->
		<include condition="Skin.HasSetting(HomeIconMenuDarkCircles) | Skin.HasSetting(HomeIconMenuBrightCircles)">HomeDefaultCircles</include>
		
		<!-- Text Menu -->
		<include condition="!Skin.HasSetting(HomeIconMenuDarkCircles) + !Skin.HasSetting(HomeIconMenuBrightCircles)">HomeDefaultBar</include>
		

		<!-- Sub menu -->
		<control type="group">
			<visible></visible>
			
			<!-- Sub menu -->
			<control type="fixedlist" id="9001">
				<left>-70</left>
				<top>580</top>
				<width>2060</width>
				<height>70</height>
				<onup>9000</onup>
				<ondown>700</ondown>
				<onleft>9001</onleft>
				<onright>9001</onright>
				<focusposition>2</focusposition>
				<orientation>horizontal</orientation>
				<defaultcontrol always="true">1</defaultcontrol>
				<scrolltime tween="sine" easing="out">240</scrolltime>
				<visible allowhiddenfocus="true">Control.HasFocus(9001)</visible>
				<animation type="Visible" reversible="false">
					<effect type="fade" start="0" end="100" time="320" tween="sine" easing="in" />
				</animation>
				
				<include>MenuPositionAnimation</include>
				<animation effect="slide" start="0,0" end="0,-10" time="0" condition="Skin.HasSetting(BottomMenuBar)">conditional</animation>
				<animation effect="slide" start="0,0" end="0,20" time="0" condition="Skin.HasSetting(HomeIconMenuDarkCircles) | Skin.HasSetting(HomeIconMenuBrightCircles)">conditional</animation>
				
				<itemlayout width="400" height="70">
					<control type="label">
						<top>0</top>
						<width>400</width>
						<height>70</height>
						<align>center</align>
						<label>$INFO[ListItem.Label]</label>
						<font>Font30</font>
						<textcolor>01000000</textcolor>
						<visible>Skin.HasSetting(HomeIconMenuDarkCircles) | Skin.HasSetting(HomeIconMenuBrightCircles)</visible>
					</control>
					<control type="label">
						<top>0</top>
						<width>400</width>
						<height>70</height>
						<align>center</align>
						<label>$INFO[ListItem.Label]</label>
						<font>Font30</font>
						<textcolor>TextColor3</textcolor>
						<visible>!Skin.HasSetting(HomeIconMenuDarkCircles) + !Skin.HasSetting(HomeIconMenuBrightCircles)</visible>
					</control>
				</itemlayout>

				<focusedlayout width="460" height="70">
					<control type="label">
						<top>0</top>
						<width>460</width>
						<height>70</height>
						<align>center</align>
						<label>$INFO[ListItem.Label]</label>
						<scroll>true</scroll>
						<font>Font42</font>
						<textcolor>TextColor1</textcolor>
						<shadowcolor>ShadowColor</shadowcolor>
						<animation effect="fade" start="100" end="50" time="200" tween="cubic" easing="out" reversible="false" condition="!Control.HasFocus(9001)">Conditional</animation>
					</control>
				</focusedlayout>

				<content>
				
					<include condition="!Skin.HasSetting(DontUseShortcutScriptToPopulateHomeMenu)">skinshortcuts-submenu</include>
					
					<include condition="Skin.HasSetting(DontUseShortcutScriptToPopulateHomeMenu)">DefaultSpezSubMenuItems</include>
					
				</content>

			</control>
			
		</control>
		


	</include>

</includes>