<?xml version="1.0" encoding="UTF-8"?>
<includes>

	<include name="ExtendedInfoScript-ThumbList">
		<!--ondown>ClearProperty(Infocontent)</ondown-->
        <ondown>9000</ondown>
        <left>0</left>
		<top>0</top>
		<width>1270</width>
		<height>410</height>
		<pagecontrol>-</pagecontrol>
		<scrolltime>200</scrolltime>
		<orientation>horizontal</orientation>
		<!--preloaditems>2</preloaditems-->
        <itemlayout width="251" height="390">
		
			<control type="image">
				<left>10</left>
				<width>232</width>
				<height>325</height>
				<texture background="true" colordiffuse="$VAR[UnfocusColordiffuse]" fallback="fallbacks/FallbackFilePostersice.png">$INFO[ListItem.Icon]</texture>
				<include>BorderTextureNF</include>
				<bordersize>5</bordersize>
				<aspectratio align="center">stretch</aspectratio>
			</control>
			<control type="image">
				<left>10</left>
				<width>232</width>
				<height>325</height>
				<texture>views/OverlayPosterNF.png</texture>
				<bordersize>5</bordersize>
				<visible>Skin.HasSetting(Overlays)</visible>
			</control>
			<!-- Title -->
			<control type="label">
				<left>15</left>
				<top>325</top>
				<width>222</width>
				<height>30</height>
				<font>Font27</font>
				<align>left</align>
				<textcolor>TextColor2</textcolor>
				<shadowcolor>ShadowColor</shadowcolor>
				<label>$INFO[ListItem.Label]</label>
			</control>
			<!-- Additional Infos -->
			<control type="label">
				<left>15</left>
				<top>355</top>
				<width>222</width>
				<height>30</height>
				<font>Font25</font>
				<align>left</align>
				<textcolor>TextColor3</textcolor>
				<shadowcolor>ShadowColor</shadowcolor>
				<label>$VAR[Label2ContentLists]</label>
			</control>
			
		</itemlayout>
		<focusedlayout width="251" height="390">
		
			<control type="image">
				<left>10</left>
				<width>232</width>
				<height>325</height>
				<texture background="true" colordiffuse="$VAR[UnfocusColordiffuse]" fallback="fallbacks/FallbackFilePostersice.png">$INFO[ListItem.Icon]</texture>
				<include>BorderTextureNF</include>
				<bordersize>5</bordersize>
				<aspectratio align="center">stretch</aspectratio>
				<visible>![Control.HasFocus(150) | Control.HasFocus(250) | Control.HasFocus(255) | Control.HasFocus(350) | Control.HasFocus(450) | Control.HasFocus(550) | Control.HasFocus(650) | Control.HasFocus(750) | Control.HasFocus(850) | Control.HasFocus(950) | Control.HasFocus(1000) | Control.HasFocus(1150) | Control.HasFocus(1250)]</visible>
			</control>
			<control type="image">
				<left>10</left>
				<width>232</width>
				<height>325</height>
				<texture background="true" fallback="fallbacks/FallbackFilePostersice.png">$INFO[ListItem.Icon]</texture>
				<!--bordertexture border="7">Borders/BorderFO.png</bordertexture-->
				<include condition="!Skin.HasSetting(FocusStyleDarkBright)">BorderTextureFO</include>
				<include condition="Skin.HasSetting(FocusStyleDarkBright)">BorderTextureNF</include>
				<bordersize>5</bordersize>
				<aspectratio align="center">stretch</aspectratio>
				<visible>[Control.HasFocus(150) | Control.HasFocus(250) | Control.HasFocus(255) | Control.HasFocus(350) | Control.HasFocus(450) | Control.HasFocus(550) | Control.HasFocus(650) | Control.HasFocus(750) | Control.HasFocus(850) | Control.HasFocus(950) | Control.HasFocus(1000) | Control.HasFocus(1150) | Control.HasFocus(1250)]</visible>
			</control>
			
			<control type="image">
				<left>10</left>
				<width>232</width>
				<height>325</height>
				<texture>views/OverlayPosterFO.png</texture>
				<bordersize>5</bordersize>
				<visible>Skin.HasSetting(Overlays)</visible>
			</control>
			<!-- Title -->
			<control type="label">
				<left>15</left>
				<top>325</top>
				<width>222</width>
				<height>30</height>
				<font>Font27</font>
				<align>left</align>
				<textcolor>TextColor1</textcolor>
				<shadowcolor>ShadowColor</shadowcolor>
				<label>$INFO[ListItem.Label]</label>
			</control>
			<!-- Additional Infos -->
			<control type="label">
				<left>15</left>
				<top>355</top>
				<width>222</width>
				<height>30</height>
				<font>Font25</font>
				<align>left</align>
				<textcolor>TextColor2</textcolor>
				<shadowcolor>ShadowColor</shadowcolor>
				<label>$VAR[Label2ContentLists]</label>
			</control>
			
			<control type="image">
				<description>Icon to show if the Movie is Local available and Playable</description>
				<centerleft>50%</centerleft>
				<centertop>150</centertop>
				<width>128</width>
				<height>128</height>
				<aspectratio>keep</aspectratio>
				<texture colordiffuse="88ffffff">Icons/Playring.png</texture>
				<animation type="Focus">
					<effect type="zoom" start="90" end="100" time="150" tween="sine" easing="inout" center="auto" />
					<effect type="fade" start="0" end="100" time="150" tween="sine" easing="in" />
				</animation>
				<animation type="Unfocus">
					<effect type="zoom" start="100" end="90" time="150" tween="sine" easing="inout" center="auto" />
					<effect type="fade" start="100" end="0" time="150" tween="sine" easing="out" />
				</animation>
				<visible>!substring(ListItem.Path,script.extendedinfo)</visible>
			</control>
			
		</focusedlayout>
	</include>
	

	<include name="ExtendedInfoScript-ThumbListWide">
		<!--ondown>ClearProperty(Infocontent)</ondown-->
        <ondown>9000</ondown>
        <left>0</left>
		<top>0</top>
		<width>1270</width>
		<height>410</height>
		<pagecontrol>-</pagecontrol>
		<scrolltime>200</scrolltime>
		<orientation>horizontal</orientation>
		<!--preloaditems>2</preloaditems-->
        <itemlayout width="628" height="390">
		
			<control type="image">
				<left>10</left>
				<width>608</width>
				<height>325</height>
				<texture background="true" colordiffuse="$VAR[UnfocusColordiffuse]">$INFO[ListItem.Icon]</texture>
				<include>BorderTextureNF</include>
				<bordersize>5</bordersize>
				<aspectratio align="center">scale</aspectratio>
			</control>
			<control type="image">
				<left>10</left>
				<width>608</width>
				<height>325</height>
				<texture>views/OverlayPosterNF.png</texture>
				<bordersize>5</bordersize>
				<visible>Skin.HasSetting(Overlays)</visible>
			</control>
			<!-- Title -->
			<control type="label">
				<left>15</left>
				<top>325</top>
				<width>598</width>
				<height>30</height>
				<font>Font27</font>
				<align>left</align>
				<textcolor>TextColor2</textcolor>
				<shadowcolor>ShadowColor</shadowcolor>
				<label>$INFO[ListItem.Label]</label>
			</control>
			<!-- Title (Dialog Addoninfo) -->
			<control type="label">
				<left>15</left>
				<top>325</top>
				<width>598</width>
				<height>30</height>
				<font>Font27</font>
				<align>left</align>
				<textcolor>TextColor2</textcolor>
				<shadowcolor>ShadowColor</shadowcolor>
				<label>Screenshot $INFO[Container(50).CurrentItem]</label>
				<visible>Window.IsActive(addoninformation)</visible>
			</control>
			<!-- Additional Infos -->
			<control type="label">
				<left>15</left>
				<top>355</top>
				<width>598</width>
				<height>30</height>
				<font>Font25</font>
				<align>left</align>
				<textcolor>TextColor3</textcolor>
				<shadowcolor>ShadowColor</shadowcolor>
				<label>$VAR[Label2ContentLists]</label>
			</control>
			
		</itemlayout>
		<focusedlayout width="628" height="390">
		
			<control type="image">
				<left>10</left>
				<width>608</width>
				<height>325</height>
				<texture background="true" colordiffuse="$VAR[UnfocusColordiffuse]">$INFO[ListItem.Icon]</texture>
				<include>BorderTextureNF</include>
				<bordersize>5</bordersize>
				<aspectratio align="center">scale</aspectratio>
				<visible>![Control.HasFocus(50) | Control.HasFocus(55) | Control.HasFocus(150) | Control.HasFocus(250) | Control.HasFocus(350) | Control.HasFocus(450) | Control.HasFocus(550) | Control.HasFocus(650) | Control.HasFocus(750) | Control.HasFocus(850) | Control.HasFocus(950) | Control.HasFocus(1000) | Control.HasFocus(1150) | Control.HasFocus(1250)]</visible>
			</control>
			<control type="image">
				<left>10</left>
				<width>608</width>
				<height>325</height>
				<texture background="true">$INFO[ListItem.Icon]</texture>
				<!--bordertexture border="7">Borders/BorderFO.png</bordertexture-->
				<include condition="!Skin.HasSetting(FocusStyleDarkBright)">BorderTextureFO</include>
				<include condition="Skin.HasSetting(FocusStyleDarkBright)">BorderTextureNF</include>
				<bordersize>5</bordersize>
				<aspectratio align="center">scale</aspectratio>
				<visible>[Control.HasFocus(50) | Control.HasFocus(55) | Control.HasFocus(150) | Control.HasFocus(250) | Control.HasFocus(350) | Control.HasFocus(450) | Control.HasFocus(550) | Control.HasFocus(650) | Control.HasFocus(750) | Control.HasFocus(850) | Control.HasFocus(950) | Control.HasFocus(1000) | Control.HasFocus(1150) | Control.HasFocus(1250)]</visible>
			</control>
			
			<control type="image">
				<left>10</left>
				<width>608</width>
				<height>325</height>
				<texture>views/OverlayPosterFO.png</texture>
				<bordersize>5</bordersize>
				<visible>Skin.HasSetting(Overlays)</visible>
			</control>
			<!-- Title -->
			<control type="label">
				<left>15</left>
				<top>325</top>
				<width>598</width>
				<height>30</height>
				<font>Font27</font>
				<align>left</align>
				<textcolor>TextColor1</textcolor>
				<shadowcolor>ShadowColor</shadowcolor>
				<label>$INFO[ListItem.Label]</label>
			</control>
			<!-- Title (Dialog Addoninfo) -->
			<control type="label">
				<left>15</left>
				<top>325</top>
				<width>598</width>
				<height>30</height>
				<font>Font27</font>
				<align>left</align>
				<textcolor>TextColor2</textcolor>
				<shadowcolor>ShadowColor</shadowcolor>
				<label>Screenshot $INFO[Container(50).Position]</label>
				<visible>Window.IsActive(addoninformation)</visible>
			</control>
			<!-- Additional Infos -->
			<control type="label">
				<left>15</left>
				<top>355</top>
				<width>598</width>
				<height>30</height>
				<font>Font25</font>
				<align>left</align>
				<textcolor>TextColor2</textcolor>
				<shadowcolor>ShadowColor</shadowcolor>
				<label>$VAR[Label2ContentLists]</label>
			</control>
			
		</focusedlayout>
	</include>

	
	<variable name="DefDirectorInfoWindowContent">
        <value condition="stringcompare(Window.Property(InfoContent),Studio)">plugin://script.extendedinfo?info=studio&amp;&amp;studio=$INFO[ListItem.Studio]</value>
        <value condition="stringcompare(Window.Property(InfoContent),Similar)">plugin://script.extendedinfo?info=similarmovies&amp;&amp;dbid=$INFO[ListItem.DBID]</value>
        <value condition="stringcompare(Window.Property(InfoContent),Regisseur)">plugin://script.extendedinfo?info=directormovies&amp;&amp;director=$INFO[ListItem.Director]</value>
        <value></value>
    </variable>

	<variable name="DefArtistInfoDialogContent">
        <value condition="stringcompare(Window.Property(MusicInfo.CurrentView),Discographie)">plugin://script.extendedinfo?info=discography&amp;&amp;artistname=$INFO[ListItem.Artist]</value>
        <value condition="stringcompare(Window.Property(MusicInfo.CurrentView),SimilarArtistsInLib)">plugin://script.extendedinfo?info=similarartistsinlibrary&amp;&amp;artistname=$INFO[ListItem.Artist]</value>
        <value condition="stringcompare(Window.Property(MusicInfo.CurrentView),MostLovedTracks)">plugin://script.extendedinfo?info=mostlovedtracks&amp;&amp;artistname=$INFO[ListItem.Artist]</value>
        <value></value>
    </variable>

	<!-- -->
	
	
	
	<variable name="HeaderLabelContentLists">
        <value condition="stringcompare(Window.Property(InfoContent),150) + Window.IsActive(script-ExtendedInfo Script-DialogVideoInfo.xml)">$LOCALIZE[31160]</value>
        <value condition="stringcompare(Window.Property(InfoContent),350) + Window.IsActive(script-ExtendedInfo Script-DialogVideoInfo.xml)">$LOCALIZE[31161]</value>
        <value condition="stringcompare(Window.Property(InfoContent),1000) + Window.IsActive(script-ExtendedInfo Script-DialogVideoInfo.xml)">$LOCALIZE[206]</value>
        
		<value condition="stringcompare(Window.Property(InfoContent),150) + !Window.IsActive(script-ExtendedInfo Script-DialogVideoInfo.xml)">$ADDON[script.extendedinfo 32010]</value>
        <value condition="stringcompare(Window.Property(InfoContent),250) + !Window.IsActive(script-ExtendedInfo Script-DialogVideoInfo.xml)">$ADDON[script.extendedinfo 32031]</value>
        <value condition="stringcompare(Window.Property(InfoContent),350) + !Window.IsActive(script-ExtendedInfo Script-DialogVideoInfo.xml)">$ADDON[script.extendedinfo 32118]</value>
        <value condition="stringcompare(Window.Property(InfoContent),450) + !Window.IsActive(script-ExtendedInfo Script-DialogVideoInfo.xml)">$LOCALIZE[1213]</value>
        <value></value>
    </variable>
	
	<variable name="ItemCountContentLists">
        <value condition="stringcompare(Window.Property(InfoContent),Actors)">$INFO[Container(50).CurrentItem,, / ]$INFO[Container(50).NumItems,, $LOCALIZE[31001]]</value>
        <value condition="stringcompare(Window.Property(InfoContent),YouTube)">$INFO[Container(55).CurrentItem,, / ]$INFO[Container(55).NumItems,, $LOCALIZE[31001]]</value>
        <value condition="stringcompare(Window.Property(InfoContent),SetMovies)">$INFO[Container(255).CurrentItem,, / ]$INFO[Container(255).NumItems,, $LOCALIZE[31001]]</value>
        <value condition="stringcompare(Window.Property(InfoContent),Discography)">$INFO[Container(56).CurrentItem,, / ]$INFO[Container(56).NumItems,, $LOCALIZE[31001]]</value>
        <value condition="stringcompare(Window.Property(InfoContent),MLTracks)">$INFO[Container(57).CurrentItem,, / ]$INFO[Container(57).NumItems,, $LOCALIZE[31001]]</value>
        <value condition="stringcompare(Window.Property(InfoContent),150)">$INFO[Container(150).CurrentItem,, / ]$INFO[Container(150).NumItems,, $LOCALIZE[31001]]</value>
        <value condition="stringcompare(Window.Property(InfoContent),250)">$INFO[Container(250).CurrentItem,, / ]$INFO[Container(250).NumItems,, $LOCALIZE[31001]]</value>
        <value condition="stringcompare(Window.Property(InfoContent),350)">$INFO[Container(350).CurrentItem,, / ]$INFO[Container(350).NumItems,, $LOCALIZE[31001]]</value>
        <value condition="stringcompare(Window.Property(InfoContent),450)">$INFO[Container(450).CurrentItem,, / ]$INFO[Container(450).NumItems,, $LOCALIZE[31001]]</value>
        <value condition="stringcompare(Window.Property(InfoContent),1000)">$INFO[Container(1000).CurrentItem,, / ]$INFO[Container(1000).NumItems,, $LOCALIZE[31001]]</value>
        <value></value>
    </variable>
	
	<variable name="ItemCountContentLists_old">
        <value condition="stringcompare(Window.Property(InfoContent),150)">$INFO[Container(150).NumItems,, $LOCALIZE[31001]  •  ]$INFO[Container(150).CurrentPage,$LOCALIZE[31024] , $LOCALIZE[20163] ]$INFO[Container(150).NumPages]</value>
        <value condition="stringcompare(Window.Property(InfoContent),350)">$INFO[Container(350).NumItems,, $LOCALIZE[31001]  •  ]$INFO[Container(350).CurrentPage,$LOCALIZE[31024] , $LOCALIZE[20163] ]$INFO[Container(350).NumPages]</value>
        <value condition="stringcompare(Window.Property(InfoContent),1000)">$INFO[Container(1000).NumItems,, $LOCALIZE[31001]  •  ]$INFO[Container(1000).CurrentPage,$LOCALIZE[31024] , $LOCALIZE[20163] ]$INFO[Container(1000).NumPages]</value>
        <value></value>
    </variable>
	
	<variable name="Label2ContentLists">
        <value condition="stringcompare(Window.Property(InfoContent),150)">$INFO[ListItem.Year] • $INFO[ListItem.Rating,IMDB: ]</value>
        <value condition="stringcompare(Window.Property(InfoContent),350)">$INFO[ListItem.Year,, • ]$INFO[ListItem.Rating]$INFO[ListItem.Duration, • , Min.]</value>
        <value condition="stringcompare(Window.Property(InfoContent),1000)">$INFO[ListItem.CastAndRole]</value>
		<value condition="StringCompare(Window.Property(InfoContent),YouTube)">$INFO[ListItem.Year,, • ]$INFO[ListItem.Rating]$INFO[ListItem.Duration, • , Min.]</value>
        <value condition="Window.IsVisible(musicinformation)">$INFO[Listitem.Artist]</value>
        <value>$INFO[Listitem.Label2]</value> <!-- NEW! Check if O.K. That Way! -->
    </variable>



	<!-- No Script Includes -->
	
	<include name="ThumbList-Square">
		<!--ondown>ClearProperty(Infocontent)</ondown-->
        <ondown>9000</ondown>
        <left>0</left>
		<top>0</top>
		<width>1230</width>
		<height>410</height>
		<pagecontrol>-</pagecontrol>
		<scrolltime>200</scrolltime>
		<orientation>horizontal</orientation>
		<!--preloaditems>2</preloaditems-->
        <itemlayout width="345" height="390">
		
			<control type="image">
				<left>10</left>
				<width>325</width>
				<height>325</height>
				<texture background="true" colordiffuse="$VAR[UnfocusColordiffuse]" fallback="fallbacks/FallbackFilePostersice.png">$INFO[ListItem.Icon]</texture>
				<include>BorderTextureNF</include>
				<bordersize>5</bordersize>
				<aspectratio align="center">stretch</aspectratio>
			</control>
			<control type="image">
				<left>10</left>
				<width>325</width>
				<height>325</height>
				<texture>views/OverlayPosterNF.png</texture>
				<bordersize>5</bordersize>
				<visible>Skin.HasSetting(Overlays)</visible>
			</control>
			<!-- Title -->
			<control type="label">
				<left>15</left>
				<top>325</top>
				<width>315</width>
				<height>30</height>
				<font>Font27</font>
				<align>left</align>
				<textcolor>TextColor2</textcolor>
				<shadowcolor>ShadowColor</shadowcolor>
				<label>$INFO[ListItem.Label]</label>
			</control>
			<!-- Additional Infos -->
			<control type="label">
				<left>15</left>
				<top>360</top>
				<width>315</width>
				<height>30</height>
				<font>Font25</font>
				<align>left</align>
				<textcolor>TextColor3</textcolor>
				<shadowcolor>ShadowColor</shadowcolor>
				<label>$VAR[Label2ContentLists]</label>
			</control>
			
		</itemlayout>
		<focusedlayout width="345" height="390">
		
			<control type="image">
				<left>10</left>
				<width>325</width>
				<height>325</height>
				<texture background="true" colordiffuse="$VAR[UnfocusColordiffuse]" fallback="fallbacks/FallbackFilePostersice.png">$INFO[ListItem.Icon]</texture>
				<include>BorderTextureNF</include>
				<bordersize>5</bordersize>
				<aspectratio align="center">stretch</aspectratio>
				<visible>![Control.HasFocus(55) | Control.HasFocus(150) | Control.HasFocus(250) | Control.HasFocus(350) | Control.HasFocus(450) | Control.HasFocus(550) | Control.HasFocus(650) | Control.HasFocus(750) | Control.HasFocus(850) | Control.HasFocus(950) | Control.HasFocus(1000) | Control.HasFocus(1150) | Control.HasFocus(1250)]</visible>
			</control>
			<control type="image">
				<left>10</left>
				<width>325</width>
				<height>325</height>
				<texture background="true" fallback="fallbacks/FallbackFilePostersice.png">$INFO[ListItem.Icon]</texture>
				<!--bordertexture border="7">Borders/BorderFO.png</bordertexture-->
				<include condition="!Skin.HasSetting(FocusStyleDarkBright)">BorderTextureFO</include>
				<include condition="Skin.HasSetting(FocusStyleDarkBright)">BorderTextureNF</include>
				<bordersize>5</bordersize>
				<aspectratio align="center">stretch</aspectratio>
				<visible>[Control.HasFocus(55) | Control.HasFocus(150) | Control.HasFocus(250) | Control.HasFocus(350) | Control.HasFocus(450) | Control.HasFocus(550) | Control.HasFocus(650) | Control.HasFocus(750) | Control.HasFocus(850) | Control.HasFocus(950) | Control.HasFocus(1000) | Control.HasFocus(1150) | Control.HasFocus(1250)]</visible>
			</control>
			
			<control type="image">
				<left>10</left>
				<width>325</width>
				<height>325</height>
				<texture>views/OverlayPosterFO.png</texture>
				<bordersize>5</bordersize>
				<visible>Skin.HasSetting(Overlays)</visible>
			</control>
			<!-- Title -->
			<control type="label">
				<left>15</left>
				<top>325</top>
				<width>315</width>
				<height>30</height>
				<font>Font27</font>
				<align>left</align>
				<textcolor>TextColor1</textcolor>
				<shadowcolor>ShadowColor</shadowcolor>
				<label>$INFO[ListItem.Label]</label>
			</control>
			<!-- Additional Infos -->
			<control type="label">
				<left>15</left>
				<top>360</top>
				<width>315</width>
				<height>30</height>
				<font>Font25</font>
				<align>left</align>
				<textcolor>TextColor2</textcolor>
				<shadowcolor>ShadowColor</shadowcolor>
				<label>$VAR[Label2ContentLists]</label>
			</control>
			
		</focusedlayout>
	</include>



</includes>