<?xml version="1.0" encoding="UTF-8"?>
<window>
	<!-- musicosd -->
	<defaultcontrol always="true">514</defaultcontrol>

	<controls>

		
		<!-- Close Window Button -->
		<control type="button">
			<description>Close Window button</description>
			<right>80</right>
			<top>0</top>
			<width>120</width>
			<height>50</height>
			<label>[B]x[/B]</label>
			<font>Font42</font>
			<align>center</align>
			<aligny>bottom</aligny>
			<textoffsetx></textoffsetx>
			<textoffsety>-12</textoffsety>
			<onclick>Dialog.Close(MusicOSD,true)</onclick>
            <onclick>FullScreen</onclick>
            <texturefocus border="15" colordiffuse="CommonDialogButtonFO">Buttons/DialogCloseButton.png</texturefocus>
			<texturenofocus border="15" colordiffuse="CommonDialogButtonNF">Buttons/DialogCloseButton.png</texturenofocus>
			<!--visible>system.getbool(input.enablemouse) + Skin.HasSetting(ShowMouseButtons) + ![Window.IsVisible(AddonSettings) | Window.IsVisible(SelectDialog) | Window.IsVisible(VisualisationPresetList)]</visible-->
			<visible>system.getbool(input.enablemouse) + Skin.HasSetting(ShowMouseButtons) + ![Window.IsVisible(AddonSettings) | Window.IsVisible(SelectDialog) | Window.IsVisible(VisualisationPresetList) | Window.IsVisible(PVROSDChannels) | Window.IsVisible(PVROSDGuide) | Window.IsVisible(PVRRadioRDSInfo) | Window.IsVisible(OSDAudioDSPSettings) | Window.IsVisible(Addon)]</visible>
		</control>
		
		
		<!-- Seekslider (rest in MusicVisualisation.xml) -->
        <control type="slider" id="87">
            <description>Seek Slider</description>
            <left>350</left>
            <top>987</top>
            <width>1220</width>
            <height>5</height>
            <onup>702</onup>
            <ondown>26</ondown>
            <action>seek</action>
            <texturesliderbar>common/osd_seeksliderbar.png</texturesliderbar>
            <textureslidernib colordiffuse="FF7afafaf">common/OSD_slider_nib.png</textureslidernib>
            <textureslidernibfocus colordiffuse="FFFFFFFF">common/OSD_slider_nib.png</textureslidernibfocus>
            <animation effect="fade" time="200">VisibleChange</animation>
            <animation effect="slide" start="0,0" end="0,55" time="200" condition="!Window.IsActive(MusicOSD)">Conditional</animation>
			<!--visible>![Window.IsVisible(AddonSettings) | Window.IsVisible(SelectDialog) | Window.IsVisible(VisualisationPresetList)]</visible-->
        	<visible>![Window.IsVisible(AddonSettings) | Window.IsVisible(SelectDialog) | Window.IsVisible(VisualisationPresetList) | Window.IsVisible(PVROSDChannels) | Window.IsVisible(PVROSDGuide) | Window.IsVisible(PVRRadioRDSInfo) | Window.IsVisible(OSDAudioDSPSettings) | Window.IsVisible(Addon)]</visible>
        </control>
		<!-- Seekslider (rest in MusicVisualisation.xml) End -->

		<!-- OSD Icons -->
		<control type="group">
			<control type="image" id="2">
				<description>PlayerIcons-Bar</description>
				<left>-15</left>
				<top>65r</top>
				<width>1950</width>
				<height>70</height>
				<texture border="1">osd/OSDBack.png</texture>
				<!--visible>![Window.IsVisible(AddonSettings) | Window.IsVisible(SelectDialog) | Window.IsVisible(VisualisationPresetList)]</visible-->
				<visible>![Window.IsVisible(AddonSettings) | Window.IsVisible(SelectDialog) | Window.IsVisible(VisualisationPresetList) | Window.IsVisible(PVROSDChannels) | Window.IsVisible(PVROSDGuide) | Window.IsVisible(PVRRadioRDSInfo) | Window.IsVisible(OSDAudioDSPSettings) | Window.IsVisible(Addon)]</visible>
			</control>
			
			<!-- Start Settingsbuttons left Music -->
			<control type="grouplist" id="100">
				<posx>80</posx>
				<top>65r</top>
				<width>500</width>
				<align>left</align>
				<onleft>522</onleft>
				<onright>510</onright>
				<onup>1000</onup>
				<ondown>1000</ondown>
				<orientation>horizontal</orientation>
				<itemgap>5</itemgap>
				<animation effect="fade" time="200">VisibleChange</animation>
				<!--visible>![Window.IsVisible(AddonSettings) | Window.IsVisible(SelectDialog) | Window.IsVisible(VisualisationPresetList)]</visible-->
				<visible>![Window.IsVisible(AddonSettings) | Window.IsVisible(SelectDialog) | Window.IsVisible(VisualisationPresetList) | Window.IsVisible(PVROSDChannels) | Window.IsVisible(PVROSDGuide) | Window.IsVisible(PVRRadioRDSInfo) | Window.IsVisible(OSDAudioDSPSettings) | Window.IsVisible(Addon)]</visible>
				<!-- Set Rating -->
				<control type="button" id="506">  <!-- ** Krypton Add ** -->
					<width>72</width>
					<height>68</height>
					<label>15047</label>
					<font>-</font>
					<texturefocus>Button-Icons/OSDRate.png</texturefocus>  <!-- New Icon needs to be Added (just a Placeholder atm.) -->
					<texturenofocus colordiffuse="TextColor3">Button-Icons/OSDRate.png</texturenofocus>
					<onclick>setrating</onclick>
				</control>
				<!-- Show Playlist -->
				<control type="button" id="501">
					<width>72</width>
					<height>68</height>
					<label>-</label>
					<font>-</font>
					<texturefocus>Button-Icons/OSDPlaylist.png</texturefocus>
					<texturenofocus colordiffuse="TextColor3">Button-Icons/OSDPlaylist.png</texturenofocus>
					<onclick>Close</onclick>
					<onclick>ActivateWindow(musicplaylist)</onclick>
					<animation effect="fade" start="100 "end="30" time="0" condition="String.IsEmpty(MusicPlayer.offset(1).Title)">Conditional</animation>
					<!--visible>!String.IsEmpty(MusicPlayer.offset(1).Title) | Skin.HasSetting(OSDPlaylistAudio)</visible-->
				</control>
				
				<!-- Onscreen Playlist (old) -->
				<!--
				<control type="togglebutton" id="501">
					<width>72</width>
					<height>68</height>
					<label>-</label>
					<font>-</font>
					<texturefocus>Button-Icons/OSDPlaylist.png</texturefocus>
					<texturenofocus colordiffuse="TextColor3">Button-Icons/OSDPlaylist.png</texturenofocus>
					<usealttexture>Skin.HasSetting(OSDPlaylistAudio) + !Skin.HasSetting(ExtraInfoAudioPlus)</usealttexture>
					<alttexturefocus colordiffuse="$VAR[Selected]">Button-Icons/OSDPlaylist.png</alttexturefocus>
					<alttexturenofocus colordiffuse="$VAR[FOColor]">Button-Icons/OSDPlaylist.png</alttexturenofocus>
					<onclick>Skin.ToggleSetting(OSDPlaylistAudio)</onclick>
					<enable>!Skin.HasSetting(ExtraInfoAudio) + !Skin.HasSetting(ExtraInfoAudioPlus)</enable>
					<animation effect="fade" start="100 "end="30" time="0" condition="Skin.HasSetting(ExtraInfoAudio) | Skin.HasSetting(ExtraInfoAudioPlus)">Conditional</animation>
					<visible>!String.IsEmpty(MusicPlayer.offset(1).Title)</visible>
				</control>
				-->
				
				<!-- Lyrics old -->
				<!--control type="togglebutton" id="701">
					<posx>0</posx>
					<posy>0</posy>
					<width>72</width>
					<height>68</height>
					<label>31128</label>
					<font>-</font>
					<texturefocus>Button-Icons/OSDLyrics.png</texturefocus>
					<texturenofocus colordiffuse="TextColor3">Button-Icons/OSDLyrics.png</texturenofocus>
					<alttexturefocus>Button-Icons/OSDLyrics.png</alttexturefocus>
					<alttexturenofocus colordiffuse="TextColor3">Button-Icons/OSDLyrics.png</alttexturenofocus>
					<onleft>607</onleft>
					<onright>500</onright>
					<onup>1000</onup>
					<ondown>1000</ondown>
					<!--onclick>Close</onclick--
					<onclick>XBMC.RunScript($INFO[Skin.String(LyricScript_Path)])</onclick>
					<onclick>SetProperty(ShowLyrics)</onclick>
					<!--altclick>Skin.SetAddon(LyricScript_Path,xbmc.python.lyrics)</altclick>
					<altclick>Close</altclick>
					<altclick>XBMC.RunScript($INFO[Skin.String(LyricScript_Path)])</altclick>
					<usealttexture>String.IsEmpty(Skin.String(LyricScript_Path))</usealttexture--
					<visible>Skin.HasSetting(HideLyricsOnOSDSwitch)</visible>
				</control-->
				
				<!-- Repeat Settings -->
				<control type="button" id="502">
					<width>72</width>
					<height>68</height>
					<label>$LOCALIZE[486]$INFO[Playlist.Repeat, : ]</label>
					<font>-</font>
					<texturefocus>-</texturefocus>
					<texturenofocus>-</texturenofocus>
					<onclick>XBMC.PlayerControl(Repeat)</onclick>
					<onleft>601</onleft>
				</control>
				<!-- Repeat images -->
				<control type="group" id="503">
					<width>72</width>
					<height>68</height>
					<animation effect="slide" start="0,0" end="-82,0" time="0" condition="True">Conditional</animation>
					<control type="image">
						<width>72</width>
						<height>68</height>
						<texture colordiffuse="TextColor3">Button-Icons/OSDRepeat.png</texture>
						<visible>!Playlist.IsRepeat + !Playlist.IsRepeatOne</visible>
						<visible>!Control.HasFocus(502)</visible>
					</control>
					<control type="image">
						<width>72</width>
						<height>68</height>
						<texture>Button-Icons/OSDRepeat.png</texture>
						<visible>!Playlist.IsRepeat + !Playlist.IsRepeatOne</visible>
						<visible>Control.HasFocus(502)</visible>
					</control>
					<control type="image">
						<width>72</width>
						<height>68</height>
						<texture colordiffuse="$VAR[FOColor]">Button-Icons/OSDRepeatOne.png</texture>
						<visible>Playlist.IsRepeatOne</visible>
						<visible>!Control.HasFocus(502)</visible>
					</control>
					<control type="image">
						<width>72</width>
						<height>68</height>
						<texture colordiffuse="$VAR[FOColor]">Button-Icons/OSDRepeatOne.png</texture>
						<visible>Playlist.IsRepeatOne</visible>
						<visible>Control.HasFocus(502)</visible>
					</control>
					<control type="image">
						<width>72</width>
						<height>68</height>
						<texture colordiffuse="$VAR[FOColor]">Button-Icons/OSDRepeatAll.png</texture>
						<visible>Playlist.IsRepeat</visible>
						<visible>!Control.HasFocus(502)</visible>
					</control>
					<control type="image">
						<width>72</width>
						<height>68</height>
						<texture colordiffuse="$VAR[FOColor]">Button-Icons/OSDRepeatAll.png</texture>
						<visible>Playlist.IsRepeat</visible>
						<visible>Control.HasFocus(502)</visible>
					</control>
				</control>
				<!-- Random -->
				<control type="togglebutton" id="504">
					<animation effect="slide" start="0,0" end="-82,0" time="0" condition="True">Conditional</animation>
					<width>72</width>
					<height>68</height>
					<label>$LOCALIZE[590]$INFO[Playlist.Random, : ]</label>
					<font>-</font>
					<texturefocus>Button-Icons/OSDRandomOff.png</texturefocus>
					<texturenofocus colordiffuse="TextColor3">Button-Icons/OSDRandomOff.png</texturenofocus>
					<usealttexture>Playlist.IsRandom</usealttexture>
					<alttexturefocus colordiffuse="$VAR[Selected]">Button-Icons/OSDRandomOn.png</alttexturefocus>
					<alttexturenofocus colordiffuse="$VAR[FOColor]">Button-Icons/OSDRandomOn.png</alttexturenofocus>
					<onclick>XBMC.PlayerControl(Random)</onclick>
				</control>
				<!-- Extra Info -->
				<control type="togglebutton" id="505">
					<animation effect="slide" start="0,0" end="-82,0" time="0" condition="True">Conditional</animation>
					<width>72</width>
					<height>68</height>
					<label>13395</label>
					<font>-</font>
					<texturefocus>Button-Icons/OSDInfo.png</texturefocus>
					<texturenofocus colordiffuse="TextColor3">Button-Icons/OSDInfo.png</texturenofocus>
					<usealttexture>Skin.HasSetting(ExtraInfoAudioPlus)</usealttexture>
					<alttexturefocus colordiffuse="$VAR[HighlightColor]">Button-Icons/OSDInfo.png</alttexturefocus>
					<alttexturenofocus colordiffuse="$VAR[HighlightColorNF]">Button-Icons/OSDInfo.png</alttexturenofocus>
					<onclick condition="!Skin.HasSetting(ExtraInfoAudio) + !Skin.HasSetting(ExtraInfoAudioPlus)">Skin.SetBool(ExtraInfoAudio)</onclick>
					<onclick condition="Skin.HasSetting(ExtraInfoAudio)">Skin.SetBool(ExtraInfoAudioPlus)</onclick>
					<onclick condition="Skin.HasSetting(ExtraInfoAudio)">Skin.Reset(ExtraInfoAudio)</onclick>
					<onclick condition="Skin.HasSetting(ExtraInfoAudioPlus)">Skin.Reset(ExtraInfoAudioPlus)</onclick>
					<visible>!Skin.HasSetting(HideMusicInfoButton)</visible>
				</control> 
			</control>
			<!-- End Settingsbuttons left Music -->
			
			<!-- Start Playerbuttons Music -->
			<control type="grouplist" id="101">
				<description>Playerbuttons</description>
				<left>585</left>
				<top>65r</top>
				<width>750</width>
				<align>center</align>
				<onleft>505</onleft>
				<onright>500</onright>
				<orientation>horizontal</orientation>
				<itemgap>5</itemgap>
				<animation effect="fade" time="200">VisibleChange</animation>
				<visible>![Window.IsVisible(AddonSettings) | Window.IsVisible(SelectDialog) | Window.IsVisible(VisualisationPresetList)]</visible>
				<!-- Channel Down -->
				<control type="button" id="510">
					<width>72</width>
					<height>68</height>
					<label>210</label>
					<font>-</font>
					<texturefocus>Button-Icons/OSDChannelDown.png</texturefocus>
					<texturenofocus colordiffuse="FF3F3F3F">Button-Icons/OSDChannelDown.png</texturenofocus>
					<aspectratio>keep</aspectratio>
					<onup>1000</onup>
					<ondown>1000</ondown>
					<onclick>PlayerControl(Previous)</onclick>
					<visible>Pvr.IsPlayingRadio</visible>
				</control>
				<!-- Channel Up -->
				<control type="button" id="511">
					<width>72</width>
					<height>68</height>
					<label>31354</label>
					<font>-</font>
					<texturefocus>Button-Icons/OSDChannelUP.png</texturefocus>
					<texturenofocus colordiffuse="FF3F3F3F">Button-Icons/OSDChannelUP.png</texturenofocus>
					<aspectratio>keep</aspectratio>
					<onup>1000</onup>
					<ondown>1000</ondown>
					<onclick>PlayerControl(Next)</onclick>
					<visible>Pvr.IsPlayingRadio</visible>
				</control>
				
				<!-- Previous -->
				<control type="button" id="512">
					<width>72</width>
					<height>68</height>
					<label>210</label>
					<font>-</font>
					<texturefocus>Button-Icons/OSDPrevious.png</texturefocus>
					<texturenofocus colordiffuse="TextColor3">Button-Icons/OSDPrevious.png</texturenofocus>
					<onclick>PlayerControl(Previous)</onclick>
					<animation effect="fade" start="100" end="35" condition="!MusicPlayer.HasPrevious + String.IsEmpty(Player.Duration)">Conditional</animation>
					<enable>MusicPlayer.HasPrevious | !String.IsEmpty(Player.Duration)</enable>  <!-- MusicPlayer.HasPrevious |  -->
					<visible>!Pvr.IsPlayingRadio</visible>
				</control>
				<!-- Rewind -->
				<control type="button" id="513">
					<width>72</width>
					<height>68</height>
					<label>31354</label>
					<font>-</font>
					<texturefocus>Button-Icons/OSDRewind.png</texturefocus>
					<texturenofocus colordiffuse="TextColor3">Button-Icons/OSDRewind.png</texturenofocus>
					<onclick>PlayerControl(Rewind)</onclick>
				</control>
				<!-- Pause -->
				<control type="togglebutton" id="514">
					<width>72</width>
					<height>68</height>
					<label>31351</label>
					<altlabel>208</altlabel>
					<font>-</font>
					<texturefocus>Button-Icons/OSDPause.png</texturefocus>
					<texturenofocus colordiffuse="TextColor3">Button-Icons/OSDPause.png</texturenofocus>
					<usealttexture>Player.Paused | Player.Forwarding | Player.Rewinding</usealttexture>
					<alttexturefocus>Button-Icons/OSDPlay.png</alttexturefocus>
					<alttexturenofocus colordiffuse="TextColor3">Button-Icons/OSDPlay.png</alttexturenofocus>
					<onclick>PlayerControl(Play)</onclick>
				</control>
				<!-- Stop -->
				<control type="button" id="515">
					<width>72</width>
					<height>68</height>
					<label>31352</label>
					<font>-</font>
					<texturefocus>Button-Icons/OSDStop.png</texturefocus>
					<texturenofocus colordiffuse="TextColor3">Button-Icons/OSDStop.png</texturenofocus>
					<onclick>PlayerControl(Stop)</onclick>
				</control>
				<!-- Fast Forward -->
				<control type="button" id="516">
					<width>72</width>
					<height>68</height>
					<label>31353</label>
					<font>-</font>
					<texturefocus>Button-Icons/OSDFastForward.png</texturefocus>
					<texturenofocus colordiffuse="TextColor3">Button-Icons/OSDFastForward.png</texturenofocus>
					<onclick>PlayerControl(Forward)</onclick>
				</control>
				<!-- Next -->
				<control type="button" id="517">
					<width>72</width>
					<height>68</height>
					<label>209</label>
					<font>-</font>
					<texturefocus>Button-Icons/OSDNext.png</texturefocus>
					<texturenofocus colordiffuse="TextColor3">Button-Icons/OSDNext.png</texturenofocus>
					<onclick>PlayerControl(Next)</onclick>
					<animation effect="fade" start="100" end="35" condition="!MusicPlayer.HasNext">Conditional</animation>
					<enable>MusicPlayer.HasNext</enable>
					<visible>!Pvr.IsPlayingRadio</visible>
				</control>
				<!-- Record -->
				<control type="button" id="518">
					<width>72</width>
					<height>68</height>
					<label>264</label>
					<font>-</font>
					<texturefocus>Button-Icons/OSDRecordOff.png</texturefocus>
					<texturenofocus colordiffuse="TextColor3">Button-Icons/OSDRecordOff.png</texturenofocus>
					<onclick>XBMC.PlayerControl(record)</onclick>
					<enable>Player.CanRecord</enable>
					<animation effect="fade" start="100" end="50" time="100" condition="!Player.CanRecord">Conditional</animation>
				</control>
			</control>
			<!-- End Playerbuttons Music -->
			
			<!-- Start Settingsbuttons right Music -->
			<control type="grouplist" id="102">
				<right>80</right>
				<top>65r</top>
				<width>390</width>
				<align>right</align>
				<onleft>518</onleft>
				<onright>506</onright>
				<orientation>horizontal</orientation>
				<itemgap>5</itemgap>
				<animation effect="fade" time="200">VisibleChange</animation>
				<visible>![Window.IsVisible(AddonSettings) | Window.IsVisible(SelectDialog) | Window.IsVisible(VisualisationPresetList)]</visible>
				<!-- Vis Chooser -->
				<control type="button" id="500">
					<width>72</width>
					<height>68</height>
					<label>12006</label>
					<font>-</font>
					<texturefocus>Button-Icons/OSDViz.png</texturefocus>
					<texturenofocus colordiffuse="TextColor3">Button-Icons/OSDViz.png</texturenofocus>
				</control>
				<!-- Vis Settings -->
				<control type="button" id="521">
					<width>72</width>
					<height>68</height>
					<label>$LOCALIZE[250] $LOCALIZE[21417]</label>
					<font>-</font>
					<texturefocus>Button-Icons/OSDPresetSettings.png</texturefocus>
					<texturenofocus colordiffuse="TextColor3">Button-Icons/OSDPresetSettings.png</texturenofocus>
					<onclick>Addon.Default.OpenSettings(xbmc.player.musicviz)</onclick>
				</control>
				<!-- Choose Vis -->
				<control type="button" id="522">
					<width>72</width>
					<height>68</height>
					<label>31048</label>
					<font>-</font>
					<texturefocus>Button-Icons/OSDPre.png</texturefocus>
					<texturenofocus colordiffuse="TextColor3">Button-Icons/OSDPre.png</texturenofocus>
					<onclick>ActivateWindow(122)</onclick>
				</control>
				<!-- Lyrics -->
				<control type="togglebutton" id="523">
					<posx>0</posx>
					<posy>0</posy>
					<width>72</width>
					<height>68</height>
					<label>31128</label>
					<font>-</font>
					<texturefocus>Button-Icons/OSDLyrics.png</texturefocus>
					<texturenofocus colordiffuse="TextColor3">Button-Icons/OSDLyrics.png</texturenofocus>
					<alttexturefocus>Button-Icons/OSDLyrics.png</alttexturefocus>
					<alttexturenofocus colordiffuse="TextColor3">Button-Icons/OSDLyrics.png</alttexturenofocus>
					<onclick>Close</onclick>
					<onclick>RunScript($INFO[Skin.String(LyricScript_Path)])</onclick>
					<altclick>Skin.SetAddon(LyricScript_Path,xbmc.python.lyrics)</altclick>
					<altclick>Close</altclick>
					<altclick>RunScript($INFO[Skin.String(LyricScript_Path)])</altclick>
					<usealttexture>String.IsEmpty(Skin.String(LyricScript_Path))</usealttexture>
					<!--visible>!MusicPlayer.Content(LiveTV)</visible-->
				</control>
			</control>
			<!-- End Settingsbuttons left Music -->
		</control>
		<!-- End OSD Icons -->

	</controls>

</window>