<?xml version="1.0" encoding="UTF-8"?>
<window>
	<!-- pvrchannels -->
	<backgroundcolor>0x00000000</backgroundcolor>
	<defaultcontrol>50,51,52</defaultcontrol>

	<controls>

		<!-- Background -->
		<include>WindowBackgroundImage</include>
		
		<!-- Fanart -->
		<include>Fanart-PVR</include>
		

		<!-- Main group -->
		<control type="group">
			<include>WindowFadeAnimation</include>

			<!-- Curve -->
			<!--
			<control type="image">
				<left>20</left>
				<top>20</top>
				<width>1220</width>
				<height>1040</height>
				<texture flipx="true" border="0,0,40,0">common/Curve.png</texture>
				<visible>Skin.HasSetting(ShowCurve)</visible>
			</control>
			-->

			<!-- Start date -->
			<!--
			<control type="label">
				<left>120</left>
				<top>170</top>
				<width>800</width>
				<height>33</height>
				<aligny>top</aligny>
				<font>Font33</font>
				<label>$INFO[ListItem.StartDate]</label>
			</control>
			-->

			<!-- List -->
			<control type="list" id="50">
				<left>70</left>  <!-- 120 -->
				<top>135</top>
				<width>755</width>
				<height>857</height>
				<onup>50</onup>
				<ondown>50</ondown>
				<onleft>3000</onleft>
				<onright>70</onright>
				<onback>3000</onback>
				<pagecontrol>70</pagecontrol>
				<preloaditems>2</preloaditems>
				<viewtype label="535">list</viewtype>				
				<scrolltime tween="sine" easing="out">240</scrolltime>

				<itemlayout width="715" height="107">
				
					<!-- Background -->
					<control type="image">
						<left>3</left>
						<top>3</top>
						<width>709</width>
						<height>100</height>
						<colordiffuse>3effffff</colordiffuse>
						<texture border="5">pvr/epg-genres/0.png</texture>
						<visible>Skin.HasSetting(EPGDontShowGenreColors)</visible>
					</control>
				
					<!-- Background - EPG Genre -->
					<control type="image">
						<left>3</left>
						<top>3</top>
						<width>709</width>
						<height>100</height>
						<colordiffuse>3effffff</colordiffuse>
						<texture border="5" fallback="pvr/epg-genres/0.png">$INFO[ListItem.Genre,pvr/epg-genres/,.png]</texture>
						<visible>!Skin.HasSetting(EPGDontShowGenreColors)</visible>
					</control>

					<!-- Channel image -->
					<control type="image">
						<left>8</left>
						<top>8</top>
						<width>90</width>
						<height>90</height>
						<aspectratio>keep</aspectratio>
						<texture background="true" fallback="pvr/defaultchannel.png">$VAR[PVRChannelIcon]</texture>
					</control>

					<!-- Channel number -->
					<control type="label">
						<left>116</left>
						<width>88</width>
						<height>106</height>
						<textcolor>TextColor2</textcolor>
						<label>[B]$INFO[ListItem.ChannelNumber][/B]</label>
					</control>
					
					<!-- Channel name -->
					<control type="label">
						<left>194</left>
						<top>11</top>
						<width>482</width>
						<textcolor>TextColor2</textcolor>
						<label>$INFO[ListItem.Label]</label>
					</control>
					
					<!-- Program name -->
					<control type="label">
						<left>194</left>
						<top>53</top>
						<width>482</width>
						<height>27</height>
						<font>Font27</font>
						<textcolor>TextColor2</textcolor>
						<label>$INFO[ListItem.Title]</label>
					</control>

					<!-- Recording image -->
					<control type="image">
						<right>5</right>
						<top>40</top>
						<width>30</width>
						<height>30</height>
						<texture>pvr/Recording.png</texture>
						<visible>ListItem.IsRecording</visible>
					</control>

					<!-- Timer image -->
					<control type="image">
						<right>0</right>
						<top>36</top>
						<width>38</width>
						<height>40</height>
						<texture>pvr/Timer.png</texture>
						<visible>[ListItem.HasTimer | ListItem.HasTimerSchedule] + !ListItem.IsRecording</visible>
					</control>
					
					<!-- Start time -->
					<control type="label">
						<right>20</right>
						<top>11</top>
						<width>200</width>
						<align>right</align>
						<textcolor>TextColor2</textcolor>
						<label>$INFO[ListItem.StartTime]</label>
					</control>

					<!-- End time -->
					<control type="label">
						<right>20</right>
						<top>53</top>
						<width>200</width>
						<height>27</height>
						<align>right</align>
						<textcolor>TextColor2</textcolor>
						<label>$INFO[ListItem.EndTime]</label>
					</control>

					<!-- Progress -->
					<control type="progress">
						<left>194</left>
						<top>92</top>
						<width>505</width>
						<height>6</height>
						<colordiffuse>OverlayColorNF</colordiffuse>
						<texturebg border="2">osd/OSDProgressBack.png</texturebg>
						<lefttexture>-</lefttexture>
						<midtexture border="2">osd/OSDProgressBar.png</midtexture>
						<righttexture>-</righttexture>
						<info>ListItem.Progress</info>
						<visible>ListItem.HasEpg</visible>
					</control>

				</itemlayout>

				<focusedlayout width="715" height="107">

					<!-- Background -->
					<control type="image">
						<left>3</left>
						<top>3</top>
						<width>709</width>
						<height>100</height>
						<texture border="5" colordiffuse="88ffffff">pvr/epg-genres/0.png</texture>
						<bordertexture border="5">pvr/EPGBorder.png</bordertexture>
						<bordersize>2</bordersize>
						<visible>Skin.HasSetting(EPGDontShowGenreColors)</visible>
					</control>
					
					<!-- Background - EPG Genre -->
					<control type="image">
						<left>3</left>
						<top>3</top>
						<width>709</width>
						<height>100</height>
						<texture border="5" colordiffuse="88ffffff" fallback="pvr/epg-genres/0.png">$INFO[ListItem.Property(GenreType),pvr/epg-genres/,.png]</texture>
						<bordertexture border="5">pvr/EPGBorder.png</bordertexture>
						<bordersize>2</bordersize>
						<visible>!Skin.HasSetting(EPGDontShowGenreColors)</visible>
					</control>

					<!-- Channel image -->
					<control type="image">
						<left>8</left>
						<top>8</top>
						<width>90</width>
						<height>90</height>
						<aspectratio>keep</aspectratio>
						<texture background="true" fallback="pvr/defaultchannel.png">$VAR[PVRChannelIcon]</texture>
					</control>

					<!-- Channel number -->
					<control type="label">
						<left>116</left>
						<width>88</width>
						<height>106</height>
						<label>[B]$INFO[ListItem.ChannelNumber][/B]</label>
					</control>

					<!-- Channel name -->
					<control type="label">
						<left>194</left>
						<top>11</top>
						<width>442</width>
						<height>36</height>
						<label>$INFO[ListItem.Label]</label>
					</control>

					<!-- Program name -->
					<control type="label">
						<left>194</left>
						<top>53</top>
						<width>442</width>
						<height>27</height>
						<font>Font27</font>
						<label>$INFO[ListItem.Title]</label>
					</control>

					<!-- Recording image -->
					<control type="image">
						<right>5</right>
						<top>40</top>
						<width>30</width>
						<height>30</height>
						<texture>pvr/Recording.png</texture>
						<visible>ListItem.IsRecording</visible>
					</control>

					<!-- Timer image -->
					<control type="image">
						<right>0</right>
						<top>36</top>
						<width>38</width>
						<height>40</height>
						<texture>pvr/Timer.png</texture>
						<visible>[ListItem.HasTimer | ListItem.HasTimerSchedule] + !ListItem.IsRecording</visible>
					</control>
					
					<!-- Start time -->
					<control type="label">
						<right>20</right>
						<top>11</top>
						<width>200</width>
						<align>right</align>
						<label>$INFO[ListItem.StartTime]</label>
					</control>

					<!-- End time -->
					<control type="label">
						<right>20</right>
						<top>53</top>
						<width>200</width>
						<height>27</height>
						<align>right</align>
						<label>$INFO[ListItem.EndTime]</label>
					</control>

					<!-- Progress -->
					<control type="progress">
						<left>194</left>
						<top>92</top>
						<width>505</width>
						<height>6</height>
						<colordiffuse>OverlayColorFO</colordiffuse>
						<texturebg border="2">osd/OSDProgressBack.png</texturebg>
						<lefttexture>-</lefttexture>
						<midtexture border="2">osd/OSDProgressBar.png</midtexture>
						<righttexture>-</righttexture>
						<info>ListItem.Progress</info>
						<visible>ListItem.HasEpg</visible>
					</control>

				</focusedlayout>

			</control>

			<!-- Scrollbar -->
			<control type="scrollbar" id="70">
				<left>795</left>
				<top>137</top>
				<width>20</width>
				<height>849</height>
				<onleft>50</onleft>
				<showonepage>false</showonepage>
				<orientation>vertical</orientation>
				<colordiffuse>OverlayColorNF</colordiffuse>
				<texturesliderbackground border="6,1,8,1">common/ScrollBackground.png</texturesliderbackground>
				<texturesliderbar border="8,1,6,1">common/ScrollbarGripNF.png</texturesliderbar>
				<texturesliderbarfocus border="8,1,6,1" colordiffuse="DialogOverlayColorFO">common/ScrollbarGripFO.png</texturesliderbarfocus>
				<textureslidernib>-</textureslidernib>
				<textureslidernibfocus>-</textureslidernibfocus>
				<animation effect="slide" start="0,0" end="1100,0" time="0" condition="Control.IsVisible(51)">conditional</animation>
				<visible>Control.IsVisible(50) + !Skin.HasSetting(Scrollbars)</visible>
			</control>

			<!-- Channel preview & info -->
			<control type="group">
				<left>825</left>
				<top>137</top>
				<width>1070</width>
				<visible>Control.IsVisible(50)</visible>
				
				<!-- Viudeo Window Placeholder image -->
				<control type="image">
					<left>0</left>
					<top>0</top>
					<width>1020</width>
					<height>574</height>
					<texture fallback="pvr/Kodi-tv.jpg">$VAR[PVRFanart]</texture>
					<aspectratio>scale</aspectratio>
					<bordertexture border="5">Borders/BorderNF.png</bordertexture>
					<bordersize>2</bordersize>
					<visible>!Player.HasVideo</visible>
				</control>
				
				<!-- Viudeo Window background image -->
				<control type="image">
					<left>0</left>
					<top>0</top>
					<width>1020</width>
					<height>574</height>
					<colordiffuse>FF000000</colordiffuse>
					<texture>common/Base.png</texture>
					<visible>Player.HasVideo</visible>
				</control>
				
				<!-- Video Window -->
				<control type="videowindow">
					<description>videowindow</description>
					<left>0</left>
					<top>0</top>
					<width>1020</width>
					<height>574</height>
					<aspectratio>scale</aspectratio>
					<visible>Player.HasVideo</visible>
				</control>
				

				<control type="group">
					<top>580</top>
					<visible>Container(50).ListItem.HasEpg</visible>
					
					<!-- Program name -->
					<control type="label">
						<top>13</top>
						<width>990</width>
						<label>$INFO[Container(50).ListItem.Title,[COLOR=TextColor3]$LOCALIZE[19030]:[/COLOR] ,]</label>
					</control>

					<!-- Plot -->
					<control type="textbox">
						<top>53</top>
						<width>1020</width>
						<height>75</height>  <!-- 112 -->
						<align>justify</align>
						<font>Font30</font>
						<textcolor>TextColor2</textcolor>
						<shadowcolor>ShadowColor</shadowcolor>
						<label>$INFO[Container(50).ListItem.StartTime,,: ]$INFO[Container(50).ListItem.Plot]</label>
					</control>

					<!-- Next program -->
					<control type="label">
						<top>160</top>
						<width>990</width>
						<label>$INFO[Container(50).ListItem.NextTitle,[COLOR=TextColor3]$LOCALIZE[19031]:[/COLOR] ,]</label>  <!-- $INFO[Container(50).ListItem.NextStartTime, (,)] -->
					</control>
					
					<!-- Next program time / Next Plot -->
					<control type="textbox">
						<top>200</top>
						<width>1020</width>
						<height>75</height>
						<align>justify</align>
						<font>Font30</font>
						<textcolor>TextColor2</textcolor>
						<shadowcolor>ShadowColor</shadowcolor>
						<autoscroll>false</autoscroll>
						<label>$INFO[Container(50).ListItem.NextStartTime,,: ]$INFO[Container(50).ListItem.NextPlot]</label>
					</control>

				</control>

			</control>
			
			
			<!-- Thumbnails View (Panel + Info) -->
			
			<control type="panel" id="51">
				<left>70</left>
				<top>458</top> <!-- alt:465 -->
				<width>1780</width>
				<height>540</height>  <!-- alt:525 -->
				<onup>51</onup>
				<ondown>51</ondown>
				<onleft>3000</onleft>
				<onright>71</onright>
				<onback>3000</onback>
				<pagecontrol>71</pagecontrol>
				<preloaditems>2</preloaditems>
				<viewtype label="Thumbnails">Thumbnails</viewtype>				
				<scrolltime tween="sine" easing="out">240</scrolltime>
				<visible></visible>

				<itemlayout width="356" height="180"> <!-- alt:175 -->
				
					<!-- Background -->
					<control type="image">
						<width>356</width>
						<height>180</height> <!-- alt:175 -->
						<colordiffuse>3effffff</colordiffuse>
						<texture border="5" fallback="pvr/epg-genres/0.png">pvr/epg-genres/0.png</texture>
						<bordersize>5</bordersize>		
						<visible>Skin.HasSetting(EPGDontShowGenreColors)</visible>
					</control>
					
					<!-- Background - EPG Genre -->
					<control type="image">
						<width>356</width>
						<height>180</height> <!-- alt:175 -->
						<colordiffuse>3effffff</colordiffuse>
						<texture border="5" fallback="pvr/epg-genres/0.png">$INFO[ListItem.Property(GenreType),pvr/epg-genres/,.png]</texture>
						<bordersize>5</bordersize>		
						<visible>!Skin.HasSetting(EPGDontShowGenreColors)</visible>
					</control>
					
					<control type="group">
						<visible>System.HasAddon(script.skin.helper.service) + Skin.HasSetting(SkinHelper.EnablePVRThumbs)</visible>
					
						<!-- PVR Fanart -->
						<control type="image" id="110">
							<width>356</width>
							<height>174</height> <!-- alt:169 -->
							<texture border="2">http://localhost:52307/getpvrthumb&amp;title=$INFO[ListItem.Title]&amp;channel=$INFO[ListItem.Label]&amp;type=fanart,landscape</texture>
							<aspectratio>scale</aspectratio>
							<bordersize>5</bordersize>
							<animation effect="fade" start="100" end="55" time="0" condition="true">Conditional</animation>
						</control>
					
					</control>

					<!-- Channel number -->
					<control type="label">
						<left>15</left>
						<top>10</top>
						<width>106</width>
						<textcolor>TextColor2</textcolor>
						<label>[B]$INFO[ListItem.ChannelNumber][/B]</label>
					</control>
					
					<!-- Channel name -->
					<control type="label">
						<left>80</left>
						<top>10</top>
						<width>192</width>
						<textcolor>TextColor2</textcolor>
						<label>$INFO[ListItem.Label]</label>
					</control>
					
					<!-- Channel image -->
					<control type="image">
						<right>8</right>
						<top>8</top>
						<width>60</width>
						<height>60</height>
						<texture background="true" fallback="pvr/defaultchannel.png">$VAR[PVRChannelIcon]</texture>
						<aspectratio aligny="top">keep</aspectratio>
					</control>

					<!-- Recording image -->
					<control type="image">
						<right>5</right>
						<top>40</top>
						<width>30</width>
						<height>30</height>
						<texture>pvr/Recording.png</texture>
						<visible>ListItem.IsRecording</visible>
					</control>

					<!-- Timer image -->
					<control type="image">
						<right>0</right>
						<top>36</top>
						<width>38</width>
						<height>40</height>
						<texture>pvr/Timer.png</texture>
						<visible>[ListItem.HasTimer | ListItem.HasTimerSchedule] + !ListItem.IsRecording</visible>
					</control>
					
					<!-- Program name -->
					<control type="label">
						<left>15</left>
						<top>95</top>
						<width>342</width>
						<height>27</height>
						<font>Font27</font>
						<textcolor>TextColor2</textcolor>
						<label>$INFO[ListItem.Title]</label>
						<visible>!System.HasAddon(script.skin.helper.service) | !Skin.HasSetting(SkinHelper.EnablePVRThumbs)</visible>
					</control>
					
					<!-- Program name -->
					<control type="label">
						<left>15</left>
						<top>95</top>
						<width>342</width>
						<height>27</height>
						<font>Font27</font>
						<textcolor>TextColor2</textcolor>
						<label>[B]$INFO[ListItem.Title][/B]</label>
						<shadowcolor>ff000000</shadowcolor>
						<visible>System.HasAddon(script.skin.helper.service) + Skin.HasSetting(SkinHelper.EnablePVRThumbs)</visible>
					</control>

					<!-- Start time -->
					<control type="label">
						<left>15</left>
						<top>125</top>
						<width>342</width>
						<align>left</align>
						<textcolor>TextColor2</textcolor>
						<label>$INFO[ListItem.StartTime]$INFO[ListItem.EndTime, - ]</label>
					</control>

					<!-- End time -->
					<!--
					<control type="label">
						<right>20</right>
						<top>53</top>
						<width>200</width>
						<height>27</height>
						<align>right</align>
						<textcolor>TextColor2</textcolor>
						<label>$INFO[ListItem.EndTime]</label>
					</control>
					-->

					<!-- Progress -->
					<control type="progress">
						<left>5</left>
						<top>169</top> <!-- alt:164 -->
						<width>346</width>
						<height>6</height>
						<colordiffuse>OverlayColorNF</colordiffuse>
						<texturebg border="2">osd/OSDProgressBack.png</texturebg>
						<lefttexture>-</lefttexture>
						<midtexture border="2">osd/OSDProgressBar.png</midtexture>
						<righttexture>-</righttexture>
						<info>ListItem.Progress</info>
						<visible>ListItem.HasEpg</visible>
					</control>

				</itemlayout>

				<focusedlayout width="356" height="180"> <!-- alt:175 -->

					<!-- Background -->
					<control type="image">
						<left>3</left>
						<top>3</top>
						<width>350</width>
						<height>174</height>
						<texture border="2" colordiffuse="88ffffff">pvr/epg-genres/0.png</texture>
						<bordertexture border="5">pvr/EPGBorder.png</bordertexture>
						<bordersize>5</bordersize>
						<visible>Skin.HasSetting(EPGDontShowGenreColors)</visible>
					</control>
					
					<!-- Background - EPG Genre -->
					<control type="image">
						<left>3</left>
						<top>3</top>
						<width>350</width>
						<height>174</height>
						<texture border="5" colordiffuse="88ffffff" fallback="pvr/epg-genres/0.png">$INFO[ListItem.Property(GenreType),pvr/epg-genres/,.png]</texture>
						<bordertexture border="5">pvr/EPGBorder.png</bordertexture>
						<bordersize>2</bordersize>
						<visible>!Skin.HasSetting(EPGDontShowGenreColors)</visible>
					</control>
					
					<control type="group">
						<visible>System.HasAddon(script.skin.helper.service) + Skin.HasSetting(SkinHelper.EnablePVRThumbs)</visible>
					
						<!-- PVR Fanart -->
						<control type="image" id="110">
							<width>356</width>
							<height>174</height>
							<texture border="2">http://localhost:52307/getpvrthumb&amp;title=$INFO[ListItem.Title]&amp;channel=$INFO[ListItem.Label]&amp;type=fanart,landscape</texture>
							<aspectratio>scale</aspectratio>
							<bordersize>5</bordersize>
							<animation effect="fade" start="100" end="55" time="0" condition="true">Conditional</animation>
						</control>
					
					</control>

					<!-- Channel number -->
					<control type="label">
						<left>15</left>
						<top>10</top>
						<width>106</width>
						<label>[B]$INFO[ListItem.ChannelNumber][/B]</label>
						<shadowcolor>ff000000</shadowcolor>
					</control>
					
					<!-- Channel name -->
					<control type="label">
						<left>80</left>
						<top>10</top>
						<width>192</width>
						<label>$INFO[ListItem.Label]</label>
						<shadowcolor>ff000000</shadowcolor>
					</control>
					
					<!-- Channel image -->
					<control type="image">
						<right>8</right>
						<top>8</top>
						<width>60</width>
						<height>60</height>
						<texture background="true" fallback="pvr/defaultchannel.png">$VAR[PVRChannelIcon]</texture>
						<aspectratio aligny="top">keep</aspectratio>
					</control>

					<!-- Recording image -->
					<control type="image">
						<right>5</right>
						<top>40</top>
						<width>30</width>
						<height>30</height>
						<texture>pvr/Recording.png</texture>
						<visible>ListItem.IsRecording</visible>
					</control>

					<!-- Timer image -->
					<control type="image">
						<right>0</right>
						<top>36</top>
						<width>38</width>
						<height>40</height>
						<texture>pvr/Timer.png</texture>
						<visible>[ListItem.HasTimer | ListItem.HasTimerSchedule] + !ListItem.IsRecording</visible>
					</control>
					
					<!-- Program name -->
					<control type="label">
						<left>15</left>
						<top>95</top>
						<width>342</width>
						<height>27</height>
						<font>Font27</font>
						<label>$INFO[ListItem.Title]</label>
						<shadowcolor>ff000000</shadowcolor>
						<visible>!System.HasAddon(script.skin.helper.service) | !Skin.HasSetting(SkinHelper.EnablePVRThumbs)</visible>
					</control>
					
					<!-- Program name -->
					<control type="label">
						<left>15</left>
						<top>95</top>
						<width>342</width>
						<height>27</height>
						<font>Font27</font>
						<label>[B]$INFO[ListItem.Title][/B]</label>
						<shadowcolor>ff000000</shadowcolor>
						<visible>System.HasAddon(script.skin.helper.service) + Skin.HasSetting(SkinHelper.EnablePVRThumbs)</visible>
					</control>

					<!-- Start time -->
					<control type="label">
						<left>15</left>
						<top>125</top>
						<width>342</width>
						<align>left</align>
						<label>$INFO[ListItem.StartTime]$INFO[ListItem.EndTime, - ]</label>
						<shadowcolor>ff000000</shadowcolor>
					</control>

					<!-- End time -->
					<!--
					<control type="label">
						<right>20</right>
						<top>53</top>
						<width>200</width>
						<height>27</height>
						<align>right</align>
						<label>$INFO[ListItem.EndTime]</label>
					</control>
					-->

					<!-- Progress -->
					<control type="progress">
						<left>5</left>
						<top>169</top>
						<width>346</width>
						<height>6</height>
						<colordiffuse>OverlayColorFO</colordiffuse>
						<texturebg border="2">osd/OSDProgressBack.png</texturebg>
						<lefttexture>-</lefttexture>
						<midtexture border="2">osd/OSDProgressBar.png</midtexture>
						<righttexture>-</righttexture>
						<info>ListItem.Progress</info>
						<visible>ListItem.HasEpg</visible>
					</control>

				</focusedlayout>

			</control>
			
			<!-- Scrollbar -->
			<control type="scrollbar" id="71">
				<left>745</left>
				<top>465</top>
				<width>20</width>
				<height>525</height>
				<onleft>50</onleft>
				<showonepage>false</showonepage>
				<orientation>vertical</orientation>
				<colordiffuse>OverlayColorNF</colordiffuse>
				<texturesliderbackground border="6,1,8,1">common/ScrollBackground.png</texturesliderbackground>
				<texturesliderbar border="8,1,6,1">common/ScrollbarGripNF.png</texturesliderbar>
				<texturesliderbarfocus border="8,1,6,1" colordiffuse="DialogOverlayColorFO">common/ScrollbarGripFO.png</texturesliderbarfocus>
				<textureslidernib>-</textureslidernib>
				<textureslidernibfocus>-</textureslidernibfocus>
				<animation effect="slide" start="0,0" end="1100,0" time="0" condition="Control.IsVisible(51)">conditional</animation>
				<visible>Control.IsVisible(51) + !Skin.HasSetting(Scrollbars)</visible>
			</control>
			
			
			<!-- Program preview & info -->
			<control type="group">
				<left>75</left>  <!-- 120 -->
				<top>135</top>
				<visible>Control.IsVisible(51)</visible>
				
				<!-- Video Window background image -->
				<control type="image">
					<left>0</left>
					<top>0</top>
					<width>524</width>
					<height>295</height>
					<colordiffuse>FF000000</colordiffuse>
					<texture>common/Base.png</texture>
					<visible>Player.HasVideo</visible>
				</control>
				
				<!-- Video Window -->
				<control type="videowindow">
					<description>videowindow</description>
					<left>0</left>
					<top>0</top>
					<width>524</width>
					<height>295</height>
					<aspectratio>scale</aspectratio>
					<visible>Player.HasVideo</visible>
				</control>

				<!-- FO Channel Image -->
				<control type="image">
					<left>5</left>
					<top>5</top>
					<width>524</width>
					<height>295</height>
					<texture background="true" fallback="pvr/defaultchannel.png">$INFO[Container(51).ListItem.Icon]</texture>
					<fadetime>200</fadetime>
					<aspectratio algin="left">keep</aspectratio>
					<!--aspectratio align="center" aligny="top">keep</aspectratio-->
					<visible>!Player.HasVideo</visible>
				</control>
				
				<!-- FO Channel Fanart -->
				<control type="image">
					<left>5</left>
					<top>5</top>
					<width>524</width>
					<height>295</height>
					<texture background="true">$VAR[PVRFanart]</texture>
					<aspectratio>scale</aspectratio>
					<visible>!Player.HasVideo + [!String.IsEmpty(Window(Home).Property(SkinHelper.ListItem.Art.Fanart)) | !String.IsEmpty(Window(Home).Property(SkinHelper.PVR.landscpae))]</visible>
				</control>

				<!-- Title Label -->
				<control type="label">
					<left>545</left>
					<top>0</top>
					<width>1225</width>
					<height>36</height>
					<label>[B]$INFO[ListItem.Label][/B]</label>
				</control>

				<!-- Time and Genre Label -->
				<control type="label">
					<left>545</left>
					<top>47</top>
					<width>1225</width>
					<height>36</height>
					<label>$INFO[ListItem.StartTime]$INFO[ListItem.EndTime, - ][COLOR=TextColor2]$INFO[ListItem.Genre, • (,)][/COLOR]</label>
				</control>

				<!-- Plot -->
				<control type="textbox">
					<left>545</left>
					<top>110</top>
					<width>1225</width>
					<height>179</height>
					<align>left</align>
					<font>Font30</font>
					<textcolor>TextColor1</textcolor>
					<shadowcolor>ShadowColor</shadowcolor>
					<scrolltime>300</scrolltime>
					<!--autoscroll delay="9500" time="3100" repeat="21000">true</autoscroll-->
					<label fallback="161">$VAR[Plot]</label>
				</control>

			</control>
			
			
			<control type="group">
				<!--alt: visible>Control.IsVisible(51)</visible-->
				<visible>false</visible>
				
				<!-- Ruler-background image Top -->
				<control type="image">
					<left>30</left>
					<top>450</top>
					<width>1862</width>
					<height>15</height>
					<colordiffuse>FF000000</colordiffuse>
					<texture>common/Base.png</texture>
				</control>
				
				<!-- Ruler-background image Bottom -->
				<control type="image">
					<left>30</left>
					<top>990</top>
					<width>1862</width>
					<height>15</height>
					<colordiffuse>FF000000</colordiffuse>
					<texture>common/Base.png</texture>
				</control>
			
			</control>
			
			
			
			<!-- Thumb View (Full Panel) -->
			
			<control type="panel" id="52">
				<left>75</left>
				<top>135</top>
				<width>1780</width>
				<height>849</height>
				<onup>52</onup>
				<ondown>52</ondown>
				<onleft>3000</onleft>
				<onright>70</onright>
				<pagecontrol>70</pagecontrol>
				<preloaditems>2</preloaditems>
				<viewtype label="111">panel</viewtype>				
				<scrolltime tween="sine" easing="out">240</scrolltime>
				<visible>Skin.HasSetting(ShowAdditionalPVRChannelView-Thumbview2)</visible>

				<itemlayout width="356" height="212">
				
					<!-- Background -->
					<control type="image">
						<width>356</width>
						<height>212</height>
						<texture border="2" colordiffuse="88ffffff">pvr/ProgressBack.png</texture>
						<bordersize>5</bordersize>		
					</control>
					
					<control type="group">
						<visible>System.HasAddon(script.skin.helper.service) + Skin.HasSetting(SkinHelper.EnablePVRThumbs)</visible>
					
						<!-- PVR Fanart -->
						<control type="image" id="110">
							<width>356</width>
							<height>212</height>
							<texture border="2">http://localhost:52307/getpvrthumb&amp;title=$INFO[ListItem.Title]&amp;channel=$INFO[ListItem.Label]&amp;type=fanart,landscape,banner</texture>
							<bordersize>5</bordersize>
							<!--animation effect="fade" start="100" end="70" time="0" condition="true">Conditional</animation-->
						</control>
						
						<!-- Background -->
						<!--
						<control type="image">
							<width>372</width>
							<height>60</height>
							<texture border="2" colordiffuse="A2000000">pvr/ProgressBack.png</texture>
							<bordersize>5</bordersize>
						</control>
						
						<!-- Background ->
						<control type="image">
							<top>120</top>
							<width>372</width>
							<height>92</height>
							<texture border="2" colordiffuse="A2000000">pvr/ProgressBack.png</texture>
							<bordersize>5</bordersize>
						</control>
						-->
					
					</control>

					<!-- Channel number -->
					<control type="label">
						<left>15</left>
						<top>10</top>
						<width>106</width>
						<textcolor>TextColor2</textcolor>
						<label>[B]$INFO[ListItem.ChannelNumber][/B]</label>
					</control>
					
					<!-- Channel name -->
					<control type="label">
						<left>80</left>
						<top>10</top>
						<width>192</width>
						<textcolor>TextColor2</textcolor>
						<label>$INFO[ListItem.Label]</label>
					</control>
					
					<!-- Channel image -->
					<control type="image">
						<right>8</right>
						<top>8</top>
						<width>90</width>
						<height>90</height>
						<texture background="true" fallback="pvr/defaultchannel.png">$VAR[PVRChannelIcon]</texture>
						<aspectratio aligny="top">keep</aspectratio>
					</control>

					<!-- Recording image -->
					<control type="image">
						<right>5</right>
						<top>40</top>
						<width>30</width>
						<height>30</height>
						<texture>pvr/Recording.png</texture>
						<visible>ListItem.IsRecording</visible>
					</control>

					<!-- Timer image -->
					<control type="image">
						<right>0</right>
						<top>36</top>
						<width>38</width>
						<height>40</height>
						<texture>pvr/Timer.png</texture>
						<visible>[ListItem.HasTimer | ListItem.HasTimerSchedule] + !ListItem.IsRecording</visible>
					</control>
					
					<!-- Program name -->
					<control type="label">
						<left>15</left>
						<top>130</top>
						<width>342</width>
						<height>27</height>
						<font>Font27</font>
						<textcolor>TextColor2</textcolor>
						<label>$INFO[ListItem.Title]</label>
					</control>

					<!-- Start time -->
					<control type="label">
						<left>15</left>
						<top>158</top>
						<width>342</width>
						<align>left</align>
						<textcolor>TextColor2</textcolor>
						<label>$INFO[ListItem.StartTime]$INFO[ListItem.EndTime, - ]</label>
					</control>

					<!-- End time -->
					<!--
					<control type="label">
						<right>20</right>
						<top>53</top>
						<width>200</width>
						<height>27</height>
						<align>right</align>
						<textcolor>TextColor2</textcolor>
						<label>$INFO[ListItem.EndTime]</label>
					</control>
					-->

					<!-- Progress -->
					<control type="progress">
						<left>5</left>
						<top>201</top>
						<width>346</width>
						<height>6</height>
						<colordiffuse>OverlayColorNF</colordiffuse>
						<texturebg border="2">osd/OSDProgressBack.png</texturebg>
						<lefttexture>-</lefttexture>
						<midtexture border="2">osd/OSDProgressBar.png</midtexture>
						<righttexture>-</righttexture>
						<info>ListItem.Progress</info>
						<visible>ListItem.HasEpg</visible>
					</control>

				</itemlayout>

				<focusedlayout width="356" height="212">

					<!-- Background -->
					<control type="image">
						<left>3</left>
						<top>3</top>
						<width>350</width>
						<height>206</height>
						<texture border="2" colordiffuse="88ffffff">pvr/ProgressBack.png</texture>
						<bordertexture border="5">pvr/EPGBorder.png</bordertexture>
						<bordersize>2</bordersize>
					</control>
					
					<control type="group">
						<visible>System.HasAddon(script.skin.helper.service) + Skin.HasSetting(SkinHelper.EnablePVRThumbs)</visible>
					
						<!-- PVR Fanart -->
						<control type="image" id="110">
							<width>356</width>
							<height>212</height>
							<texture border="2">http://localhost:52307/getpvrthumb&amp;title=$INFO[ListItem.Title]&amp;channel=$INFO[ListItem.Label]&amp;type=fanart,landscape,banner</texture>
							<bordersize>5</bordersize>
						</control>
						
						<!-- Background -->
						<control type="image">
							<width>356</width>
							<height>60</height>
							<texture border="2" colordiffuse="A2000000">pvr/ProgressBack.png</texture>
							<bordersize>5</bordersize>
						</control>
						
						<!-- Background -->
						<control type="image">
							<top>120</top>
							<width>356</width>
							<height>92</height>
							<texture border="2" colordiffuse="A2000000">pvr/ProgressBack.png</texture>
							<bordersize>5</bordersize>
						</control>
					
					</control>

					<!-- Channel number -->
					<control type="label">
						<left>15</left>
						<top>10</top>
						<width>106</width>
						<label>[B]$INFO[ListItem.ChannelNumber][/B]</label>
						<shadowcolor>ff000000</shadowcolor>
					</control>
					
					<!-- Channel name -->
					<control type="label">
						<left>80</left>
						<top>10</top>
						<width>192</width>
						<label>$INFO[ListItem.Label]</label>
						<shadowcolor>ff000000</shadowcolor>
					</control>
					
					<!-- Channel image -->
					<control type="image">
						<right>8</right>
						<top>8</top>
						<width>90</width>
						<height>90</height>
						<texture background="true" fallback="pvr/defaultchannel.png">$VAR[PVRChannelIcon]</texture>
						<aspectratio aligny="top">keep</aspectratio>
					</control>

					<!-- Recording image -->
					<control type="image">
						<right>5</right>
						<top>40</top>
						<width>30</width>
						<height>30</height>
						<texture>pvr/Recording.png</texture>
						<visible>ListItem.IsRecording</visible>
					</control>

					<!-- Timer image -->
					<control type="image">
						<right>0</right>
						<top>36</top>
						<width>38</width>
						<height>40</height>
						<texture>pvr/Timer.png</texture>
						<visible>[ListItem.HasTimer | ListItem.HasTimerSchedule] + !ListItem.IsRecording</visible>
					</control>
					
					<!-- Program name -->
					<control type="label">
						<left>15</left>
						<top>130</top>
						<width>342</width>
						<height>27</height>
						<font>Font27</font>
						<label>$INFO[ListItem.Title]</label>
						<shadowcolor>ff000000</shadowcolor>
					</control>

					<!-- Start time -->
					<control type="label">
						<left>15</left>
						<top>158</top>
						<width>342</width>
						<align>left</align>
						<label>$INFO[ListItem.StartTime]$INFO[ListItem.EndTime, - ]</label>
						<shadowcolor>ff000000</shadowcolor>
					</control>

					<!-- End time -->
					<!--
					<control type="label">
						<right>20</right>
						<top>53</top>
						<width>200</width>
						<height>27</height>
						<align>right</align>
						<label>$INFO[ListItem.EndTime]</label>
					</control>
					-->

					<!-- Progress -->
					<control type="progress">
						<left>5</left>
						<top>201</top>
						<width>346</width>
						<height>6</height>
						<colordiffuse>OverlayColorFO</colordiffuse>
						<texturebg border="2">osd/OSDProgressBack.png</texturebg>
						<lefttexture>-</lefttexture>
						<midtexture border="2">osd/OSDProgressBar.png</midtexture>
						<righttexture>-</righttexture>
						<info>ListItem.Progress</info>
						<visible>ListItem.HasEpg</visible>
					</control>

				</focusedlayout>

			</control>


			<!-- Channel count -->
			<control type="grouplist">
				<right>75</right>
				<bottom>20</bottom>  <!-- 40 -->
				<width>800</width>
				<height>40</height>
				<itemgap>6</itemgap>
				<align>right</align>
				<orientation>horizontal</orientation>
				<usecontrolcoords>true</usecontrolcoords>
				<animation effect="slide" start="0,0" end="-160,0" time="0" condition="system.getbool(input.enablemouse) + Skin.HasSetting(ShowMouseButtons)">conditional</animation>

				<control type="label">
					<top>3</top>
					<width>auto</width>
					<height>40</height>
					<align>right</align>
					<label>$INFO[Container(50).NumItems]</label>
					<font>Font25</font>
					<textcolor>TextColor2</textcolor>
					<visible>Control.IsVisible(50)</visible>
				</control>
				<control type="label">
					<top>3</top>
					<width>auto</width>
					<height>40</height>
					<align>right</align>
					<label>$INFO[Container(51).NumItems]</label>
					<font>Font25</font>
					<textcolor>TextColor2</textcolor>
					<visible>Control.IsVisible(51)</visible>
				</control>
				<control type="label">
					<width>auto</width>
					<height>40</height>
					<align>right</align>
					<label>$VAR[ContentType]</label>
					<font>Font33</font>
					<textcolor>TextColor2</textcolor>
				</control>

			</control>

		</control>
		
		<!-- Window Header -->
		<include>WindowHeaderCommon</include>

		<!-- Time -->
		<include>Time</include>
		
		<!-- "Now Playing" Info -->
		<include>NowPlayingInfo</include>
		
		<!-- Main Window Mouse Buttons -->
		<include>MainWindowMouseButtons</include>

		<!-- Options -->
		<include condition="!Skin.Hassetting(SidebladeStyleSimple)">SidebladePVR</include>

		<include condition="Skin.Hassetting(SidebladeStyleSimple)">SidebladePVRV2</include>

	</controls>

</window>