<?xml version="1.0" encoding="UTF-8"?>
<window>
	<!-- videolibrary -->
	<backgroundcolor>0x00000000</backgroundcolor>
	<defaultcontrol>50</defaultcontrol>

	<controls>

		<!-- Background -->
		<include>WindowBackgroundImage</include>
		
		<!-- Fanart -->
		<include>Fanart-PVR</include>
		

		<!-- Main group -->
		<control type="group">
			<include>WindowFadeAnimation</include>

			<!-- Curve -->
			<!--
			<control type="image">
				<left>20</left>
				<top>20</top>
				<width>1220</width>
				<height>1040</height>
				<texture flipx="true" border="0,0,40,0">common/Curve.png</texture>
				<visible>Skin.HasSetting(ShowCurve)</visible>
			</control>
			-->

			<!-- Start date -->
			<!--
			<control type="label">
				<left>120</left>
				<top>170</top>
				<width>800</width>
				<height>33</height>
				<aligny>top</aligny>
				<font>Font33</font>
				<label>$INFO[ListItem.StartDate]</label>
			</control>
			-->
			
			<!-- Ruler-background image Top -->
			<control type="image">
				<left>72</left>
				<top>137</top>
				<width>1776</width>
				<height>43</height>
				<colordiffuse>FF000000</colordiffuse>
				<texture>common/Base.png</texture>
			</control>
			
			<!-- Ruler-background image Bottom -->
			<control type="image">
				<left>72</left>
				<top>960</top>
				<width>1776</width>
				<height>35</height>
				<colordiffuse>FF000000</colordiffuse>
				<texture>common/Base.png</texture>
			</control>
			
			
			<!-- Header Group -->
			<control type="group">
				<left>70</left>
				<top>140</top>
					
				<!-- Channel & Time Label -->
				<control type="label">
					<left>20</left>
					<width>280</width>
					<textcolor>TextColor2</textcolor>
					<label>$LOCALIZE[19029] & $LOCALIZE[555]</label>
				</control>
				
				<!-- Titel Label -->
				<control type="label">
					<left>300</left>
					<width>280</width>
					<textcolor>TextColor2</textcolor>
					<label>369</label>
				</control>
				
				<!-- Duration Label -->
				<control type="label">
					<left>930</left>
					<width>280</width>
					<textcolor>TextColor2</textcolor>
					<label>180</label>
				</control>
				
				<!-- Plot Label -->
				<control type="label">
					<left>1180</left>
					<width>280</width>
					<textcolor>TextColor2</textcolor>
					<label>207</label>
				</control>

			</control>
			

			<!-- List -->
			<control type="list" id="50">
				<left>70</left>
				<top>182</top>
				<width>1155</width>
				<height>775</height>
				<onup>50</onup>
				<ondown>50</ondown>
				<onleft>3000</onleft>
				<onright>70</onright>
				<onback>3000</onback>
				<pagecontrol>70</pagecontrol>
				<preloaditems>2</preloaditems>
				<viewtype label="535">list</viewtype>				
				<scrolltime tween="sine" easing="out">240</scrolltime>

				<itemlayout width="1155" height="97">
				
					<!-- Background -->
					<control type="image">
						<left>3</left>
						<top>3</top>
						<width>1149</width>
						<height>91</height>
						<colordiffuse>3effffff</colordiffuse>
						<texture border="5" fallback="pvr/epg-genres/0.png">pvr/epg-genres/0.png</texture>
						<visible></visible>
					</control>
				
					<!-- Channel image -->
					<control type="image">
						<left>8</left>
						<top>2</top>
						<width>93</width>
						<height>93</height>
						<aspectratio>keep</aspectratio>
						<texture background="true" fallback="pvr/defaultchannel.png">$VAR[PVRChannelIcon]</texture>
						<visible>String.IsEmpty(ListItem.Thumb) + !StringCompare(ListItem.Label,$LOCALIZE[19140])</visible>
					</control>
				
					<!-- Thumb -->
					<control type="image">
						<left>8</left>
						<top>2</top>
						<width>181</width>
						<height>93</height>
						<aspectratio>scale</aspectratio>
						<texture fallback="pvr/NoImage.png">$INFO[ListItem.Thumb]</texture>
						<visible>!String.IsEmpty(ListItem.Thumb) + !StringCompare(ListItem.Label,$LOCALIZE[19140])</visible>
					</control>

					<!-- Start time -->
					<control type="label">
						<left>20</left>
						<top>8</top>
						<width>200</width>
						<align>right</align>
						<textcolor>TextColor2</textcolor>
						<label>$INFO[ListItem.StartTime]</label>
					</control>

					<!-- End time -->
					<control type="label">
						<left>20</left>
						<top>58</top>
						<width>200</width>
						<height>27</height>
						<align>right</align>
						<textcolor>TextColor2</textcolor>
						<label>$INFO[ListItem.EndTime]</label>
					</control>

					<!-- Recording image -->
					<control type="image">
						<left>246</left>
						<top>40</top>
						<width>30</width>
						<height>30</height>
						<texture>pvr/Recording.png</texture>
						<visible>ListItem.IsRecording</visible>
					</control>

					<!-- Timer image -->
					<control type="image">
						<left>241</left>
						<top>36</top>
						<width>38</width>
						<height>40</height>
						<texture>pvr/Timer.png</texture>
						<visible>[ListItem.HasTimer | ListItem.HasTimerSchedule] + !ListItem.IsRecording</visible>
					</control>

					<!-- Program name -->
					<control type="label">
						<left>300</left>
						<top>8</top>
						<width>410</width>
						<textcolor>TextColor2</textcolor>
						<label>$INFO[ListItem.Label]</label>
					</control>

					<!-- Channel name -->
					<control type="label">
						<left>300</left>
						<top>58</top>
						<width>650</width>
						<height>27</height>
						<font>Font27</font>
						<textcolor>TextColor4</textcolor>
						<label>$INFO[ListItem.ChannelName]$INFO[ListItem.StartDate, • (,)]</label>
					</control>

					<!-- Duration -->
					<control type="label">
						<left>930</left>
						<top>8</top>
						<width>200</width>
						<textcolor>TextColor2</textcolor>
						<label>$INFO[ListItem.Duration]</label>
					</control>

				</itemlayout>

				<focusedlayout width="1155" height="97">

					<!-- Background -->
					<control type="image">
						<left>3</left>
						<top>3</top>
						<width>1149</width>
						<height>91</height>
						<colordiffuse>3effffff</colordiffuse>
						<texture border="5" fallback="pvr/epg-genres/0.png">pvr/epg-genres/0.png"</texture>
						<visible>!Control.HasFocus(50)</visible>
					</control>
					
					<!-- Background -->
					<control type="image">
						<left>3</left>
						<top>3</top>
						<width>1149</width>
						<height>91</height>
						<texture border="5" colordiffuse="88ffffff" fallback="pvr/epg-genres/0.png">pvr/epg-genres/0.png</texture>
						<bordertexture border="5">pvr/EPGBorder.png</bordertexture>
						<bordersize>2</bordersize>
						<visible>Control.HasFocus(50)</visible>
					</control>
					
					<!-- Channel image -->
					<control type="image">
						<left>8</left>
						<top>2</top>
						<width>93</width>
						<height>93</height>
						<aspectratio>keep</aspectratio>
						<texture background="true" fallback="pvr/defaultchannel.png">$VAR[PVRChannelIcon]</texture>
						<visible>String.IsEmpty(ListItem.Thumb) + !StringCompare(ListItem.Label,$LOCALIZE[19140])</visible>
					</control>
				
					<!-- Thumb -->
					<control type="image">
						<left>8</left>
						<top>2</top>
						<width>181</width>
						<height>93</height>
						<aspectratio>scale</aspectratio>
						<texture fallback="pvr/NoImage.png">$INFO[ListItem.Thumb]</texture>
						<visible>!String.IsEmpty(ListItem.Thumb) + !StringCompare(ListItem.Label,$LOCALIZE[19140])</visible>
					</control>

					<!-- Start time -->
					<control type="label">
						<left>20</left>
						<top>8</top>
						<width>200</width>
						<align>right</align>
						<label>$INFO[ListItem.StartTime]</label>
					</control>

					<!-- End time -->
					<control type="label">
						<left>20</left>
						<top>58</top>
						<width>200</width>
						<height>27</height>
						<align>right</align>
						<label>$INFO[ListItem.EndTime]</label>
					</control>

					<!-- Recording image -->
					<control type="image">
						<left>246</left>
						<top>40</top>
						<width>30</width>
						<height>30</height>
						<texture>pvr/Recording.png</texture>
						<visible>ListItem.IsRecording</visible>
					</control>

					<!-- Timer image -->
					<control type="image">
						<left>241</left>
						<top>36</top>
						<width>38</width>
						<height>40</height>
						<texture>pvr/Timer.png</texture>
						<visible>[ListItem.HasTimer | ListItem.HasTimerSchedule] + !ListItem.IsRecording</visible>
					</control>

					<!-- Program name -->
					<control type="label">
						<left>300</left>
						<top>8</top>
						<width>410</width>
						<label>$INFO[ListItem.Label]</label>
					</control>

					<!-- Channel name -->
					<control type="label">
						<left>300</left>
						<top>58</top>
						<width>650</width>
						<height>27</height>
						<font>Font27</font>
						<textcolor>TextColor2</textcolor>
						<label>$INFO[ListItem.ChannelName]$INFO[ListItem.StartDate, • (,)]</label>
					</control>

					<!-- Duration -->
					<control type="label">
						<left>930</left>
						<top>8</top>
						<width>200</width>
						<label>$INFO[ListItem.Duration]</label>
					</control>

				</focusedlayout>

			</control>

			<!-- Scrollbar -->
			<control type="scrollbar" id="70">
				<left>1225</left>
				<top>185</top>
				<width>20</width>
				<height>754</height>
				<onleft>50</onleft>
				<showonepage>false</showonepage>
				<orientation>vertical</orientation>
				<colordiffuse>OverlayColorNF</colordiffuse>
				<texturesliderbackground border="6,1,8,1">common/ScrollBackground.png</texturesliderbackground>
				<texturesliderbar border="8,1,6,1">common/ScrollbarGripNF.png</texturesliderbar>
				<texturesliderbarfocus border="8,1,6,1" colordiffuse="DialogOverlayColorFO">common/ScrollbarGripFO.png</texturesliderbarfocus>
				<textureslidernib>-</textureslidernib>
				<textureslidernibfocus>-</textureslidernibfocus>
				<visible>!Skin.HasSetting(Scrollbars)</visible>
			</control>

			<!-- Channel preview & info -->
			<control type="group">
				<right>75</right>
				<top>184</top>
				<width>600</width>
				
				<control type="group">
					<visible>Container(50).ListItem.HasEpg</visible>
					
					<!-- Video Window background image -->
					<control type="image">
						<left>0</left>
						<top>0</top>
						<width>600</width>
						<height>338</height>
						<colordiffuse>FF000000</colordiffuse>
						<texture>common/Base.png</texture>
						<visible>Player.HasVideo</visible>
					</control>
					
					<!-- Video Window -->
					<control type="videowindow">
						<description>videowindow</description>
						<left>0</left>
						<top>0</top>
						<width>600</width>
						<height>338</height>
						<aspectratio>scale</aspectratio>
						<visible>Player.HasVideo</visible>
					</control>

					<!-- FO Channel Image -->
					<control type="image">
						<left>5</left>
						<top>5</top>
						<width>600</width>
						<height>338</height>
						<texture background="true" fallback="pvr/defaultchannel.png">$INFO[Container(50).ListItem.Icon]</texture>
						<fadetime>200</fadetime>
						<aspectratio algin="left">keep</aspectratio>
						<!--aspectratio align="center" aligny="top">keep</aspectratio-->
						<visible>!Player.HasVideo</visible>
					</control>
					
					<!-- FO Channel Fanart -->
					<control type="image">
						<left>5</left>
						<top>5</top>
						<width>600</width>
						<height>338</height>
						<texture background="true">$VAR[PVRFanart]</texture>
						<aspectratio>scale</aspectratio>
						<visible>!Player.HasVideo + [!String.IsEmpty(Window(Home).Property(SkinHelper.ListItem.Art.Fanart)) | !String.IsEmpty(Window(Home).Property(SkinHelper.PVR.landscpae))]</visible>
					</control>

				</control>

				<control type="group">
					<top>345</top>
						
					<!-- Program name -->
					<control type="label">
						<width>600</width>
						<label>$INFO[Container(50).ListItem.Title]</label>
					</control>
					
					<!-- Channel Info -->
					<control type="label">
						<top>50</top>
						<width>600</width>
						<font>Font30</font>
						<label>$INFO[ListItem.ChannelName]$INFO[ListItem.StartTime,  ]$INFO[ListItem.EndTime, - ]$INFO[ListItem.StartDate(dddmmmyyyy), • (,)]</label>
					</control>
					
					<control type="group">
						<top>96</top>
						<visible>Container(50).ListItem.HasEpg</visible>

						<!-- Plot -->
						<control type="textbox">
							<width>600</width>
							<height>317</height>
							<align>left</align>
							<font>Font30</font>
							<textcolor>TextColor2</textcolor>
							<shadowcolor>ShadowColor</shadowcolor>
							<info>Container(50).ListItem.Plot</info>
						</control>

						<!-- Next program -->
						<control type="label">
							<right>0</right>
							<top>504</top>
							<width>600</width>
							<height>30</height>
							<aspectratio>scale</aspectratio>
							<font>Font30</font>
							<align>right</align>
							<label>$INFO[Container(50).ListItem.NextTitle,$LOCALIZE[19031]: ,]$INFO[Container(11).ListItem.NextStartTime, (,)]</label>
						</control>
						
					</control>

				</control>

			</control>

			<!-- Channel count -->
			<control type="grouplist">
				<right>75</right>
				<bottom>75</bottom>
				<width>800</width>
				<height>50</height>
				<itemgap>6</itemgap>
				<align>right</align>
				<orientation>horizontal</orientation>
				<usecontrolcoords>true</usecontrolcoords>

				<control type="label">
					<top>3</top>
					<width>auto</width>
					<height>44</height>
					<align>right</align>
					<label>$INFO[Container(50).NumItems]</label>
					<font>Font25</font>
					<textcolor>TextColor2</textcolor>

				</control>
				<control type="label">
					<width>auto</width>
					<height>44</height>
					<align>right</align>
					<label>$VAR[ContentType]</label>
					<font>Font33</font>
					<textcolor>TextColor2</textcolor>
				</control>

			</control>

		</control>
		
		<!-- Window Header -->
		<include>WindowHeaderCommon</include>

		<!-- Time -->
		<include>Time</include>
		
		<!-- "Now Playing" Info -->
		<include>NowPlayingInfo</include>
		
		<!-- Main Window Mouse Buttons -->
		<include>MainWindowMouseButtons</include>

		<!-- Options -->
		<include condition="!Skin.Hassetting(SidebladeStyleSimple)">SidebladePVR</include>

		<include condition="Skin.Hassetting(SidebladeStyleSimple)">SidebladePVRV2</include>

	</controls>

</window>