<?xml version="1.0" encoding="UTF-8"?>
<window>
	<!-- videolibrary -->
	<backgroundcolor>0x00000000</backgroundcolor>
	
	<onload condition="Window.Previous(settings)">SetProperty(SettingsList,true,Home)</onload>
	<onunload>ClearProperty(SettingsList,Home)</onunload>
	
	<defaultcontrol always="true">50</defaultcontrol>
	<onload condition="System.HasAddon(script.tvtunes)">XBMC.RunScript(script.tvtunes,backend=True)</onload>
	<views>57,53,51,50,70,71,73,75,76,501,500,78,79,85,86,54</views>
	
	<onload condition="!Skin.HasSetting(FirstTimeRunSidebladeHint)">ActivateWindow(1162)</onload>

	<controls>

		<!-- Background -->
		<include>WindowBackgroundImage</include>  <!--  condition="String.IsEmpty(Window(Home).Property(SettingsList))" -->

		<!-- Fanart -->
		<include condition="String.IsEmpty(Window(Home).Property(SettingsList))">Fanart</include>
		

		<!-- Main group -->
		<control type="group">
			<include condition="String.IsEmpty(Window(Home).Property(SettingsList))">WindowFadeAnimation</include>

			<!-- Views -->
			<include>Viewtype50</include>
			<include>Viewtype500</include>
			<include>Viewtype501</include>
			<include>Viewtype51</include>
			<include>Viewtype53_(Settingsfilelist)</include>
			<include>Viewtype54</include>
			<include>Viewtype57</include>
			<include>Viewtype70</include>
			<include>Viewtype71</include>
			<include>Viewtype73</include>
			<include>Viewtype75</include>
			<include>Viewtype76</include>
			
			<include>Viewtype78</include>
			<include condition="Skin.HasSetting(ShowAdditionalTVShowsView)">Viewtype79</include>
			
			<include condition="Skin.HasSetting(ShowNetflixViews)">Viewtype85_Netflix</include>
			<include condition="Skin.HasSetting(ShowNetflixViews)">Viewtype86_Netflix</include>
			
			<!-- Test Label -->
			<!--
			<control type="label">
				<left>85</left>
				<top>115</top>
				<width>560</width>
				<height>30</height>
				<font>Font25</font>
				<align>left</align>
				<textcolor>TextColor1</textcolor>
				<shadowcolor>ShadowColor</shadowcolor>
				<label>$INFO[Container.Viewmode]</label>
			</control>
			-->


			<!-- Scrollbar (list) -->
			<!--control type="scrollbar" id="60">
				<left>640</left>
				<centertop>50%</centertop>
				<width>20</width>
				<height>720</height>
				<onleft condition="!Skin.HasSetting(KioskMode)">3001</onleft>
				<onright>50</onright>
				<showonepage>false</showonepage>
				<orientation>vertical</orientation>
				<colordiffuse>OverlayColorNF</colordiffuse>
				<texturesliderbackground border="11,1,1,1">common/ScrollBackground.png</texturesliderbackground>
				<texturesliderbar border="11,1,1,1">common/ScrollbarGripNF.png</texturesliderbar>
				<texturesliderbarfocus border="11,1,1,1" colordiffuse="DialogOverlayColorFO">common/ScrollbarGripFO.png</texturesliderbarfocus>
				<textureslidernib>-</textureslidernib>
				<textureslidernibfocus>-</textureslidernibfocus>
				<visible>!Skin.HasSetting(Scrollbars) + [Control.IsVisible(50) | Control.IsVisible(51)]</visible>
				<animation effect="slide" start="0,0" end="1150,0" condition="!String.IsEmpty(Window.Property(BGPanelVisibility))">Conditional</animation>
			</control-->

			<!-- Scrollbar (poster) -->
			<!--
			<control type="scrollbar" id="61">
				<centerleft>50%</centerleft>
				<top>836</top>
				<width>1680</width>
				<height>20</height>
				<onup>50</onup>
				<ondown condition="!Skin.HasSetting(KioskMode)">3001</ondown>
				<showonepage>false</showonepage>
				<orientation>horizontal</orientation>
				<colordiffuse>OverlayColorNF</colordiffuse>
				<texturesliderbackground border="1,12,1,1">common/ScrollBackgroundHorizontal.png</texturesliderbackground>
				<texturesliderbar border="1,12,1,1">common/ScrollbarGripHorizontalNF.png</texturesliderbar>
				<texturesliderbarfocus border="1,12,1,1" colordiffuse="DialogOverlayColorFO">common/ScrollbarGripHorizontalFO.png</texturesliderbarfocus>
				<textureslidernib>-</textureslidernib>
				<textureslidernibfocus>-</textureslidernibfocus>
				<visible>!Skin.HasSetting(Scrollbars) + Control.IsVisible(52)</visible>
				<animation effect="slide" end="0,-22" condition="Skin.HasSetting(ShowCurve)">Conditional</animation>
			</control>
			-->

			<!-- Scrollbar (wall) -->
			<!--control type="scrollbar" id="63">
				<left>120</left>
				<top>205</top>
				<width>20</width>
				<height>633</height>
				<onleft condition="!Skin.HasSetting(KioskMode)">3001</onleft>
				<onright>50</onright>
				<showonepage>false</showonepage>
				<orientation>vertical</orientation>
				<colordiffuse>OverlayColorNF</colordiffuse>
				<texturesliderbackground border="6,1,8,1">common/ScrollBackground.png</texturesliderbackground>
				<texturesliderbar border="8,1,6,1">common/ScrollbarGripNF.png</texturesliderbar>
				<texturesliderbarfocus border="8,1,6,1" colordiffuse="DialogOverlayColorFO">common/ScrollbarGripFO.png</texturesliderbarfocus>
				<textureslidernib>-</textureslidernib>
				<textureslidernibfocus>-</textureslidernibfocus>
				<visible>!Skin.HasSetting(Scrollbars) + Control.IsVisible(502)</visible>
			</control-->
			
			<!-- hidden list to pass random Episode to Sideblade -->
			<control type="list" id="5011">
				<left>-30</left>
				<top>-30</top>
				<width>1</width>
				<height>1</height>
				<viewtype label="hiddenlist">list</viewtype>
				<orientation>vertical</orientation>
				<itemlayout width="1" height="1">			
				</itemlayout>
				<focusedlayout height="1" width="1">			
				</focusedlayout>	
				<content sortby="random" limit="5">$INFO[Container.FolderPath]</content>
				<visible>Container.Content(Episodes)</visible>
			</control>

			<!-- Item count -->
			<control type="group">
			<visible>!Control.IsVisible(85) + !Control.IsVisible(86)</visible>
			<include>ItemCount</include>
			</control>
			
		</control>
		
		<!-- Scroll offset Label -->
		<include>ScrollOffsetLabel</include>

		<!-- Window Header -->
		<control type="group">
		<visible>!Control.IsVisible(85) + !Control.IsVisible(86)</visible>
		<include>WindowHeaderCommon</include>
		</control>
		
		<!-- Time -->
		<control type="group">
		<visible>!Control.IsVisible(85) + !Control.IsVisible(86)</visible>
		<include>Time</include>
		</control>
		
		<!-- "Now Playing" Info -->
		<include>NowPlayingInfo</include>
		
		<!-- Main Window Mouse Buttons -->
		<control type="group">
			<visible>!Control.IsVisible(53) + !Control.IsVisible(85) + !Control.IsVisible(86)</visible>
			<include>MainWindowMouseButtons</include>
		</control>
		
		<!-- Common Window Header ->
		<include content="CommonWindowHeader">
			<param name="Icon" value="icon_video" />
			<param name="Label" value="$LOCALIZE[3]" />
		</include>
		-->
		
		<!-- Options -->
		<include condition="!Skin.Hassetting(SidebladeStyleSimple)">SidebladeVideo</include>

		<include condition="Skin.Hassetting(SidebladeStyleSimple)">SidebladeVideoV2</include>

	</controls>

</window>