<?xml version="1.0" encoding="UTF-8"?>
<window>
	<!-- movieinformation -->
	<defaultcontrol always="true">9000</defaultcontrol>
	<!--onload condition="System.HasAddon(script.videolanguage)">RunScript(script.videolanguage,backend=True)</onload-->
	
	<onload condition="StringCompare(Control.GetLabel(5),$LOCALIZE[207])">SendClick(50)</onload>
	<onload condition="System.HasAddon(script.tvtunes)">XBMC.RunScript(script.tvtunes,backend=True)</onload>
	<onunload condition="StringCompare(Control.GetLabel(5),$LOCALIZE[207])">SendClick(50)</onunload>
	<include>DialogZoomAnimation</include>

	<controls>

		<!-- Background -->
		<include>DialogBackgroundImage</include>
		
		<!-- Background Fanaret -->
		<include condition="Skin.HasSetting(ShowDialogFanart)">DialogFanartImage</include>

		<!-- Heading -->
		<control type="label">
			<include>DialogHeaderLabelInner</include>
		</control>

		<!-- Heading old: -
		<control type="label">
			<left>90</left>    <!-- 120 ->
			<top>60</top>       <!-- 90 ->
			<width min="0" max="1200">auto</width>
			<height>70</height>
			<align>left</align>
			<aligny>top</aligny>
			<font>font60</font>
			<textcolor>DialogTextColor2</textcolor>
			<label>$VAR[DialogVideoInfoHeader]</label>  <!-- $VAR[VideoInfoLabel] ->
		</control>
		-->
		
		<!-- Close Window Button -->
		<control type="button">
			<description>Close Window button</description>
			<right>70</right>
			<top>21</top>
			<width>120</width>
			<height>50</height>
			<label>[B]x[/B]</label>
			<font>Font42</font>
			<align>center</align>
			<aligny>bottom</aligny>
			<textoffsetx></textoffsetx>
			<textoffsety>-12</textoffsety>
			<onclick>PreviousMenu</onclick>
			<texturefocus border="15" colordiffuse="CommonDialogButtonFO">Buttons/DialogCloseButton.png</texturefocus>
			<texturenofocus border="15" colordiffuse="CommonDialogButtonNF">Buttons/DialogCloseButton.png</texturenofocus>
			<visible>system.getbool(input.enablemouse) + Skin.HasSetting(ShowMouseButtons)</visible>
		</control>

		<!-- Poster image -->
		<control type="group">
			<visible>!StringCompare(Control.GetLabel(5),$LOCALIZE[207]) + !SubString(ListItem.Icon,Default)</visible>
			<control type="image">
				<left>80</left>
				<top>189</top>
				<width>495</width>
				<height>703</height>
				<fadetime>100</fadetime>
				<texture>$VAR[VideoInfoImage]</texture>
				<aspectratio aligny="center">stretch</aspectratio>
			</control>
			<control type="image">
				<left>80</left>
				<top>189</top>
				<width>495</width>
				<height>703</height>
				<texture>views/OverlayPosterFO.png</texture>
				<visible>Skin.HasSetting(Overlays)</visible>
			</control>
		</control>

		<!-- Actor image -->
		<!--
		<control type="group">
			<visible>StringCompare(Control.GetLabel(5),$LOCALIZE[207])</visible>
			<control type="image">
				<left>90</left>
				<top>185</top>
				<width>476</width>
				<height>746</height>
				<texture>$INFO[Container(50).ListItem.Icon]</texture>
				<aspectratio aligny="center">keep</aspectratio>
				<bordertexture border="1,1,1,69">views/DropShadow.png</bordertexture>
				<bordersize>0,0,0,66</bordersize>
				<visible>!SubString(Container(50).ListItem.Icon,Default)</visible>
			</control>
			<control type="image">
				<left>90</left>
				<top>185</top>
				<width>476</width>
				<height>680</height>
				<texture colordiffuse="00ffffff">$INFO[Container(50).ListItem.Icon]</texture>
				<aspectratio aligny="center">keep</aspectratio>
				<bordertexture border="21,21,21,150">views/OverlayEffect.png</bordertexture>
				<visible>!SubString(Container(50).ListItem.Icon,Default) + Skin.HasSetting(Overlays)</visible>
			</control>
			<control type="image">
				<left>90</left>
				<top>185</top>
				<width>476</width>
				<height>680</height>
				<texture>$INFO[Container(50).ListItem.Icon]</texture>
				<colordiffuse>OverlayColorFO</colordiffuse>
				<aspectratio aligny="center">keep</aspectratio>
				<visible>SubString(Container(50).ListItem.Icon,Default)</visible>
			</control>
		</control>
		-->

		<!-- Info -->
		<control type="group">
			<left>600</left>
			<top>184</top>
				
			<!--
			<visible>!Control.HasFocus(10) + !stringcompare(Window.Property(InfoContent),Actors) + !stringcompare(Window.Property(InfoContent),Similar) + !stringcompare(Window.Property(InfoContent),Studio) + !stringcompare(Window.Property(InfoContent),Regisseur)</visible>
			-->
			<!--visible>!StringCompare(Control.GetLabel(5),$LOCALIZE[207])</visible-->
			
			<control type="label">
				<description>Header label (Movies)</description>
				<left>10</left>
				<top>0</top>
				<width>1230</width>
				<height>50</height>
				<font>Font48</font>
				<label>[UPPERCASE]$INFO[Window.Property(Title)][/UPPERCASE]</label>
				<align>left</align>
				<aligny>center</aligny>
				<textcolor>DialogTextColor1</textcolor>
				<shadowcolor>black</shadowcolor>
			</control>
			<control type="label">
				<description>Tagline label (Movies)</description>
				<left>10</left>
				<top>50</top>
				<width>1230</width>
				<height>35</height>
				<font>Font30</font>
				<label>$INFO[Window.Property(Tagline)]</label>
				<align>left</align>
				<aligny>center</aligny>
				<textcolor>DialogTextColor3</textcolor>
				<shadowcolor>black</shadowcolor>
			</control>
			
			<control type="list" id="49">
				<left>0</left>
				<top>95</top>
				<width>1210</width>
				<height>495</height>
				<onleft>49</onleft>
				<onright>49</onright>
				<onup>61</onup>
				<ondown>9000</ondown>
				<pagecontrol>-</pagecontrol>
				<scrolltime>200</scrolltime>
				<visible>String.IsEmpty(Window.Property(InfoContent))</visible>
				<itemlayout height="40">
					<control type="label">
						<left>10</left>
						<top>0</top>
						<width>240</width>
						<height>40</height>
						<font>Font30</font>
						<align>left</align>
						<aligny>center</aligny>
						<textcolor>DialogTextColor2</textcolor>
						<info>ListItem.Label</info>
					</control>
					<control type="label">
						<left>272</left>
						<top>0</top>
						<width>858</width>
						<height>40</height>
						<font>Font30</font>
						<align>left</align>
						<aligny>center</aligny>
						<textcolor>DialogTextColor1</textcolor>
						<info>ListItem.Label2</info>
					</control>
				</itemlayout>
				<focusedlayout height="40">
					<control type="label">
						<left>10</left>
						<top>0</top>
						<width>240</width>
						<height>40</height>
						<font>Font30</font>
						<align>left</align>
						<aligny>center</aligny>
						<textcolor>DialogTextColor2</textcolor>
						<info>ListItem.Label</info>
					</control>
					<control type="label">
						<left>272</left>
						<top>0</top>
						<width>858</width>
						<height>40</height>
						<font>Font30</font>
						<align>left</align>
						<aligny>center</aligny>
						<textcolor>DialogTextColor1</textcolor>
						<info>ListItem.Label2</info>
						<visible>Control.HasFocus(49)</visible>
					</control>
					<control type="label">
						<left>272</left>
						<top>0</top>
						<width>858</width>
						<height>40</height>
						<font>Font30</font>
						<align>left</align>
						<aligny>center</aligny>
						<textcolor>DialogTextColor1</textcolor>
						<info>ListItem.Label2</info>
						<visible>!Control.HasFocus(49)</visible>
					</control>
				</focusedlayout>
				<content>
					<!-- Start Movie Content -->
					<item>
						<label>$LOCALIZE[345]:</label>
						<label2 fallback="19055">$INFO[Window.Property(ReleaseDate),, ]$INFO[Window.Property(Status),(,)]</label2>
						<onclick>noop</onclick>
						<visible>String.IsEmpty(Window.Property(content))</visible>
					</item>
					<item>
						<label>$LOCALIZE[563]:</label>
						<label2 fallback="19055">$INFO[Window.Property(mpaa)]</label2>
						<onclick>noop</onclick>
						<visible>!String.IsEmpty(Window.Property(mpaa)) + String.IsEmpty(Window.Property(content))</visible>
					</item>
					<item>
						<label>$LOCALIZE[2050]:</label>
						<label2 fallback="19055">$INFO[Window.Property(duration),, $LOCALIZE[12391]]</label2>
						<onclick>noop</onclick>
						<visible>!String.IsEmpty(Window.Property(duration)) + String.IsEmpty(Window.Property(content))</visible>
					</item>
					<item>
						<label>$ADDON[script.extendedinfo 32109]</label>
						<label2 fallback="19055">$INFO[Window.Property(Budget),$,]</label2>
						<onclick>noop</onclick>
						<visible>!String.IsEmpty(Window.Property(Budget)) + String.IsEmpty(Window.Property(content))</visible>
					</item>
					<item>
						<label>$ADDON[script.extendedinfo 32108]</label>
						<label2 fallback="19055">$INFO[Window.Property(Revenue),$,]</label2>
						<onclick>noop</onclick>
						<visible>!String.IsEmpty(Window.Property(Revenue)) + String.IsEmpty(Window.Property(content))</visible>
					</item>
					<item>
						<label>$LOCALIZE[572]:</label>
						<label2 fallback="19055">$INFO[Window.Property(studio)]</label2>
						<onclick>noop</onclick>
						<visible>!String.IsEmpty(Window.Property(studio)) + String.IsEmpty(Window.Property(content))</visible>
					</item>
					<item>
						<label>$LOCALIZE[515]:</label>
						<label2 fallback="19055">$INFO[Window.Property(genre)]</label2>
						<onclick>noop</onclick>
						<visible>!String.IsEmpty(Window.Property(genre)) + String.IsEmpty(Window.Property(content))</visible>
					</item>
					<item>
						<label>$LOCALIZE[20339]:</label>
						<label2 fallback="19055">$INFO[Window.Property(director)]</label2>
						<onclick>noop</onclick>
						<visible>!String.IsEmpty(Window.Property(director)) + String.IsEmpty(Window.Property(content))</visible>
					</item>
					<!-- End Movie Content -->
					
				</content>
			</control>
			
			<!-- Plot -->
			<control type="textbox">
				<description>Plot (Movies)</description>
				<left>10</left>
				<top>495</top>
				<width>1230</width>
				<height>215</height>
				<font>Font30</font>
				<label>[B]$INFO[Window.Property(Outline),, ][/B]$INFO[Window.Property(plot)]</label>
				<align>left</align>
				<textcolor>DialogTextColor2</textcolor>
				<autoscroll time="3700" delay="19500" repeat="15000">Skin.HasSetting(AutoScroll)</autoscroll>  <!-- !Control.HasFocus(61) +  -->
				<visible>String.IsEmpty(Window.Property(InfoContent))</visible>
			</control>
			
			<control type="group">
				<description>2nd Image (right)</description>
				<right>90</right>
				<top>0</top>
				<!--control type="image">
					<left>155</left>
					<top>5</top>
					<width>460</width>
					<height>410</height>
					<texture>$INFO[ListItem.Art(discart)]</texture>
					<aspectratio align="right">keep</aspectratio>
					<visible>!container.content(tvshows) + !container.content(episodes)</visible>
				</control-->
				<control type="image">
					<right>0</right>
					<top>0</top>
					<width>510</width>
					<height>320</height>
					<texture>$INFO[ListItem.Icon]</texture>
					<bordertexture border="12">Borders/BorderNF.png</bordertexture>
					<bordersize>5</bordersize>
					<aspectratio>scale</aspectratio>
					<visible>container.content(episodes)</visible>
				</control>			
			</control>
			
			
			<!-- Header and Item Count Content Lists -->
			<control type="group">
				<left>0</left>
				<top>280</top>
				<visible>!String.IsEmpty(Window.Property(InfoContent))</visible>
				
				<!-- Header Label Lists -->
				<control type="label">
					<left>15</left>
					<top>0</top>
					<width>1230</width>
					<height>45</height>
					<font>Font36</font>
					<textcolor>DialogTextColor1</textcolor>
					<label>$VAR[HeaderLabelContentLists]</label>
				</control>
				<!-- Item Count Lists -->
				<control type="label">
					<right>90</right>
					<top>0</top>
					<width>1230</width>
					<height>45</height>
					<font>Font27</font>
					<scroll>true</scroll>
					<textcolor>DialogTextColor2</textcolor>
					<label>$VAR[ItemCountContentLists]</label>
					<align>right</align>
				</control>
				
			</control>
			
			<!-- Add. Content Lists -->
			<control type="group">
				<left>0</left>
				<top>330</top>
				
				<!-- similar Movies -->
				<control type="list" id="150">
                    <visible>StringCompare(Window.Property(InfoContent),150)</visible>
                    <onleft>150</onleft>
                    <onright>150</onright>
                    <include>ExtendedInfoScript-ThumbList</include>
                </control>
                <!-- Sets -->
				<control type="list" id="250"><visible>false</visible></control>
                <!-- Youtube Content -->
				<control type="list" id="350">
                    <visible>StringCompare(Window.Property(InfoContent),350)</visible>
                    <onleft>350</onleft>
                    <onright>350</onright>
                    <include>ExtendedInfoScript-ThumbListWide</include>
                </control>
                <!-- Lists -->
				<control type="list" id="450"><visible>false</visible></control>
                <!-- Movies from Studio -->
				<control type="list" id="550"><visible>false</visible></control>
                <!-- Releases -->
				<control type="list" id="650"><visible>false</visible></control>
                <!-- Crew -->
				<control type="list" id="750"><visible>false</visible></control>
                <!-- Genres -->
				<control type="list" id="850"><visible>false</visible></control>
                <!-- Keywords -->
				<control type="list" id="950"><visible>false</visible></control>
                <!-- Actors -->
				<control type="list" id="1000">
                    <visible>StringCompare(Window.Property(InfoContent),1000)</visible>
                    <onleft>1000</onleft>
                    <onright>1000</onright>
					<onup>RunScript(script.extendedinfo,info=extendedactorinfo,name=$INFO[Container(1000).ListItem.Label])</onup>
                    <include>ExtendedInfoScript-ThumbList</include>
                </control>
                <!-- Reviews -->
				<control type="list" id="1050"><visible>false</visible></control>
                <!-- Videos -->
				<control type="list" id="1150">
                    <visible>StringCompare(Window.Property(InfoContent),1150)</visible>
                    <onleft>1150</onleft>
                    <onright>1150</onright>
                    <include>ExtendedInfoScript-ThumbListWide</include>
                </control>
                <!-- Images -->
				<control type="list" id="1250"><visible>false</visible></control>
                <!-- Backdropss -->
				<control type="list" id="1350"><visible>false</visible></control>
                <!-- unused -->
				<control type="list" id="1450"><visible>false</visible></control>
				
            </control>
			
		</control>
		
		
		<!-- Plot -->
		<control type="group">
			<left>600</left>
			<top>189</top>
			<visible>StringCompare(Window.Property(InfoContent),Plot)</visible>
				
			<!-- Plot -->
			<control type="textbox">
				<left>10</left>
				<top>90</top>
				<width>1230</width>
				<height>613</height>
				<font>Font33</font>
				<label>[B]$INFO[Window.Property(Outline),, ][/B]$INFO[Window.Property(plot)]</label>  <!-- $INFO[ListItem.Plot] -->
				<align>left</align>
				<textcolor>DialogTextColor2</textcolor>
				<autoscroll time="3700" delay="19500" repeat="15000">Skin.HasSetting(AutoScroll)</autoscroll>  <!-- !Control.HasFocus(61) +  -->
			</control>
				
		</control>
		

		<!-- Button grouplist -->
		<control type="grouplist" id="9000">
			<left>76</left>
			<top>925</top>
			<width>1768</width>
			<height>65</height>
			<itemgap>6</itemgap>
			<!--align>center</align-->
			<onleft>noop</onleft>
			<onright>noop</onright>
			<onup condition="Control.IsVisible(50)">50</onup>
			<ondown>noop</ondown>
			<orientation>horizontal</orientation>

			<!-- Play/Browse Button -->
			<control type="togglebutton" id="8">
				<width>247</width>
				<label>208</label>
				<include condition="!Skin.HasSetting(DialogButtonStyleJustText)">DialogButtonStyle</include>
				<visible>!String.IsEmpty(Window.Property(DBID)) + !Stringcompare(Window.Property(Type),tvshow)</visible>
				<visible>String.IsEmpty(Window(home).Property(globalsearch))</visible>
			</control>
			<control type="togglebutton" id="9">
				<width>247</width>
				<label>21385</label>
				<include condition="!Skin.HasSetting(DialogButtonStyleJustText)">DialogButtonStyle</include>
				<visible>!String.IsEmpty(Window.Property(DBID)) + Stringcompare(Window.Property(Type),tvshow)</visible>
				<visible>String.IsEmpty(Window(home).Property(globalsearch))</visible>
			</control>
			
			<!-- Plot Button -->
			<control type="button" id="26">
				<width>247</width>
				<label>207</label>
				<onup>55</onup>
				<include condition="!Skin.HasSetting(DialogButtonStyleJustText)">DialogButtonStyle</include>
				<onclick>SetProperty(InfoContent,Plot)</onclick>
				<onfocus>ClearProperty(InfoContent)</onfocus>
			</control>
			<!-- Besetzung -->
			<control type="togglebutton" id="20">
				<width>247</width>
				<label>206</label>
				<include condition="!Skin.HasSetting(DialogButtonStyleJustText)">DialogButtonStyle</include>
				<onup>1000</onup>
				<onclick>SetProperty(InfoContent,1000)</onclick>
				<onfocus>ClearProperty(InfoContent)</onfocus>
			</control>
			<!-- Ähnliche -->
			<control type="togglebutton" id="21">
				<width>247</width>
				<label>31160</label>
				<include condition="!Skin.HasSetting(DialogButtonStyleJustText)">DialogButtonStyle</include>
				<onup>150</onup>
				<onclick>SetProperty(InfoContent,150)</onclick>
				<onfocus>ClearProperty(InfoContent)</onfocus>
			</control>
			<!-- Youtube Videos -->
			<control type="togglebutton" id="22">
				<width>247</width>
				<label>31161</label>
				<include condition="!Skin.HasSetting(DialogButtonStyleJustText)">DialogButtonStyle</include>
				<onup>350</onup>
				<onclick>SetProperty(InfoContent,350)</onclick>
				<onfocus>ClearProperty(InfoContent)</onfocus>
			</control>
			
		</control>
		
		<!-- Codec flagging grouplist -->
		<control type="grouplist">
			<left>90</left>
			<top>990</top>
			<width>1740</width>
			<height>50</height>
			<itemgap>6</itemgap>
			<align>left</align>
			<orientation>horizontal</orientation>
			<visible>Container.Content(Movies) | Container.Content(Episodes)</visible>
			<!-- Filename "Flagging" -->
			<control type="label">
				<width>auto</width>
				<height>50</height>
				<font>Font30</font>
				<align>left</align>
				<textcolor>TextColor4</textcolor>
				<label>$VAR[MediaTypeHackFlagging,, •]</label>
			</control>
			<!-- "Flagging" -->
			<control type="label">
				<width>auto</width>
				<height>50</height>
				<font>Font30</font>
				<align>left</align>
				<textcolor>TextColor4</textcolor>
				<label>$INFO[ListItem.VideoResolution]$INFO[ListItem.VideoCodec, • ]$INFO[ListItem.VideoAspect, • ]$INFO[ListItem.AudioCodec, • [UPPERCASE],[/UPPERCASE]]$VAR[AudioChannels, • ]</label>
			</control>
		</control>	

	</controls>

</window>