<?xml version="1.0" encoding="UTF-8"?>
<window>
	<!-- smartplaylisteditor -->
	<defaultcontrol always="true">22</defaultcontrol>
	<include>DialogZoomAnimation</include>

	<controls>

		<!-- Background -->
		<include>DialogBackgroundImage</include>

		<!-- Heading -->
		<control type="label" id="2">
			<include>DialogHeaderLabelInner</include>
		</control>

		<!-- Heading old: -
		<control type="label" id="2">
			<left>90</left>
			<top>60</top>
			<width>1620</width>
			<height>72</height>
			<font>Font72</font>
			<label>-</label>
		</control>
		-->
		
		<!-- Close Window Button -->
		<control type="button">
			<description>Close Window button</description>
			<right>70</right>
			<top>21</top>
			<width>120</width>
			<height>50</height>
			<label>[B]x[/B]</label>
			<font>Font42</font>
			<align>center</align>
			<aligny>bottom</aligny>
			<textoffsetx></textoffsetx>
			<textoffsety>-12</textoffsety>
			<onclick>PreviousMenu</onclick>
			<texturefocus border="15" colordiffuse="CommonDialogButtonFO">Buttons/DialogCloseButton.png</texturefocus>
			<texturenofocus border="15" colordiffuse="CommonDialogButtonNF">Buttons/DialogCloseButton.png</texturenofocus>
			<visible>system.getbool(input.enablemouse) + Skin.HasSetting(ShowMouseButtons)</visible>
		</control>

		<!-- Left group -->
		<control type="group">
			<left>90</left>
			<top>228</top>
			<width>430</width>
			<height>462</height>

			<!-- Name Label -->
			<control type="label">
				<top>66</top>
				<width>430</width>
				<height>66</height>
				<label>$LOCALIZE[21433]:</label>
				<align>right</align>
				<textcolor>SelectedColor</textcolor>
			</control>

			<!-- Rules label -->
			<control type="label">
				<top>132</top>
				<width>430</width>
				<height>66</height>
				<label>$LOCALIZE[21434]:</label>
				<align>right</align>
				<textcolor>SelectedColor</textcolor>
			</control>

			<!-- Name Label -->
			<control type="label">
				<top>330</top>
				<width>430</width>
				<height>66</height>
				<label>31048</label>
				<align>right</align>
				<textcolor>SelectedColor</textcolor>
			</control>

		</control>

		<!-- Right group -->
		<control type="group">
			<left>600</left>
			<top>228</top>
			<width>1200</width>
			<height>462</height>

			<!-- Set Playlist type -->
			<control type="button" id="22">
				<width>1200</width>
				<height>66</height>
				<label>467</label>
				<onright>noop</onright>
				<onleft>noop</onleft>
				<onup>noop</onup>
				<ondown>12</ondown>
			</control>

			<!-- Name Button -->
			<control type="button" id="12">
				<top>66</top>
				<width>1200</width>
				<textoffsetx>20</textoffsetx>
				<textwidth>1160</textwidth>
				<label>$LOCALIZE[21433]</label>
				<onup>22</onup>
				<onleft>noop</onleft>
				<onright>noop</onright>
				<ondown>10</ondown>
				<texturefocus colordiffuse="$VAR[CommonDialogButtonFO]">common/Base.png</texturefocus>
				<texturenofocus colordiffuse="CommonDialogButtonNF">common/Base.png</texturenofocus>
			</control>

			<!-- Rules list -->
			<control type="list" id="10">
				<top>132</top>
				<width>880</width>
				<height>198</height>
				<onup>12</onup>
				<ondown>16</ondown>
				<onleft>noop</onleft>
				<onright>9000</onright>

				<itemlayout width="880" height="66">
					<control type="label">
						<width>880</width>
						<height>66</height>
						<textcolor>DialogTextColor2</textcolor>
						<label>$INFO[ListItem.Label]</label>
					</control>
				</itemlayout>

				<focusedlayout width="880" height="66">
					<control type="label">
						<width>880</width>
						<height>66</height>
						<textcolor>DialogTextColor1</textcolor>
						<label>$INFO[ListItem.Label]</label>
						<animation effect="fade" start="100" end="50" condition="!Control.HasFocus(10)">Conditional</animation>
					</control>
				</focusedlayout>

			</control>

			<control type="grouplist" id="9000">
				<left>900</left>
				<top>132</top>
				<width>300</width>
				<height>198</height>
				<itemgap>0</itemgap>
				<onleft>10</onleft>
				<onright>noop</onright>
				<onup>noop</onup>
				<ondown>16</ondown>  <!-- old: noop -->
				<orientation>vertical</orientation>

				<!-- Add Rule Button -->
				<control type="button" id="13">
					<width>300</width>
					<align>right</align>
					<label>15019</label>
				</control>

				<!-- Remove Rule Button -->
				<control type="button" id="14">
					<width>300</width>
					<align>right</align>
					<label>1210</label>
				</control>

				<!-- Edit Rule Button -->
				<control type="button" id="15">
					<width>300</width>
					<align>right</align>
					<label>21435</label>
				</control>

			</control>

			<!-- Default spin control -->
			<control type="button" id="16">
				<top>330</top>
				<width>1200</width>
				<label>21424</label>
				<onright>noop</onright>
				<onleft>noop</onleft>
				<onup>10</onup>
				<ondown>17</ondown>
			</control>

			<!-- Default spin control -->
			<control type="button" id="17">
				<top>396</top>
				<width>1200</width>
				<label>21427</label>
				<onright>noop</onright>
				<onleft>noop</onleft>
				<onup>16</onup>
				<ondown>18</ondown>
			</control>

			<!-- Default spin control -->
			<control type="button" id="18">
				<top>462</top>
				<width>860</width>
				<label>21429</label>
				<onright>19</onright>
				<onleft>noop</onleft>
				<onup>17</onup>
				<ondown>23</ondown>
			</control>

			<!-- Default toggle -->
			<control type="button" id="19">
				<left>880</left>
				<top>462</top>
				<width>300</width>
				<align>right</align>
				<label>-</label>  <!-- $LOCALIZE[21431] -->
				<altlabel>21430</altlabel>
				<onright>noop</onright>
				<onleft>18</onleft>
				<onup>17</onup>
				<ondown>23</ondown>
			</control>

			<!-- Default spin control -->
			<control type="button" id="23">
				<top>528</top>
				<width>860</width>
				<label>21458</label>
				<onright>24</onright>
				<onleft>noop</onleft>
				<onup>18</onup>
				<ondown>9001</ondown>
			</control>

			<!-- Default radio button -->
			<control type="radiobutton" id="24">
				<left>880</left>
				<top>528</top>
				<width>300</width>
				<align>right</align>
				<label>21459</label>
				<onright>noop</onright>
				<onleft>23</onleft>
				<onup>18</onup>
				<ondown>9001</ondown>
			</control>

		</control>

		<!-- Button grouplist -->
		<control type="grouplist" id="9001">
			<left>600</left>
			<top>926</top>
			<width>1200</width>
			<itemgap>6</itemgap>
			<onleft>noop</onleft>
			<onright>noop</onright>
			<onup>23</onup>
			<ondown>noop</ondown>
			<orientation>horizontal</orientation>

			<!-- OK Button -->
			<control type="button" id="20">
				<width>420</width>
				<label>186</label>
				<include condition="!Skin.HasSetting(DialogButtonStyleJustText)">DialogButtonStyle</include>
			</control>

			<!-- Cancel Button -->
			<control type="button" id="21">
				<width>420</width>
				<label>222</label>
				<include condition="!Skin.HasSetting(DialogButtonStyleJustText)">DialogButtonStyle</include>
			</control>
		</control>

	</controls>

</window>