<?xml version="1.0" encoding="UTF-8"?>
<window>
	<!-- videoosd -->
	<defaultcontrol always="true">209</defaultcontrol>
	
		<!--coordinates>
			<system>1</system>
			<left>0</left>
			<top>0</top>
		</coordinates-->
	
		<animation type="WindowOpen">
			<effect type="zoom" start="90" end="100" center="auto" tween="back" easing="out" time="200"/>
			<effect type="fade" start="0" end="100" time="200"/>
		</animation>
	<onunload>Skin.Reset(ExtraInfo)</onunload>
	<controls>
	
		<!-- Close Window Button -->
		<control type="button">
			<description>Close Window button</description>
			<right>80</right>
			<top>0</top>
			<width>120</width>
			<height>50</height>
			<label>[B]x[/B]</label>
			<font>Font42</font>
			<align>center</align>
			<aligny>bottom</aligny>
			<textoffsetx></textoffsetx>
			<textoffsety>-12</textoffsety>
			<onclick>Dialog.Close(VideoOSD,true)</onclick>
            <onclick>FullScreen</onclick>
            <texturefocus border="15" colordiffuse="CommonDialogButtonFO">Buttons/DialogCloseButton.png</texturefocus>
			<texturenofocus border="15" colordiffuse="CommonDialogButtonNF">Buttons/DialogCloseButton.png</texturenofocus>
			<visible>[String.IsEmpty(Window(Home).Property(VideoIsStartup)) | [!String.IsEmpty(Window(Home).Property(VideoIsStartup)) + !String.IsEqual(Player.Filenameandpath,special://skin/extras/startup/startupvideo.mp4) + !String.IsEqual(Player.Filenameandpath,Skin.String(Startup_Video_Path)]] + system.getbool(input.enablemouse) + Skin.HasSetting(ShowMouseButtons) + ![Window.IsVisible(SliderDialog) | Window.IsVisible(OSDVideoSettings) | Window.IsVisible(OSDAudioSettings) | Window.IsVisible(VideoBookmarks)] + !Window.IsVisible(PVROSDChannels) + !Window.IsVisible(PVROSDGuide) + !Window.IsVisible(PVROSDTeletext)</visible>
		</control>

		
		<!-- Seekslider (rest in VideoFullscreen.xml) -->
        <control type="slider" id="87">
            <description>Seek Slider</description>
            <left>350</left>
            <top>987</top>
            <width>1220</width>
            <height>5</height>
            <onup>702</onup>
            <ondown>26</ondown>
            <action>seek</action>
            <texturesliderbar>common/osd_seeksliderbar.png</texturesliderbar>
            <textureslidernib colordiffuse="FF7afafaf">common/OSD_slider_nib.png</textureslidernib>
            <textureslidernibfocus colordiffuse="FFFFFFFF">common/OSD_slider_nib.png</textureslidernibfocus>
            <animation effect="fade" time="200">VisibleChange</animation>
            <animation effect="slide" start="0,0" end="0,65" time="200" condition="!Window.IsActive(VideoOSD)">Conditional</animation>
			<visible>[String.IsEmpty(Window(Home).Property(VideoIsStartup)) | [!String.IsEmpty(Window(Home).Property(VideoIsStartup)) + !String.IsEqual(Player.Filenameandpath,special://skin/extras/startup/startupvideo.mp4) + !String.IsEqual(Player.Filenameandpath,Skin.String(Startup_Video_Path)]] + ![Window.IsVisible(SliderDialog) | Window.IsVisible(OSDVideoSettings) | Window.IsVisible(OSDAudioSettings) | Window.IsVisible(VideoBookmarks) | VideoPlayer.Content(LiveTV)]</visible>
        </control>
		<!-- Seekslider (rest in VideoFullscreen.xml) End -->
		
		
		<!-- OSD Icons (& Bar) -->
		<control type="group">
			<visible>[String.IsEmpty(Window(Home).Property(VideoIsStartup)) | [!String.IsEmpty(Window(Home).Property(VideoIsStartup)) + !String.IsEqual(Player.Filenameandpath,special://skin/extras/startup/startupvideo.mp4) + !String.IsEqual(Player.Filenameandpath,Skin.String(Startup_Video_Path)]] + !Window.IsVisible(PVROSDChannels) + !Window.IsVisible(PVROSDGuide) + !Window.IsVisible(PVROSDTeletext)</visible>
			<control type="image" id="2">
				<description>PlayerIcons-Bar</description>
				<left>-15</left>
				<top>65r</top>
				<width>1950</width>
				<height>70</height>
				<texture colordiffuse="$VAR[OverlayColordiffuse]">common/Base.png</texture>
				<visible>Window.IsVisible(videoosd)</visible>
				<visible>![Window.IsVisible(SliderDialog) | Window.IsVisible(OSDVideoSettings) | Window.IsVisible(OSDAudioSettings) | Window.IsVisible(VideoBookmarks) | Window.IsVisible(pvrosdchannels)]</visible>
			</control>
			
			<!-- Controls - left Row - (Settings) -->
			<control type="grouplist">
				<left>80</left>
				<top>65r</top>
				<width>500</width>
				<align>left</align>
				<onleft>225</onleft>
				<onright>205</onright>
				<orientation>horizontal</orientation>
				<itemgap>5</itemgap>
				<animation effect="fade" time="200">VisibleChange</animation>
				<visible>![Window.IsVisible(SliderDialog) | Window.IsVisible(OSDVideoSettings) | Window.IsVisible(OSDAudioSettings) | Window.IsVisible(VideoBookmarks)]</visible>
				<!-- Audio Settings -->
				<control type="button" id="200">
					<width>75</width>
					<height>68</height>
					<label>13396</label>
					<font>-</font>
					<texturefocus>Button-Icons/OSDAudio.png</texturefocus>
					<texturenofocus colordiffuse="FF3F3F3F">Button-Icons/OSDAudio.png</texturenofocus>
					<aspectratio>keep</aspectratio>
					<onup>1000</onup>
					<ondown>1000</ondown>
					<onclick>ActivateWindow(OSDAudioSettings)</onclick>
				</control>
				<!-- Video Settings -->
				<control type="button" id="201">
					<width>75</width>
					<height>68</height>
					<label>13395</label>
					<font>-</font>
					<texturefocus>Button-Icons/OSDVideo.png</texturefocus>
					<texturenofocus colordiffuse="FF3F3F3F">Button-Icons/OSDVideo.png</texturenofocus>
					<aspectratio>keep</aspectratio>
					<onup>1000</onup>
					<ondown>1000</ondown>
					<onclick>ActivateWindow(OSDVideoSettings)</onclick>
				</control>
				<!-- Show Playlist -->
				<control type="button" id="203">
					<width>72</width>
					<height>68</height>
					<label>-</label>
					<font>-</font>
					<texturefocus>Button-Icons/OSDPlaylist.png</texturefocus>
					<texturenofocus colordiffuse="FF3F3F3F">Button-Icons/OSDPlaylist.png</texturenofocus>
					<onclick>Close</onclick>
					<onclick>ActivateWindow(videoplaylist)</onclick>
					<!--animation effect="fade" start="100 "end="30" time="0" condition="String.IsEmpty(MusicPlayer.offset(1).Title)">Conditional</animation-->
					<visible>Integer.IsGreater(Playlist.Length(video),1)</visible>
				</control>
				<!-- Info Plus -->
				<control type="togglebutton" id="204">
					<width>75</width>
					<height>68</height>
					<label>13395</label>
					<font>-</font>
					<texturefocus>Button-Icons/OSDInfo.png</texturefocus>
					<texturenofocus colordiffuse="FF3F3F3F">Button-Icons/OSDInfo.png</texturenofocus>
					<usealttexture>Skin.HasSetting(ExtraInfoPlus)</usealttexture>
					<alttexturefocus colordiffuse="$VAR[HighlightColor]">Button-Icons/OSDInfo.png</alttexturefocus>
					<alttexturenofocus colordiffuse="$VAR[HighlightColorNF]">Button-Icons/OSDInfo.png</alttexturenofocus>
					<aspectratio>keep</aspectratio>
					<onup>1000</onup>
					<ondown>1000</ondown>
					<onclick condition="!Skin.HasSetting(ExtraInfo) + !Skin.HasSetting(ExtraInfoPlus)">Skin.SetBool(ExtraInfo)</onclick>
					<onclick condition="Skin.HasSetting(ExtraInfo)">Skin.SetBool(ExtraInfoPlus)</onclick>
					<onclick condition="Skin.HasSetting(ExtraInfo)">Skin.Reset(ExtraInfo)</onclick>
					<onclick condition="Skin.HasSetting(ExtraInfoPlus)">Skin.Reset(ExtraInfoPlus)</onclick>
					<!--
					<onclick condition="!Skin.HasSetting(ExtraInfo) | Skin.HasSetting(ExtraInfoPlus) + !Skin.HasSetting(ExtraInfoPlus)">Skin.SetBool(ExtraInfo)</onclick>
					<onclick condition="Skin.HasSetting(ExtraInfo) | Skin.HasSetting(ExtraInfoPlus)">Skin.SetBool(ExtraInfoPlus)</onclick>
					<onclick condition="Skin.HasSetting(ExtraInfo) | Skin.HasSetting(ExtraInfoPlus)">Skin.Reset(ExtraInfo)</onclick>
					<onclick condition="Skin.HasSetting(ExtraInfoPlus)">Skin.Reset(ExtraInfoPlus)</onclick>
					-->
				</control>          
			</control>
			<!-- End Controls - left Row - (Settings) -->
			
		
			<!-- Controls - middle Row - (Player Icons) -->
			<control type="grouplist" id="100">
				<description>Playerbuttons</description>
				<left>585</left>
				<top>65r</top>
				<width>750</width>
				<align>center</align>
				<onleft>204</onleft>
				<onright>220</onright>
				<orientation>horizontal</orientation>
				<itemgap>5</itemgap>
				<defaultcontrol always="true">205</defaultcontrol>
				<animation effect="fade" time="200">VisibleChange</animation>
				<visible>![Window.IsVisible(SliderDialog) | Window.IsVisible(OSDVideoSettings) | Window.IsVisible(OSDAudioSettings) | Window.IsVisible(VideoBookmarks)]</visible>
				<!-- Channel Down -->
				<control type="button" id="205">
					<width>75</width>
					<height>68</height>
					<label>210</label>
					<font>-</font>
					<texturefocus>Button-Icons/OSDChannelDown.png</texturefocus>
					<texturenofocus colordiffuse="FF3F3F3F">Button-Icons/OSDChannelDown.png</texturenofocus>
					<aspectratio>keep</aspectratio>
					<onup>1000</onup>
					<ondown>1000</ondown>
					<onclick>PlayerControl(Previous)</onclick>
					<visible>VideoPlayer.Content(LiveTV)</visible>
				</control>
				<!-- Channel Up -->
				<control type="button" id="206">
					<width>75</width>
					<height>68</height>
					<label>31354</label>
					<font>-</font>
					<texturefocus>Button-Icons/OSDChannelUP.png</texturefocus>
					<texturenofocus colordiffuse="FF3F3F3F">Button-Icons/OSDChannelUP.png</texturenofocus>
					<aspectratio>keep</aspectratio>
					<onup>1000</onup>
					<ondown>1000</ondown>
					<onclick>PlayerControl(Next)</onclick>
					<visible>VideoPlayer.Content(LiveTV)</visible>
				</control>
				<!-- Skip Back -->
				<control type="button" id="207">
					<width>75</width>
					<height>68</height>
					<label>210</label>
					<font>-</font>
					<texturefocus>Button-Icons/OSDPrevious.png</texturefocus>
					<texturenofocus colordiffuse="FF3F3F3F">Button-Icons/OSDPrevious.png</texturenofocus>
					<aspectratio>keep</aspectratio>
					<onup>1000</onup>
					<ondown>1000</ondown>
					<onclick>PlayerControl(Previous)</onclick>
					<visible>!VideoPlayer.Content(LiveTV)</visible>
				</control>
				<!-- Rewind -->
				<control type="button" id="208">
					<width>75</width>
					<height>68</height>
					<label>31354</label>
					<font>-</font>
					<texturefocus>Button-Icons/OSDRewind.png</texturefocus>
					<texturenofocus colordiffuse="FF3F3F3F">Button-Icons/OSDRewind.png</texturenofocus>
					<aspectratio>keep</aspectratio>
					<onup>1000</onup>
					<ondown>1000</ondown>
					<onclick>PlayerControl(Rewind)</onclick>
				</control>
				<!-- Pause -->
				<control type="togglebutton" id="209">
					<width>75</width>
					<height>68</height>
					<label>31351</label>
					<altlabel>208</altlabel>
					<font>-</font>
					<texturefocus>Button-Icons/OSDPause.png</texturefocus>
					<texturenofocus colordiffuse="FF3F3F3F">Button-Icons/OSDPause.png</texturenofocus>
					<usealttexture>Player.Paused | Player.Forwarding | Player.Rewinding</usealttexture>
					<alttexturefocus>Button-Icons/OSDPlay.png</alttexturefocus>
					<alttexturenofocus colordiffuse="FF3F3F3F">Button-Icons/OSDPlay.png</alttexturenofocus>
					<aspectratio>keep</aspectratio>
					<onup>1000</onup>
					<ondown>1000</ondown>
					<onclick>PlayerControl(Play)</onclick>
				</control>
				<!-- Stop -->
				<control type="button" id="210">
					<width>75</width>
					<height>68</height>
					<label>31352</label>
					<font>-</font>
					<texturefocus>Button-Icons/OSDStop.png</texturefocus>
					<texturenofocus colordiffuse="FF3F3F3F">Button-Icons/OSDStop.png</texturenofocus>
					<aspectratio>keep</aspectratio>
					<onup>1000</onup>
					<ondown>1000</ondown>
					<onclick>PlayerControl(Stop)</onclick>
				</control>
				<!-- Fast Forward -->
				<control type="button" id="211">
					<width>75</width>
					<height>68</height>
					<label>31353</label>
					<font>-</font>
					<texturefocus>Button-Icons/OSDFastForward.png</texturefocus>
					<texturenofocus colordiffuse="FF3F3F3F">Button-Icons/OSDFastForward.png</texturenofocus>
					<aspectratio>keep</aspectratio>
					<onup>1000</onup>
					<ondown>1000</ondown>
					<onclick>PlayerControl(Forward)</onclick>
				</control>
				<!-- Next -->
				<control type="button" id="212">
					<width>75</width>
					<height>68</height>
					<label>209</label>
					<font>-</font>
					<texturefocus>Button-Icons/OSDNext.png</texturefocus>
					<texturenofocus colordiffuse="FF3F3F3F">Button-Icons/OSDNext.png</texturenofocus>
					<aspectratio>keep</aspectratio>
					<onup>1000</onup>
					<ondown>1000</ondown>
					<onclick>PlayerControl(Next)</onclick>
					<visible>!VideoPlayer.Content(LiveTV) + [!StringCompare(Playlist.Position(video),Playlist.Length(video)) | Integer.IsGreater(player.chaptercount,1)]</visible>
				</control>
				<!-- Next disabled -->
				<control type="image" id="213">
					<width>75</width>
					<height>68</height>
					<label>209</label>
					<font>-</font>
					<texture colordiffuse="773F3F3F">Button-Icons/OSDNext.png</texture>
					<aspectratio>keep</aspectratio>
					<visible>!VideoPlayer.Content(LiveTV) + [StringCompare(Playlist.Position(video),Playlist.Length(video)) + !Integer.IsGreater(player.chaptercount,1)]</visible>
				</control>
				<!-- DVD menu -->
				<control type="button" id="214">
					<width>75</width>
					<height>68</height>
					<label>31355</label>
					<font>-</font>
					<texturefocus>Button-Icons/OSDDvd.png</texturefocus>
					<texturenofocus colordiffuse="FF3F3F3F">Button-Icons/OSDDvd.png</texturenofocus>
					<aspectratio>keep</aspectratio>
					<onup>1000</onup>
					<ondown>1000</ondown>
					<onclick>PlayerControl(ShowVideoMenu)</onclick>
					<enable>VideoPlayer.HasMenu</enable>
					<animation effect="fade" start="100" end="50" time="100" condition="!VideoPlayer.HasMenu">Conditional</animation>
					<visible>VideoPlayer.HasMenu</visible>
					<!--visible>!VideoPlayer.Content(LiveTV)</visible-->
				</control>
				<!-- Record -->
				<control type="togglebutton" id="215">
					<width>75</width>
					<height>68</height>
					<label>13395</label>
					<font>-</font>
					<texturefocus>Button-Icons/OSDRecordOff.png</texturefocus>
					<texturenofocus colordiffuse="FF3F3F3F">Button-Icons/OSDRecordOff.png</texturenofocus>
					<usealttexture>Player.Recording</usealttexture>
					<alttexturefocus>Button-Icons/OSDRecordOn.png</alttexturefocus>
					<alttexturenofocus colordiffuse="FF3F3F3F">Button-Icons/OSDRecordOn.png</alttexturenofocus>
					<aspectratio>keep</aspectratio>
					<onup>1000</onup>
					<ondown>1000</ondown>
					<onclick>PlayerControl(Record)</onclick>
					<animation effect="fade" start="100" end="50" time="100" condition="!Player.CanRecord">Conditional</animation>
					<enable>Player.CanRecord</enable>
					<visible>VideoPlayer.Content(LiveTV)</visible>
				</control>  
				
			</control>
			<!-- End Controls - middle Row - (Player Icons) -->
			
			
			<!-- Controls - right Row - (Additional Settings) -->
			<control type="grouplist">
				<right>80</right>
				<top>65r</top>
				<width>390</width>
				<align>right</align>
				<onleft>215</onleft>
				<onright>200</onright>
				<orientation>horizontal</orientation>
				<itemgap>10</itemgap>
				<animation effect="fade" time="200">VisibleChange</animation>
				<visible>![Window.IsVisible(SliderDialog) | Window.IsVisible(OSDVideoSettings) | Window.IsVisible(OSDAudioSettings) | Window.IsVisible(VideoBookmarks)]</visible>
				<!-- 3D -->
				<control type="button" id="220">
					<width>75</width>
					<height>68</height>
					<label>36501</label>
					<font>-</font>
					<texturefocus>Button-Icons/OSDStereoscopic.png</texturefocus>
					<texturenofocus colordiffuse="FF3F3F3F">Button-Icons/OSDStereoscopic.png</texturenofocus>
					<aspectratio>keep</aspectratio>
					<onup>501</onup>
					<ondown>1000</ondown>
					<onclick>StereoMode</onclick>
					<visible>VideoPlayer.IsStereoscopic</visible>  <!--  | !String.IsEqual(VideoPlayer.StereoscopicMode,mono) -->
				</control>
				<!-- Subtitles -->
				<control type="button" id="221">
					<width>75</width>
					<height>68</height>
					<label>31356</label>
					<font>-</font>
					<texturefocus>Button-Icons/OSDSubtitles.png</texturefocus>
					<texturenofocus colordiffuse="FF3F3F3F">Button-Icons/OSDSubtitles.png</texturenofocus>
					<aspectratio>keep</aspectratio>
					<onup>404</onup>
					<ondown>1000</ondown>
					<onclick>ActivateWindow(SubtitleSearch)</onclick>
					<visible>!VideoPlayer.Content(LiveTV)</visible>
				</control>
				<!-- Bookmarks -->
				<control type="button" id="222">
					<width>75</width>
					<height>68</height>
					<label>31355</label>
					<font>-</font>
					<texturefocus>Button-Icons/OSDBookmarks.png</texturefocus>
					<texturenofocus colordiffuse="FF3F3F3F">Button-Icons/OSDBookmarks.png</texturenofocus>
					<aspectratio>keep</aspectratio>
					<onup>1000</onup>
					<ondown>1000</ondown>
					<onclick>ActivateWindow(VideoBookmarks)</onclick>
					<!--onclick>ActivateWindow(125)</onclick-->
					<visible>!VideoPlayer.Content(LiveTV)</visible>
				</control>
				
				<!-- Channel List-->
				<control type="button" id="223">
					<width>75</width>
					<height>68</height>
					<label>19019</label>
					<font>-</font>
					<texturefocus>Button-Icons/OSDChannelList.png</texturefocus>
					<texturenofocus colordiffuse="FF3F3F3F">Button-Icons/OSDChannelList.png</texturenofocus>
					<aspectratio>keep</aspectratio>
					<onup>1000</onup>
					<ondown>1000</ondown>
					<onclick>ActivateWindow(PVROSDChannels)</onclick>
					<onclick>Dialog.Close(VideoOSD)</onclick>
					<visible>VideoPlayer.Content(LiveTV)</visible>
				</control>
				<!-- Channel EPG -->
				<control type="button" id="224">
					<width>75</width>
					<height>68</height>
					<label>$LOCALIZE[19029]$INFO[VideoPlayer.ChannelName, - ]</label>
					<font>-</font>
					<texturefocus>Button-Icons/OSDepg.png</texturefocus>
					<texturenofocus colordiffuse="FF3F3F3F">Button-Icons/OSDepg.png</texturenofocus>
					<aspectratio>keep</aspectratio>
					<onup>1000</onup>
					<ondown>1000</ondown>
					<onclick>ActivateWindow(PVROSDGuide)</onclick>
					<onclick>Dialog.Close(VideoOSD)</onclick>
					<visible>VideoPlayer.Content(LiveTV)</visible>
				</control>
				<!-- Teletext -->
				<control type="button" id="225">
					<width>75</width>
					<height>68</height>
					<label>31356</label>
					<font>-</font>
					<texturefocus>Button-Icons/OSDTeleText.png</texturefocus>
					<texturenofocus colordiffuse="FF3F3F3F">Button-Icons/OSDTeleText.png</texturenofocus>
					<aspectratio>keep</aspectratio>
					<onup>1000</onup>
					<ondown>1000</ondown>
					<onclick>ActivateWindow(Teletext)</onclick>
					<visible>VideoPlayer.Content(LiveTV)</visible>
				</control>
				<!-- Activate Window EPG -->
				<control type="button" id="226">
					<width>75</width>
					<height>68</height>
					<label>13395</label>
					<font>-</font>
					<texturefocus>Button-Icons/OSDEPGWindow.png</texturefocus>
					<texturenofocus colordiffuse="FF3F3F3F">Button-Icons/OSDEPGWindow.png</texturenofocus>
					<aspectratio>keep</aspectratio>
					<onup>1000</onup>
					<ondown>1000</ondown>
					<onclick>Close</onclick>
					<onclick>ActivateWindow(tvguide,,return)</onclick>
				</control>
				
			</control>
			<!-- End Controls - right Row - (Additional Settings) -->
			
		</control>
		<!-- OSD Icons End-->

		
		<!-- Subtitles -->
        <control type="button" id="410">
            <description>Fake button for mouse control</description>
            <left>480r</left>
            <top>515r</top>
            <width>384</width>
            <height>450</height>
            <label>-</label>
            <font>-</font>
            <texturenofocus>-</texturenofocus>
            <texturefocus>-</texturefocus>
            <visible>Control.HasFocus(410) | Control.HasFocus(221) | ControlGroup(400).HasFocus</visible>
        </control>
		
        <control type="grouplist" id="400">
            <visible>![Window.IsVisible(SliderDialog) | Window.IsVisible(OSDVideoSettings) | Window.IsVisible(OSDAudioSettings) | Window.IsVisible(VideoBookmarks)]</visible>
            <animation effect="fade" time="200">VisibleChange</animation>

			<!--animation effect="slide" start="0,0" end="0,180" time="0" condition="![VideoPlayer.HasSubtitles + VideoPlayer.SubtitlesEnabled]">Conditional</animation>
			<animation effect="slide" start="0,0" end="0,90" time="0" condition="!VideoPlayer.HasSubtitles">Conditional</animation-->
			
            <right>70</right>
            <top>515r</top>
            <width>374</width>
            <height>450</height>
            <align>bottom</align>
            <itemgap>0</itemgap>
            <onleft>400</onleft>
            <onright>400</onright>
            <onup>221</onup>
            <ondown>221</ondown>
            <orientation>vertical</orientation>
            <visible>Control.HasFocus(410) | Control.HasFocus(221) | ControlGroup(400).HasFocus</visible>
            <include>VisibleFadeEffect</include>
            <control type="group">
                <description>Header</description>
                <width>374</width>
                <height>50</height>
                <control type="image">
                    <description>Header</description>
                    <left>0</left>
                    <top>0</top>
                    <width>374</width>
                    <height>50</height>
                    <texture border="20,17,20,0" colordiffuse="FF212121">common/Base.png</texture>
                </control>
                <control type="label" id="">
                    <left>25</left>
                    <top>15</top>
                    <width>324</width>
                    <height>22</height>
                    <font>Font33</font>
                    <label>24012</label>
                    <textcolor>$VAR[HighlightColor]</textcolor>
                    <align>center</align>
                    <aligny>center</aligny>
                </control>
            </control>
            <control type="togglebutton" id="401">
                <description>Download with Subtitles script</description>
                <height>60</height>
                <width>374</width>
                <font>Font25</font>
				<label>33003</label>
				<font>-</font>
				<textoffsetx>25</textoffsetx>
				<aligny>center</aligny>
				<texturefocus border="25,5,25,5" colordiffuse="CommonDialogButtonFO">common/Base.png</texturefocus>
				<texturenofocus border="25,5,25,5" colordiffuse="FF000000">common/Base.png</texturenofocus>
				<alttexturefocus border="25,5,25,5" colordiffuse="CommonDialogButtonFO">common/Base.png</alttexturefocus>
				<alttexturenofocus border="25,5,25,5" colordiffuse="FF000000">common/Base.png</alttexturenofocus>
				<onclick>Close</onclick>
				<onclick>Dialog.Close(VideoOSD)</onclick>
				<onclick>ActivateWindow(SubtitleSearch)</onclick>
			</control>
            <control type="button" id="402">
                <height>60</height>
                <width>374</width>
                <aligny>center</aligny>
                <font>Font25</font>
                <textoffsetx>25</textoffsetx>
                <texturefocus border="38,8,38,8" colordiffuse="CommonDialogButtonFO">common/Base.png</texturefocus>
                <texturenofocus border="38,8,38,8" colordiffuse="FF000000">common/Base.png</texturenofocus>
                <pulseonselect>false</pulseonselect>
                <label>22006</label>
                <onclick>SubtitleDelay</onclick>
                <visible>VideoPlayer.HasSubtitles + VideoPlayer.SubtitlesEnabled</visible>
            </control>
            <control type="button" id="403">
                <height>60</height>
                <width>374</width>
                <aligny>center</aligny>
                <font>Font25</font>
                <textoffsetx>25</textoffsetx>
                <texturefocus border="38,8,38,8" colordiffuse="CommonDialogButtonFO">common/Base.png</texturefocus>
                <texturenofocus border="38,8,38,8" colordiffuse="FF000000">common/Base.png</texturenofocus>
                <pulseonselect>false</pulseonselect>
                <label>209</label>
                <onclick>NextSubtitle</onclick>
                <visible>VideoPlayer.HasSubtitles + VideoPlayer.SubtitlesEnabled</visible>
            </control>
            <control type="radiobutton" id="404">
                <height>60</height>
                <width>374</width>
                <textoffsetx>25</textoffsetx>
                <aligny>center</aligny>
                <font>Font25</font>
                <label>449</label>
                <radioleft>300</radioleft>
                <texturefocus border="38,8,38,8" colordiffuse="CommonDialogButtonFO">common/Base.png</texturefocus>
                <texturenofocus border="38,8,38,8" colordiffuse="FF000000">common/Base.png</texturenofocus>
                <onclick>ShowSubtitles</onclick>
                <selected>VideoPlayer.SubtitlesEnabled</selected>
                <visible>VideoPlayer.HasSubtitles</visible>
                <pulseonselect>false</pulseonselect>
            </control>
            <control type="image" id="440">
                <description>Footer</description>
                <width>374</width>
                <height>78</height>
                <texture border="30,0,30,75" colordiffuse="00212121">common/Base.png</texture>
            </control>
        </control>
		<!-- End Subtitles -->
		
		<!-- Stereoscopic / 3D -->
        <control type="button" id="520">
            <description>Fake button for mouse control</description>
            <left>582r</left>
            <top>525r</top>
            <width>384</width>
            <height>450</height>
            <label>-</label>
            <font>-</font>
            <texturenofocus>-</texturenofocus>
            <texturefocus>-</texturefocus>
            <visible>Control.HasFocus(520) | Control.HasFocus(220) | ControlGroup(500).HasFocus</visible>
        </control>
        <control type="grouplist" id="500">
            <visible>VideoPlayer.IsStereoscopic + ![Window.IsVisible(SliderDialog) | Window.IsVisible(OSDVideoSettings) | Window.IsVisible(OSDAudioSettings) | Window.IsVisible(VideoBookmarks)]</visible>
            <animation effect="fade" time="200">VisibleChange</animation>
            <right>70</right>
            <top>515r</top>
            <width>374</width>
            <height>450</height>
            <align>bottom</align>
            <itemgap>0</itemgap>
            <onleft>500</onleft>
            <onright>500</onright>
            <onup>220</onup>
            <ondown>220</ondown>
            <orientation>vertical</orientation>
            <visible>Control.HasFocus(260) | ControlGroup(500).HasFocus | Control.HasFocus(520)</visible>
            <include>VisibleFadeEffect</include>
            <control type="group">
                <description>Header</description>
                <width>384</width>
                <height>50</height>
                <control type="image">
                    <description>Header</description>
                    <left>0</left>
                    <top>0</top>
                    <width>374</width>
                    <height>50</height>
                    <texture border="20,17,20,0" colordiffuse="FF212121">common/Base.png</texture>
                </control>
                <control type="label" id="">
                    <left>25</left>
                    <top>15</top>
                    <width>324</width>
                    <height>22</height>
                    <font>Font33</font>
                    <label>36501</label>
                    <textcolor>$VAR[HighlightColor]</textcolor>
                    <align>center</align>
                    <aligny>center</aligny>
                </control>
            </control>
            <control type="radiobutton" id="503">
                <height>60</height>
                <width>374</width>
                <textoffsetx>25</textoffsetx>
                <aligny>center</aligny>
                <font>Font25</font>
                <label>31362</label>
                <radioleft>300</radioleft>
                <texturefocus border="38,8,38,8" colordiffuse="FF67e57f">common/Base.png</texturefocus>
                <texturenofocus border="38,8,38,8" colordiffuse="FF000000">common/Base.png</texturenofocus>
                <onclick>ToggleStereoMode</onclick>
                <selected>IntegerGreaterThan(System.StereoscopicMode,0)</selected>
                <pulseonselect>false</pulseonselect>
            </control>
            <control type="button" id="502">
                <height>60</height>
                <width>374</width>
                <aligny>center</aligny>
                <font>Font25</font>
                <textoffsetx>25</textoffsetx>
                <texturefocus border="38,8,38,8" colordiffuse="FF67e57f">common/Base.png</texturefocus>
                <texturenofocus border="38,8,38,8" colordiffuse="FF000000">common/Base.png</texturenofocus>
                <pulseonselect>false</pulseonselect>
                <label>31361</label>
                <onclick>StereoMode</onclick>
            </control>
            <control type="radiobutton" id="501">
                <height>60</height>
                <width>374</width>
                <textoffsetx>25</textoffsetx>
                <aligny>center</aligny>
                <font>Font25</font>
                <label>31360</label>
                <radioleft>300</radioleft>
                <texturefocus border="38,8,38,8" colordiffuse="FF67e57f">common/Base.png</texturefocus>
                <texturenofocus border="38,8,38,8" colordiffuse="FF000000">common/Base.png</texturenofocus>
                <onclick>StereoModeToMono</onclick>
                <selected>StringCompare(System.StereoscopicMode,7)</selected>
                <pulseonselect>false</pulseonselect>
            </control>
            <control type="image" id="549">
                <description>Footer</description>
                <width>374</width>
                <height>78</height>
                <texture border="30,0,30,75" colordiffuse="00212121">common/Base.png</texture>
            </control>
        </control>
        <!-- End Stereoscopic / 3D -->
				

	</controls>

</window>