<?xml version="1.0" encoding="UTF-8"?>
<window>
	<!-- fullscreenvideo -->
	<defaultcontrol>-</defaultcontrol>
	
	<onload condition="!StringCompare(Player.FolderPath,Skin.String(CustomBackgroundVideo)) + Player.HasVideo">PlayerControl(RepeatOff)</onload>
	
	<onload condition="System.IdleTime(20)">Skin.Reset(ExtraInfo)</onload>
	<onunload>Skin.Reset(ExtraInfo)</onunload>
	
	<onunload>ClearProperty(VideoIsStartup,startup)</onunload>

	<controls>

		<!-- Info if Enabled ("o") -->
		<control type="group">
			<left>150</left>
			<top>75</top>
			<width>1620</width>
			<height>274</height>

			<!-- Background -->
			<control type="image">
				<width>1620</width>
				<height>274</height>
				<texture>osd/OSDBack.png</texture>
			</control>

			<!-- Row 1 label -->
			<control type="label" id="10">
				<left>20</left>
				<top>20</top>
				<width>1580</width>
				<height>50</height>
				<font>Font25</font>
				<textcolor>DialogTextColor1</textcolor>
				<label>-</label>
			</control>

			<!-- Row 2 label -->
			<control type="label" id="11">
				<left>20</left>
				<top>110</top>
				<width>1580</width>
				<height>50</height>
				<font>Font25</font>
				<textcolor>DialogTextColor1</textcolor>
				<label>-</label>
			</control>

			<!-- Row 3 label -->
			<control type="label" id="12">
				<left>20</left>
				<top>200</top>
				<width>1580</width>
				<height>50</height>
				<font>Font25</font>
				<textcolor>DialogTextColor1</textcolor>
				<label>-</label>
			</control>

		</control>
		
		
		<!-- Teletext Background -->
		<control type="image" id="1">
			<include>FullscreenDimensions</include>
			<texture border="1">osd/OSDBack.png</texture>
			<visible>Window.IsVisible(PVROSDTeletext)</visible>
		</control>
		
		
		<!-- Playerstatus and capitel marks -->
		<control type="grouplist" id="1">
			<right>80</right>
			<top>48</top>
			<width>700</width>
			<align>right</align>
			<itemgap>0</itemgap>
			<orientation>horizontal</orientation>
			<animation effect="fade" time="200">VisibleChange</animation>
			<include>WindowFadeAnimation</include>
			<visible>![Skin.HasSetting(OSDSmallInfoStyle2) | Skin.HasSetting(ExtraInfo) | [Player.ShowInfo + Skin.HasSetting(ExtraInfoPlus)]]</visible>  <!---  + [Player.ShowInfo | Window.IsActive(VideoOSD)] --> <!-- disables the search Info if "small Info style 2" is Enabled and visible -->
			
			<!--
			<animation type="WindowOpen" condition="!Window.IsActive(seekbar) + !Player.ShowInfo">
				<effect type="zoom" start="90" end="100" center="auto" tween="back" easing="out" time="200"/>
				<effect type="fade" start="0" end="100" time="200"/>
			</animation>
			<animation type="WindowClose" condition="!Window.IsActive(seekbar) + !Player.ShowInfo">
				<effect type="zoom" start="100" end="90" center="auto" easing="in" time="200"/>
				<effect type="fade" start="100" end="0" time="200"/>
			</animation>
			-->
				
			<!-- Chapter Label and Count -->
			<control type="button" id="1">
				<width>auto</width>
				<height>60</height>
				<align>center</align>
				<label>$LOCALIZE[21396] $INFO[player.chapter]$INFO[player.chaptercount, / ]</label>
				<font>Font42</font>
				<textcolor>TextColor2</textcolor>
				<textoffsetx>10</textoffsetx>
				<texturefocus>osd/OSDBack.png</texturefocus>
				<texturenofocus>osd/OSDBack.png</texturenofocus>
				<visible>!player.paused + player.chaptercount + [Player.DisplayAfterSeek | Player.SeekBar | Player.Seeking | Player.Forwarding | Player.Rewinding | [[Player.ShowInfo | Window.IsActive(VideoOSD)]]]</visible>  <!--  + ![Skin.HasSetting(ExtraInfo) | Skin.HasSetting(ExtraInfoPlus)] -->
			</control>
			<!-- Pause Background -->
			<control type="image" id="1">
				<width>80</width>
				<height>60</height>
				<texture border="1">osd/OSDBack.png</texture>
				<animation effect="slide" start="0,0" end="80,0" condition="true">Conditional</animation>
				<visible>player.paused</visible>
			</control>
			<!-- Pause -->
			<control type="image" id="1">
				<left>0</left>
				<width>80</width>
				<height>60</height>
				<texture>osd/OSDPauseNF.png</texture>
				<aspectratio>keep</aspectratio>
				<visible>player.paused</visible>
			</control>
			<!-- Seek Icon FF -->
			<control type="button" id="1">
				<width>78</width>
				<height>60</height>
				<align>right</align>
				<texturefocus>osd/OSDBackFF.png</texturefocus>
				<texturenofocus>osd/OSDBackFF.png</texturenofocus>
				<visible>Player.Forwarding</visible>
			</control>
			<!-- Seek Icon FR -->
			<control type="button" id="1">
				<width>78</width>
				<height>60</height>
				<align>right</align>
				<texturefocus>osd/OSDBackFR.png</texturefocus>
				<texturenofocus>osd/OSDBackFR.png</texturenofocus>
				<visible>Player.Rewinding</visible>
			</control>
			<!-- Seek Label (Status) -->
			<control type="button" id="1">
				<width>auto</width>
				<height>60</height>
				<align>center</align>
				<label>$VAR[PlayerStatus]</label>
				<font>Font42</font>
				<textcolor>DialogTextColor2</textcolor>
				<textoffsetx>10</textoffsetx>
				<texturefocus>osd/OSDBack.png</texturefocus>
				<texturenofocus>osd/OSDBack.png</texturenofocus>
				<visible>Player.Forwarding | Player.Rewinding</visible>
			</control>
			<!-- Skipstep Label -->
			<control type="button" id="1">
				<width>auto</width>
				<height>60</height>
				<align>center</align>
				<label>$INFO[Player.SeekStepSize]</label>
				<font>Font42</font>
				<textcolor>TextColor2</textcolor>
				<textoffsetx>10</textoffsetx>
				<texturefocus>osd/OSDBack.png</texturefocus>
				<texturenofocus>osd/OSDBack.png</texturenofocus>
				<visible>Player.Seeking</visible>
			</control>
			
			<!-- Seek Numeric -->
			<control type="button" id="1">
				<width>auto</width>
				<height>60</height>
				<align>center</align>
				<label>$INFO[Player.SeekNumeric]</label>
				<font>Font42</font>
				<textcolor>DialogTextColor2</textcolor>
				<textoffsetx>10</textoffsetx>
				<texturefocus>osd/OSDBack.png</texturefocus>
				<texturenofocus>osd/OSDBack.png</texturenofocus>
				<visible>!String.IsEmpty(Player.SeekNumeric)</visible>
			</control>
			
		</control>
		
		
		<!-- Video Info -->
		<control type="group" id="1">
			<!--
            <visible>[Player.ShowInfo | Window.IsActive(VideoOSD) | Window.IsActive(seekbar)] + ![Window.IsVisible(123) | Window.IsVisible(124) | Window.IsVisible(125) | Window.IsVisible(PVROSDChannels) | Window.IsVisible(PVROSDGuide) | Window.IsVisible(SliderDialog)]</visible>
            -->
			<visible>!Window.IsVisible(PVROSDTeletext) + [String.IsEmpty(Window(Home).Property(VideoIsStartup)) | [!String.IsEmpty(Window(Home).Property(VideoIsStartup)) + !String.IsEqual(Player.Filenameandpath,special://skin/extras/startup/startupvideo.mp4) + !String.IsEqual(Player.Filenameandpath,Skin.String(Startup_Video_Path))]] + !Window.IsVisible(PVROSDChannels) + !Window.IsVisible(PVROSDGuide)</visible>
			<animation effect="fade" time="200">VisibleChange</animation>
			
			<!-- Info (small) Text -->
			<control type="group" id="1">
				<visible>[[Player.ShowInfo | Window.IsActive(VideoOSD)] + !Skin.HasSetting(OSDSmallInfoStyle2) + !Skin.HasSetting(ExtraInfo) + !Skin.HasSetting(ExtraInfoPlus)] | [!Player.ShowInfo + Window.IsActive(VideoOSD) + !Skin.HasSetting(OSDSmallInfoStyle2) + Skin.HasSetting(ExtraInfoPlus)]</visible>
				
				<!-- Title Label -->
				<control type="label" id="1">
					<left>90</left>
					<top>45</top>
					<width>1740</width>	
					<height>60</height>
					<align>center</align>
					<font>Font48</font>
					<textcolor>ffeaeaea</textcolor>
					<shadowcolor>ff000000</shadowcolor>
					<label>$VAR[VideoPlayerTitle]</label>
				</control>
				
				<!-- Title Label (Header Font)-->
				<!--
				<control type="label" id="1">
					<left>75</left>
					<top>40</top>
					<width>1770</width>	
					<height>80</height>
					<align>center</align>
					<font>Font60</font>
					<textcolor>ffeaeaea</textcolor>
					<shadowcolor>ff000000</shadowcolor>
					<label>$VAR[VideoPlayerTitle]</label>
				</control>
				-->
				
				<!--  2nd Title Label -->
				<control type="label" id="1">
					<left>90</left>
					<top>107</top>
					<width>1740</width>
					<height>40</height>
					<align>center</align>
					<font>Font30</font>
					<textcolor>fffe8e8e8</textcolor>
					<shadowcolor>ff000000</shadowcolor>
					<label>$VAR[VideoPlayerTitle2]</label>
				</control>
				
				<!--
				<control type="grouplist" id="1">
					<left>90</left>
					<top>60</top>
					<width>1740</width>	
					<height>70</height>
					<align>center</align>
					<itemgap>0</itemgap>
					<orientation>horizontal</orientation>
					
					<!--  Movie title ->
					<control type="label" id="1">
						<width>auto</width>
						<height>60</height>
						<font>Font48</font>
						<textcolor>ffeaeaea</textcolor>
						<shadowcolor>ff000000</shadowcolor>
						<label>$VAR[VideoPlayerTitle]</label>
						<visible></visible>
					</control>
				</control>
				-->
			</control>
			
			<!-- Info (small) Bar -->
			<control type="group" id="1">
				<visible>[[!Player.ShowInfo + Window.IsActive(VideoOSD) + !Skin.HasSetting(ExtraInfo)] | [Player.ShowInfo + !Window.IsActive(VideoOSD) + !Skin.HasSetting(ExtraInfoPlus)] | [Window.IsActive(VideoOSD) + Player.ShowInfo + !Skin.HasSetting(ExtraInfoPlus)]] + Skin.HasSetting(OSDSmallInfoStyle2)</visible>

				<!-- Background -->
				<control type="image" id="1">
					<left>50</left>
					<top>40</top>
					<width>1810</width>
					<height>75</height>
					<texture border="1">osd/OSDBack.png</texture>
				</control>
					
				<!--  Movie title -->
				<control type="label" id="1">
					<left>500</left>
					<top>40</top>
					<width>920</width>	
					<height>70</height>
					<align>center</align>
					<font>Font48</font>
					<textcolor>ffeaeaea</textcolor>
					<shadowcolor>ff000000</shadowcolor>
					<label>$VAR[VideoPlayerTitle]</label>
					<visible></visible>
				</control>
				
				<!--  2nd Title Label (left) -->
				<control type="label" id="1">
					<left>90</left>
					<top>40</top>
					<width>410</width>
					<height>55</height>
					<align>left</align>
					<font>Font30</font>
					<textcolor>TextColor2</textcolor>
					<label>$VAR[VideoPlayerTitle2]</label>
				</control>
				
				<!--  3nd Title Label (right) -->
				<control type="label" id="1">
					<right>90</right>
					<top>40</top>
					<width>410</width>
					<height>55</height>
					<align>right</align>
					<font>Font30</font>
					<textcolor>TextColor2</textcolor>
					<label>$VAR[VideoPlayerTitle3]</label>
					<visible>!Player.Forwarding + !Player.Rewinding + !Player.Seeking + !player.paused</visible>
				</control>
				
				<!-- Playerstatus and capitel marks -->
				<control type="grouplist" id="1">
					<right>90</right>
					<top>40</top>
					<width>700</width>
					<height>70</height>
					<align>right</align>
					<itemgap>0</itemgap>
					<orientation>horizontal</orientation>
					<animation effect="fade" time="200">VisibleChange</animation>
					<include>WindowFadeAnimation</include>
					<visible></visible>
					
					<!-- Pause -->
					<control type="image" id="1">
						<width>80</width>
						<height>60</height>
						<texture>osd/OSDPauseNF.png</texture>
						<aspectratio>keep</aspectratio>
						<visible>player.paused</visible>
					</control>
					<!-- Seek Icon FF -->
					<control type="button" id="1">
						<width>78</width>
						<height>60</height>
						<align>right</align>
						<texturefocus>Button-Icons/OSDFastForward.png</texturefocus>
						<texturenofocus>Button-Icons/OSDFastForward.png</texturenofocus>
						<aspectratio>stretch</aspectratio>
						<visible>Player.Forwarding</visible>
					</control>
					<!-- Seek Icon FR -->
					<control type="button" id="1">
						<width>78</width>
						<height>60</height>
						<align>right</align>
						<texturefocus>Button-Icons/OSDRewind.png</texturefocus>
						<texturenofocus>Button-Icons/OSDRewind.png</texturenofocus>
						<aspectratio>stretch</aspectratio>
						<visible>Player.Rewinding</visible>
					</control>
					<!-- Seek Label (Status) -->
					<control type="button" id="1">
						<width>auto</width>
						<height>60</height>
						<align>center</align>
						<label>$VAR[PlayerStatus]</label>
						<font>Font42</font>
						<textcolor>DialogTextColor2</textcolor>
						<textoffsetx>10</textoffsetx>
						<visible>Player.Forwarding | Player.Rewinding</visible>
					</control>
					<!-- Skipstep Label -->
					<control type="button" id="1">
						<width>auto</width>
						<height>60</height>
						<align>center</align>
						<label>$INFO[Player.SeekStepSize]</label>
						<font>Font42</font>
						<textcolor>TextColor2</textcolor>
						<textoffsetx>10</textoffsetx>
						<visible>Player.Seeking</visible>
					</control>
				</control>
				
			</control>
			
			<!-- Info Plus -->
			<control type="group" id="1">
				<visible>[[Window.IsActive(VideoOSD) + Skin.HasSetting(ExtraInfo)] | [Player.ShowInfo + Skin.HasSetting(ExtraInfoPlus)]] + !Window.IsActive(123) + !Window.IsActive(124)</visible>
				<control type="group" id="1">
					<left>50</left>
					<top>40</top>
					<width>1810</width>
					<height>245</height>

					<!-- Background -->
					<control type="image" id="1">
						<width>1820</width>
						<height>275</height>
						<texture border="1">osd/OSDBack.png</texture>
					</control>
					
					<!-- Icon -->
					<control type="image" id="1">
						<left>1</left>
						<top>1</top>
						<width>278</width>
						<height>273</height>
						<aspectratio align="left" aligny="center">keep</aspectratio>
						<texture>$VAR[VideoPlayerIcon]</texture>
						<visible>!VideoPlayer.Content(movies)</visible>
					</control>
					
					<!-- Icon (mpvies) -->
					<control type="image" id="1">
						<left>1</left>
						<top>1</top>
						<width>192</width>
						<height>273</height>
						<aspectratio align="left" aligny="center">stretch</aspectratio>
						<texture>$VAR[VideoPlayerIcon]</texture>
						<visible>VideoPlayer.Content(movies)</visible>
					</control>

					<!-- Title -->
					<control type="label" id="1">
						<left>220</left>
						<top>5</top>
						<width>1230</width>
						<height>60</height>
						<font>Font48</font>
						<textcolor>DialogTextColor1</textcolor>
						<label>$VAR[VideoPlayerTitle_InfoPlus]</label>
						<animation effect="slide" start="0,0" end="80,0" time="0" condition="Pvr.IsPlayingTv | Player.IsInternetStream | VideoPlayer.Content(musicvideos)">Conditional</animation>
					</control>
					
					<!-- "Flagging" -->
					<control type="label" id="1">
						<right>15</right>
						<top>25</top>
						<width>520</width>
						<height>30</height>
						<font>Font30</font>
						<align>right</align>
						<textcolor>TextColor2</textcolor>
						<label>$INFO[VideoPlayer.VideoCodec]$INFO[VideoPlayer.VideoResolution, • ]$INFO[VideoPlayer.AudioCodec, • [UPPERCASE],[/UPPERCASE]] • $VAR[AudioChannelsOSD]$INFO[VideoPlayer.AudioLanguage, • ]</label>
						<visible>!Player.Forwarding + !Player.Rewinding + !Player.Seeking + !player.paused</visible>
					</control>
					
					<!-- Playerstatus and capitel marks -->
					<control type="grouplist" id="1">
						<right>20</right>
						<top>8</top>
						<width>700</width>
						<height>70</height>
						<align>right</align>
						<itemgap>0</itemgap>
						<orientation>horizontal</orientation>
						<animation effect="fade" time="200">VisibleChange</animation>
						<include>WindowFadeAnimation</include>
						<visible></visible>
						
						<!-- Pause -->
						<control type="image" id="1">
							<width>80</width>
							<height>60</height>
							<texture>osd/OSDPauseNF.png</texture>
							<aspectratio>keep</aspectratio>
							<visible>player.paused</visible>
						</control>
						<!-- Seek Icon FF -->
						<control type="button" id="1">
							<width>78</width>
							<height>60</height>
							<align>right</align>
							<texturefocus>Button-Icons/OSDFastForward.png</texturefocus>
							<texturenofocus>Button-Icons/OSDFastForward.png</texturenofocus>
							<aspectratio>stretch</aspectratio>
							<visible>Player.Forwarding</visible>
						</control>
						<!-- Seek Icon FR -->
						<control type="button" id="1">
							<width>78</width>
							<height>60</height>
							<align>right</align>
							<texturefocus>Button-Icons/OSDRewind.png</texturefocus>
							<texturenofocus>Button-Icons/OSDRewind.png</texturenofocus>
							<aspectratio>stretch</aspectratio>
							<visible>Player.Rewinding</visible>
						</control>
						<!-- Seek Label (Status) -->
						<control type="button" id="1">
							<width>auto</width>
							<height>60</height>
							<align>center</align>
							<label>$VAR[PlayerStatus]</label>
							<font>Font42</font>
							<textcolor>DialogTextColor2</textcolor>
							<textoffsetx>10</textoffsetx>
							<visible>Player.Forwarding | Player.Rewinding</visible>
						</control>
						<!-- Skipstep Label -->
						<control type="button" id="1">
							<width>auto</width>
							<height>60</height>
							<align>center</align>
							<label>$INFO[Player.SeekStepSize]</label>
							<font>Font42</font>
							<textcolor>TextColor2</textcolor>
							<textoffsetx>10</textoffsetx>
							<visible>Player.Seeking</visible>
						</control>
					</control>

					<!-- Plot -->
					<control type="textbox" id="1">
						<left>220</left>
						<top>82</top>
						<width>1530</width>
						<height>180</height>
						<label>$INFO[VideoPlayer.Plot]</label>  <!-- $VAR[VideoPlayerPlot] -->
						<font>Font30</font>
						<align>left</align>
						<textcolor>DialogTextColor2</textcolor>
						<autoscroll delay="10000" time="5000" repeat="15000">true</autoscroll>
						<animation effect="slide" start="0,0" end="60,0" time="0" condition="Pvr.IsPlayingTv | Player.IsInternetStream | VideoPlayer.Content(musicvideos)">Conditional</animation>
						<visible>!Pvr.IsPlayingTv</visible>
					</control>
					
					<!-- EPG-Info(Plot) -->
					<control type="group" id="1">
						<visible>Pvr.IsPlayingTv</visible>
						<left>300</left>
						
						<control type="textbox" id="1">
							<left>0</left>
							<top>70</top>
							<width>1520</width>
							<height>105</height>
							<label>$INFO[VideoPlayer.StartTime,,: ]$INFO[VideoPlayer.Plot]</label>
							<font>Font30</font>
							<align>left</align>
							<textcolor>DialogTextColor2</textcolor>
							<autoscroll delay="10000" time="5000" repeat="15000">true</autoscroll>
						</control>
						
						<control type="label" id="1">
							<left>0</left>
							<top>179</top>
							<width>1150</width>
							<height>48</height>
							<font>Font33</font>
							<textcolor>DialogTextColor1</textcolor>
							<label>$INFO[VideoPlayer.NextTitle]</label>
						</control>
						
						<control type="textbox" id="1">
							<left>0</left>
							<top>222</top>
							<width>1520</width>
							<height>40</height>
							<label>$INFO[VideoPlayer.NextStartTime,,: ]$INFO[VideoPlayer.NextPlot]</label>
							<font>Font30</font>
							<align>left</align>
							<textcolor>DialogTextColor2</textcolor>
							<autoscroll>false</autoscroll>
						</control>
					
					
					</control>
					
					<!-- Episode Thumb (Icon) ->
					<control type="image" id="1">
						<right>20</right>
						<top>20</top>
						<width>340</width>
						<height>210</height>
						<aspectratio align="right">scale</aspectratio>
						<texture>$INFO[VideoPlayer.Cover]</texture>
						<visible>!String.IsEmpty(VideoPlayer.Episode)</visible>
					</control>
					-->


				</control>
				
			</control>
			
		</control>
		
		<!-- Progress bar and Labels -->
		<control type="group" id="1">
            <visible>[String.IsEmpty(Window(Home).Property(VideoIsStartup)) | [!String.IsEmpty(Window(Home).Property(VideoIsStartup)) + !String.IsEqual(Player.Filenameandpath,special://skin/extras/startup/startupvideo.mp4) + !String.IsEqual(Player.Filenameandpath,Skin.String(Startup_Video_Path))]] + [Player.DisplayAfterSeek | Player.Seeking | Player.Forwarding | Player.Rewinding | Player.ShowInfo | Window.IsActive(VideoOSD) | Window.IsActive(seekbar)] + !Window.IsVisible(PVROSDChannels) + !Window.IsVisible(PVROSDGuide) + !Window.IsVisible(PVROSDTeletext)</visible>
			
			<!-- Progress -->
			<control type="group" id="1">
				<animation effect="fade" time="200">VisibleChange</animation>
				<animation effect="slide" start="0,0" end="0,65" time="200" condition="!Window.IsActive(VideoOSD) | Window.IsActive(videobookmarks) | Window.IsVisible(osdvideosettings) | Window.IsVisible(osdaudiosettings)">Conditional</animation>
				<left>0</left>
				<top>960</top>
				<width>1920</width>
				<height>60</height>
				
				<animation type="WindowOpen" condition="!Window.IsActive(seekbar) + !Window.IsActive(fullscreeninfo)">
					<effect type="zoom" start="90" end="100" center="auto" tween="back" easing="out" time="200"/>
					<effect type="fade" start="0" end="100" time="200"/>
				</animation>
				<animation type="WindowClose" condition="!Window.IsActive(seekbar) + !Window.IsActive(fullscreeninfo)">
					<effect type="zoom" start="100" end="90" center="auto" easing="in" time="200"/>
					<effect type="fade" start="100" end="0" time="200"/>
				</animation>

				<!-- Background -->
				<control type="image" id="1">
					<top>0</top>
					<left>-15</left>
					<width>1950</width>
					<height>120</height>
					<texture colordiffuse="$VAR[OverlayColordiffuse]">common/Base.png</texture>
				</control>

				<!--  Current position/Time remaining -->
				<control type="label" id="1">
					<left>20</left>
					<width>320</width>
					<height>60</height>
					<font>Font27</font>
					<textcolor>DialogTextColor2</textcolor>
					<label>$INFO[System.Time,$LOCALIZE[142] , |    ]$INFO[Player.Time]</label>
				</control>

				<!--  Progress bar -->
				<control type="progress" id="1">
					<left>350</left>
					<top>27</top>
					<width>1220</width>
					<height>6</height>
					<info>Player.Progress</info>
					<texturebg border="2">osd/OSDProgressBack.png</texturebg>
					<lefttexture>-</lefttexture>
					<midtexture border="2">osd/OSDProgressBar.png</midtexture>
					<righttexture>-</righttexture>
					<overlaytexture>-</overlaytexture>
				</control>

				<!--  Cache bar -->
				<control type="progress" id="1">
					<left>350</left>
					<top>27</top>
					<width>1220</width>
					<height>6</height>
					<info>Player.ProgressCache</info>
					<texturebg colordiffuse="00ffffff" border="2">osd/OSDProgressBack.png</texturebg>
					<lefttexture>-</lefttexture>
					<midtexture colordiffuse="66ffffff" border="2">osd/OSDProgressBar.png</midtexture>
					<righttexture>-</righttexture>
					<overlaytexture>-</overlaytexture>
				</control>
				
				<!--  Cache Level (0-100%) -->
				<!--
				<control type="progress" id="1">
					<left>350</left>
					<top>27</top>
					<width>1220</width>
					<height>6</height>
					<info>Player.ProgressCache</info>  <!-- Player.CacheLevel ->
					<texturebg colordiffuse="007523e7" border="2">osd/OSDProgressBack.png</texturebg>
					<lefttexture>-</lefttexture>
					<midtexture colordiffuse="527523e7" border="2">osd/OSDProgressBar.png</midtexture>
					<righttexture>-</righttexture>
					<overlaytexture>-</overlaytexture>
				</control>
				-->
				
				<!--  Cache bar (PVR) -->
				<!--
				<control type="progress" id="1">
					<left>350</left>
					<top>27</top>
					<width>1220</width>
					<height>6</height>
					<info>PVR.TimeshiftProgress</info>
					<texturebg colordiffuse="007523e7" border="2">osd/OSDProgressBack.png</texturebg>
					<lefttexture>-</lefttexture>
					<midtexture colordiffuse="527523e7" border="2">osd/OSDProgressBar.png</midtexture>
					<righttexture>-</righttexture>
					<overlaytexture>-</overlaytexture>
				</control>
				-->

				<!-- Current Time/End Time -->
				<control type="label" id="1">
					<left>1600</left>
					<width>300</width>
					<height>60</height>
					<align>right</align>
					<font>Font27</font>
					<textcolor>DialogTextColor2</textcolor>
					<label>$INFO[Player.Duration]$INFO[Player.FinishTime,    | $LOCALIZE[19081]: ]</label>
				</control>

			</control>
			
		</control>
		
		<!-- Close Window Button (teletext) -->
		<!--
		<control type="button">
			<description>Close Window button</description>
			<right>80</right>
			<top>0</top>
			<width>120</width>
			<height>50</height>
			<label>[B]x[/B]</label>
			<font>Font42</font>
			<align>center</align>
			<aligny>bottom</aligny>
			<textoffsetx></textoffsetx>
			<textoffsety>-12</textoffsety>
			<onclick>Dialog.Close</onclick>
            <onclick>FullScreen</onclick>
            <texturefocus border="15" colordiffuse="CommonDialogButtonFO">Buttons/DialogCloseButton.png</texturefocus>
			<texturenofocus border="15" colordiffuse="CommonDialogButtonNF">Buttons/DialogCloseButton.png</texturenofocus>
			<visible>Window.IsVisible(PVROSDTeletext) + system.getbool(input.enablemouse) + Skin.HasSetting(ShowMouseButtons)</visible>
		</control>
		-->
		

	</controls>

</window>