<?xml version="1.0" encoding="UTF-8"?>
<includes>

	<!-- Poster wrap - left aligned (Music & Pictures) -->
	<include name="Viewtype59">

		<control type="group">
			<visible>Control.IsVisible(59)</visible>


			<!-- Wide list -->
			<control type="fixedlist" id="59">
				<left>65</left>
				<top>189</top>
				<width>1780</width>
				<height>750</height>
				<onup condition="!Skin.HasSetting(KioskMode)">3001</onup>
				<ondown>61</ondown>
				<onleft>59</onleft>
				<onright>59</onright>
				<pagecontrol>61</pagecontrol>
				<preloaditems>4</preloaditems>
				<focusposition>0</focusposition>
				<orientation>horizontal</orientation>
				<viewtype label="31270">list</viewtype>
				<scrolltime tween="sine" easing="out">240</scrolltime>
				<visible>String.IsEmpty(Window(Home).Property(SettingsList)) + [Container.Content(albums) | Container.Content(images)]</visible>

				<itemlayout condition="Container.Content(images)" width="353" height="720">
					<control type="image">
						<left>20</left>
						<top>135</top>
						<width>348</width>
						<height>348</height>
						<texture>$INFO[ListItem.Icon]</texture>
						<colordiffuse>OverlayColorNF</colordiffuse>
						<aspectratio align="center" aligny="center">keep</aspectratio>
						<visible>ListItem.IsParentFolder</visible>
					</control>
					<control type="group">
						<visible>!ListItem.IsParentFolder</visible>
						<control type="image">
							<left>20</left>
							<top>345</top>
							<width>315</width>
							<height>348</height>
							<texture border="1,1,1,36">views/DropShadowSmall.png</texture>
						</control>
						
						<!-- Thumbnail -->
						<control type="image">
							<left>20</left>
							<top>345</top>
							<width>315</width>
							<height>315</height>
							<texture background="true" colordiffuse="$VAR[UnfocusColordiffuse]">$INFO[ListItem.Icon]</texture>
							<aspectratio align="center">keep</aspectratio>
							<visible>!Container.Content(albums) | [Container.Content(images) + SubString(ListItem.Icon,Default)]</visible>
						</control>
						
						<!-- Thumbnail -->
						<control type="image">
							<left>20</left>
							<top>345</top>
							<width>315</width>
							<height>315</height>
							<texture background="true" colordiffuse="$VAR[UnfocusColordiffuse]">$INFO[ListItem.Thumb]</texture>
							<aspectratio align="center">stretch</aspectratio>
							<visible>Container.Content(albums)</visible>
						</control>
						<!-- Thumbnail -->
						<control type="image">
							<left>20</left>
							<top>345</top>
							<width>315</width>
							<height>315</height>
							<texture background="true" colordiffuse="$VAR[UnfocusColordiffuse]">$INFO[ListItem.Thumb]</texture>
							<aspectratio align="center">keep</aspectratio>
							<visible>Container.Content(images) + !Skin.HasSetting(ScaleImagesToScqare)</visible>
						</control>
						<!-- Thumbnail -->
						<control type="image">
							<left>20</left>
							<top>345</top>
							<width>315</width>
							<height>315</height>
							<texture background="true" colordiffuse="$VAR[UnfocusColordiffuse]">$INFO[ListItem.Thumb]</texture>
							<aspectratio align="center">scale</aspectratio>
							<visible>Container.Content(images) + Skin.HasSetting(ScaleImagesToScqare)</visible>
						</control>
						<!-- Thumbnail Mirror -->
						<!--
						<control type="image">
							<left>10</left>
							<top>651</top>
							<width>233</width>
							<height>330</height>
							<colordiffuse>$VAR[UnfocusColordiffuse]</colordiffuse>
							<texture diffuse="diffuse/PosterMirrorDiffuseView59.png" flipy="true">$INFO[ListItem.Icon]</texture>
							<bordertexture diffuse="diffuse/PosterMirrorDiffuseView59.png" colordiffuse="FF000000">common/Base.png</bordertexture>
							<bordersize>0</bordersize>
							<aspectratio>stretch</aspectratio>
						</control>
						-->
						<control type="image">
							<left>15</left>
							<top>340</top>
							<width>325</width>
							<height>325</height>
							<texture>views/OverlayPosterNF.png</texture>
							<bordersize>5</bordersize>
							<visible>Skin.HasSetting(Overlays)</visible>
						</control>
						<!-- Watched status -->
						<control type="image">
							<left>283</left>
							<top>640</top>
							<width>35</width>
							<height>49</height>
							<texture>$VAR[StatusOverlayWide]</texture>
							<visible>[!Window.IsActive(music) + !Skin.HasSetting(HideWatchedFlags)] | [Window.IsActive(music) + !Skin.HasSetting(HideListenedFlags)]</visible>
						</control>
					</control>
				</itemlayout>

				<focusedlayout condition="Container.Content(images)" width="733" height="720">
					<control type="image">
						<left>15</left>
						<top>0</top>
						<width>703</width>
						<height>703</height>
						<texture>$INFO[ListItem.Icon]</texture>
						<colordiffuse>OverlayColorFO</colordiffuse>
						<aspectratio align="center" aligny="center">keep</aspectratio>
						<animation effect="zoom" start="60" end="100" center="202,300" time="300" tween="back" easing="out" reversible="false">Focus</animation>
						<visible>ListItem.IsParentFolder</visible>
					</control>
					<control type="group">
						<visible>!ListItem.IsParentFolder</visible>
						<animation effect="zoom" start="60" end="100" center="202,300" time="300" tween="back" easing="out" reversible="false">Focus</animation>
						<control type="image">
							<left>15</left>
							<top>0</top>
							<width>703</width>
							<height>769</height>
							<texture border="1,1,1,69">views/DropShadow.png</texture>
						</control>
						<!-- Thumbnail -->
						<control type="image">
							<left>15</left>
							<top>0</top>
							<width>703</width>
							<height>703</height>
							<fadetime>200</fadetime>
							<texture>$INFO[ListItem.Icon]</texture>
							<aspectratio aligny="center">stretch</aspectratio>
							<visible>Container.Content(albums)</visible>
						</control>
						<!-- Thumbnail -->
						<control type="image">
							<left>15</left>
							<top>0</top>
							<width>703</width>
							<height>703</height>
							<fadetime>200</fadetime>
							<texture>$INFO[ListItem.Icon]</texture>
							<aspectratio aligny="center">keep</aspectratio>
							<visible>Container.Content(images) + !Skin.HasSetting(ScaleImagesToScqare)</visible>
						</control>
						<!-- Thumbnail -->
						<control type="image">
							<left>15</left>
							<top>0</top>
							<width>703</width>
							<height>703</height>
							<fadetime>200</fadetime>
							<texture>$INFO[ListItem.Icon]</texture>
							<aspectratio aligny="center">scale</aspectratio>
							<visible>Container.Content(images) + Skin.HasSetting(ScaleImagesToScqare)</visible>
						</control>
						<control type="image">
							<left>15</left>
							<top>0</top>
							<width>703</width>
							<height>703</height>
							<texture>views/OverlayPosterFO.png</texture>
							<visible>Skin.HasSetting(Overlays)</visible>
						</control>
						<!-- Watched status -->
						<control type="image">
							<left>663</left>
							<top>685</top>
							<width>35</width>
							<height>49</height>
							<texture>$VAR[StatusOverlayWide]</texture>
							<visible>[!Window.IsActive(music) + !Skin.HasSetting(HideWatchedFlags)] | [Window.IsActive(music) + !Skin.HasSetting(HideListenedFlags)]</visible>
						</control>
					</control>
				</focusedlayout>
				
				<itemlayout condition="Container.Content(albums)" width="350" height="720">
					<control type="image">
						<left>20</left>
						<top>135</top>
						<width>348</width>
						<height>348</height>
						<texture>$INFO[ListItem.Icon]</texture>
						<colordiffuse>OverlayColorNF</colordiffuse>
						<aspectratio align="center" aligny="center">keep</aspectratio>
						<visible>ListItem.IsParentFolder</visible>  <!-- !SubString(Listitem.Label,..,left) -->
					</control>
					<control type="group">
						<visible>!ListItem.IsParentFolder</visible>
						<control type="image">
							<left>20</left>
							<top>345</top>
							<width>315</width>
							<height>348</height>
							<texture border="1,1,1,36">views/DropShadowSmall.png</texture>
						</control>
						
						<!-- Thumbnail -->
						<control type="image">
							<left>20</left>
							<top>345</top>
							<width>315</width>
							<height>315</height>
							<texture background="true" colordiffuse="$VAR[UnfocusColordiffuse]">$INFO[ListItem.Icon]</texture>  <!-- $INFO[ListItem.Thumb] doesnt show default icons -->
							<aspectratio align="center">stretch</aspectratio>
							<visible></visible>
						</control>
						
						<!-- Thumbnail Mirror -->
						<!--
						<control type="image">
							<left>10</left>
							<top>651</top>
							<width>233</width>
							<height>330</height>
							<colordiffuse>$VAR[UnfocusColordiffuse]</colordiffuse>
							<texture diffuse="diffuse/PosterMirrorDiffuseView59.png" flipy="true">$INFO[ListItem.Icon]</texture>
							<bordertexture diffuse="diffuse/PosterMirrorDiffuseView59.png" colordiffuse="FF000000">common/Base.png</bordertexture>
							<bordersize>0</bordersize>
							<aspectratio>stretch</aspectratio>
						</control>
						-->
						<control type="image">
							<left>15</left>
							<top>340</top>
							<width>325</width>
							<height>325</height>
							<texture>views/OverlayPosterNF.png</texture>
							<bordersize>5</bordersize>
							<visible>Skin.HasSetting(Overlays)</visible>
						</control>
						<!-- Watched status -->
						<control type="image">
							<left>283</left>
							<top>640</top>
							<width>35</width>
							<height>49</height>
							<texture>$VAR[StatusOverlayWide]</texture>
							<visible>[!Window.IsActive(music) + !Skin.HasSetting(HideWatchedFlags)] | [Window.IsActive(music) + !Skin.HasSetting(HideListenedFlags)]</visible>
						</control>
					</control>
				</itemlayout>

				<focusedlayout condition="Container.Content(albums)" width="524" height="720">
					<control type="image">
						<left>15</left>
						<top>0</top>
						<width>495</width>
						<height>703</height>
						<texture>$INFO[ListItem.Icon]</texture>
						<colordiffuse>OverlayColorFO</colordiffuse>
						<aspectratio align="center" aligny="center">keep</aspectratio>
						<animation effect="zoom" start="60" end="100" center="202,300" time="300" tween="back" easing="out" reversible="false">Focus</animation>
						<visible>ListItem.IsParentFolder</visible>
					</control>
					<control type="group">
						<visible>!ListItem.IsParentFolder</visible>
						<animation effect="zoom" start="60" end="100" center="202,300" time="300" tween="back" easing="out" reversible="false">Focus</animation>
						<control type="image">
							<left>15</left>
							<top>0</top>
							<width>495</width>
							<height>561</height>
							<texture border="1,1,1,69">views/DropShadow.png</texture>
						</control>
						<control type="image">
							<left>15</left>
							<top>0</top>
							<width>495</width>
							<height>495</height>
							<fadetime>200</fadetime>
							<texture>$INFO[ListItem.Icon]</texture>
							<aspectratio aligny="center">stretch</aspectratio>
						</control>
						<control type="image">
							<left>15</left>
							<top>0</top>
							<width>495</width>
							<height>703</height>
							<texture>views/OverlayPosterFO.png</texture>
							<visible>Skin.HasSetting(Overlays)</visible>
						</control>
						
						<control type="image">
							<left>15</left>
							<top>505</top>
							<width>495</width>
							<height>266</height>
							<texture border="1,1,1,69">views/DropShadow.png</texture>
						</control>
						
						<!--control type="image">
							<left>15</left>
							<top>505</top>
							<width>495</width>
							<height>198</height>
							<fadetime>200</fadetime>
							<texture colordiffuse="72FFFFFF">$INFO[ListItem.Art(fanart)]</texture>
							<aspectratio aligny="center">scale</aspectratio>
						</control-->
						
						<control type="image">
							<left>50</left>
							<top>530</top>
							<width>425</width>
							<height>152</height>
							<fadetime>200</fadetime>
							<texture  background="true" colordiffuse="C2FFFFFF" fallback="fallbacks/ClearartFallback.png">http://localhost:52307/getmusicart&amp;artist=$INFO[Listitem.Artist]&amp;type=clearlogo</texture>  <!--  fallback="fallbacks/ClearartFallback.png" -->
							<aspectratio align="center" aligny="center">keep</aspectratio>
							<visible>!SubString(ListItem.Icon,Default)</visible>
						</control>
						
						<!-- Watched status -->
						<control type="image">
							<left>455</left>
							<top>475</top>
							<width>35</width>
							<height>49</height>
							<texture>$VAR[StatusOverlayWide]</texture>
							<visible>[!Window.IsActive(music) + !Skin.HasSetting(HideWatchedFlags)] | [Window.IsActive(music) + !Skin.HasSetting(HideListenedFlags)]</visible>
						</control>
					</control>
				</focusedlayout>

			</control>

			<!-- info -->
			<control type="group">
				<left>817</left>
				<top>184</top>
				<width>1150</width>
				<height>100</height>
				<animation effect="slide" start="0,0" end="-208,0" time="0" condition="!Window.IsActive(pictures)">Conditional</animation>

				<!-- Title (1st row Label, Music & Images)-->
				<control type="label">
					<left>0</left>
					<top>0</top>
					<width>1035</width>
					<height>55</height>
					<font>Font60</font>
					<textcolor>TextColor1</textcolor>
					<shadowcolor>ShadowColor</shadowcolor>
					<label>$INFO[ListItem.Label]</label>
					<align>top</align>
				</control>
				
				<!-- Clearlogo Test -->
				<!--control type="image">
					<left>15</left>
					<top>105</top>
					<width>495</width>
					<height>198</height>
					<fadetime>200</fadetime>
					<texture colordiffuse="C2FFFFFF" fallback="$INFO[ListItem.Art(clearlogo)]">$INFO[Window(home).Property(SkinHelper.Music.ClearLogo)]</texture>
					<aspectratio aligny="center">scale</aspectratio>
				</control-->

				<!-- Details -->
				<!--
				<control type="label">
					<left>0</left>
					<top>60</top>
					<width>1150</width>
					<height>27</height>
					<font>Font27</font>
					<label>$VAR[Label2]</label>
					<textcolor>TextColor2</textcolor>
					<shadowcolor>ShadowColor</shadowcolor>
				</control>
				-->
				
				<!-- 2nd row Label (Albums)-->
				<control type="label">
					<left>0</left>
					<top>65</top>
					<width>1035</width>
					<height>45</height>
					<font>Font33</font>
					<textcolor>TextColor2</textcolor>
					<label>$INFO[ListItem.Artist]</label>
					<visible>Container.Content(Albums)</visible>
				</control>
				
				<!-- 2nd row Label (Pictures)-->
				<control type="label">
					<left>0</left>
					<top>65</top>
					<width>1035</width>
					<height>45</height>
					<font>Font33</font>
					<textcolor>TextColor2</textcolor>
					<label>$INFO[ListItem.PictureDate]</label>
					<visible>Container.Content(images)</visible>
				</control>
				
				<!-- 3nd row Label (Albums) -->
				<control type="label">
					<left>0</left>
					<top>116</top>
					<width>1035</width>
					<height>45</height>
					<font>Font30</font>
					<textcolor>TextColor3</textcolor>
					<label>$INFO[ListItem.Year]$INFO[ListItem.Genre, • ]$INFO[ListItem.Property(Album_Label), • ]</label>
					<visible>Container.Content(Albums)</visible>
				</control>
				
				<!-- 3nd row Label (Albums) -->
				<control type="label">
					<left>0</left>
					<top>116</top>
					<width>1035</width>
					<height>45</height>
					<font>Font30</font>
					<textcolor>TextColor3</textcolor>
					<label>$INFO[ListItem.PictureCamMake,, • ]$INFO[ListItem.PictureCamModel,, • ]$INFO[ListItem.PictureCity,, • ]</label>
					<visible>Container.Content(images)</visible>
				</control>
				
				<!-- 3rd row Label (Movies) -->
				<control type="grouplist">
					<top>125</top>
					<height>27</height>
					<width>1035</width>
					<itemgap>15</itemgap>
					<orientation>horizontal</orientation>
					<visible>Container.Content(movies)</visible>
					
					<include condition="!Skin.HasSetting(RatingCountryUK) + !Skin.HasSetting(RatingCountryGer) + !Skin.HasSetting(RatingCountryNone)">Rating_MPAA</include>
					<include condition="Skin.HasSetting(RatingCountryUK)">Rating_BBFC</include>
					<include condition="Skin.HasSetting(RatingCountryGer)">Rating_FSK</include>
					
					<control type="label">
						<width>auto</width>
						<height>27</height>
						<font>Font30</font>
						<label>$INFO[ListItem.Rating,IMDB: ]</label>
						<textcolor>TextColor3</textcolor>
						<visible>!String.IsEmpty(ListItem.Rating)</visible>
					</control>
					
					<control type="label">
						<width>auto</width>
						<height>27</height>
						<font>Font30</font>
						<label>$INFO[ListItem.Duration,• , Min.]</label>
						<textcolor>TextColor3</textcolor>
						<visible>!String.IsEmpty(ListItem.Duration)</visible>
					</control>
					
					<control type="label">
						<width>auto</width>
						<height>27</height>
						<font>Font30</font>
						<label>• $VAR[AudioChannels]</label>
						<textcolor>TextColor3</textcolor>
						<visible>!String.IsEmpty(ListItem.AudioChannels)</visible>
					</control>
					
					<control type="label">
						<width>auto</width>
						<height>27</height>
						<font>Font30</font>
						<label>• $INFO[ListItem.VideoResolution]</label>
						<textcolor>TextColor3</textcolor>
						<visible>!String.IsEmpty(ListItem.VideoResolution)</visible>
					</control>
					
				</control>
				
				<!-- Plot -->
				<control type="textbox">
					<left>0</left>
					<top>170</top>   <!-- old:157 -->
					<width>870</width>
					<height>145</height>   <!-- old:145 -->
					<label>$VAR[Plot]</label>
					<font>Font30</font>
					<textcolor>TextColor1</textcolor>
					<shadowcolor>TextColor4</shadowcolor>
					<align>left</align>
					<autoscroll delay="9500" time="2750" repeat="12000">!Skin.HasSetting(dontautoscroll)</autoscroll>  <!-- true -->
					<visible></visible>
				</control>

			</control>

		</control>

	</include>

</includes>
