<?xml version="1.0" encoding="UTF-8"?>
<includes>

	<!-- FanartInfo wrap (Video) -->
	<include name="Viewtype75">

		<control type="group">
			<visible>Control.IsVisible(75)</visible>


			<!-- Wide list -->
			<control type="fixedlist" id="75">
				<left>65</left>  <!-- -290 -->
				<top>189</top>
				<width>1775</width>
				<height>710</height>
				<onup condition="!Skin.HasSetting(KioskMode)">3001</onup>
				<ondown>61</ondown>
				<onleft>75</onleft>
				<onright>75</onright>
				<pagecontrol>61</pagecontrol>
				<preloaditems>4</preloaditems>
				<focusposition>1</focusposition>
				<orientation>horizontal</orientation>
				<viewtype label="31273">list</viewtype>
				<scrolltime tween="sine" easing="out">240</scrolltime>
				<visible>Container.Content(movies) | Container.Content(musicvideos) | Container.Content(tvshows) | Container.Content(seasons) | Container.Content(episodes)</visible>  <!-- Container.Content(sets) -->

				<itemlayout width="528" height="710">
					<control type="image">
						<left>17</left>
						<top>0</top>
						<width>495</width>
						<height>703</height>
						<texture>$INFO[ListItem.Icon]</texture>
						<colordiffuse>OverlayColorNF</colordiffuse>
						<aspectratio align="center" aligny="center">keep</aspectratio>
						<visible>SubString(ListItem.Icon,Default)</visible>
					</control>
					<control type="group">
						<visible>!SubString(ListItem.Icon,Default)</visible>
						<left>17</left>
						
						<!-- Fanart / Episode image -->
						<control type="group">
							<control type="image">
								<left>0</left>
								<top>0</top>
								<width>495</width>
								<height>364</height>
								<texture border="1,1,1,69">views/DropShadow.png</texture>
							</control>
							<!-- Fanart (Default) -->
							<control type="image">
								<left>0</left>
								<top>0</top>
								<width>495</width>
								<height>298</height>
								<fadetime>200</fadetime>
								<texture background="true" colordiffuse="$VAR[UnfocusColordiffuse]">$INFO[ListItem.Art(fanart)]</texture>
								<aspectratio aligny="center">scale</aspectratio>
								<visible>!Container.Content(episodes) + ![[Container.Content(movies) + Skin.HasSetting(ShowLandscapeArtInViewsMovies)] | [!Container.Content(movies) + Skin.HasSetting(ShowLandscapeArtInViewsTVShows)]]</visible>
							</control>
							<!-- Landscape / Thumb 16:9 (if enabled) -->
							<control type="image">
								<left>0</left>
								<top>0</top>
								<width>495</width>
								<height>298</height>
								<fadetime>200</fadetime>
								<texture background="true" colordiffuse="$VAR[UnfocusColordiffuse]" fallback="$INFO[ListItem.Art(fanart)]">$VAR[ViewInfoFanart]</texture>
								<!--texture background="true" colordiffuse="$VAR[UnfocusColordiffuse]">$INFO[ListItem.Art(fanart)]</texture>  <!-- $VAR[ViewInfoFanart] -->
								<aspectratio aligny="center">scale</aspectratio>
								<visible>!Container.Content(episodes) + [[Container.Content(movies) + Skin.HasSetting(ShowLandscapeArtInViewsMovies)] | [!Container.Content(movies) + Skin.HasSetting(ShowLandscapeArtInViewsTVShows)]]</visible>
							</control>
							<control type="image">
								<left>0</left>
								<top>0</top>
								<width>495</width>
								<height>298</height>
								<fadetime>200</fadetime>
								<texture background="true" colordiffuse="$VAR[UnfocusColordiffuse]">$INFO[ListItem.Icon]</texture>
								<aspectratio aligny="center">scale</aspectratio>
								<visible>Container.Content(episodes)</visible>
							</control>
							<control type="image">
								<left>0</left>
								<top>0</top>
								<width>495</width>
								<height>298</height>
								<fadetime>200</fadetime>
								<texture background="true" colordiffuse="$VAR[UnfocusColordiffuse]" fallback="$INFO[ListItem.Art(landscape)]">$INFO[ListItem.Path]$INFO[ListItem.Season,season0,-landscape.jpg]</texture> <!--  fallback="fallback/." -->
								<aspectratio aligny="center">scale</aspectratio>
								<visible>Container.Content(Seasons) + !Skin.HasSetting(HideSeasonThumb)</visible>
							</control>
							<!-- 3D Flag -->
							<control type="image">
								<left>0</left>
								<top>0</top>
								<width>95</width>
								<height>95</height>
								<texture>flagging/IsStereoscopicFlag.png</texture>
								<!--bordersize>5</bordersize-->
								<visible>Container.Content(Movies) + !String.IsEqual(ListItem.StereoscopicMode,mono)</visible>
							</control>
							<control type="image">
								<left>0</left>
								<top>0</top>
								<width>495</width>
								<height>298</height>
								<texture>views/OverlayEffect-default-square.png</texture>
								<visible>Skin.HasSetting(Overlays)</visible>
							</control>
						</control>

						<!-- Info -->
						<control type="group">
							<top>3</top>
							<!-- Season & Episode Info -->
							<control type="group">
								<visible>[Container.Content(tvshows) | Container.Content(seasons) | Container.Content(episodes)]</visible>
								<control type="label">
									<left>0</left>
									<top>311</top>
									<width>495</width>
									<height>45</height>
									<font>Font42</font>
									<label>$INFO[ListItem.TVShowTitle]</label>
									<textcolor>TextColor2</textcolor>
								</control>
								<control type="label">
									<left>0</left>
									<top>364</top>
									<width>495</width>
									<height>45</height>
									<font>Font33</font>
									<textcolor>TextColor3</textcolor>
									<label>$INFO[ListItem.Title]$INFO[ListItem.Year, • (,)]</label>
									<visible>!Container.Content(tvshows) + !Container.Content(episodes)</visible>
								</control>
								<control type="label">
									<left>0</left>
									<top>364</top>
									<width>495</width>
									<height>45</height>
									<font>Font33</font>
									<textcolor>TextColor3</textcolor>
									<label>$INFO[ListItem.Title]$INFO[ListItem.Season, • (S,]$INFO[ListItem.Episode,E,)]</label>
									<visible>Container.Content(episodes)</visible>
								</control>
								<control type="label">
									<left>0</left>
									<top>364</top>
									<width>495</width>
									<height>45</height>
									<font>Font33</font>
									<textcolor>TextColor3</textcolor>
									<label>$INFO[ListItem.Property(TotalSeasons),$LOCALIZE[36905]: ]</label>
									<visible>Container.Content(tvshows)</visible>
								</control>
								<control type="label">
									<left>0</left>
									<top>419</top>
									<width>495</width>
									<height>45</height>
									<font>Font30</font>
									<textcolor>TextColor3</textcolor>
									<label>$INFO[ListItem.Episode,$LOCALIZE[20453]: ]$INFO[ListItem.Property(UnWatchedEpisodes), / $LOCALIZE[16101]: ]</label>
									<visible>!Container.Content(episodes)</visible>
								</control>
								<!--
								<control type="grouplist">
									<top>428</top>
									<height>27</height>
									<itemgap>15</itemgap>
									<orientation>horizontal</orientation>
									<visible>Container.Content(episodes)</visible>
									
									<include condition="!Skin.HasSetting(RatingCountryUK) + !Skin.HasSetting(RatingCountryGer) + !Skin.HasSetting(RatingCountryNone)">Rating_MPAA</include>
									<include condition="Skin.HasSetting(RatingCountryUK)">Rating_BBFC</include>
									<include condition="Skin.HasSetting(RatingCountryGer)">Rating_FSK</include>
									
									<control type="fadelabel">
										<width>420</width>
										<height>27</height>
										<font>Font30</font>
										<label>$INFO[ListItem.Rating,IMDB: ]$INFO[ListItem.Duration, • , Min.]$VAR[AudioChannels, • ]</label>
										<textcolor>TextColor3</textcolor>
										<visible>!String.IsEmpty(ListItem.Rating)</visible>
									</control>		
								</control>
								-->
								
								<control type="label">
									<top>428</top>
									<height>27</height>
									<width>auto</width>
									<font>Font30</font>
									<label>$INFO[ListItem.Rating,IMDB: ]$INFO[ListItem.Duration, • , Min.]$VAR[AudioChannels, • ]$INFO[ListItem.VideoResolution, • ]</label>
									<textcolor>TextColor3</textcolor>
									<visible>Container.Content(episodes)</visible>
								</control>
								

							</control>
							
							<!-- Movies Info -->
							<control type="group">
								<visible>[Container.Content(movies)]</visible>
								<control type="label">
									<left>0</left>
									<top>311</top>  <!-- 307 -->
									<width>495</width>
									<height>45</height>
									<font>Font42</font>
									<label>$INFO[ListItem.Title]</label>
									<textcolor>TextColor2</textcolor>
								</control>
								<control type="label">
									<left>0</left>
									<top>364</top>   <!-- 356 -->
									<width>495</width>
									<height>45</height>
									<font>Font33</font>
									<textcolor>TextColor3</textcolor>
									<label>$INFO[ListItem.Year]$INFO[ListItem.Studio, • ]</label>
								</control>
								
								<!--
								<control type="grouplist">
									<top>428</top>
									<height>27</height>
									<itemgap>15</itemgap>
									<orientation>horizontal</orientation>
									
									<include condition="!Skin.HasSetting(RatingCountryUK) + !Skin.HasSetting(RatingCountryGer) + !Skin.HasSetting(RatingCountryNone)">Rating_MPAA</include>
									<include condition="Skin.HasSetting(RatingCountryUK)">Rating_BBFC</include>
									<include condition="Skin.HasSetting(RatingCountryGer)">Rating_FSK</include>
									
									<control type="fadelabel">
										<width>420</width>
										<height>27</height>
										<font>Font30</font>
										<label>$INFO[ListItem.Rating,IMDB: ]$INFO[ListItem.Duration, • , Min.]$VAR[AudioChannels, • ]</label>
										<textcolor>TextColor3</textcolor>
										<visible>!String.IsEmpty(ListItem.Rating)</visible>
									</control>		
								</control>
								-->
								
								<control type="label">
									<top>428</top>  <!-- 412 -->
									<height>27</height>
									<width>auto</width>
									<font>Font30</font>
									<label>$INFO[ListItem.Rating,IMDB: ]$INFO[ListItem.Duration, • , Min.]$VAR[AudioChannels, • ]$INFO[ListItem.VideoResolution, • ]</label>
									<textcolor>TextColor3</textcolor>
									<visible>!String.IsEmpty(ListItem.Rating)</visible>
								</control>
									
							</control>
							
							<!-- Musicvideo, Albums & Songs Info -->
							<control type="group">
								<visible>[Container.Content(musicvideos) | Container.Content(albums) | Container.Content(songs)]</visible>
								<control type="label">
									<left>0</left>
									<top>311</top>
									<width>495</width>
									<height>45</height>
									<font>Font42</font>
									<label>$INFO[ListItem.Title]</label>
									<textcolor>TextColor2</textcolor>
								</control>
								<control type="label">
									<left>0</left>
									<top>364</top>
									<width>495</width>
									<height>45</height>
									<font>Font33</font>
									<textcolor>TextColor3</textcolor>
									<label>$INFO[ListItem.Artist]</label>
								</control>
								<control type="label">
									<left>0</left>
									<top>419</top>
									<width>495</width>
									<height>45</height>
									<font>Font30</font>
									<textcolor>TextColor3</textcolor>
									<label>$INFO[ListItem.Year]$INFO[ListItem.Studio, • ]$INFO[ListItem.Property(Album_Label), • ]</label>
									<visible>!Container.Content(Songs) + !Container.Content(musicvideos)</visible>
								</control>
								<control type="label">
									<left>0</left>
									<top>419</top>
									<width>495</width>
									<height>45</height>
									<font>Font30</font>
									<textcolor>TextColor3</textcolor>
									<label>$INFO[ListItem.Year]$INFO[ListItem.Property(Album_Label), • ]$INFO[ListItem.FileExtension, • ]$INFO[ListItem.AudioChannels, • ]</label>
									<visible>Container.Content(Songs)</visible>
								</control>
								<control type="label">
									<left>0</left>
									<top>419</top>
									<width>495</width>
									<height>45</height>
									<font>Font30</font>
									<textcolor>TextColor3</textcolor>
									<label>$INFO[ListItem.Studio]$INFO[ListItem.Year, • ]$INFO[ListItem.Property(Album_Label), • ]$INFO[ListItem.FileExtension, • ]$VAR[AudioChannels, • ]$INFO[ListItem.VideoResolution, • ]</label>
									<visible>Container.Content(musicvideos)</visible>
								</control>
								
								<!-- Rating -->
								<control type="group">
									<left>0</left>
									<top>530</top>
									<height>36</height>
									<width>495</width>
									<visible>Container.Content(Songs)</visible>
									<control type="label">
										<width>200</width>
										<height>36</height>
										<align>left</align>
										<font>Font30</font>
										<label>563</label>
										<textcolor>DialogColor3</textcolor>
									</control>
									<control type="image">
										<left>220</left>
										<width>238</width>
										<height>36</height>
										<aspectratio align="left">keep</aspectratio>
										<texture fallback="rating-audio/rating0.png">$INFO[ListItem.UserRating,rating-audio/rating,.png]</texture>
									</control>
								</control>
							</control>
							
							<!-- Set Info -->
							<control type="group">
								<visible>[Container.Content(Sets)]</visible>
								<control type="label">
									<left>0</left>
									<top>311</top>
									<width>495</width>
									<height>45</height>
									<font>Font42</font>
									<label>$INFO[ListItem.Label]</label>
									<textcolor>TextColor2</textcolor>
								</control>
								<control type="label">
									<left>0</left>
									<top>364</top>
									<width>495</width>
									<height>45</height>
									<font>Font33</font>
									<textcolor>TextColor3</textcolor>
									<label>$INFO[Window(Home).Property(SkinHelper.ListItem.Genre)]</label>  <!-- $INFO[Window(Home).Property(SkinHelper.ListItem.Genre)] / $INFO[Window(home).Property(Set.Movies.Genre)] -->
								</control>
								<control type="label">
									<left>0</left>
									<top>419</top>
									<width>495</width>
									<height>45</height>
									<font>Font30</font>
									<textcolor>TextColor3</textcolor>
									<label>$INFO[Window(Home).Property(SkinHelper.ListItem.Years)]</label>  <!-- $INFO[Window(Home).Property(SkinHelper.ListItem.Years)] / $INFO[Window(home).Property(Set.Movies.Years)]-->
								</control>

							</control>
							
							<!-- Addon Info -->
							<control type="group">
								<visible>[Window.IsVisible(addonbrowser) | Container.Content(addons)]</visible>
								<control type="label">
									<left>0</left>
									<top>311</top>
									<width>520</width>
									<height>45</height>
									<font>Font42</font>
									<label>$INFO[ListItem.Label]</label>
									<textcolor>TextColor2</textcolor>
								</control>
								<control type="label">
									<left>0</left>
									<top>364</top>
									<width>495</width>
									<height>45</height>
									<font>Font33</font>
									<textcolor>TextColor3</textcolor>
									<label>$INFO[ListItem.AddonType]$INFO[ListItem.Property(Addon.Status), • (,)]</label>
								</control>
								<control type="label">
									<left>0</left>
									<top>419</top>
									<width>495</width>
									<height>45</height>
									<font>Font30</font>
									<textcolor>TextColor3</textcolor>
									<label>$INFO[ListItem.AddonVersion]$INFO[ListItem.AddonCreator, • by: ]$INFO[ListItem.AddonBroken, • (,!)]</label>
								</control>
								
								<!-- Rating -->
								<control type="group">
									<left>0</left>
									<top>520</top>
									<height>36</height>
									<width>495</width>
									<visible>Container.Content(Songs)</visible>
									<control type="label">
										<width>200</width>
										<height>36</height>
										<align>left</align>
										<font>Font30</font>
										<label>563</label>
										<textcolor>DialogColor3</textcolor>
									</control>
									<control type="image">
										<left>220</left>
										<width>238</width>
										<height>36</height>
										<aspectratio align="left">keep</aspectratio>
										<texture fallback="rating-audio/rating0.png">$INFO[ListItem.UserRating,rating-audio/rating,.png]</texture>
									</control>
								</control>
							</control>
							
							<!-- Plot -->
							<control type="textbox">
								<left>0</left>
								<top>482</top>
								<width>495</width>
								<height>216</height>
								<label>$VAR[Plot]</label>
								<font>Font30</font>
								<textcolor>TextColor2</textcolor>
								<shadowcolor>TextColor4</shadowcolor>
								<align>left</align>
								<autoscroll delay="7500" time="2100" repeat="12000">false</autoscroll>
								<scroll>false</scroll>
								<visible>!Container.Content(artists)</visible>
							</control>
							
							<!-- Plot (7 Textlines -->
							<!--
							<control type="textbox">
								<left>0</left>
								<top>455</top>
								<width>485</width>
								<height>252</height>
								<label>$VAR[Plot]</label>
								<font>Font30</font>
								<textcolor>TextColor1</textcolor>
								<shadowcolor>TextColor4</shadowcolor>
								<align>left</align>
								<autoscroll delay="7500" time="2100" repeat="12000">!Skin.HasSetting(dontautoscroll)</autoscroll>
								<visible>!Container.Content(artists)</visible>
							</control>
							-->
							
							<!-- Artist Plot -->
							<control type="textbox">
								<left>0</left>
								<top>334</top>
								<width>495</width>
								<height>367</height>
								<label>$VAR[Plot]</label>
								<font>Font30</font>
								<textcolor>TextColor2</textcolor>
								<shadowcolor>TextColor4</shadowcolor>
								<align>left</align>
								<autoscroll delay="7500" time="2100" repeat="12000">false</autoscroll>
								<scroll>false</scroll>
								<visible>Container.Content(artists)</visible>
							</control>
						</control>
				
						<!-- Watched status -->
						<control type="image">
							<right>30</right>
							<top>278</top>
							<width>35</width>
							<height>49</height>
							<texture colordiffuse="$VAR[UnfocusColordiffuse]">$VAR[StatusOverlayWide]</texture>
							<visible>!Skin.HasSetting(HideWatchedFlags)</visible>
						</control>
					</control>
				</itemlayout>

				<focusedlayout width="528" height="710">
					<control type="image">
						<left>17</left>
						<top>0</top>
						<width>495</width>
						<height>703</height>
						<texture>$INFO[ListItem.Icon]</texture>
						<colordiffuse>OverlayColorFO</colordiffuse>
						<aspectratio align="center" aligny="center">keep</aspectratio>
						<animation effect="zoom" start="60" end="100" center="202,300" time="300" tween="back" easing="out" reversible="false">Focus</animation>
						<visible>SubString(ListItem.Icon,Default)</visible>
					</control>
					
					<!--control type="image">
						<left>0</left>
						<top>0</top>
						<width>20</width>
						<height>690</height>
						<texture border="2">common/Base.png</texture>
					</control-->
					
					<control type="group">
						<left>17</left>
						<visible>!SubString(ListItem.Icon,Default)</visible>
						
						<!-- Fanart / Episode image -->
						<control type="group">
							<control type="image">
								<left>0</left>
								<top>0</top>
								<width>495</width>
								<height>364</height>
								<texture border="1,1,1,69">views/DropShadow.png</texture>
							</control>
							<!-- Fanart (Default) -->
							<control type="image">
								<left>0</left>
								<top>0</top>
								<width>495</width>
								<height>298</height>
								<fadetime>200</fadetime>
								<texture background="true">$INFO[ListItem.Art(fanart)]</texture>  <!-- $VAR[ViewInfoFanart] -->
								<aspectratio aligny="center">scale</aspectratio>
								<visible>!Container.Content(episodes) + ![[Container.Content(movies) + Skin.HasSetting(ShowLandscapeArtInViewsMovies)] | [!Container.Content(movies) + Skin.HasSetting(ShowLandscapeArtInViewsTVShows)]]</visible>
							</control>
							<!-- Landscape / Thumb 16:9 (if enabled) -->
							<control type="image">
								<left>0</left>
								<top>0</top>
								<width>495</width>
								<height>298</height>
								<fadetime>200</fadetime>
								<texture background="true" fallback="$INFO[ListItem.Art(fanart)]">$VAR[ViewInfoFanart]</texture>
								<!--texture background="true">$INFO[ListItem.Art(fanart)]</texture>  <!-- $VAR[ViewInfoFanart] -->
								<aspectratio aligny="center">scale</aspectratio>
								<visible>!Container.Content(episodes) + [[Container.Content(movies) + Skin.HasSetting(ShowLandscapeArtInViewsMovies)] | [!Container.Content(movies) + Skin.HasSetting(ShowLandscapeArtInViewsTVShows)]]</visible>
							</control>
							<control type="image">
								<left>0</left>
								<top>0</top>
								<width>495</width>
								<height>298</height>
								<fadetime>200</fadetime>
								<texture>$INFO[ListItem.Icon]</texture>
								<aspectratio aligny="center">scale</aspectratio>
								<visible>Container.Content(episodes)</visible>
							</control>
							<control type="image">
								<left>0</left>
								<top>0</top>
								<width>495</width>
								<height>298</height>
								<fadetime>200</fadetime>
								<texture background="true" fallback="$INFO[ListItem.Art(landscape)]">$INFO[ListItem.Path]$INFO[ListItem.Season,season0,-landscape.jpg]</texture> <!--  fallback="fallback/." -->
								<aspectratio aligny="center">scale</aspectratio>
								<visible>Container.Content(Seasons) + !Skin.HasSetting(HideSeasonThumb)</visible>
							</control>
							<!-- 3D Flag -->
							<control type="image">
								<left>0</left>
								<top>0</top>
								<width>95</width>
								<height>95</height>
								<texture>flagging/IsStereoscopicFlag.png</texture>
								<!--bordersize>5</bordersize-->
								<visible>Container.Content(Movies) + !String.IsEqual(ListItem.StereoscopicMode,mono)</visible>
							</control>
							<control type="image">
								<left>0</left>
								<top>0</top>
								<width>495</width>
								<height>298</height>
								<texture>views/OverlayEffect-default-square.png</texture>
								<visible>Skin.HasSetting(Overlays)</visible>
							</control>
						</control>

						<!-- Info -->
						<control type="group">
							<top>3</top>
							
							<!-- Season & Episode Info -->
							<control type="group">
								<visible>[Container.Content(tvshows) | Container.Content(seasons) | Container.Content(episodes)]</visible>
								<control type="fadelabel">
									<left>0</left>
									<top>311</top>
									<width>495</width>
									<height>45</height>
									<font>Font42</font>
									<label>$INFO[ListItem.TVShowTitle]</label>
									<textcolor>TextColor1</textcolor>
								</control>
								<control type="fadelabel">
									<left>0</left>
									<top>364</top>
									<width>495</width>
									<height>45</height>
									<font>Font33</font>
									<textcolor>TextColor2</textcolor>
									<label>$INFO[ListItem.Title]$INFO[ListItem.Year, • (,)]</label> <!-- $INFO[ListItem.Premiered, • (,)] -->
									<visible>!Container.Content(tvshows) + !Container.Content(episodes)</visible>
								</control>
								<control type="fadelabel">
									<left>0</left>
									<top>364</top>
									<width>495</width>
									<height>45</height>
									<font>Font33</font>
									<textcolor>TextColor2</textcolor>
									<label>$INFO[ListItem.Title]$INFO[ListItem.Season, • (S,]$INFO[ListItem.Episode,E,)]</label>
									<visible>Container.Content(episodes)</visible>
								</control>
								<control type="fadelabel">
									<left>0</left>
									<top>364</top>
									<width>495</width>
									<height>45</height>
									<font>Font33</font>
									<textcolor>TextColor2</textcolor>
									<label>$INFO[ListItem.Property(TotalSeasons),$LOCALIZE[36905]: ]</label>
									<visible>Container.Content(tvshows)</visible>
								</control>
								<control type="fadelabel">
									<left>0</left>
									<top>419</top>
									<width>495</width>
									<height>45</height>
									<font>Font30</font>
									<textcolor>TextColor3</textcolor>
									<label>$INFO[ListItem.Episode,$LOCALIZE[20453]: ]$INFO[ListItem.Property(UnWatchedEpisodes), / $LOCALIZE[16101]: ]</label>
									<visible>!Container.Content(episodes)</visible>
								</control>
								<control type="grouplist">
									<top>428</top>
									<height>27</height>
									<itemgap>15</itemgap>
									<orientation>horizontal</orientation>
									<visible>Container.Content(episodes)</visible>
									
									<include condition="!Skin.HasSetting(RatingCountryUK) + !Skin.HasSetting(RatingCountryGer) + !Skin.HasSetting(RatingCountryNone)">Rating_MPAA</include>
									<include condition="Skin.HasSetting(RatingCountryUK)">Rating_BBFC</include>
									<include condition="Skin.HasSetting(RatingCountryGer)">Rating_FSK</include>
									
									<control type="fadelabel">
										<width>420</width>
										<height>27</height>
										<font>Font30</font>
										<label>$INFO[ListItem.Rating,IMDB: ]$INFO[ListItem.Duration, • , Min.]$VAR[AudioChannels, • ]$INFO[ListItem.VideoResolution, • ]</label>
										<textcolor>TextColor3</textcolor>
										<visible>!String.IsEmpty(ListItem.Rating)</visible>
									</control>									
								</control>
								
							</control>
							
							<!-- Movies Info -->
							<control type="group">
								<visible>[Container.Content(movies)]</visible>
								<control type="fadelabel">
									<left>0</left>
									<top>311</top>  <!-- 307 -->
									<width>495</width>
									<height>45</height>
									<font>Font42</font>
									<label>$INFO[ListItem.Title]</label>
									<textcolor>TextColor1</textcolor>
								</control>
								<control type="fadelabel">
									<left>0</left>
									<top>364</top>   <!-- 356 -->
									<width>495</width>
									<height>45</height>
									<font>Font33</font>
									<textcolor>TextColor2</textcolor>
									<label>$INFO[ListItem.Year]$INFO[ListItem.Studio, • ]</label>
								</control>
								<control type="grouplist">
									<top>428</top>   <!-- 412 -->
									<height>27</height>
									<itemgap>15</itemgap>
									<orientation>horizontal</orientation>
									
									<include condition="!Skin.HasSetting(RatingCountryUK) + !Skin.HasSetting(RatingCountryGer) + !Skin.HasSetting(RatingCountryNone)">Rating_MPAA</include>
									<include condition="Skin.HasSetting(RatingCountryUK)">Rating_BBFC</include>
									<include condition="Skin.HasSetting(RatingCountryGer)">Rating_FSK</include>
									
									<control type="fadelabel">
										<width>420</width>
										<height>27</height>
										<font>Font30</font>
										<label>$INFO[ListItem.Rating,IMDB: ]$INFO[ListItem.Duration, • , Min.]$VAR[AudioChannels, • ]$INFO[ListItem.VideoResolution, • ]</label>
										<textcolor>TextColor3</textcolor>
										<visible>!String.IsEmpty(ListItem.Rating)</visible>
									</control>		
								</control>
									
							</control>
							
							<!-- Musicvideo, Albums & Songs Info -->
							<control type="group">
								<visible>[Container.Content(musicvideos) | Container.Content(albums) | Container.Content(songs)]</visible>
								<control type="fadelabel">
									<left>0</left>
									<top>311</top>
									<width>495</width>
									<height>45</height>
									<font>Font42</font>
									<label>$INFO[ListItem.Title]</label>
									<textcolor>TextColor1</textcolor>
								</control>
								<control type="fadelabel">
									<left>0</left>
									<top>364</top>
									<width>495</width>
									<height>45</height>
									<font>Font33</font>
									<textcolor>TextColor2</textcolor>
									<label>$INFO[ListItem.Artist]</label>
								</control>
								<control type="fadelabel">
									<left>0</left>
									<top>419</top>
									<width>495</width>
									<height>45</height>
									<font>Font30</font>
									<textcolor>TextColor3</textcolor>
									<label>$INFO[ListItem.Year]$INFO[ListItem.Studio, • ]$INFO[ListItem.Property(Album_Label), • ]</label>
									<visible>!Container.Content(Songs) + !Container.Content(musicvideos)</visible>
								</control>
								<control type="fadelabel">
									<left>0</left>
									<top>419</top>
									<width>495</width>
									<height>45</height>
									<font>Font30</font>
									<textcolor>TextColor3</textcolor>
									<label>$INFO[ListItem.Year]$INFO[ListItem.Property(Album_Label), • ]$INFO[ListItem.FileExtension, • ]$INFO[ListItem.AudioChannels, • ]</label>
									<visible>Container.Content(Songs)</visible>
								</control>
								<control type="fadelabel">
									<left>0</left>
									<top>419</top>
									<width>495</width>
									<height>45</height>
									<font>Font30</font>
									<textcolor>TextColor3</textcolor>
									<label>$INFO[ListItem.Studio]$INFO[ListItem.Year, • ]$INFO[ListItem.Property(Album_Label), • ]$INFO[ListItem.FileExtension, • ]$VAR[AudioChannels, • ]$INFO[ListItem.VideoResolution, • ]</label>
									<visible>Container.Content(musicvideos)</visible>
								</control>
								
								<!-- Rating -->
								<control type="group">
									<left>0</left>
									<top>530</top>
									<height>36</height>
									<width>495</width>
									<visible>Container.Content(Songs)</visible>
									<control type="fadelabel">
										<width>200</width>
										<height>36</height>
										<align>left</align>
										<font>Font30</font>
										<label>563</label>
										<textcolor>DialogColor2</textcolor>
									</control>
									<control type="image">
										<left>220</left>
										<width>238</width>
										<height>36</height>
										<aspectratio align="left">keep</aspectratio>
										<texture fallback="rating-audio/rating0.png">$INFO[ListItem.UserRating,rating-audio/rating,.png]</texture>
									</control>
								</control>
							</control>
							
							<!-- Set Info -->
							<control type="group">
								<visible>[Container.Content(Sets)]</visible>
								<control type="fadelabel">
									<left>0</left>
									<top>311</top>
									<width>495</width>
									<height>45</height>
									<font>Font42</font>
									<label>$INFO[ListItem.Label]</label>
									<textcolor>TextColor1</textcolor>
								</control>
								<control type="fadelabel">
									<left>0</left>
									<top>364</top>
									<width>495</width>
									<height>45</height>
									<font>Font33</font>
									<textcolor>TextColor2</textcolor>
									<label>$INFO[Window(Home).Property(SkinHelper.ListItem.Genre)]</label>  <!-- $INFO[Window(Home).Property(SkinHelper.ListItem.Genre)] / $INFO[Window(home).Property(Set.Movies.Genre)] -->
								</control>
								<control type="fadelabel">
									<left>0</left>
									<top>419</top>
									<width>495</width>
									<height>45</height>
									<font>Font30</font>
									<textcolor>TextColor3</textcolor>
									<label>$INFO[Window(Home).Property(SkinHelper.ListItem.Years)]</label>  <!-- $INFO[Window(Home).Property(SkinHelper.ListItem.Years)] / $INFO[Window(home).Property(Set.Movies.Years)]-->
								</control>

							</control>
							
							<!-- Addon Info -->
							<control type="group">
								<visible>[Window.IsVisible(addonbrowser) | Container.Content(addons)]</visible>
								<control type="fadelabel">
									<left>0</left>
									<top>311</top>
									<width>520</width>
									<height>45</height>
									<font>Font42</font>
									<label>$INFO[ListItem.Label]</label>
									<textcolor>TextColor1</textcolor>
								</control>
								<control type="fadelabel">
									<left>0</left>
									<top>364</top>
									<width>495</width>
									<height>45</height>
									<font>Font33</font>
									<textcolor>TextColor2</textcolor>
									<label>$INFO[ListItem.AddonType]$INFO[ListItem.Property(Addon.Status), • (,)]</label>
								</control>
								<control type="fadelabel">
									<left>0</left>
									<top>419</top>
									<width>495</width>
									<height>45</height>
									<font>Font30</font>
									<textcolor>TextColor3</textcolor>
									<label>$INFO[ListItem.AddonVersion]$INFO[ListItem.AddonCreator, • by: ]$INFO[ListItem.AddonBroken, • (,!)]</label>
								</control>
								
								<!-- Rating -->
								<control type="group">
									<left>0</left>
									<top>530</top>
									<height>36</height>
									<width>495</width>
									<visible>Container.Content(Songs)</visible>
									<control type="fadelabel">
										<width>200</width>
										<height>36</height>
										<align>left</align>
										<font>Font30</font>
										<label>563</label>
										<textcolor>DialogColor2</textcolor>
									</control>
									<control type="image">
										<left>220</left>
										<width>238</width>
										<height>36</height>
										<aspectratio align="left">keep</aspectratio>
										<texture fallback="rating-audio/rating0.png">$INFO[ListItem.UserRating,rating-audio/rating,.png]</texture>
									</control>
								</control>
							</control>
							
							<!-- Plot -->
							<control type="textbox">
								<left>0</left>
								<top>482</top>
								<width>495</width>
								<height>216</height>
								<label>$VAR[Plot]</label>
								<font>Font30</font>
								<textcolor>TextColor1</textcolor>
								<shadowcolor>TextColor4</shadowcolor>
								<align>left</align>
								<autoscroll delay="7500" time="2100" repeat="12000">!Skin.HasSetting(dontautoscroll)</autoscroll>  <!-- true -->
								<visible>!Container.Content(artists)</visible>
							</control>
							
							<!-- Plot (7 Textlines -->
							<!--
							<control type="textbox">
								<left>0</left>
								<top>455</top>
								<width>485</width>
								<height>252</height>
								<label>$VAR[Plot]</label>
								<font>Font30</font>
								<textcolor>TextColor1</textcolor>
								<shadowcolor>TextColor4</shadowcolor>
								<align>left</align>
								<autoscroll delay="7500" time="2100" repeat="12000">!Skin.HasSetting(dontautoscroll)</autoscroll>
								<visible>!Container.Content(artists)</visible>
							</control>
							-->
							
							<!-- Artist Plot -->
							<control type="textbox">
								<left>0</left>
								<top>334</top>
								<width>495</width>
								<height>367</height>
								<label>$VAR[Plot]</label>
								<font>Font30</font>
								<textcolor>TextColor1</textcolor>
								<shadowcolor>TextColor4</shadowcolor>
								<align>left</align>
								<autoscroll delay="7500" time="2100" repeat="12000">!Skin.HasSetting(dontautoscroll)</autoscroll>  <!-- true -->
								<visible>Container.Content(artists)</visible>
							</control>
						</control>
						
						<!-- Watched status -->
						<control type="image">
							<right>30</right>
							<top>278</top>
							<width>35</width>
							<height>49</height>
							<texture>$VAR[StatusOverlayWide]</texture>
							<visible>!Skin.HasSetting(HideWatchedFlags)</visible>
						</control>
					</control>
				</focusedlayout>

			</control>


		</control>

	</include>

</includes>
