<?xml version="1.0" encoding="UTF-8"?>
<includes>

	<!-- Special Music Songs and Files List -->
	<include name="Viewtype72">

		<control type="group">
			<visible>Control.IsVisible(72)</visible>

			
			<control type="group">
				<left>75</left>
				<top>150</top>
					
				<control type="image">
					<left>0</left>
					<top>0</top>
					<width>1770</width> 
					<height>60</height>
					<aspectratio>stretch</aspectratio>
					<texture>common/Base.png</texture>
					<colordiffuse>33323232</colordiffuse>
				</control>
				
				<control type="group">
					<!-- Songnumber Header -->
					<control type="label">
						<left>66</left>
						<top>0</top>
						<width>40</width>
						<height>60</height>
						<font>Font27</font>
						<textcolor>TextColor2</textcolor>
						<label>Nr.</label>
						<visible></visible>
					</control>
					<!-- Songtitle Header -->
					<control type="label">
						<left>116</left>
						<top>0</top>
						<width>480</width>
						<height>60</height>
						<font>Font27</font>
						<textcolor>TextColor2</textcolor> 
						<label>Title</label>
						<visible></visible>
					</control>
					<!-- Duration Header -->
					<control type="label">
						<left>625</left>
						<top>0</top>
						<width>160</width>
						<height>60</height>
						<font>Font27</font>
						<textcolor>TextColor2</textcolor>
						<label>Duration</label>
						<visible>Container.Content(Songs) + !Container.Content(Files)</visible>
					</control>
					<!-- Artist Header -->
					<control type="label">
						<left>770</left>
						<top>0</top>
						<width>390</width>
						<height>60</height>
						<font>Font27</font>
						<textcolor>TextColor2</textcolor>
						<label>Artist</label>
						<visible>Container.Content(Songs) + !Container.Content(Files)</visible>
					</control> 
					<!-- Ext. Header -->
					<control type="label">
						<left>1170</left>
						<top>0</top>
						<width>70</width>
						<height>60</height>
						<font>Font27</font>
						<textcolor>TextColor2</textcolor>
						<label>Ext.</label>
						<visible>Container.Content(Songs) + !Container.Content(Files)</visible>
					</control>
					<!-- Genre Header -->
					<control type="label">
						<left>1245</left>
						<top>0</top>
						<width>220</width>
						<height>60</height>
						<font>Font27</font>
						<textcolor>TextColor2</textcolor>
						<label>Genre</label>
						<visible>Container.Content(Songs) + !Container.Content(Files)</visible>
					</control>
					<!-- Rating Header -->
					<control type="label">
						<description>Rating value</description>
						<left>1620</left>
						<top>14</top>
						<width>195</width>
						<height>32</height>
						<font>Font27</font>
						<textcolor>TextColor2</textcolor>
						<label>Rating</label>
						<visible>Container.Content(Songs) + !Container.Content(Files)</visible>
					</control>
									
					<!-- Duration Header (Filemode) -->
					<control type="label">
						<left>1200</left>
						<top>0</top>
						<width>220</width>
						<height>60</height>
						<font>Font27</font>
						<textcolor>TextColor2</textcolor>
						<label>Duration</label>
						<visible>Container.Content(Files)</visible>
					</control>
					<!-- Genre Header (Filemode) -->
					<control type="label">
						<left>1370</left>
						<top>0</top>
						<width>220</width>
						<height>60</height>
						<font>Font27</font>
						<textcolor>TextColor2</textcolor>
						<label>Genre</label>
						<visible>Container.Content(Files)</visible>
					</control>
					<!-- Date Header (Filemode) -->
					<control type="label">
						<left>1625</left>
						<top>0</top>
						<width>145</width>
						<height>60</height>
						<font>Font27</font>
						<textcolor>TextColor2</textcolor>
						<label>Date Added</label>
						<visible>Container.Content(Files)</visible>
					</control>
				</control>
				
			</control>

			<!-- Wide list -->
			<control type="list" id="72">
				<left>75</left>
				<top>210</top>
				<width>1820</width>
				<height>720</height>
				<onleft>3001</onleft>
				<onright>60</onright>
				<onup>72</onup>
				<ondown>72</ondown>
				<viewtype label="Special-$LOCALIZE[535]">Special-list</viewtype>
				<pagecontrol>60</pagecontrol>
				<scrolltime>200</scrolltime>
				<visible>Window.IsVisible(music) + [Container.Content(Songs) | Container.Content(Files)]</visible>
				
				<itemlayout condition="!Container.Content(Files)" height="60" width="1820">
					<!--control type="image">
						<left>0</left>
						<top>0</top>
						<width>1045</width>
						<height>62</height>
						<texture border="5">commono/Base.png</texture>
					</control-->
					<control type="image">
						<left>0</left>
						<top>0</top>
						<width>60</width>
						<height>60</height>
						<aspectratio scalediffuse="true" aligny="center">stretch</aspectratio>
						<fadetime>IconCrossfadeTime</fadetime>
						<texture background="true">$INFO[ListItem.Icon]</texture>
						<bordersize>5</bordersize>
						<visible>substring(listitem.label,..,left)</visible>
					</control>
					
					<control type="image">
						<left>2</left>
						<top>2</top>
						<width>56</width>
						<height>56</height>
						<aspectratio scalediffuse="true" aligny="center">stretch</aspectratio>
						<fadetime>IconCrossfadeTime</fadetime>
						<texture background="true">$INFO[ListItem.Icon]</texture>
						<bordertexture border="7" colordiffuse="$VAR[BorderNFColordiffuse]">Borders/BorderNF.png</bordertexture>
						<bordersize>3</bordersize>
						<visible>!substring(listitem.label,..,left)</visible>
					</control>
					
					<!-- Track Nr. -->
					<control type="label">
						<left>65</left>
						<top>0</top>
						<width>45</width>
						<height>60</height>
						<font>Font27</font>
						<textcolor>TextColor2</textcolor>
						<selectedcolor>SelectedColor</selectedcolor>
						<align>right</align>
						<label>$INFO[ListItem.TrackNumber]</label>
						<visible>!StringCompare(ListItem.TrackNumber,0)</visible>
					</control>
					<!-- Title -->
					<control type="label">
						<left>120</left>
						<top>0</top>
						<width>480</width>
						<height>60</height>
						<font>Font27</font>
						<textcolor>TextColor2</textcolor> 
						<selectedcolor>SelectedColor</selectedcolor>
						<label>$INFO[ListItem.Title]</label>
						<animation effect="slide" start="0,0" end="-45,0" time="0" condition="StringCompare(ListItem.TrackNumber,0)">Conditional</animation>
						<visible></visible>
					</control>
					<!-- Duration -->
					<control type="label">
						<left>625</left>
						<top>0</top>
						<width>160</width>
						<height>60</height>
						<font>Font27</font>
						<textcolor>TextColor2</textcolor>
						<selectedcolor>SelectedColor</selectedcolor>
						<label>$INFO[ListItem.Duration,, Min.]</label>
						<visible></visible>
					</control>
					<!-- Artist -->
					<control type="label">
						<left>770</left>
						<top>0</top>
						<width>390</width>
						<height>60</height>
						<font>Font27</font>
						<textcolor>TextColor2</textcolor>
						<selectedcolor>SelectedColor</selectedcolor>
						<label>$INFO[ListItem.Artist]</label>
						<visible></visible>
					</control> 
					<!-- File Extension -->
					<control type="label">
						<left>1170</left>
						<top>0</top>
						<width>70</width>
						<height>60</height>
						<font>Font27</font>
						<textcolor>TextColor2</textcolor>
						<selectedcolor>SelectedColor</selectedcolor>
						<label>$INFO[ListItem.FileExtension]</label>
						<visible></visible>
					</control>
					<!-- Genre -->
					<control type="label">
						<left>1245</left>
						<top>0</top>
						<width>355</width>
						<height>60</height>
						<font>Font27</font>
						<textcolor>TextColor2</textcolor>
						<selectedcolor>SelectedColor</selectedcolor>
						<label>$INFO[ListItem.Genre]</label>
						<visible></visible>
					</control>
					<!-- Rating -->
					<control type="image">
						<description>Rating value</description>
						<left>1610</left>
						<top>14</top>
						<width>195</width>
						<height>32</height>
						<aspectratio>keep</aspectratio>
						<texture fallback="rating-audio/rating0.png">$INFO[ListItem.UserRating,rating-audio/rating,.png]</texture>
						<align>left</align>
						<colordiffuse>FFFFFFFF</colordiffuse>
						<animation effect="zoom" start="100" end="75" time="0" condition="true">Conditional</animation>
						<visible>!ListItem.IsParentFolder</visible>
					</control>
					<!--control type="image">
						<description>Rating value</description>
						<left>1470</left>
						<top>14</top>
						<width>195</width>
						<height>32</height>
						<aspectratio>keep</aspectratio>
						<texture>rating-audio/rating0.png</texture>
						<colordiffuse>FFFFFFFF</colordiffuse>
						<animation effect="zoom" start="100" end="75" time="0" condition="true">Conditional</animation>
						<visible>String.IsEmpty(ListItem.UserRating) + !ListItem.IsParentFolder</visible>
					</control-->
					<control type="label">
						<left>1625</left>
						<top>0</top>
						<width>145</width>
						<height>60</height>
						<font>Font27</font>
						<textcolor>TextColor2</textcolor>
						<selectedcolor>SelectedColor</selectedcolor>
						<label>$INFO[ListItem.Date]</label>
						<visible></visible>
					</control>

				</itemlayout>
				
				<focusedlayout condition="!Container.Content(Files)" height="60" width="1820">

					<!--
					<control type="image">
						<left>0</left>
						<top>0</top>
						<width>1810</width>
						<height>62</height>
						<texture border="5" colordiffuse="$VAR[FOItemImageColor]">common/Base.png</texture> 
						<visible>Control.HasFocus(72)</visible>
						<include>VisibleFadeEffect</include>
					</control>
					-->
					
					<control type="group">
						<visible>Skin.HasSetting(View72SpecialFocusBar)</visible>
						<control type="image">
							<left>65</left>
							<top>0</top>
							<width>50</width> 
							<height>62</height>
							<aspectratio scalediffuse="true" aligny="center">stretch</aspectratio>
							<texture background="true">common/Base.png</texture>
							<colordiffuse>AA727272</colordiffuse>
						</control>
						<control type="image">
							<left>625</left>
							<top>0</top>
							<width>145</width> 
							<height>62</height>
							<aspectratio scalediffuse="true" aligny="center">stretch</aspectratio>
							<texture background="true">common/Base.png</texture>
							<colordiffuse>AA727272</colordiffuse>
						</control>
						<control type="image">
							<left>1172</left>
							<top>0</top>
							<width>70</width> 
							<height>62</height>
							<aspectratio scalediffuse="true" aligny="center">stretch</aspectratio>
							<texture background="true">common/Base.png</texture>
							<colordiffuse>AA727272</colordiffuse>
						</control>
						<control type="image">
							<left>1488</left>
							<top>0</top>
							<width>160</width> 
							<height>62</height>
							<aspectratio scalediffuse="true" aligny="center">stretch</aspectratio>
							<texture background="true">common/Base.png</texture>
							<colordiffuse>AA727272</colordiffuse>
						</control>
					</control>
					
					
					<control type="image">
						<left>0</left>
						<top>0</top>
						<width>60</width>
						<height>60</height>
						<fadetime>IconCrossfadeTime</fadetime>
						<texture background="true">$INFO[ListItem.Icon]</texture>
						<visible>substring(listitem.label,..,left)</visible>
					</control>
					
					
					<control type="image">
						<left>2</left>
						<top>2</top>
						<width>56</width>
						<height>56</height>
						<aspectratio aligny="center">stretch</aspectratio>
						<fadetime>IconCrossfadeTime</fadetime>
						<texture background="true">$INFO[ListItem.Icon]</texture>
						<bordertexture border="7" colordiffuse="$VAR[HighlightColor]">Borders/BorderFO_3px.png</bordertexture>
						<bordersize>3</bordersize>
						<visible>!substring(listitem.label,..,left)</visible>
					</control>
					
					<!-- Track Nr. -->
					<control type="label">
						<left>65</left>
						<top>0</top>
						<width>45</width>
						<height>60</height>
						<font>Font27</font>
						<textcolor>TextColor1</textcolor>
						<selectedcolor>SelectedColor</selectedcolor>
						<align>right</align>
						<label>$INFO[ListItem.TrackNumber]</label>
						<visible>!StringCompare(ListItem.TrackNumber,0)</visible>
					</control>
					<!-- Title -->
					<control type="label">
						<left>120</left>
						<top>0</top>
						<width>480</width>
						<height>60</height>
						<font>Font27</font>
						<textcolor>TextColor1</textcolor> 
						<selectedcolor>SelectedColor</selectedcolor>
						<label>$INFO[ListItem.Title]</label>
						<animation effect="slide" start="0,0" end="-45,0" time="0" condition="StringCompare(ListItem.TrackNumber,0)">Conditional</animation>
						<visible></visible>
					</control>
					<!-- Duration -->
					<control type="label">
						<left>625</left>
						<top>0</top>
						<width>160</width>
						<height>60</height>
						<font>Font27</font>
						<textcolor>TextColor1</textcolor>
						<selectedcolor>SelectedColor</selectedcolor>
						<label>$INFO[ListItem.Duration,, Min.]</label>
						<visible></visible>
					</control>
					<!-- Artist -->
					<control type="label">
						<left>770</left>
						<top>0</top>
						<width>390</width>
						<height>60</height>
						<font>Font27</font>
						<textcolor>TextColor1</textcolor>
						<selectedcolor>SelectedColor</selectedcolor>
						<label>$INFO[ListItem.Artist]</label>
						<visible></visible>
					</control> 
					<!-- File Extension -->
					<control type="label">
						<left>1170</left>
						<top>0</top>
						<width>70</width>
						<height>60</height>
						<font>Font27</font>
						<textcolor>TextColor1</textcolor>
						<selectedcolor>SelectedColor</selectedcolor>
						<label>$INFO[ListItem.FileExtension]</label>
						<visible></visible>
					</control>
					<!-- Genre -->
					<control type="label">
						<left>1245</left>
						<top>0</top>
						<width>355</width>
						<height>60</height>
						<font>Font27</font>
						<textcolor>TextColor1</textcolor>
						<selectedcolor>SelectedColor</selectedcolor>
						<label>$INFO[ListItem.Genre]</label>
						<visible></visible>
					</control>
					<!-- Rating -->
					<control type="image">
						<left>1610</left>
						<top>14</top>
						<width>195</width>
						<height>32</height>
						<aspectratio>keep</aspectratio>
						<texture fallback="rating-audio/rating0.png">$INFO[ListItem.UserRating,rating-audio/rating,.png]</texture>
						<colordiffuse>FFFFFFFF</colordiffuse>
						<animation effect="zoom" start="100" end="75" time="0" condition="true">Conditional</animation>
						<visible>!ListItem.IsParentFolder</visible>
					</control>
					<!--control type="image">
						<description>Rating value</description>
						<left>1470</left>
						<top>14</top>
						<width>195</width>
						<height>32</height>
						<aspectratio>keep</aspectratio>
						<texture>rating-audio/rating0.png</texture>
						<colordiffuse>FFFFFFFF</colordiffuse>
						<animation effect="zoom" start="100" end="75" time="0" condition="true">Conditional</animation>
						<visible>String.IsEmpty(ListItem.UserRating) + !ListItem.IsParentFolder</visible>
					</control-->
					<control type="label">
						<left>1625</left>
						<top>0</top>
						<width>145</width>
						<height>60</height>
						<font>Font27</font>
						<textcolor>TextColor1</textcolor>
						<selectedcolor>SelectedColor</selectedcolor>
						<label>$INFO[ListItem.Date]</label>
						<visible></visible>
					</control>
					
				</focusedlayout>
				
				<itemlayout condition="Container.Content(Files)" height="60" width="1820">
					<!--control type="image">
						<left>0</left>
						<top>0</top>
						<width>1045</width>
						<height>62</height>
						<texture border="5">commono/Base.png</texture>
					</control-->
					<control type="image">
						<left>0</left>
						<top>0</top>
						<width>60</width>
						<height>60</height>
						<aspectratio scalediffuse="true" aligny="center">stretch</aspectratio>
						<fadetime>IconCrossfadeTime</fadetime>
						<texture background="true">$INFO[ListItem.Icon]</texture>
						<bordersize>5</bordersize>
						<visible>substring(listitem.label,..,left)</visible>
					</control>
					
					<control type="image">
						<left>2</left>
						<top>2</top>
						<width>56</width>
						<height>56</height>
						<aspectratio scalediffuse="true" aligny="center">stretch</aspectratio>
						<fadetime>IconCrossfadeTime</fadetime>
						<texture background="true">$INFO[ListItem.Icon]</texture>
						<bordertexture border="7" colordiffuse="$VAR[BorderNFColordiffuse]">Borders/BorderNF.png</bordertexture>
						<bordersize>3</bordersize>
						<visible>!substring(listitem.label,..,left)</visible>
					</control>
					
					<control type="label">
						<left>65</left>
						<top>0</top>
						<width>45</width>
						<height>60</height>
						<font>Font27</font>
						<textcolor>TextColor2</textcolor>
						<selectedcolor>SelectedColor</selectedcolor>
						<align>right</align>
						<label>$INFO[ListItem.TrackNumber]</label>
						<visible>!StringCompare(ListItem.TrackNumber,0)</visible>
					</control>
					
					<control type="label">
						<left>120</left>
						<top>0</top>
						<width>1190</width>
						<height>60</height>
						<font>Font27</font>
						<textcolor>TextColor2</textcolor> 
						<selectedcolor>SelectedColor</selectedcolor>
						<label>$INFO[ListItem.Label]</label>
						<animation effect="slide" start="0,0" end="-45,0" time="0" condition="StringCompare(ListItem.TrackNumber,0)">Conditional</animation>
						<visible></visible>
					</control>
					
					<control type="label">
						<left>1200</left>
						<top>0</top>
						<width>220</width>
						<height>60</height>
						<font>Font27</font>
						<textcolor>TextColor2</textcolor>
						<selectedcolor>SelectedColor</selectedcolor>
						<label>$INFO[ListItem.Duration,, Min.]</label>
						<visible></visible>
					</control>
					
					<control type="label">
						<left>1370</left>
						<top>0</top>
						<width>245</width>
						<height>60</height>
						<font>Font27</font>
						<textcolor>TextColor2</textcolor>
						<selectedcolor>SelectedColor</selectedcolor>
						<label>$INFO[ListItem.Genre]</label>
						<visible></visible>
					</control>
					
					<control type="image">
						<description>Rating value</description>
						<left>1470</left>
						<top>14</top>
						<width>195</width>
						<height>32</height>
						<aspectratio>keep</aspectratio>
						<texture>$INFO[ListItem.UserRating,rating-audio/]</texture>
						<align>left</align>
						<colordiffuse>FFFFFFFF</colordiffuse>
						<animation effect="zoom" start="100" end="75" time="0" condition="true">Conditional</animation>
					</control>
					
					<control type="label">
						<left>1625</left>
						<top>0</top>
						<width>145</width>
						<height>60</height>
						<font>Font27</font>
						<textcolor>TextColor2</textcolor>
						<selectedcolor>SelectedColor</selectedcolor>
						<label>$INFO[ListItem.Date]</label>
						<visible></visible>
					</control>

				</itemlayout>
				
				<focusedlayout condition="Container.Content(Files)" height="60" width="1820">

					<!--
					<control type="image">
						<left>0</left>
						<top>0</top>
						<width>1810</width>
						<height>62</height>
						<texture border="5" colordiffuse="$VAR[FOItemImageColor]">common/Base.png</texture> 
						<visible>Control.HasFocus(72)</visible>
						<include>VisibleFadeEffect</include>
					</control>
					-->
					
					<control type="group">
						<visible>Skin.HasSetting(View72SpecialFocusBar)</visible>
						<control type="image">
							<left>65</left>
							<top>0</top>
							<width>50</width> 
							<height>62</height>
							<aspectratio scalediffuse="true" aligny="center">stretch</aspectratio>
							<texture background="true">common/Base.png</texture>
							<colordiffuse>AA727272</colordiffuse>
						</control>
						<control type="image">
							<left>625</left>
							<top>0</top>
							<width>145</width> 
							<height>62</height>
							<aspectratio scalediffuse="true" aligny="center">stretch</aspectratio>
							<texture background="true">common/Base.png</texture>
							<colordiffuse>AA727272</colordiffuse>
						</control>
						<control type="image">
							<left>1172</left>
							<top>0</top>
							<width>70</width> 
							<height>62</height>
							<aspectratio scalediffuse="true" aligny="center">stretch</aspectratio>
							<texture background="true">common/Base.png</texture>
							<colordiffuse>AA727272</colordiffuse>
						</control>
						<control type="image">
							<left>1488</left>
							<top>0</top>
							<width>160</width> 
							<height>62</height>
							<aspectratio scalediffuse="true" aligny="center">stretch</aspectratio>
							<texture background="true">common/Base.png</texture>
							<colordiffuse>AA727272</colordiffuse>
						</control>
					</control>
									
					<control type="image">
						<left>0</left>
						<top>0</top>
						<width>60</width>
						<height>60</height>
						<fadetime>IconCrossfadeTime</fadetime>
						<texture background="true">$INFO[ListItem.Icon]</texture>
						<visible>substring(listitem.label,..,left)</visible>
					</control>
					
					<control type="image">
						<left>2</left>
						<top>2</top>
						<width>56</width>
						<height>56</height>
						<aspectratio aligny="center">stretch</aspectratio>
						<fadetime>IconCrossfadeTime</fadetime>
						<texture background="true">$INFO[ListItem.Icon]</texture>
						<bordertexture border="7" colordiffuse="$VAR[HighlightColor]">Borders/BorderFO_3px.png</bordertexture>
						<bordersize>3</bordersize>
						<visible>!substring(listitem.label,..,left)</visible>
					</control>
					
					<control type="label">
						<left>65</left>
						<top>0</top>
						<width>45</width>
						<height>60</height>
						<font>Font27</font>
						<textcolor>TextColor1</textcolor>
						<selectedcolor>SelectedColor</selectedcolor>
						<align>right</align>
						<label>$INFO[ListItem.TrackNumber]</label>
						<visible>!StringCompare(ListItem.TrackNumber,0)</visible>
					</control>
					
					<control type="label">
						<left>120</left>
						<top>0</top>
						<width>1190</width>
						<height>60</height>
						<font>Font27</font>
						<textcolor>TextColor1</textcolor> 
						<selectedcolor>SelectedColor</selectedcolor>
						<label>$INFO[ListItem.Label]</label>
						<animation effect="slide" start="0,0" end="-45,0" time="0" condition="StringCompare(ListItem.TrackNumber,0)">Conditional</animation>
						<visible></visible>
					</control>
					
					<control type="label">
						<left>1200</left>
						<top>0</top>
						<width>220</width>
						<height>60</height>
						<font>Font27</font>
						<textcolor>TextColor1</textcolor>
						<selectedcolor>SelectedColor</selectedcolor>
						<label>$INFO[ListItem.Duration,, Min.]</label>
						<visible></visible>
					</control>
					
					<control type="label">
						<left>1370</left>
						<top>0</top>
						<width>245</width>
						<height>60</height>
						<font>Font27</font>
						<textcolor>TextColor2</textcolor>
						<selectedcolor>SelectedColor</selectedcolor>
						<label>$INFO[ListItem.Genre]</label>
						<visible></visible>
					</control>
					
					<control type="image">
						<description>Rating value</description>
						<left>1470</left>
						<top>14</top>
						<width>195</width>
						<height>32</height>
						<aspectratio>keep</aspectratio>
						<texture>$INFO[ListItem.UserRating,rating-audio/]</texture>
						<colordiffuse>FFFFFFFF</colordiffuse>
						<animation effect="zoom" start="100" end="75" time="0" condition="true">Conditional</animation>
					</control>
					
					<control type="label">
						<left>1625</left>
						<top>0</top>
						<width>145</width>
						<height>60</height>
						<font>Font27</font>
						<textcolor>TextColor1</textcolor>
						<selectedcolor>SelectedColor</selectedcolor>
						<label>$INFO[ListItem.Date]</label>
						<visible></visible>
					</control>
					
				</focusedlayout>
			</control>
			
			<!-- Scrollbar (list) -->
			<control type="scrollbar" id="60">
				<right>65</right>
				<top>210</top>
				<width>20</width>
				<height>720</height>
				<onleft condition="!Skin.HasSetting(KioskMode)">3001</onleft>
				<onright>50</onright>
				<showonepage>false</showonepage>
				<orientation>vertical</orientation>
				<colordiffuse>OverlayColorNF</colordiffuse>
				<texturesliderbackground border="9,1,6,1">common/ScrollBackground.png</texturesliderbackground>
				<texturesliderbar border="8,1,6,1">common/ScrollbarGripNF.png</texturesliderbar>
				<texturesliderbarfocus border="8,1,6,1" colordiffuse="DialogOverlayColorFO">common/ScrollbarGripFO.png</texturesliderbarfocus>
				<textureslidernib>-</textureslidernib>
				<textureslidernibfocus>-</textureslidernibfocus>
				<animation effect="fade" start="100" end="50" time="0" condition="true">Conditional</animation>
				<visible>Skin.HasSetting(View72Scrollbars)</visible>
			</control>

		</control>

	</include>

</includes>
