<?xml version="1.0" encoding="UTF-8"?>
<includes>

	<!-- Poster wrap - left aligned (Video) -->
	<include name="Viewtype76">

		<control type="group">
			<visible>Control.IsVisible(76)</visible>


			<!-- Wide list -->
			<control type="fixedlist" id="76">
				<left>65</left>
				<top>189</top>
				<width>1800</width>
				<height>750</height>
				<onup condition="!Skin.HasSetting(KioskMode)">3001</onup>
				<ondown>61</ondown>
				<onleft>76</onleft>
				<onright>76</onright>
				<pagecontrol>61</pagecontrol>
				<preloaditems>4</preloaditems>
				<focusposition>0</focusposition>
				<orientation>horizontal</orientation>
				<viewtype label="31270">list</viewtype>
				<scrolltime tween="sine" easing="out">240</scrolltime>
				<visible>Container.Content(movies) | Container.Content(tvshows) | Container.Content(seasons)</visible>

				<itemlayout width="253" height="720">
					<control type="image">
						<left>20</left>
						<top>135</top>
						<width>232</width>
						<height>348</height>
						<texture>$INFO[ListItem.Icon]</texture>
						<colordiffuse>OverlayColorNF</colordiffuse>
						<aspectratio align="center" aligny="center">keep</aspectratio>
						<visible>SubString(ListItem.Icon,Default)</visible>
					</control>
					<control type="group">
						<visible>!SubString(ListItem.Icon,Default)</visible>
						<control type="image">
							<left>20</left>
							<top>345</top>
							<width>222</width>
							<height>348</height>
							<texture border="1,1,1,36">views/DropShadowSmall.png</texture>
						</control>
						<!-- Poster -->
						<control type="image">
							<left>20</left>
							<top>345</top>
							<width>222</width>
							<height>315</height>
							<texture background="true" colordiffuse="$VAR[UnfocusColordiffuse]">$INFO[ListItem.Thumb]</texture>
							<aspectratio align="center">stretch</aspectratio>
						</control>
						<!-- Poster Mirror -->
						<!--
						<control type="image">
							<left>10</left>
							<top>651</top>
							<width>233</width>
							<height>330</height>
							<colordiffuse>$VAR[UnfocusColordiffuse]</colordiffuse>
							<texture diffuse="diffuse/PosterMirrorDiffuseView76.png" flipy="true">$INFO[ListItem.Icon]</texture>
							<bordertexture diffuse="diffuse/PosterMirrorDiffuseView76.png" colordiffuse="FF000000">common/Base.png</bordertexture>
							<bordersize>0</bordersize>
							<aspectratio>stretch</aspectratio>
						</control>
						-->
						<control type="image">
							<left>15</left>
							<top>340</top>
							<width>232</width>
							<height>325</height>
							<texture>views/OverlayPosterNF.png</texture>
							<bordersize>5</bordersize>
							<visible>Skin.HasSetting(Overlays)</visible>
						</control>
						<!-- 3D Flag -->
						<control type="image">
							<left>15</left>
							<top>340</top>
							<width>57</width>
							<height>57</height>
							<texture>flagging/IsStereoscopicFlag.png</texture>
							<bordersize>5</bordersize>
							<visible>Container.Content(movies) + !String.IsEqual(ListItem.StereoscopicMode,mono)</visible>
						</control>
						<!-- Watched status -->
						<control type="image">
							<left>190</left>
							<top>640</top>
							<width>35</width>
							<height>49</height>
							<texture colordiffuse="$VAR[UnfocusColordiffuse]">$VAR[StatusOverlayWide]</texture>
							<visible>!Skin.HasSetting(HideWatchedFlags)</visible>
						</control>
					</control>
				</itemlayout>

				<focusedlayout width="524" height="720">
					<control type="image">
						<left>15</left>
						<top>0</top>
						<width>495</width>
						<height>703</height>
						<texture>$INFO[ListItem.Icon]</texture>
						<colordiffuse>OverlayColorFO</colordiffuse>
						<aspectratio align="center" aligny="center">keep</aspectratio>
						<animation effect="zoom" start="60" end="100" center="202,300" time="300" tween="back" easing="out" reversible="false">Focus</animation>
						<visible>SubString(ListItem.Icon,Default)</visible>
					</control>
					<control type="group">
						<visible>!SubString(ListItem.Icon,Default)</visible>
						<animation effect="zoom" start="60" end="100" center="202,300" time="300" tween="back" easing="out" reversible="false">Focus</animation>
						<control type="image">
							<left>15</left>
							<top>0</top>
							<width>495</width>
							<height>769</height>
							<texture border="1,1,1,69">views/DropShadow.png</texture>
						</control>
						<control type="image">
							<left>15</left>
							<top>0</top>
							<width>495</width>
							<height>703</height>
							<fadetime>200</fadetime>
							<texture>$INFO[ListItem.Icon]</texture>
							<aspectratio aligny="center">stretch</aspectratio>
						</control>
						<control type="image">
							<left>15</left>
							<top>0</top>
							<width>495</width>
							<height>703</height>
							<texture>views/OverlayPosterFO.png</texture>
							<visible>Skin.HasSetting(Overlays)</visible>
						</control>
						<!-- 3D Flag -->
						<control type="image">
							<left>15</left>
							<top>0</top>
							<width>105</width>
							<height>105</height>
							<texture>flagging/IsStereoscopicFlag.png</texture>
							<!--bordersize>5</bordersize-->
							<visible>Container.Content(movies) + !String.IsEqual(ListItem.StereoscopicMode,mono)</visible>
						</control>
						<!-- Watched status -->
						<control type="image">
							<left>455</left>
							<top>685</top>
							<width>35</width>
							<height>49</height>
							<texture>$VAR[StatusOverlayWide]</texture>
							<visible>!Skin.HasSetting(HideWatchedFlags)</visible>
						</control>
					</control>
				</focusedlayout>

			</control>

			<!-- info -->
			<control type="group">
				<left>609</left>
				<top>184</top>
				<width>1150</width>
				<height>100</height>

				<!-- Title (1st row Label, Movies, )-->
				<control type="label">
					<left>0</left>
					<top>0</top>
					<width>1150</width>
					<height>55</height>
					<font>Font60</font>
					<textcolor>TextColor1</textcolor>
					<shadowcolor>ShadowColor</shadowcolor>
					<label>$INFO[ListItem.Label]</label>
					<align>top</align>
				</control>

				<!-- Details -->
				<!--
				<control type="label">
					<left>0</left>
					<top>60</top>
					<width>1150</width>
					<height>27</height>
					<font>Font27</font>
					<label>$VAR[Label2]</label>
					<textcolor>TextColor2</textcolor>
					<shadowcolor>ShadowColor</shadowcolor>
				</control>
				-->
				
				<!-- 2nd row Label (Movies)-->
				<control type="label">
					<left>0</left>
					<top>65</top>
					<width>1150</width>
					<height>45</height>
					<font>Font33</font>
					<textcolor>TextColor2</textcolor>
					<label>$INFO[ListItem.Year]$INFO[ListItem.Studio, • ]$INFO[ListItem.Genre, • ]</label>
					<visible>Container.Content(movies)</visible>
				</control>
				
				
				<!-- 2nd row Label (TV Shows) -->
				<control type="label">
					<left>0</left>
					<top>65</top>
					<width>1150</width>
					<height>45</height>
					<font>Font33</font>
					<textcolor>TextColor2</textcolor>
					<label>$INFO[ListItem.Year]$INFO[ListItem.Studio, • ]$INFO[ListItem.Property(TotalSeasons), • $LOCALIZE[36905]: ]$INFO[ListItem.Genre, • ]</label>
					<visible>Container.Content(tvshows)</visible>
				</control>
				
				<!-- 2nd row Label (Seasons) -->
				<control type="label">
					<left>0</left>
					<top>65</top>
					<width>1150</width>
					<height>45</height>
					<font>Font33</font>
					<textcolor>TextColor2</textcolor>
					<label>$INFO[ListItem.TVShowTitle]</label>
					<visible>Container.Content(seasons)</visible>
				</control>
				
				<!-- 3nd row Label (TV Shows, Seasons) -->
				<control type="label">
					<left>0</left>
					<top>116</top>
					<width>1150</width>
					<height>45</height>
					<font>Font30</font>
					<textcolor>TextColor3</textcolor>
					<label>$INFO[ListItem.Episode,$LOCALIZE[20453]: ]$INFO[ListItem.Property(UnWatchedEpisodes), / $LOCALIZE[16101]: ]</label>
					<visible>!Container.Content(movies)</visible>
				</control>
				
				<!-- 3rd row Label (Movies) -->
				<control type="grouplist">
					<top>125</top>
					<height>27</height>
					<width>1150</width>
					<itemgap>15</itemgap>
					<orientation>horizontal</orientation>
					<visible>Container.Content(movies)</visible>
					
					<include condition="!Skin.HasSetting(RatingCountryUK) + !Skin.HasSetting(RatingCountryGer) + !Skin.HasSetting(RatingCountryNone)">Rating_MPAA</include>
					<include condition="Skin.HasSetting(RatingCountryUK)">Rating_BBFC</include>
					<include condition="Skin.HasSetting(RatingCountryGer)">Rating_FSK</include>
					
					<control type="label">
						<width>auto</width>
						<height>27</height>
						<font>Font30</font>
						<label>$INFO[ListItem.Rating,IMDB: ]</label>
						<textcolor>TextColor3</textcolor>
						<visible>!String.IsEmpty(ListItem.Rating)</visible>
					</control>
					
					<control type="label">
						<width>auto</width>
						<height>27</height>
						<font>Font30</font>
						<label>$INFO[ListItem.Duration,• , Min.]</label>
						<textcolor>TextColor3</textcolor>
						<visible>!String.IsEmpty(ListItem.Duration)</visible>
					</control>
					
					<control type="label">
						<width>auto</width>
						<height>27</height>
						<font>Font30</font>
						<label>• $VAR[AudioChannels]</label>
						<textcolor>TextColor3</textcolor>
						<visible>!String.IsEmpty(ListItem.AudioChannels)</visible>
					</control>
					
					<control type="label">
						<width>auto</width>
						<height>27</height>
						<font>Font30</font>
						<label>• $INFO[ListItem.VideoResolution]</label>
						<textcolor>TextColor3</textcolor>
						<visible>!String.IsEmpty(ListItem.VideoResolution)</visible>
					</control>
					
				</control>
				
				<!-- Plot -->
				<control type="textbox">
					<left>0</left>
					<top>170</top>   <!-- old:157 -->
					<width>870</width>
					<height>145</height>   <!-- old:145 -->
					<label>$VAR[Plot]</label>
					<font>Font30</font>
					<textcolor>TextColor1</textcolor>
					<shadowcolor>TextColor4</shadowcolor>
					<align>left</align>
					<autoscroll delay="9500" time="2750" repeat="12000">!Skin.HasSetting(dontautoscroll)</autoscroll>  <!-- true -->
					<visible></visible>
				</control>

			</control>

		</control>

	</include>

</includes>
