<?xml version="1.0" encoding="UTF-8"?>
<includes>

	<!-- Cards View (Addon Hub) -->
	<include name="CardsView">

		<control type="group">
			<visible>Control.IsVisible(80)</visible>
			
			<!-- Cards -->
			<control type="panel" id="80">
				<left>75</left>
				<top>200</top>
				<width>1775</width>
				<height>760</height>
				<onleft condition="!Skin.HasSetting(KioskMode)">3001</onleft>
				<onright>80</onright>
				<onup>7100</onup>
				<ondown>80</ondown>
				<pagecontrol>60</pagecontrol>
				<preloaditems>4</preloaditems>
				<viewtype label="Cards">icon2</viewtype>
				<orientation>horizontal</orientation>
				<scrolltime tween="sine" easing="out">240</scrolltime>
				<visible></visible>

				<itemlayout width="355" height="380">
					<control type="image">
						<left>0</left>
						<width>350</width>
						<height>375</height>
						<texture>$INFO[ListItem.Icon]</texture>
						<colordiffuse>OverlayColorNF</colordiffuse>
						<aspectratio align="center" aligny="center">keep</aspectratio>
						<visible>StringCompare(ListItem.Label,..)</visible>
					</control>
					<control type="group">
						<visible>!StringCompare(ListItem.Label,..) + !SubString(ListItem.Label,...,right)</visible>
						
						<!-- Panel -->
						<control type="image">
							<left>0</left>
							<width>350</width>
							<height>375</height>
							<texture background="true" colordiffuse="CommonFanartOverlay">common/Base.png</texture>
							<include>BorderTextureNF-We</include>
							<bordersize>5</bordersize>
							<aspectratio align="center">stretch</aspectratio>
						</control>
						
						<!-- Fanart -->
						<control type="image">
							<left>5</left>
							<top>5</top>
							<width>340</width>
							<height>191</height>
							<texture background="true" colordiffuse="$VAR[UnfocusColordiffuse]">$VAR[AddonFanart]</texture>
							<bordersize>0</bordersize>
							<aspectratio align="center">scale</aspectratio>
						</control>
						
						<!-- Overlay -->
						<control type="image">
							<left>5</left>
							<top>5</top>
							<width>340</width>
							<height>191</height>
							<texture>views/OverlayPosterNF.png</texture>
							<bordersize>0</bordersize>
							<aspectratio align="center">stretch</aspectratio>
							<visible>Skin.HasSetting(Overlays)</visible>
						</control>
						
						<!-- Icon -->
						<control type="image">
							<left>5</left>
							<top>195</top>
							<width>105</width>
							<height>100</height>
							<texture background="true" colordiffuse="$VAR[UnfocusColordiffuse]">$INFO[ListItem.Icon]</texture>
							<bordersize>5</bordersize>
							<aspectratio align="left">keep</aspectratio>
						</control>
						
						<!-- 1st row Label -->
						<control type="label">
							<left>110</left>
							<top>197</top>
							<width>230</width>
							<height>35</height>
							<font>Font25</font>
							<label>$INFO[ListItem.AddonType]</label>
							<textcolor>TextColor2</textcolor>
						</control>
						
						<!-- 2nd row Label -->
						<control type="label">
							<left>110</left>
							<top>227</top>
							<width>230</width>
							<height>35</height>
							<font>Font25</font>
							<label>$LOCALIZE[31132]: $INFO[ListItem.AddonCreator]</label>
							<textcolor>TextColor2</textcolor>
						</control>
						
						<!-- 3rd row Label -->
						<control type="label">
							<left>110</left>
							<top>257</top>
							<width>230</width>
							<height>35</height>
							<font>Font25</font>
							<label>$LOCALIZE[24051] $INFO[ListItem.AddonVersion]</label>
							<textcolor>TextColor2</textcolor>
						</control>
						
						<!-- Addon Description Label -->
						<control type="label">
							<left>10</left>
							<top>290</top>
							<width>330</width>
							<height>35</height>
							<font>Font27</font>
							<label>$INFO[ListItem.AddonSummary]</label>
							<textcolor>TextColor3</textcolor>
						</control>
						
						<!-- Addon Name Label -->
						<control type="label">
							<left>10</left>
							<top>322</top>
							<width>330</width>
							<height>50</height>
							<font>Font36</font>
							<label>$INFO[ListItem.AddonName]</label>
							<textcolor>TextColor1</textcolor>
						</control>

						<!-- Watched status -->
						<control type="image">
							<left>245</left>
							<top>136</top>
							<width>30</width>
							<height>42</height>
							<texture>$VAR[StatusOverlayWide]</texture>
							<visible>!Skin.HasSetting(HideWatchedFlags)</visible>
						</control>
					</control>
				</itemlayout>

				<focusedlayout width="355" height="380">
					<control type="image">
						<left>0</left>
						<width>350</width>
						<height>375</height>
						<texture>$INFO[ListItem.Icon]</texture>
						<aspectratio align="center" aligny="center">keep</aspectratio>
						<visible>StringCompare(ListItem.Label,..)</visible>
					</control>
					<control type="group">
						<visible>!StringCompare(ListItem.Label,..) + !SubString(ListItem.Label,...,right)</visible>
						
						<!-- Panel -->
						<control type="image">
							<left>0</left>
							<width>350</width>
							<height>375</height>
							<texture background="true" colordiffuse="CommonFanartOverlay">common/Base.png</texture>
							<include condition="!Skin.HasSetting(FocusStyleDarkBright)">BorderTextureFO-We</include>
							<include condition="Skin.HasSetting(FocusStyleDarkBright)">BorderTextureNF-We</include>
							<bordersize>5</bordersize>
							<aspectratio align="center">stretch</aspectratio>
						</control>
						
						<!-- Fanart -->
						<control type="image">
							<left>5</left>
							<top>5</top>
							<width>340</width>
							<height>191</height>
							<texture background="true">$VAR[AddonFanart]</texture>
							<bordersize>0</bordersize>
							<aspectratio align="center">scale</aspectratio>
						</control>
						
						<!-- Overlay -->
						<control type="image">
							<left>5</left>
							<top>5</top>
							<width>340</width>
							<height>191</height>
							<texture>views/OverlayPosterNF.png</texture>
							<bordersize>0</bordersize>
							<aspectratio align="center">stretch</aspectratio>
							<visible>Skin.HasSetting(Overlays)</visible>
						</control>
						
						<!-- Icon -->
						<control type="image">
							<left>5</left>
							<top>195</top>
							<width>105</width>
							<height>100</height>
							<texture background="true">$INFO[ListItem.Icon]</texture>
							<bordersize>5</bordersize>
							<aspectratio align="left">keep</aspectratio>
						</control>
						
						<!-- 1st row Label -->
						<control type="label">
							<left>110</left>
							<top>197</top>
							<width>230</width>
							<height>35</height>
							<font>Font25</font>
							<label>$INFO[ListItem.AddonType]</label>
							<textcolor>TextColor2</textcolor>
						</control>
						
						<!-- 2nd row Label -->
						<control type="label">
							<left>110</left>
							<top>227</top>
							<width>230</width>
							<height>35</height>
							<font>Font25</font>
							<label>$LOCALIZE[31132]: $INFO[ListItem.AddonCreator]</label>
							<textcolor>TextColor2</textcolor>
						</control>
						
						<!-- 3rd row Label -->
						<control type="label">
							<left>110</left>
							<top>257</top>
							<width>230</width>
							<height>35</height>
							<font>Font25</font>
							<label>$LOCALIZE[24051] $INFO[ListItem.AddonVersion]</label>
							<textcolor>TextColor2</textcolor>
						</control>
						
						<!-- Addon Description Label -->
						<control type="label">
							<left>10</left>
							<top>290</top>
							<width>330</width>
							<height>35</height>
							<font>Font27</font>
							<label>$INFO[ListItem.AddonSummary]</label>
							<textcolor>TextColor3</textcolor>
						</control>
						
						<!-- Addon Name Label -->
						<control type="label">
							<left>10</left>
							<top>322</top>
							<width>330</width>
							<height>50</height>
							<font>Font36</font>
							<label>$INFO[ListItem.AddonName]</label>
							<textcolor>TextColor1</textcolor>
						</control>
						
						<!-- Watched status -->
						<control type="image">
							<left>245</left>
							<top>136</top>
							<width>30</width>
							<height>42</height>
							<texture>$VAR[StatusOverlayWide]</texture>
							<visible>!Skin.HasSetting(HideWatchedFlags)</visible>
						</control>
					</control>
				</focusedlayout>
				
				<content target="$VAR[AddonHubTarget]" sortby="$VAR[AddonHubSortby]" sortorder="$VAR[AddonHubSortorder]">$VAR[AddonHubContent]</content>
				
			</control>
			
			<!-- Item count -->
			<control type="grouplist">
				<right>60</right>
				<bottom>40</bottom>
				<width>800</width>
				<height>44</height>
				<itemgap>6</itemgap>
				<align>right</align>
				<orientation>horizontal</orientation>
				<usecontrolcoords>true</usecontrolcoords>
				<animation effect="slide" start="0,0" end="-160,0" time="0" condition="system.getbool(input.enablemouse) + Skin.HasSetting(ShowMouseButtons)">conditional</animation>		
				<visible>IntegerGreaterThan(Container(80).NumItems,0)</visible>
			
				<!--
				<animation effect="slide" start="0,0" end="-30,-20" time="0" condition="Skin.HasSetting(NewPosHeader)">conditional</animation>
				-->
				
				<control type="label">
					<top>3</top>
					<width>auto</width>
					<height>44</height>
					<align>right</align>
					<label>$INFO[Container(80).NumItems]</label>
					<font>Font25</font>
					<textcolor>TextColor2</textcolor>
				</control>

				<control type="label">
					<width>auto</width>
					<height>44</height>
					<align>right</align>
					<label>$VAR[ContentType]</label>
					<font>Font33</font>
					<textcolor>TextColor2</textcolor>
				</control>

			</control>
			

		</control>
	
	</include>
	
	
	<!-- Fanart Info wrap View (Addon Hub) -->
	<include name="InfowrapView">
	
		<control type="group">
			<visible>Control.IsVisible(81)</visible>

			<!-- Wide list -->
			<control type="fixedlist" id="81">
				<left>75</left>  <!-- -290 -->
				<top>200</top>
				<width>1770</width>
				<height>755</height>
				<onup>7100</onup>
				<ondown>61</ondown>
				<onleft>81</onleft>
				<onright>81</onright>
				<pagecontrol>61</pagecontrol>
				<preloaditems>4</preloaditems>
				<focusposition>1</focusposition>
				<movement>1</movement>
				<orientation>horizontal</orientation>
				<viewtype label="539-New">list</viewtype>
				<scrolltime tween="sine" easing="out">240</scrolltime>
				<visible></visible>

				<itemlayout width="504" height="755">
					<control type="image">
						<left>5</left>
						<top>5</top>
						<width>486</width>
						<height>645</height>
						<texture>$INFO[ListItem.Icon]</texture>
						<colordiffuse>OverlayColorNF</colordiffuse>
						<aspectratio align="center" aligny="center">keep</aspectratio>
						<visible>SubString(ListItem.Icon,Default)</visible>
					</control>
					<control type="group">
						<visible>!SubString(ListItem.Icon,Default)</visible>
						<left>5</left>
						
						<!-- Panel -->
						<control type="image">
							<left>-5</left>
							<top>0</top>
							<width>496</width>
							<height>755</height>
							<texture background="true" colordiffuse="CommonFanartOverlay">common/Base.png</texture>
							<include>BorderTextureNF-We</include>
							<bordersize>5</bordersize>
							<aspectratio align="center">stretch</aspectratio>
						</control>
						
						<!-- Fanart image -->
						<control type="group">
							<top>5</top>
							<!--control type="image">
								<left>0</left>
								<top>5</top>
								<width>486</width>
								<height>358</height>
								<texture border="1,1,1,69">views/DropShadow.png</texture>
							</control-->
							<control type="image">
								<left>0</left>
								<top>0</top>
								<width>486</width>
								<height>292</height>
								<fadetime>200</fadetime>
								<texture background="true">$VAR[AddonFanart]</texture>
								<aspectratio aligny="center">scale</aspectratio>
								<visible></visible>
							</control>
							<!-- Overlay -->
							<control type="image">
								<left>0</left>
								<top>0</top>
								<width>486</width>
								<height>292</height>
								<fadetime>200</fadetime>
								<texture>views/OverlayPosterNF.png</texture>
								<aspectratio align="center">stretch</aspectratio>
								<visible>Skin.HasSetting(Overlays)</visible>
							</control>
						</control>

						<!-- Info -->
						<control type="group">
							<top>5</top>
							<left>10</left>
							
							<!-- Addon Info -->
							<control type="group">
								<!--visible>[Window.IsVisible(addonbrowser) | Container.Content(addons)]</visible-->
								<control type="label">
									<left>0</left>
									<top>311</top>
									<width>467</width>
									<height>45</height>
									<font>Font42</font>
									<label>$INFO[ListItem.Label]</label>
									<textcolor>TextColor2</textcolor>
								</control>
								<control type="label">
									<left>0</left>
									<top>364</top>
									<width>467</width>
									<height>45</height>
									<font>Font33</font>
									<textcolor>TextColor3</textcolor>
									<label>$INFO[ListItem.AddonType]$INFO[ListItem.Property(Addon.Status), • (,)]</label>
								</control>
								<control type="label">
									<left>0</left>
									<top>419</top>
									<width>467</width>
									<height>45</height>
									<font>Font30</font>
									<textcolor>TextColor3</textcolor>
									<label>$INFO[ListItem.AddonVersion]$INFO[ListItem.AddonCreator, • by: ]$INFO[ListItem.AddonBroken, • (,!)]</label>
								</control>
								
								<!-- Rating -->
								<control type="group">
									<left>0</left>
									<top>530</top>
									<height>36</height>
									<width>1170</width>
									<visible>Container.Content(Songs)</visible>
									<control type="label">
										<width>200</width>
										<height>36</height>
										<align>left</align>
										<font>Font30</font>
										<label>563</label>
										<textcolor>TextColor3</textcolor>
									</control>
									<control type="image">
										<left>220</left>
										<width>238</width>
										<height>36</height>
										<aspectratio align="left">keep</aspectratio>
										<texture>rating-audio/$INFO[ListItem.UserRating]</texture>
									</control>
								</control>
							</control>
							
							<!-- Plot -->
							<control type="textbox">
								<left>0</left>
								<top>490</top>
								<width>467</width>
								<height>250</height>
								<label>$INFO[ListItem.AddonDescription]</label>
								<font>Font30</font>
								<textcolor>TextColor2</textcolor>
								<shadowcolor>TextColor4</shadowcolor>
								<align>left</align>
								<autoscroll delay="7500" time="2100" repeat="12000">false</autoscroll>
								<scroll>false</scroll>
								<visible></visible>
							</control>
						
						</control>
				
						<!-- Watched status -->
						<control type="image">
							<right>30</right>
							<top>275</top>
							<width>35</width>
							<height>49</height>
							<texture>$VAR[StatusOverlayWide]</texture>
							<visible>!Skin.HasSetting(HideWatchedFlags)</visible>
						</control>
					</control>
				</itemlayout>

				<focusedlayout width="504" height="755">
					<control type="image">
						<left>5</left>
						<top>5</top>
						<width>486</width>
						<height>745</height>
						<texture>$INFO[ListItem.Icon]</texture>
						<colordiffuse>OverlayColorFO</colordiffuse>
						<aspectratio align="center" aligny="center">keep</aspectratio>
						<animation effect="zoom" start="60" end="100" center="202,300" time="300" tween="back" easing="out" reversible="false">Focus</animation>
						<visible>SubString(ListItem.Icon,Default)</visible>
					</control>
					<control type="group">
						<left>5</left>
						<visible>!SubString(ListItem.Icon,Default)</visible>
						
						<!-- Panel NF-->
						<control type="image">
							<left>-5</left>
							<top>0</top>
							<width>496</width>
							<height>755</height>
							<texture background="true" colordiffuse="CommonFanartOverlay">common/Base.png</texture>
							<include>BorderTextureNF-We</include>
							<bordersize>5</bordersize>
							<aspectratio align="center">stretch</aspectratio>
							<visible>!Control.HasFocus(81)</visible>
						</control>
						
						<!-- Panel FO -->
						<control type="image">
							<left>-5</left>
							<top>0</top>
							<width>496</width>
							<height>755</height>
							<texture background="true" colordiffuse="CommonFanartOverlay">common/Base.png</texture>
							<include condition="!Skin.HasSetting(FocusStyleDarkBright)">BorderTextureFO-We</include>
							<include condition="Skin.HasSetting(FocusStyleDarkBright)">BorderTextureNF-We</include>
							<bordersize>5</bordersize>
							<aspectratio align="center">stretch</aspectratio>
							<visible>Control.HasFocus(81)</visible>
						</control>
						
						<!-- Fanart image -->
						<control type="group">
							<top>5</top>
							<!--control type="image">
								<left>0</left>
								<top>0</top>
								<width>486</width>
								<height>358</height>
								<texture border="1,1,1,69">views/DropShadow.png</texture>
							</control-->
							<control type="image">
								<left>0</left>
								<top>0</top>
								<width>486</width>
								<height>292</height>
								<fadetime>200</fadetime>
								<texture>$VAR[AddonFanart]</texture>
								<aspectratio aligny="center">scale</aspectratio>
								<visible></visible>
							</control>
							<!-- Overlay -->
							<control type="image">
								<left>0</left>
								<top>0</top>
								<width>486</width>
								<height>292</height>
								<fadetime>200</fadetime>
								<texture>views/OverlayPosterNF.png</texture>
								<aspectratio align="center">stretch</aspectratio>
								<visible>Skin.HasSetting(Overlays)</visible>
							</control>
						</control>

						<!-- Info -->
						<control type="group">
							<top>5</top>
							<left>10</left>
							
							<!-- Addon Info -->
							<control type="group">
								<!--visible>[Window.IsVisible(addonbrowser) | Container.Content(addons)]</visible-->
								<control type="label">
									<left>0</left>
									<top>311</top>
									<width>467</width>
									<height>45</height>
									<font>Font42</font>
									<label>$INFO[ListItem.Label]</label>
									<textcolor>TextColor1</textcolor>
								</control>
								<control type="label">
									<left>0</left>
									<top>364</top>
									<width>467</width>
									<height>45</height>
									<font>Font33</font>
									<textcolor>TextColor2</textcolor>
									<label>$INFO[ListItem.AddonType]$INFO[ListItem.Property(Addon.Status), • (,)]</label>
								</control>
								<control type="label">
									<left>0</left>
									<top>419</top>
									<width>467</width>
									<height>45</height>
									<font>Font30</font>
									<textcolor>TextColor3</textcolor>
									<label>$INFO[ListItem.AddonVersion]$INFO[ListItem.AddonCreator, • by: ]$INFO[ListItem.AddonBroken, • (,!)]</label>
								</control>
								
								<!-- Rating -->
								<control type="group">
									<left>0</left>
									<top>530</top>
									<height>36</height>
									<width>1170</width>
									<visible>Container.Content(Songs)</visible>
									<control type="fadelabel">
										<width>200</width>
										<height>36</height>
										<align>left</align>
										<font>Font30</font>
										<label>563</label>
										<textcolor>TextColor2</textcolor>
									</control>
									<control type="image">
										<left>220</left>
										<width>238</width>
										<height>36</height>
										<aspectratio align="left">keep</aspectratio>
										<texture>rating-audio/$INFO[ListItem.UserRating]</texture>
									</control>
								</control>
							</control>
							
							<!-- Plot -->
							<control type="textbox">
								<left>0</left>
								<top>490</top>
								<width>467</width>
								<height>250</height>
								<label>$INFO[ListItem.AddonDescription]</label>
								<font>Font30</font>
								<textcolor>TextColor1</textcolor>
								<shadowcolor>TextColor4</shadowcolor>
								<align>left</align>
								<autoscroll delay="7500" time="2100" repeat="12000">!Skin.HasSetting(dontautoscroll)</autoscroll>  <!-- true -->
								<visible></visible>
							</control>
				
						</control>
						
						<!-- Watched status -->
						<control type="image">
							<right>30</right>
							<top>275</top>
							<width>35</width>
							<height>49</height>
							<texture>$VAR[StatusOverlayWide]</texture>
							<visible>!Skin.HasSetting(HideWatchedFlags)</visible>
						</control>
					</control>
				</focusedlayout>
				
				<content target="$VAR[AddonHubTarget]" sortby="$VAR[AddonHubSortby]" sortorder="$VAR[AddonHubSortorder]">$VAR[AddonHubContent]</content>

			</control>
			
			<!-- Item count -->
			<control type="grouplist">
				<right>60</right>
				<bottom>40</bottom>
				<width>800</width>
				<height>44</height>
				<itemgap>6</itemgap>
				<align>right</align>
				<orientation>horizontal</orientation>
				<usecontrolcoords>true</usecontrolcoords>
				<animation effect="slide" start="0,0" end="-160,0" time="0" condition="system.getbool(input.enablemouse) + Skin.HasSetting(ShowMouseButtons)">conditional</animation>		
				<visible>IntegerGreaterThan(Container(81).NumItems,0)</visible>
			
				<!--
				<animation effect="slide" start="0,0" end="-30,-20" time="0" condition="!Skin.HasSetting(NewPosHeader)">conditional</animation>
				-->
				
				<control type="label">
					<top>3</top>
					<width>auto</width>
					<height>44</height>
					<align>right</align>
					<label>$INFO[Container(81).NumItems]</label>
					<font>Font25</font>
					<textcolor>TextColor2</textcolor>
				</control>

				<control type="label">
					<width>auto</width>
					<height>44</height>
					<align>right</align>
					<label>$VAR[ContentType]</label>
					<font>Font33</font>
					<textcolor>TextColor2</textcolor>
				</control>

			</control>
			

		</control>

	</include>
	
	
	<!-- Spez Thumb View (Addon Hub) -->
	<include name="SpezThumbView">

		<control type="group">
			<visible>Control.IsVisible(82)</visible>
			
			<!-- Thumbs -->
			<control type="panel" id="82">
				<left>75</left>
				<top>200</top>
				<width>1771</width>
				<height>759</height>
				<onleft condition="!Skin.HasSetting(KioskMode)">3001</onleft>
				<onright>7100</onright>
				<onup>7100</onup>
				<ondown>82</ondown>
				<pagecontrol>60</pagecontrol>
				<preloaditems>4</preloaditems>
				<viewtype label="Cards">icon2</viewtype>
				<scrolltime tween="sine" easing="out">240</scrolltime>
				<visible></visible>

				<itemlayout width="253" height="253">
					<control type="image">
						<left>0</left>
						<width>250</width>
						<height>250</height>
						<texture>$INFO[ListItem.Icon]</texture>
						<colordiffuse>OverlayColorNF</colordiffuse>
						<aspectratio align="center" aligny="center">keep</aspectratio>
						<visible>StringCompare(ListItem.Label,..)</visible>
					</control>
					<control type="group">
						<visible>!StringCompare(ListItem.Label,..) + !SubString(ListItem.Label,...,right)</visible>
						
						<!-- Panel -->
						<control type="image">
							<left>0</left>
							<width>250</width>
							<height>250</height>
							<texture background="true" colordiffuse="CommonDialogButtonNF">common/Base.png</texture>
							<include>BorderTextureNF</include>
							<bordersize>5</bordersize>
							<aspectratio align="center">scale</aspectratio>
						</control>
						
						<!-- Icon -->
						<control type="image">
							<left>5</left>
							<top>5</top>
							<width>240</width>
							<height>230</height>
							<texture background="true" colordiffuse="$VAR[UnfocusColordiffuse]">$INFO[ListItem.Icon]</texture>
							<bordersize>5</bordersize>
							<aspectratio align="center">stretch</aspectratio>
						</control>
						
						<!-- Text Panel -->
						<control type="image">
							<left>5</left>
							<top>210</top>
							<width>240</width>
							<height>35</height>
							<texture background="true" colordiffuse="FF121212">common/Base.png</texture>
							<aspectratio align="center">scale</aspectratio>
						</control>
						
						<!-- Addon Name Label -->
						<control type="label">
							<left>10</left>
							<top>212</top>
							<width>230</width>
							<height>30</height>
							<font>Font27</font>
							<label>$INFO[ListItem.AddonName]</label>
							<textcolor>TextColor1</textcolor>
						</control>

						<!-- Watched status -->
						<control type="image">
							<left>245</left>
							<top>136</top>
							<width>30</width>
							<height>42</height>
							<texture>$VAR[StatusOverlayWide]</texture>
							<visible>!Skin.HasSetting(HideWatchedFlags)</visible>
						</control>
					</control>
				</itemlayout>

				<focusedlayout width="253" height="253">
					<control type="image">
						<left>0</left>
						<width>250</width>
						<height>250</height>
						<texture>$INFO[ListItem.Icon]</texture>
						<aspectratio align="center" aligny="center">keep</aspectratio>
						<visible>StringCompare(ListItem.Label,..)</visible>
					</control>
					<control type="group">
						<visible>!StringCompare(ListItem.Label,..) + !SubString(ListItem.Label,...,right)</visible>
						
						<!-- Panel -->
						<control type="image">
							<left>0</left>
							<width>250</width>
							<height>250</height>
							<texture background="true" colordiffuse="CommonDialogButtonNF">common/Base.png</texture>
							<include condition="!Skin.HasSetting(FocusStyleDarkBright)">BorderTextureFO</include>
							<include condition="Skin.HasSetting(FocusStyleDarkBright)">BorderTextureNF</include>
							<bordersize>5</bordersize>
							<aspectratio align="center">scale</aspectratio>
						</control>
						
						<!-- Addon Icon -->
						<control type="image">
							<left>5</left>
							<top>5</top>
							<width>240</width>
							<height>230</height>
							<texture background="true">$INFO[ListItem.Icon]</texture>
							<bordersize>5</bordersize>
							<aspectratio align="center">stretch</aspectratio>
						</control>
						
						<!-- Text Panel -->
						<control type="image">
							<left>5</left>
							<top>210</top>
							<width>240</width>
							<height>35</height>
							<texture background="true" colordiffuse="FF121212">common/Base.png</texture>
							<aspectratio align="center">scale</aspectratio>
						</control>
						
						<!-- Addon Name Label -->
						<control type="label">
							<left>10</left>
							<top>212</top>
							<width>230</width>
							<height>30</height>
							<font>Font27</font>
							<label>$INFO[ListItem.AddonName]</label>
							<textcolor>TextColor1</textcolor>
						</control>
						
						<!-- Watched status -->
						<control type="image">
							<left>245</left>
							<top>136</top>
							<width>30</width>
							<height>42</height>
							<texture>$VAR[StatusOverlayWide]</texture>
							<visible>!Skin.HasSetting(HideWatchedFlags)</visible>
						</control>
					</control>
				</focusedlayout>
				
				<content target="$VAR[AddonHubTarget]" sortby="$VAR[AddonHubSortby]" sortorder="$VAR[AddonHubSortorder]">$VAR[AddonHubContent]</content>
				
			</control>
			
			<!-- Item count -->
			<control type="grouplist">
				<right>60</right>
				<bottom>40</bottom>
				<width>800</width>
				<height>44</height>
				<itemgap>6</itemgap>
				<align>right</align>
				<orientation>horizontal</orientation>
				<usecontrolcoords>true</usecontrolcoords>
				<animation effect="slide" start="0,0" end="-160,0" time="0" condition="system.getbool(input.enablemouse) + Skin.HasSetting(ShowMouseButtons)">conditional</animation>		
				<visible>IntegerGreaterThan(Container(82).NumItems,0)</visible>
			
				<!--
				<animation effect="slide" start="0,0" end="-30,-20" time="0" condition="!Skin.HasSetting(NewPosHeader)">conditional</animation>
				-->
			
				<control type="label">
					<top>3</top>
					<width>auto</width>
					<height>44</height>
					<align>right</align>
					<label>$INFO[Container(82).NumItems]</label>
					<font>Font25</font>
					<textcolor>TextColor2</textcolor>
				</control>

				<control type="label">
					<width>auto</width>
					<height>44</height>
					<align>right</align>
					<label>$VAR[ContentType]</label>
					<font>Font33</font>
					<textcolor>TextColor2</textcolor>
				</control>

			</control>
			

		</control>
	
	</include>
	
	
	<!-- Spez Thumb View (Addon Hub) -->
	<include name="BigThumbView">

		<control type="group">
			<visible>Control.IsVisible(83)</visible>
			
			<!-- Thumbs Big -->
			<control type="panel" id="83">
				<left>58</left>
				<top>210</top>
				<width>1810</width>
				<height>760</height>
				<onleft condition="!Skin.HasSetting(KioskMode)">3001</onleft>
				<onright>7100</onright>
				<onup>7100</onup>
				<ondown>83</ondown>
				<pagecontrol>60</pagecontrol>
				<preloaditems>4</preloaditems>
				<viewtype label="Thumbnails">icon</viewtype>
				<scrolltime tween="sine" easing="out">240</scrolltime>
				<visible></visible>

				<itemlayout width="362" height="380">
					<control type="image">
						<left>12</left>
						<width>325</width>
						<height>325</height>
						<texture>$INFO[ListItem.Icon]</texture>
						<colordiffuse>OverlayColorNF</colordiffuse>
						<aspectratio align="center" aligny="center">keep</aspectratio>
						<visible>StringCompare(ListItem.Label,..)</visible>
					</control>
					<control type="group">
						<visible>!StringCompare(ListItem.Label,..)</visible>
						
						<!-- Panel -->
						<control type="image">
							<left>12</left>
							<width>325</width>
							<height>365</height>
							<texture background="true" colordiffuse="CommonFanartOverlay">common/Base.png</texture>
							<include>BorderTextureNF-We</include>
							<bordersize>5</bordersize>
							<aspectratio align="center">stretch</aspectratio>
						</control>
						
						<control type="image">
							<left>12</left>
							<width>325</width>
							<height>325</height>
							<texture background="true" colordiffuse="$VAR[UnfocusColordiffuse]">$INFO[ListItem.Icon]</texture>
							<include>BorderTextureNF</include>
							<bordersize>5</bordersize>
							<aspectratio align="center">stretch</aspectratio>
							<visible></visible>
						</control>

						<control type="image">
							<left>12</left>
							<width>325</width>
							<height>325</height>
							<texture>views/OverlayPosterNF.png</texture>
							<bordersize>5</bordersize>
							<visible>Skin.HasSetting(Overlays)</visible>
						</control>
						<!-- Title -->
						<control type="label">
							<left>17</left>
							<top>325</top>
							<width>315</width>
							<height>30</height>
							<font>Font27</font>
							<align>left</align>
							<textcolor>TextColor2</textcolor>
							<shadowcolor>ShadowColor</shadowcolor>
							<label>$INFO[ListItem.Label]</label>
						</control>
						<!-- Additional Infos -->
						<control type="label">
							<left>17</left>
							<top>355</top>
							<width>315</width>
							<height>30</height>
							<font>Font25</font>
							<align>left</align>
							<textcolor>TextColor3</textcolor>
							<shadowcolor>ShadowColor</shadowcolor>
							<label>$INFO[ListItem.Artist]</label>
							<visible>!Container.Content(artists)</visible>
						</control>
						<!-- Watched status -->
						<control type="image">
							<left>285</left>
							<top>287</top>
							<width>30</width>
							<height>42</height>
							<texture>$VAR[StatusOverlayWide]</texture>
							<visible>!Skin.HasSetting(HideWatchedFlags)</visible>
						</control>
					</control>
				</itemlayout>

				<focusedlayout width="362" height="380">
					<control type="image">
						<left>12</left>
						<width>325</width>
						<height>325</height>
						<texture>$INFO[ListItem.Icon]</texture>
						<aspectratio align="center" aligny="center">keep</aspectratio>
						<visible>StringCompare(ListItem.Label,..)</visible>
					</control>
					<control type="group">
						<visible>!StringCompare(ListItem.Label,..)</visible>
						
						<!-- Panel -->
						<control type="image">
							<left>12</left>
							<width>325</width>
							<height>365</height>
							<texture background="true" colordiffuse="CommonFanartOverlay">common/Base.png</texture>
							<include condition="!Skin.HasSetting(FocusStyleDarkBright)">BorderTextureFO-We</include>
							<include condition="Skin.HasSetting(FocusStyleDarkBright)">BorderTextureNF-We</include>
							<bordersize>5</bordersize>
							<aspectratio align="center">stretch</aspectratio>
						</control>
						
						<control type="image">
							<left>12</left>
							<width>325</width>
							<height>325</height>
							<texture background="true">$INFO[ListItem.Icon]</texture>
							<!--
							<include condition="!Skin.HasSetting(FocusStyleDarkBright)">BorderTextureFO</include>
							<include condition="Skin.HasSetting(FocusStyleDarkBright)">BorderTextureNF</include>
							-->
							<bordersize>5</bordersize>
							<aspectratio align="center">stretch</aspectratio>
							<visible>!Window.IsActive(pictures)</visible>
						</control>
						
						<control type="image">
							<left>12</left>
							<width>325</width>
							<height>325</height>
							<texture>views/OverlayPosterFO.png</texture>
							<bordersize>5</bordersize>
							<visible>Skin.HasSetting(Overlays)</visible>
						</control>
						<!-- Title -->
						<control type="label">
							<left>17</left>
							<top>325</top>
							<width>315</width>
							<height>30</height>
							<font>Font27</font>
							<align>left</align>
							<textcolor>TextColor1</textcolor>
							<shadowcolor>ShadowColor</shadowcolor>
							<label>$INFO[ListItem.Label]</label>
						</control>
						<!-- Additional Infos -->
						<control type="label">
							<left>17</left>
							<top>355</top>
							<width>315</width>
							<height>30</height>
							<font>Font25</font>
							<align>left</align>
							<textcolor>TextColor2</textcolor>
							<shadowcolor>ShadowColor</shadowcolor>
							<label>$INFO[ListItem.Artist]</label>
							<visible>!Container.Content(artists)</visible>
						</control>
						<!-- Watched status -->
						<control type="image">
							<left>285</left>
							<top>287</top>
							<width>30</width>
							<height>42</height>
							<texture>$VAR[StatusOverlayWide]</texture>
							<visible>!Skin.HasSetting(HideWatchedFlags)</visible>
						</control>
					</control>
				</focusedlayout>
				
				<content target="$VAR[AddonHubTarget]" sortby="$VAR[AddonHubSortby]" sortorder="$VAR[AddonHubSortorder]">$VAR[AddonHubContent]</content>
				
			</control>
			
			<!-- Item count -->
			<control type="grouplist">
				<right>60</right>
				<bottom>40</bottom>
				<width>800</width>
				<height>44</height>
				<itemgap>6</itemgap>
				<align>right</align>
				<orientation>horizontal</orientation>
				<usecontrolcoords>true</usecontrolcoords>
				<animation effect="slide" start="0,0" end="-160,0" time="0" condition="system.getbool(input.enablemouse) + Skin.HasSetting(ShowMouseButtons)">conditional</animation>		
				<visible>IntegerGreaterThan(Container(83).NumItems,0)</visible>
			
				<!--
				<animation effect="slide" start="0,0" end="-30,-20" time="0" condition="!Skin.HasSetting(NewPosHeader)">conditional</animation>
				-->
			
				<control type="label">
					<top>3</top>
					<width>auto</width>
					<height>44</height>
					<align>right</align>
					<label>$INFO[Container(83).NumItems]</label>
					<font>Font25</font>
					<textcolor>TextColor2</textcolor>
				</control>

				<control type="label">
					<width>auto</width>
					<height>44</height>
					<align>right</align>
					<label>$VAR[ContentType]</label>
					<font>Font33</font>
					<textcolor>TextColor2</textcolor>
				</control>

			</control>
			

		</control>
	
	</include>
	
	

</includes>
