<?xml version="1.0" encoding="UTF-8"?>
<includes>

	<!-- Thumbnail (all) -->
	<include name="Viewtype501">

		<control type="group">
			<visible>Control.IsVisible(501)</visible>
			
			
			<!-- Thumbs -->
			<control type="panel" id="501">
				<left>58</left>
				<top>182</top>
				<!--centertop>50%</centertop-->  <!-- [Container.Content(addons) + !Skin.HasSetting(View500SmallAddonThumbs)]  -->
				<width>1820</width>
				<height>770</height>
				<onleft condition="!Skin.HasSetting(KioskMode)">3001</onleft>
				<onright>60</onright>
				<onup>500</onup>
				<ondown>500</ondown>
				<pagecontrol>60</pagecontrol>
				<preloaditems>4</preloaditems>
				<viewtype label="Wall">icon</viewtype>
				<scrolltime tween="sine" easing="out">240</scrolltime>
				<animation effect="slide" start="0,0" end="0,-15" time="0" condition="[[Container.Content(albums) | Container.Content(artists) | [Container.Content(musicvideos) + !Skin.HasSetting(MusicVideoClipsConcertsMix)] | [Window.IsActive(Music) + !Container.Content(fies)]] + Skin.HasSetting(View500SmallMusicThumbs)] | [Container.Content(addons) + Skin.HasSetting(View500SmallAddonThumbs)]">conditional</animation>
				<!--visible>String.IsEmpty(Window(Home).Property(SettingsList)) + [Container.Content() | Container.Content(tags) | Container.Content(years) | Container.Content(roles) | Container.Content(genres) | Container.Content(countries) | Container.Content(studios) | Container.Content(playlists) | Container.Content(unknown)]</visible-->
				<visible>String.IsEmpty(Window(Home).Property(SettingsList)) + [Container.Content(years) | Container.Content(roles) | Container.Content(genres) | Container.Content(countries) | Container.Content(studios)]</visible>
				<!--visible>String.IsEmpty(Window(Home).Property(SettingsList))</visible-->
				
				<itemlayout condition="!Skin.HasSetting(View501Style2)" width="362" height="154">
					<control type="image">
						<left>12</left>
						<width>325</width>
						<height>100</height>
						<texture>$INFO[ListItem.Icon]</texture>
						<colordiffuse>OverlayColorNF</colordiffuse>
						<aspectratio align="center" aligny="center">keep</aspectratio>
						<visible>StringCompare(ListItem.Label,..)</visible>
					</control>
					<control type="group">
						<visible>!StringCompare(ListItem.Label,..)</visible>
						
						<control type="image">
							<left>12</left>
							<width>325</width>
							<height>100</height>
							<texture background="true" colordiffuse="$VAR[UnfocusColordiffuse]">common/transparent.png</texture>
							<include>BorderTextureNF</include>
							<bordersize>5</bordersize>
							<aspectratio align="center">stretch</aspectratio>
							<visible></visible>
						</control>
										
						<!-- Title -->
						<control type="label">
							<left>17</left>
							<top>25</top>
							<width>315</width>
							<height>50</height>
							<font>Font30</font>
							<align>center</align>
							<textcolor>TextColor2</textcolor>
							<shadowcolor>ShadowColor</shadowcolor>
							<label>$INFO[ListItem.Label]</label>
						</control>

						<!-- Watched status -->
						<!--control type="image">
							<left>207</left>
							<top>297</top>
							<width>30</width>
							<height>42</height>
							<texture colordiffuse="$VAR[UnfocusColordiffuse]">$VAR[StatusOverlayWide]</texture>
							<visible>!Skin.HasSetting(HideWatchedFlags)</visible>
						</control-->
					</control>
				</itemlayout>

				<focusedlayout condition="!Skin.HasSetting(View501Style2)" width="362" height="154">
					<control type="image">
						<left>12</left>
						<width>325</width>
						<height>100</height>
						<texture>$INFO[ListItem.Icon]</texture>
						<aspectratio align="center" aligny="center">keep</aspectratio>
						<visible>StringCompare(ListItem.Label,..)</visible>
					</control>
					<control type="group">
						<visible>!StringCompare(ListItem.Label,..)</visible>
						
						<control type="image">
							<left>12</left>
							<width>325</width>
							<height>100</height>
							<texture background="true">common/transparent.png</texture>
							<!--bordertexture border="7">Borders/BorderFO.png</bordertexture-->
							<include condition="!Skin.HasSetting(FocusStyleDarkBright)">BorderTextureFO</include>
							<include condition="Skin.HasSetting(FocusStyleDarkBright)">BorderTextureNF</include>
							<bordersize>5</bordersize>
							<aspectratio align="center">stretch</aspectratio>
							<visible></visible>
						</control>
						
						<!-- Title -->
						<control type="label">
							<left>17</left>
							<top>25</top>
							<width>315</width>
							<height>50</height>
							<font>Font30</font>
							<align>center</align>
							<textcolor>TextColor1</textcolor>
							<shadowcolor>ShadowColor</shadowcolor>
							<label>$INFO[ListItem.Label]</label>
						</control>

						<!-- Watched status -->
						<!--control type="image">
							<left>207</left>
							<top>297</top>
							<width>30</width>
							<height>42</height>
							<texture>$VAR[StatusOverlayWide]</texture>
							<visible>!Skin.HasSetting(HideWatchedFlags)</visible>
						</control-->
						
					</control>
				</focusedlayout>

				<itemlayout condition="Skin.HasSetting(View501Style2)" width="257" height="154">
					<control type="image">
						<left>12</left>
						<width>232</width>
						<height>100</height>
						<texture>$INFO[ListItem.Icon]</texture>
						<colordiffuse>OverlayColorNF</colordiffuse>
						<aspectratio align="center" aligny="center">keep</aspectratio>
						<visible>StringCompare(ListItem.Label,..)</visible>
					</control>
					<control type="group">
						<visible>!StringCompare(ListItem.Label,..)</visible>
						
						<control type="image">
							<left>12</left>
							<width>232</width>
							<height>100</height>
							<texture background="true" colordiffuse="$VAR[UnfocusColordiffuse]">common/transparent.png</texture>
							<include>BorderTextureNF</include>
							<bordersize>5</bordersize>
							<aspectratio align="center">stretch</aspectratio>
							<visible></visible>
						</control>
										
						<!-- Title -->
						<control type="label">
							<left>12</left>
							<top>25</top>
							<width>223</width>
							<height>50</height>
							<font>Font27</font>
							<align>center</align>
							<textcolor>TextColor2</textcolor>
							<shadowcolor>ShadowColor</shadowcolor>
							<label>$INFO[ListItem.Label]</label>
						</control>

						<!-- Watched status -->
						<!--control type="image">
							<left>207</left>
							<top>297</top>
							<width>30</width>
							<height>42</height>
							<texture colordiffuse="$VAR[UnfocusColordiffuse]">$VAR[StatusOverlayWide]</texture>
							<visible>!Skin.HasSetting(HideWatchedFlags)</visible>
						</control-->
					</control>
				</itemlayout>

				<focusedlayout condition="Skin.HasSetting(View501Style2)" width="257" height="154">
					<control type="image">
						<left>12</left>
						<width>232</width>
						<height>100</height>
						<texture>$INFO[ListItem.Icon]</texture>
						<aspectratio align="center" aligny="center">keep</aspectratio>
						<visible>StringCompare(ListItem.Label,..)</visible>
					</control>
					<control type="group">
						<visible>!StringCompare(ListItem.Label,..)</visible>
						
						<control type="image">
							<left>12</left>
							<width>232</width>
							<height>100</height>
							<texture background="true">common/transparent.png</texture>
							<!--bordertexture border="7">Borders/BorderFO.png</bordertexture-->
							<include condition="!Skin.HasSetting(FocusStyleDarkBright)">BorderTextureFO</include>
							<include condition="Skin.HasSetting(FocusStyleDarkBright)">BorderTextureNF</include>
							<bordersize>5</bordersize>
							<aspectratio align="center">stretch</aspectratio>
							<visible></visible>
						</control>
						
						<!-- Title -->
						<control type="label">
							<left>12</left>
							<top>25</top>
							<width>223</width>
							<height>50</height>
							<font>Font27</font>
							<align>center</align>
							<textcolor>TextColor1</textcolor>
							<shadowcolor>ShadowColor</shadowcolor>
							<label>$INFO[ListItem.Label]</label>
						</control>

						<!-- Watched status -->
						<!--control type="image">
							<left>207</left>
							<top>297</top>
							<width>30</width>
							<height>42</height>
							<texture>$VAR[StatusOverlayWide]</texture>
							<visible>!Skin.HasSetting(HideWatchedFlags)</visible>
						</control-->
						
					</control>
				</focusedlayout>	
				
			</control>
			
			<!-- Scrollbar (wall) -->
			<control type="scrollbar" id="60">
				<right>45</right>
				<top>187</top>
				<width>20</width>
				<height>707</height>
				<onleft>500</onleft>
				<onright condition="!Skin.HasSetting(KioskMode)">3001</onright>
				<showonepage>false</showonepage>
				<orientation>vertical</orientation>
				<colordiffuse>OverlayColorNF</colordiffuse>
				<texturesliderbackground border="6,1,8,1">common/ScrollBackground.png</texturesliderbackground>
				<texturesliderbar border="8,1,6,1">common/ScrollbarGripNF.png</texturesliderbar>
				<texturesliderbarfocus border="8,1,6,1" colordiffuse="DialogOverlayColorFO">common/ScrollbarGripFO.png</texturesliderbarfocus>
				<textureslidernib>-</textureslidernib>
				<textureslidernibfocus>-</textureslidernibfocus>
				<visible>!Skin.HasSetting(Scrollbars)</visible>
			</control>

			<control type="group">
				<centerleft>50%</centerleft>
				<top>920</top>
				<width>1920</width>
				<height>100</height>
				<visible>Skin.HasSetting(View501Style2)</visible>

				<!-- Title -->
				<control type="label">
					<left>75</left>
					<top>0</top>
					<width>1770</width>
					<height>72</height>
					<font>Font60</font>
					<align>center</align>
					<textcolor>TextColor1</textcolor>
					<shadowcolor>ShadowColor</shadowcolor>
					<label>$INFO[ListItem.Label]</label>
				</control>

				<!-- Details -->
				<control type="label">
					<left>75</left>
					<top>88</top>
					<width>1770</width>
					<height>27</height>
					<font>Font27</font>
					<align>center</align>
					<label>$VAR[Label2]</label>
					<textcolor>TextColor2</textcolor>
					<shadowcolor>ShadowColor</shadowcolor>
					<visible>!Player.HasMedia | [Player.HasMedia + Skin.HasSetting(DontshowNowPlayingInfo)]</visible>
				</control>

			</control>
	

		</control>
		

	</include>

</includes>
