<?xml version="1.0" encoding="UTF-8"?>
<includes>

	<include name="Viewtype52">

		<!-- Default DB List (pictures and songs) -->
		<control type="group">
			<visible>Control.IsVisible(52)</visible>

			
			<!-- "Back" Image -->
			<control type="image">
				<left>80</left>
				<top>189</top>
				<width>495</width>
				<height>495</height>
				<texture>$INFO[ListItem.Icon]</texture>
				<colordiffuse>OverlayColorFO</colordiffuse>
				<aspectratio aligny="center">keep</aspectratio>
				<visible>ListItem.IsParentFolder</visible>  <!-- SubString(ListItem.Icon,Default) -->
			</control>
			
			<!-- Image -->
			<control type="group">
				<visible>!ListItem.IsParentFolder</visible>
				
				<control type="image">
					<left>80</left>
					<top>189</top>
					<width>495</width>
					<height>561</height>
					<texture>$INFO[ListItem.Icon]</texture>
					<aspectratio aligny="center">stretch</aspectratio>
					<bordertexture border="1,1,1,69">views/DropShadow.png</bordertexture>
					<bordersize>0,0,0,66</bordersize>
					<visible>!ListItem.IsParentFolder + Container.Content(songs)</visible>
				</control>
				<control type="image">
					<left>80</left>
					<top>189</top>
					<width>495</width>
					<height>561</height>
					<texture colordiffuse="FF000000">common/Base.png</texture>
					<aspectratio aligny="center">stretch</aspectratio>
					<bordertexture border="1,1,1,69">views/DropShadow.png</bordertexture>
					<bordersize>0,0,0,66</bordersize>
					<visible>!ListItem.IsParentFolder + Window.IsActive(pictures)</visible>
				</control>
				<control type="image">
					<left>80</left>
					<top>189</top>
					<width>495</width>
					<height>495</height>
					<texture>$INFO[ListItem.Icon]</texture>
					<aspectratio aligny="center">keep</aspectratio>
					<visible>!ListItem.IsParentFolder + Window.IsActive(pictures) + !Skin.HasSetting(ScaleImagesToScqare)</visible>
				</control>
				<control type="image">
					<left>80</left>
					<top>189</top>
					<width>495</width>
					<height>495</height>
					<texture>$INFO[ListItem.Icon]</texture>
					<aspectratio aligny="center">scale</aspectratio>
					<visible>!ListItem.IsParentFolder + Window.IsActive(pictures) + Skin.HasSetting(ScaleImagesToScqare)</visible>
				</control>
				
				<!--
				<control type="image">
					<left>90</left>
					<top>596</top>
					<width>80</width>
					<height>80</height>
					<texture colordiffuse="72FFFFFF">views/now-playing-animation.gif</texture>
					<aspectratio aligny="center">scale</aspectratio>
					<visible>Window.IsVisible(musicplaylist)</visible>
				</control>
				-->
				
				<control type="image">
					<left>80</left>
					<top>189</top>
					<width>495</width>
					<height>561</height>
					<texture colordiffuse="00ffffff">$INFO[ListItem.Icon]</texture>
					<aspectratio aligny="center">stretch</aspectratio>
					<bordertexture border="21,21,21,150">views/OverlayEffect.png</bordertexture>
					<visible>!SubString(ListItem.Icon,Default) + Skin.HasSetting(Overlays)</visible>
				</control>
			</control>

			<!-- Song Info -->
			<control type="group">
				<left>80</left>
				<top>697</top>
				<visible>!ListItem.IsParentfolder + Container.Content(songs)</visible>
				<!-- Album & Artist Info -->
				<control type="label">
					<left>0</left>
					<top>4</top>
					<width>495</width>
					<height>45</height>
					<font>Font42</font>
					<label>$INFO[ListItem.Album][COLOR=TextColor3]$INFO[ListItem.DiscNumber, • CD][/COLOR]</label>
					<textcolor>TextColor1</textcolor>
				</control>
				<control type="label">
					<left>0</left>
					<top>56</top>
					<width>495</width>
					<height>45</height>
					<font>Font33</font>
					<textcolor>TextColor2</textcolor>
					<label>$INFO[ListItem.Artist]$INFO[ListItem.Year, • (,)]</label>
					<animation effect="slide" start="0,0" end="0,-52" condition="String.IsEmpty(ListItem.Album)">Conditional</animation>
				</control>
				
				<!-- Rating -->
				<control type="grouplist">
					<left>0</left>
					<top>56</top>
					<height>36</height>
					<width>495</width>
					<itemgap>20</itemgap>
					<orientation>horizontal</orientation>
					<animation effect="slide" start="0,0" end="0,52" condition="!String.IsEmpty(ListItem.Album)">Conditional</animation>
					<visible>Container.Content(Songs)</visible>
					
					<control type="label">
						<width>auto</width>
						<height>36</height>
						<align>left</align>
						<font>Font30</font>
						<label>$LOCALIZE[563]:</label>
						<textcolor>TextColor3</textcolor>
					</control>
					<control type="image">
						<width>170</width>
						<height>40</height>
						<aspectratio align="left">keep</aspectratio>
						<texture fallback="rating-audio/rating0.png">$INFO[ListItem.UserRating,rating-audio/rating,.png]</texture>
					</control>
				</control>
						
			</control>
			

			<!-- List -->
			<control type="fixedlist" id="52">
				<left>689</left>
				<centertop>50%</centertop>
				<width>1156</width>
				<height>720</height>
				<onup>52</onup>
				<ondown>52</ondown>
				<onleft>60</onleft>
				<onright condition="!Skin.HasSetting(KioskMode)">3001</onright>
				<pagecontrol>60</pagecontrol>
				<include condition="Skin.HasSetting(View52Style2)">View52ListStyle1Focusposition</include>
				<include condition="!Skin.HasSetting(View52Style2)">View52ListStyle2Focusposition</include>
				<orientation>vertical</orientation>
				<viewtype label="$LOCALIZE[535]">list</viewtype>
				<scrolltime tween="sine" easing="out">240</scrolltime>
				<visible>String.IsEmpty(Window(Home).Property(SettingsList)) + [Container.Content(songs) | Window.IsVisible(pictures) | [Window.IsVisible(musicplaylist) + String.IsEqual(ListItem.DBType,music)]]</visible>

				<itemlayout condition="Skin.HasSetting(View52Style2)" height="70" width="1125">
					<control type="label">
						<left>32</left>
						<top>0</top>
						<width>1093</width>
						<height>70</height>
						<font>Font36</font>
						<label>$VAR[SongLabel]</label>
						<textcolor>TextColor2</textcolor>
					</control>
					<!-- Watched status -->
					<control type="image">
						<left>0</left>
						<top>29</top>
						<width>14</width>
						<height>14</height>
						<texture>$VAR[StatusOverlay]</texture>
						<colordiffuse>OverlayColorNF</colordiffuse>
						<animation effect="fade" start="50" end="50" condition="true">Conditional</animation>
						<visible>[!Window.IsActive(music) + !Skin.HasSetting(HideWatchedFlags)] | [Window.IsActive(music) + !Skin.HasSetting(HideListenedFlags)]</visible>
					</control>
				</itemlayout>

				<focusedlayout condition="Skin.HasSetting(View52Style2)" height="160" width="1125">
					<control type="label">
						<left>32</left>
						<top>38</top>
						<width>1093</width>
						<height>48</height>
						<font>Font48</font>
						<label>$VAR[SongLabel]</label>
						<textcolor>TextColor1</textcolor>
						<shadowcolor>ShadowColor</shadowcolor>
						<animation effect="slide" start="0,0" end="0,14" time="0" condition="StringCompare(ListItem.AlbumArtist,ListItem.Artist)">Conditional</animation>
						<animation effect="fade" start="100" end="50" time="200" tween="cubic" easing="out" reversible="true" condition="!Control.HasFocus(52)">Conditional</animation>
					</control>
					<control type="label">
						<left>32</left>
						<top>95</top>
						<width>1093</width>
						<height>27</height>
						<font>Font27</font>
						<label>$INFO[ListItem.Artist]</label>
						<textcolor>TextColor2</textcolor>
						<shadowcolor>ShadowColor</shadowcolor>
						<animation effect="fade" start="100" end="50" time="200" tween="cubic" easing="out" reversible="true" condition="!Control.HasFocus(52)">Conditional</animation>
						<visible>!StringCompare(ListItem.AlbumArtist,ListItem.Artist)</visible>
					</control>
					<!-- Watched status -->
					<control type="image">
						<left>0</left>
						<top>73</top>
						<width>14</width>
						<height>14</height>
						<texture>$VAR[StatusOverlay]</texture>
						<colordiffuse>OverlayColorFO</colordiffuse>
						<animation effect="fade" start="100" end="50" time="200" tween="cubic" easing="out" reversible="true" condition="!Control.HasFocus(50)">Conditional</animation>
						<visible>[!Window.IsActive(music) + !Skin.HasSetting(HideWatchedFlags)] | [Window.IsActive(music) + !Skin.HasSetting(HideListenedFlags)]</visible>
					</control>
				</focusedlayout>
				
				<itemlayout condition="!Skin.HasSetting(View52Style2)" height="64" width="1125">
					<control type="label">
						<left>32</left>
						<width>1105</width>
						<height>64</height>
						<font>Font33</font>
						<label>$VAR[SongLabel]</label>
						<textcolor>TextColor2</textcolor>
					</control>
					<control type="label">
						<left>860</left>
						<top>0</top>
						<width>290</width>
						<height>70</height>
						<font>Font30</font>
						<label>$INFO[ListItem.Label2]</label>
						<align>right</align>
						<textcolor>TextColor2</textcolor>
					</control>
					<!-- Watched status -->
					<control type="image">
						<left>0</left>
						<top>27</top>
						<width>14</width>
						<height>14</height>
						<texture>$VAR[StatusOverlay]</texture>
						<colordiffuse>OverlayColorNF</colordiffuse>
						<animation effect="fade" start="50" end="50" condition="true">Conditional</animation>
						<visible>[!Window.IsActive(music) + !Skin.HasSetting(HideWatchedFlags)] | [Window.IsActive(music) + !Skin.HasSetting(HideListenedFlags)]</visible>
					</control>
				</itemlayout>

				<focusedlayout condition="!Skin.HasSetting(View52Style2)" height="80" width="1125">
					<control type="label">
						<left>32</left>
						<width>1105</width>
						<height>80</height>
						<font>Font48</font>
						<label>$VAR[SongLabel]</label>
						<textcolor>TextColor1</textcolor>
						<shadowcolor>ShadowColor</shadowcolor>
						<animation effect="fade" start="100" end="50" time="200" tween="cubic" easing="out" reversible="true" condition="!Control.HasFocus(52)">Conditional</animation>
					</control>
					<control type="label">
						<left>860</left>
						<top>0</top>
						<width>290</width>
						<height>80</height>
						<font>Font36</font>
						<label>$INFO[ListItem.Label2]</label>
						<align>right</align>
						<textcolor>TextColor1</textcolor>
						<animation effect="fade" start="100" end="50" time="200" tween="cubic" easing="out" reversible="true" condition="!Control.HasFocus(52)">Conditional</animation>
					</control>
					<!-- Watched status -->
					<control type="image">
						<left>0</left>
						<top>37</top>
						<width>14</width>
						<height>14</height>
						<texture>$VAR[StatusOverlay]</texture>
						<colordiffuse>OverlayColorFO</colordiffuse>
						<animation effect="fade" start="100" end="50" time="200" tween="cubic" easing="out" reversible="true" condition="!Control.HasFocus(50)">Conditional</animation>
						<visible>[!Window.IsActive(music) + !Skin.HasSetting(HideWatchedFlags)] | [Window.IsActive(music) + !Skin.HasSetting(HideListenedFlags)]</visible>
					</control>
				</focusedlayout>
				
			</control>
			
			<!-- Scrollbar (list) -->
			<control type="scrollbar" id="60">
				<left>645</left>
				<centertop>50%</centertop>
				<width>20</width>
				<height>720</height>
				<onleft condition="!Skin.HasSetting(KioskMode)">3001</onleft>
				<onright>50</onright>
				<showonepage>false</showonepage>
				<orientation>vertical</orientation>
				<colordiffuse>OverlayColorNF</colordiffuse>
				<texturesliderbackground border="9,1,6,1">common/ScrollBackground.png</texturesliderbackground>
				<texturesliderbar border="8,1,6,1">common/ScrollbarGripNF.png</texturesliderbar>
				<texturesliderbarfocus border="8,1,6,1" colordiffuse="DialogOverlayColorFO">common/ScrollbarGripFO.png</texturesliderbarfocus>
				<textureslidernib>-</textureslidernib>
				<textureslidernibfocus>-</textureslidernibfocus>
				<visible>!Skin.HasSetting(Scrollbars) + [Control.IsVisible(52)]</visible>
			</control>

		</control>

	</include>

</includes>
