<?xml version="1.0" encoding="UTF-8"?>
<includes>

	<!-- Default DB List (no pictures no songs) -->
	<include name="Viewtype51">

		<control type="group">
			<visible>Control.IsVisible(51)</visible>
			

			<!-- Poster image -->
			<control type="group">
				<left>75</left>
				<top>184</top>
				<visible>!ListItem.IsParentFolder + [Container.Content(movies) | Container.Content(tvshows) | Container.Content(seasons) | [Window.IsVisible(videoplaylist) + [Container.Content(movies) | Container.Content(tvshows) | Container.Content(seasons)]]]</visible>
				<control type="image">
					<left>5</left>
					<top>5</top>
					<width>495</width>
					<height>769</height>
					<fadetime>200</fadetime>
					<texture>$INFO[ListItem.Icon]</texture>
					<bordertexture border="1,1,1,69">views/DropShadow.png</bordertexture>
					<bordersize>0,0,0,66</bordersize>
					<aspectratio>stretch</aspectratio>
				</control>
				<!-- 3D Flag -->
				<control type="image">
					<left>0</left>
					<top>0</top>
					<width>105</width>
					<height>105</height>
					<texture>flagging/IsStereoscopicFlag.png</texture>
					<bordersize>5</bordersize>
					<visible>Container.Content(movies) + !String.IsEqual(ListItem.StereoscopicMode,mono)</visible>
				</control>
				<!-- Overlay -->
				<control type="image">
					<left>0</left>
					<top>0</top>
					<width>505</width>
					<height>713</height>
					<texture>views/OverlayEffect-default.png</texture>
					<bordersize>5</bordersize>
					<visible>Skin.HasSetting(Overlays)</visible>
				</control>
			</control>

			<!-- Album image -->
			<control type="group">
				<left>75</left>
				<top>184</top>
				<visible>!ListItem.IsParentFolder + [Container.Content(albums) | Container.Content(songs)]</visible>  <!-- !SubString(ListItem.Icon,Default) +  -->
				<control type="image">
					<left>5</left>
					<top>5</top>
					<width>495</width>
					<height>561</height>
					<fadetime>200</fadetime>
					<texture>$INFO[ListItem.Icon]</texture>
					<bordertexture border="1,1,1,69">views/DropShadow.png</bordertexture>
					<bordersize>0,0,0,66</bordersize>
					<aspectratio aligny="center">stretch</aspectratio>
				</control>
				<control type="image">
					<left>5</left>
					<top>5</top>
					<width>495</width>
					<height>495</height>
					<texture>views/OverlayEffect-default-square.png</texture>
					<visible>Skin.HasSetting(Overlays)</visible>
				</control>
			</control>

			<!-- Default image -->
			<control type="image">
				<left>80</left>
				<top>189</top>
				<width>495</width>
				<height>703</height>
				<texture>$INFO[ListItem.Icon]</texture>
				<colordiffuse>OverlayColorFO</colordiffuse>
				<aspectratio align="center" aligny="top">keep</aspectratio>
				<visible>ListItem.IsParentFolder</visible>  <!-- SubString(ListItem.Icon,Default) + [Container.Content(movies) | Container.Content(tvshows) | Container.Content(seasons)] / | Container.Content(albums) | Container.Content(songs) / -->
			</control>

			<!-- Episode Info -->
			<control type="group">
				<left>80</left>
				<top>189</top>
				<visible>!ListItem.IsParentFolder + [Container.Content(episodes) | Window.IsVisible(videoplaylist)]</visible>

				<!-- Fanart / Episode image -->
				<control type="group">
					<control type="image">
						<left>0</left>
						<top>0</top>
						<width>495</width>
						<height>364</height>
						<texture border="1,1,1,69">views/DropShadow.png</texture>
					</control>
					<control type="image">
						<left>0</left>
						<top>0</top>
						<width>495</width>
						<height>298</height>
						<fadetime>200</fadetime>
						<texture background="true">$INFO[ListItem.Icon]</texture>
						<aspectratio aligny="center">scale</aspectratio>
						<!--visible>Container.Content(episodes)</visible-->
					</control>
					<control type="image">
						<left>0</left>
						<top>0</top>
						<width>495</width>
						<height>298</height>
						<texture>views/OverlayEffect-default-square.png</texture>
						<visible>Skin.HasSetting(Overlays)</visible>
					</control>
				</control>

				<!-- Info -->
				<control type="group">
				
					<!-- Season & Episode Info -->
					<control type="label">
						<left>0</left>
						<top>316</top>
						<width>495</width>
						<height>45</height>
						<font>Font42</font>
						<label>$INFO[ListItem.TVShowTitle]</label>
						<textcolor>TextColor1</textcolor>
					</control>
					<!-- 2nd row Label (Episodes) -->
					<control type="label">
						<left>0</left>
						<top>368</top>
						<width>495</width>
						<height>45</height>
						<font>Font33</font>
						<textcolor>TextColor2</textcolor>
						<label>$INFO[ListItem.Title]$INFO[ListItem.Season, • (S,]$INFO[ListItem.Episode,E,)]</label>
					</control>
					<!-- 3nd row Label (Episodes) -->
					<control type="grouplist">
						<top>431</top>
						<height>27</height>
						<itemgap>15</itemgap>
						<orientation>horizontal</orientation>
						<visible>Container.Content(episodes)</visible>
						
						<include condition="!Skin.HasSetting(RatingCountryUK) + !Skin.HasSetting(RatingCountryGer) + !Skin.HasSetting(RatingCountryNone)">Rating_MPAA</include>
						<include condition="Skin.HasSetting(RatingCountryUK)">Rating_BBFC</include>
						<include condition="Skin.HasSetting(RatingCountryGer)">Rating_FSK</include>
						
						<control type="label">
							<width>auto</width>
							<height>27</height>
							<font>Font30</font>
							<label>$INFO[ListItem.Rating,IMDB: ]</label>
							<textcolor>TextColor3</textcolor>
							<visible>!String.IsEmpty(ListItem.Rating)</visible>
						</control>
						
						<control type="label">
							<width>auto</width>
							<height>27</height>
							<font>Font30</font>
							<label>$INFO[ListItem.Duration,• , Min.]</label>
							<textcolor>TextColor3</textcolor>
							<visible>!String.IsEmpty(ListItem.Duration)</visible>
						</control>
						
						<control type="label">
							<width>auto</width>
							<height>27</height>
							<font>Font30</font>
							<label>$VAR[AudioChannels,• ]</label>
							<textcolor>TextColor3</textcolor>
							<visible>!String.IsEmpty(ListItem.AudioChannels)</visible>
						</control>
						
						<control type="label">
							<width>auto</width>
							<height>27</height>
							<font>Font30</font>
							<label>$INFO[ListItem.VideoResolution,• ]</label>
							<textcolor>TextColor3</textcolor>
							<visible>!String.IsEmpty(ListItem.VideoResolution)</visible>
						</control>
						
					</control>
					
					<!-- Episode Plot -->
					<control type="textbox">
						<left>0</left>
						<top>485</top>
						<width>495</width>
						<height>216</height>
						<label>$VAR[Plot]</label>
						<font>Font30</font>
						<textcolor>TextColor1</textcolor>
						<shadowcolor>TextColor4</shadowcolor>
						<align>left</align>
						<autoscroll delay="7500" time="2100" repeat="12000">!Skin.HasSetting(dontautoscroll)</autoscroll>  <!-- true -->
					</control>
				
				</control>

			</control>
			
			<!-- Artist Info -->
			<control type="group">
				<left>80</left>
				<top>189</top>
				<visible>!ListItem.IsParentFolder + Container.Content(artists)</visible>

				<!-- Fanart / Episode image -->
				<control type="group">
					<control type="image">
						<left>0</left>
						<top>0</top>
						<width>495</width>
						<height>364</height>
						<texture border="1,1,1,69">views/DropShadow.png</texture>
					</control>
					<control type="image">
						<left>0</left>
						<top>0</top>
						<width>495</width>
						<height>298</height>
						<fadetime>200</fadetime>
						<texture background="true" fallback="fallbacks/DefaultArtistFanartFallback.png">$INFO[ListItem.Art(fanart)]</texture>
						<aspectratio aligny="center">scale</aspectratio>
						<visible>Container.Content(artists)</visible>
					</control>
					<control type="image">
						<left>0</left>
						<top>0</top>
						<width>495</width>
						<height>298</height>
						<texture>views/OverlayEffect-default-square.png</texture>
						<visible>Skin.HasSetting(Overlays)</visible>
					</control>

				</control>

				<!-- Artist Info -->
				<control type="label">
					<left>0</left>
					<top>316</top>
					<width>486</width>
					<height>45</height>
					<font>Font42</font>
					<label>$INFO[ListItem.Label]</label>
					<textcolor>TextColor1</textcolor>
				</control>
				<!-- 2nd row Label (artists) -->
				<control type="label">
					<left>0</left>
					<top>368</top>
					<width>486</width>
					<height>45</height>
					<font>Font33</font>
					<textcolor>TextColor2</textcolor>
					<label>$INFO[ListItem.Property(Artist_Born)]$INFO[ListItem.Property(Artist_Died) , - ]</label>
				</control>
				<!-- 3nd row Label (Artistss) -->
				<control type="label">
					<left>0</left>
					<top>420</top>
					<width>486</width>
					<height>45</height>
					<font>Font33</font>
					<textcolor>TextColor2</textcolor>
					<label>$INFO[ListItem.Property(Artist_Genre)]</label>
				</control>
				
				<!-- Artist Description -->
				<control type="textbox">
					<left>0</left>
					<top>485</top>
					<width>495</width>
					<height>216</height>
					<label>$INFO[ListItem.Property(Artist_Description)]</label>
					<font>Font30</font>
					<textcolor>TextColor1</textcolor>
					<shadowcolor>TextColor4</shadowcolor>
					<align>left</align>
					<autoscroll delay="7500" time="2100" repeat="12000">!Skin.HasSetting(dontautoscroll)</autoscroll>  <!-- true -->
				</control>

			</control>
			
			
			<!-- Album Info -->
			<control type="group">
				<left>80</left>
				<top>697</top>
				<visible>!ListItem.IsParentFolder + Container.Content(Albums)</visible>
					
				<!-- Rating -->
				<control type="grouplist">
					<left>0</left>
					<top>4</top>
					<height>36</height>
					<width>495</width>
					<itemgap>20</itemgap>
					<orientation>horizontal</orientation>
					<visible>Container.Content(Albums)</visible>   <!--  + !String.IsEmpty(ListItem.UserRating) -->
					
					<control type="label">
						<width>auto</width>
						<height>36</height>
						<align>left</align>
						<font>Font30</font>
						<label>$LOCALIZE[563]:</label>
						<textcolor>TextColor3</textcolor>
					</control>
					<control type="image">
						<width>170</width>
						<height>40</height>
						<aspectratio align="left">keep</aspectratio>
						<texture fallback="rating-audio/rating0.png">$INFO[ListItem.UserRating,rating-audio/rating,.png]</texture>
					</control>
				</control>
				
			</control>


			<!-- List -->
			<control type="fixedlist" id="51">
				<left>689</left>
				<centertop>50%</centertop>
				<width>1125</width>
				<height>720</height>
				<onup>51</onup>
				<ondown>51</ondown>
				<onleft>60</onleft>
				<onright condition="!Skin.HasSetting(KioskMode)">3001</onright>
				<pagecontrol>60</pagecontrol>
				<include condition="!Skin.HasSetting(View51Style2)">ListStyle1Focusposition</include>
				<include condition="Skin.HasSetting(View51Style2)">ListStyle2Focusposition</include>
				<orientation>vertical</orientation>
				<viewtype label="$LOCALIZE[535]">list</viewtype>
				<scrolltime tween="sine" easing="out">240</scrolltime>
				<visible>Container.Content(movies) | Container.Content(tvshows) | Container.Content(seasons) | Container.Content(episodes) | Container.Content(albums) | Container.Content(artists) | [Window.IsVisible(videoplaylist) + String.IsEqual(ListItem.DBType,video) + Window.Is(videoplaylist)]</visible>

				<itemlayout condition="!Skin.HasSetting(View51Style2)" height="70" width="1125">
					<control type="label">
						<left>32</left>
						<top>0</top>
						<width>1093</width>
						<height>70</height>
						<font>Font36</font>
						<label>$VAR[Label1]</label>
						<textcolor>TextColor2</textcolor>
					</control>
					<!-- Watched status -->
					<control type="image">
						<left>0</left>
						<top>29</top>
						<width>14</width>
						<height>14</height>
						<texture>$VAR[StatusOverlay]</texture>
						<colordiffuse>OverlayColorNF</colordiffuse>
						<animation effect="fade" start="50" end="50" condition="true">Conditional</animation>
						<visible>[!Window.IsActive(music) + !Skin.HasSetting(HideWatchedFlags)] | [Window.IsActive(music) + !Skin.HasSetting(HideListenedFlags)]</visible>
					</control>
				</itemlayout>

				<focusedlayout condition="!Skin.HasSetting(View51Style2)" height="160" width="1125">
					<control type="label">
						<left>32</left>
						<top>38</top>
						<width>1093</width>
						<height>48</height>
						<font>Font48</font>
						<label>$VAR[Label1]</label>
						<textcolor>TextColor1</textcolor>
						<shadowcolor>ShadowColor</shadowcolor>
						<animation effect="fade" start="100" end="50" time="200" tween="cubic" easing="out" reversible="true" condition="!Control.HasFocus(51)">Conditional</animation>
					</control>
					<control type="label">
						<left>32</left>
						<top>95</top>
						<width>1093</width>
						<height>27</height>
						<font>Font27</font>
						<label>$VAR[Label2]</label>
						<textcolor>TextColor2</textcolor>
						<shadowcolor>ShadowColor</shadowcolor>
						<animation effect="fade" start="100" end="50" time="200" tween="cubic" easing="out" reversible="true" condition="!Control.HasFocus(51)">Conditional</animation>
					</control>
					<!-- Watched status -->
					<control type="image">
						<left>0</left>
						<top>57</top>
						<width>14</width>
						<height>14</height>
						<texture>$VAR[StatusOverlay]</texture>
						<colordiffuse>OverlayColorFO</colordiffuse>
						<animation effect="fade" start="100" end="50" time="200" tween="cubic" easing="out" reversible="true" condition="!Control.HasFocus(51)">Conditional</animation>
						<visible>[!Window.IsActive(music) + !Skin.HasSetting(HideWatchedFlags)] | [Window.IsActive(music) + !Skin.HasSetting(HideListenedFlags)]</visible>
					</control>
				</focusedlayout>
				
				<itemlayout condition="Skin.HasSetting(View51Style2)" height="90" width="1125">
					<control type="label">
						<left>32</left>
						<top>0</top>
						<width>1093</width>
						<height>90</height>
						<font>Font36</font>
						<label>$VAR[Label1]</label>
						<textcolor>TextColor2</textcolor>
					</control>
					<!-- Watched status -->
					<control type="image">
						<left>0</left>
						<top>38</top>
						<width>14</width>
						<height>14</height>
						<texture>$VAR[StatusOverlay]</texture>
						<colordiffuse>OverlayColorNF</colordiffuse>
						<animation effect="fade" start="50" end="50" condition="true">Conditional</animation>
						<visible>[!Window.IsActive(music) + !Skin.HasSetting(HideWatchedFlags)] | [Window.IsActive(music) + !Skin.HasSetting(HideListenedFlags)]</visible>
					</control>
				</itemlayout>

				<focusedlayout condition="Skin.HasSetting(View51Style2)" height="180" width="1125">
					<control type="label">
						<left>32</left>
						<top>43</top>
						<width>1093</width>
						<height>48</height>
						<font>Font48</font>
						<label>$VAR[Label1]</label>
						<textcolor>TextColor1</textcolor>
						<shadowcolor>ShadowColor</shadowcolor>
						<animation effect="fade" start="100" end="50" time="200" tween="cubic" easing="out" reversible="true" condition="!Control.HasFocus(51)">Conditional</animation>
					</control>
					<control type="label">
						<left>32</left>
						<top>100</top>
						<width>1093</width>
						<height>27</height>
						<font>Font27</font>
						<label>$VAR[Label2]</label>
						<textcolor>TextColor2</textcolor>
						<shadowcolor>ShadowColor</shadowcolor>
						<animation effect="fade" start="100" end="50" time="200" tween="cubic" easing="out" reversible="true" condition="!Control.HasFocus(51)">Conditional</animation>
					</control>
					<!-- Watched status -->
					<control type="image">
						<left>0</left>
						<top>61</top>
						<width>14</width>
						<height>14</height>
						<texture>$VAR[StatusOverlay]</texture>
						<colordiffuse>OverlayColorFO</colordiffuse>
						<animation effect="fade" start="100" end="50" time="200" tween="cubic" easing="out" reversible="true" condition="!Control.HasFocus(51)">Conditional</animation>
						<visible>[!Window.IsActive(music) + !Skin.HasSetting(HideWatchedFlags)] | [Window.IsActive(music) + !Skin.HasSetting(HideListenedFlags)]</visible>
					</control>
				</focusedlayout>

			</control>
			
			<!-- Scrollbar (list) -->
			<control type="scrollbar" id="60">
				<left>645</left>
				<centertop>50%</centertop>
				<width>20</width>
				<height>720</height>
				<onleft condition="!Skin.HasSetting(KioskMode)">3001</onleft>
				<onright>50</onright>
				<showonepage>false</showonepage>
				<orientation>vertical</orientation>
				<colordiffuse>OverlayColorNF</colordiffuse>
				<texturesliderbackground border="11,1,1,1">common/ScrollBackground.png</texturesliderbackground>
				<texturesliderbar border="11,1,1,1">common/ScrollbarGripNF.png</texturesliderbar>
				<texturesliderbarfocus border="11,1,1,1" colordiffuse="DialogOverlayColorFO">common/ScrollbarGripFO.png</texturesliderbarfocus>
				<textureslidernib>-</textureslidernib>
				<textureslidernibfocus>-</textureslidernibfocus>
				<visible>!Skin.HasSetting(Scrollbars)</visible>
			</control>
			

		</control>

	</include>

</includes>
