<?xml version="1.0" encoding="UTF-8"?>
<window>
<!-- 	1.28 DialogSubtitles.xml
ID 		Type 		Description
100 	label 		Name of subtitle service
110 	image 		Logo of subtitle service
120 	container 	List of available subtitles
130 	label 		Local subtitle available
140 	label 		Number of available subtitles
150 	container 	List of available subtitle services
160 	button 		Manual search buttom    
-->
	<defaultcontrol>150</defaultcontrol>
	<include content="Animation_OpenClose_Slide">
		<param name="slide_start" value="0,2000" />
		<param name="slide_end" value="0,0" />
	</include>
	
	<controls>
		
		<control type="button" id="160">
            <include content="HiddenObject" />
        </control>
		<control type="label" id="100">
            <include content="HiddenObject" />
        </control>
		
	
		<control type="group">
			<visible>!Window.IsVisible(virtualkeyboard) + !Window.IsVisible(filebrowser) + !Window.IsVisible(networksetup)</visible>
			<include>Animation_VisibleHidden_Zoom</include>
			<bottom>0</bottom>
			<centerleft>50%</centerleft>
			
			<include content="Dialog_Percent_BGPanel" />
			
			<control type="label">
				<bottom>49.5%</bottom>
				<centerleft>50%</centerleft>
				<width>60%</width>
				<height>10%</height>
				<font>font12</font>
				<align>left</align>
				<aligny>center</aligny>
				<textcolor>$VAR[color_global_dialog_accent]</textcolor>
				<label>$INFO[Control.GetLabel(100),Searching with : [B],[/B]]$INFO[Player.Filenameandpath,[CR]          for  ,]</label>
			</control>
			
			<include content="Dialog_Percent_ListBGPanel">
				<param name="width" value="52%" />
				<param name="height" value="43%" />
			</include>
				
			<control type="label" id="130">
				<description>Headining</description>
				<centerleft>50%</centerleft>
				<width>50%</width>
				<bottom>30%</bottom>
				<height>10%</height>
				<font>font12bold</font>
				<align>left</align>
				<aligny>bottom</aligny>
				<textcolor>green</textcolor>
				<label></label>
				<shadowcolor />
			</control>
			<control type="label" id="140">
				<description>Headining</description>
				<centerleft>50%</centerleft>
				<width>50%</width>
				<bottom>30%</bottom>
				<height>10%</height>
				<font>font12bold</font>
				<align>left</align>
				<aligny>bottom</aligny>
				<textcolor>red</textcolor>
				<label></label>
				<shadowcolor />
			</control>
			
			<include content="Simple_container_IconLabel">
				<param name="type" value="list" />
				<param name="id" value="120" />
				<param name="height" value="28%" />
				<param name="width" value="49%" />
				<param name="onup" value="120" />
			</include>
			<include content="Simple_container_IconLabel">
				<param name="type" value="list" />
				<param name="id" value="150" />
				<param name="height" value="28%" />
				<param name="width" value="49%" />
				<param name="onup" value="150" />
			</include>
			
			
			<include content="Dialog_Percent_Buttongrouplist">
				<param name="bgpanel_height" value="43%" />
				<param name="grouplist_height" value="38%" />
				<param name="pos_right" value="17%" />
				
				<onup>150</onup>
				<ondown>150</ondown>
				<onleft condition="Control.IsVisible(150)">150</onleft>
				<onleft condition="!Control.IsVisible(150)">120</onleft>
				<onright>700</onright>
				
				<control type="radiobutton" id="700">
					<include content="Dialog_RadioButton">
						<param name="symbol" value="searchsource" />
					</include>
					<onclick>SendClick(160)</onclick>
				</control>
				
				<control type="radiobutton" id="218">
					<include content="Dialog_RadioButton">
						<param name="symbol" value="enter" />
					</include>
					<onclick>close</onclick>
				</control>
				<control type="radiobutton" id="19">
					<include content="Dialog_RadioButton">
						<param name="symbol" value="cancel" />
					</include>
					<onclick>close</onclick>
				</control>
			</include>
		</control>
	</controls>
</window>
