<?xml version="1.0" encoding="UTF-8"?>
<includes>

	<include name="view56">
		<control type="group">
			<visible>Control.IsVisible(56)</visible>
			
			<control type="group">
				<visible>Skin.HasSetting(View_56_ShowBGPanel)</visible>
				<include content="View_BGPanel">
					<param name="width2" value="580" />
					<param name="width3" value="100" />
				</include>
			</control>
			
			
			<control type="fixedlist" id="56">
				<visible>Container.Content(movies) | Container.Content(sets) | Container.Content(tvshows) | Container.Content(episodes) | Container.Content(artists) | Container.Content(albums)</visible>
				<orientation>vertical</orientation>
				<preloaditems>2</preloaditems>
				<focusposition>1</focusposition>
				<scrolltime tween="quadratic">400</scrolltime>
				<left>100</left>
				
				<include content="Media_Container_Attributes">
					<param name="view_id" value="56" />
				</include>
				
				<include>Media_Values_ContainerNavigation</include>
				
				<viewtype label="episodes">episodes panel</viewtype>
				
				<itemlayout height="280">
					<control type="group">
						<height>270</height>
						
						<include content="list_panel56">
							<param name="autoscroll" value="false" />
							<param name="highlightcolor" value="$VAR[color_lib_text_secondary]" />
						</include>
					</control>
				</itemlayout>
				<focusedlayout height="280">
					
					<control type="group">
						<visible>!Control.HasFocus(56)</visible>
						<height>270</height>
						<include content="list_panel56">
							<param name="autoscroll" value="false" />
							<param name="highlightcolor" value="$VAR[color_lib_text_secondary]" />
						</include>
					</control>
					
					<control type="group">
						<include content="SetPropOnFocus_HiddenButton">
							<onunfocus condition="!String.IsEmpty(Window(Home).Property(TrailerIsPlaying))">PlayerControl(stop)</onunfocus>
						</include>
						<visible>Control.HasFocus(56)</visible>
						<animation type="Focus" reversible="false">
							<effect type="zoom" end="102,102" time="200" tween="sine" easing="out" center="auto" />
							<effect type="zoom" end="98,98" time="150" tween="sine" delay="200" easing="out" center="auto" />
						</animation>
						<control type="image">
							<description>revisit alpha stuff cdiffuse and img bg texture</description>
							<left>40</left>
							<bordertexture border="2" colordiffuse="$VAR[color_lib_text_main]">frames/frame.png</bordertexture>
							<texture colordiffuse="cc202020" background="true">colors/white50.png</texture>
							<bordersize>3</bordersize>
						</control>
						<include content="list_panel56">
							<param name="autoscroll" value="true" />
							<param name="highlightcolor" value="$VAR[color_lib_accent]" />
						</include>
						<control type="image">
							<centertop>50%</centertop>
							<visible>!String.Contains(ListItem.Icon,default)</visible>
							<visible>!ListItem.IsPlaying</visible>
							<left>10</left>
							<width>60</width>
							<height>60</height>
							<bordertexture colordiffuse="ff131313">artworkdiffuse/circle.png</bordertexture>
							<texture colordiffuse="$VAR[color_lib_widgetitem_overlayicon]" diffuse="artworkdiffuse/circle.png" background="true">overlay/overlayplay.png</texture>
						</control>
					</control>
					<control type="group">
						<visible>Player.HasMedia + !String.IsEmpty(Window(Home).Property(TrailerIsPlaying))</visible>
						<top>15</top>
						<left>50</left>
						<width>415</width>
						<height>240</height>
						<control type="image">
							<texture colordiffuse="">colors/black.png</texture>
						</control>
						<control type="videowindow">
						
						</control>
					</control>
				</focusedlayout>
			</control>
			
			<include content="footer">
				<param name="view_id" value="56" />
				<param name="offset_leftpanel" value="34%" />
				<param name="media_flagalign" value="center" />
				<param name="media_flagwidth" value="30%" />
				<param name="rating_flagalign" value="left" />
			</include>
		</control>
		
		
		
		
		
	</include>
	
	<include name="list_panel56">
		
		<control type="image">
			<visible>String.IsEqual(ListItem.Label,..)</visible>
			<centerleft>50%</centerleft>
			<centertop>50%</centertop>
			<width>90</width>
			<height>90</height>
			<texture  colordiffuse="$VAR[color_lib_text_main]" background="true" diffuse="artworkdiffuse/circle.png">$VAR[ListItem_Icon]</texture>
			<bordertexture colordiffuse="$VAR[color_lib_text_main]">artworkdiffuse/circleborder.png</bordertexture>
			<aspectratio scalediffuse="false" aligny="center" align="left">scale</aspectratio>
			<bordersize>2</bordersize>
		</control>
		<control type="image">
			<visible>!Skin.HasSetting(View_56_Prefer_CircleArt)</visible>
			<visible>!String.IsEqual(ListItem.Label,..) + ![Skin.HasSetting(View_56_Prefer_Disc_Video) | Skin.HasSetting(View_56_Prefer_clearart) | Skin.HasSetting(View_56_Prefer_clearlogo)]</visible>
			<left>50</left>
			<centertop>50%</centertop>
			<width>400</width>
			<height>236</height>
			<!-- <bordertexture border="2" colordiffuse="$VAR[color_lib_text_main]">frames/frame.png</bordertexture> -->
			<bordertexture colordiffuse="$VAR[color_lib_text_main]">artworkdiffuse/landscapeborder.png</bordertexture>
			<texture colordiffuse="$VAR[color_lib_text_main]" background="true" diffuse="artworkdiffuse/landscape.png">$VAR[PreferedThumb_Sourcing56]</texture>
			<aspectratio>keep</aspectratio>
			<bordersize>2</bordersize>
		</control>
		<control type="image">
			<visible>!Skin.HasSetting(View_56_Prefer_CircleArt)</visible>
			<visible>!String.Contains(ListItem.Icon,default) + [Skin.HasSetting(View_56_Prefer_Disc_Video) | Skin.HasSetting(View_56_Prefer_clearart) | Skin.HasSetting(View_56_Prefer_clearlogo)]</visible>
			<left>50</left>
			<centertop>50%</centertop>
			<width>400</width>
			<height>236</height>
			<texture colordiffuse="$VAR[color_lib_text_main]" background="true" diffuse="artworkdiffuse/landscape.png">$VAR[PreferedThumb_Sourcing56]</texture>
			<aspectratio>keep</aspectratio>
			<bordersize>2</bordersize>
		</control>
		<control type="image">
			<description>dont put gif n apng to xbt compression</description>
			<centertop>50%</centertop>
			<left>15</left>
			<width>60</width>
			<height>60</height>
			<texture background="true">special://skin/extras/song_gifs/playingsong.gif</texture>
			<colordiffuse>$VAR[color_lib_text_main]</colordiffuse>
			<bordersize>4</bordersize>
			<visible>ListItem.IsPlaying</visible>
			<bordertexture colordiffuse="55000000">artworkdiffuse/circle.png</bordertexture>
		</control>
		
		<control type="group">
			<visible>Skin.HasSetting(View_56_Prefer_CircleArt)</visible>
			<visible>!String.Contains(ListItem.Icon,default)</visible>
			<left>10</left>
			<width>430</width>
			<height>280</height>
			<visible>true</visible>
				
			<control type="image">
				<width>200</width>
				<height>200</height>
				<top>10</top>
				<left>150</left>
				<texture background="true" diffuse="artworkdiffuse/circle.png">$VAR[ImageLayout_circle]</texture>
				<bordertexture>artworkdiffuse/circleborder.png</bordertexture>
				<aspectratio scalediffuse="false" aligny="center" align="center">scale</aspectratio>
				<bordersize>2</bordersize>
				<visible>![Container.Content(studios) | String.IsEqual(ListItem.dbtype,studio)]</visible>
			</control>
			<control type="image">
				<visible>![[Container.Content(Seasons) | String.IsEqual(ListItem.dbtype,season)] | [Container.Content(Episodes) | String.IsEqual(ListItem.dbtype,episode)]]</visible>
				<visible>
					!String.IsEmpty(ListItem.Art(tvshow.clearlogo)) | 
					!String.IsEmpty(ListItem.Art(clearlogo)) | 
					!String.IsEmpty(ListItem.Art(artist.clearlogo)) | 
					!String.IsEmpty(ListItem.Art(albumartist.clearlogo))
				</visible>
				<width>400</width>
				<height>100</height>
				<top>170</top>
				<left>50</left>
				<right>10</right>
				<texture background="true">$VAR[ListItemClearLogo]</texture>
				<aspectratio align="center" aligny="center">keep</aspectratio>
			</control>
			<control type="textbox">
				<description>43.3 1 row</description>
				<visible>[[Container.Content(Seasons) | String.IsEqual(ListItem.dbtype,season)] | [Container.Content(Episodes) | String.IsEqual(ListItem.dbtype,episode)]] | 
					String.IsEmpty(ListItem.Art(tvshow.clearlogo)) +
					String.IsEmpty(ListItem.Art(artist.clearlogo)) +
					String.IsEmpty(ListItem.Art(albumartist.clearlogo)) +
					String.IsEmpty(ListItem.Art(clearlogo))
				</visible>
				<visible>!String.IsEqual(ListItem.label,..)</visible>
				<autoscroll delay="2000" time="1500" repeat="1500">$PARAM[autoscroll]</autoscroll>
				<top>170</top>
				<left>40</left>
				<right>40</right>
				<width>400</width>
				<wrapmultiline>true</wrapmultiline>
				<height max="80">auto</height>
				<font>CircleTag_Small</font>
				<align>center</align>
				<aligny>top</aligny>
				<textcolor>$VAR[color_lib_widgetitem_itemtag_label1_fo]</textcolor>
				<selectedcolor>white</selectedcolor>
				<label>$INFO[ListItem.Label,[B],[/B]]</label>
			</control>
		</control>
		
		<include content="List_2RowInfo">
			<param name="left" value="500" />
			<param name="right" value="250" />
			<param name="headlinefont" value="InfoCommon" />
		</include>
		
		<control type="textbox">
			<autoscroll delay="2000" time="5000" repeat="1500">$PARAM[autoscroll]</autoscroll>
			<description>plot</description>
			<font>PlotCommon</font>
			<right>250</right>
			<left>500</left>
			<top>100</top>
			<bottom>70</bottom>
			<align>justify</align>
			<aligny>top</aligny>
			<textcolor>$VAR[color_lib_text_main]</textcolor>
			<selectedcolor>$VAR[color_lib_selected]</selectedcolor>
			<label>$VAR[plot]</label>
		</control>
		<control type="textbox">
			<autoscroll delay="2000" time="1500" repeat="1500">$PARAM[autoscroll]</autoscroll>
			<wrapmultiline>true</wrapmultiline>
			<font>CommonTag</font>
			<width>580</width>
			<left>500</left>
			<bottom>5</bottom>
			<height>50</height>
			<align>left</align>
			<aligny>center</aligny>
			<textcolor>$VAR[color_lib_text_secondary]</textcolor>
			<label>$VAR[ListItemDuration]</label>
		</control>
		<include content="StarsRating_Image">
			<centertop>15%</centertop>
			<right>50</right>
			<param name="width" value="150" />
			<param name="height" value="60" />
			<param name="colordiffuse" value="$PARAM[highlightcolor]" />
		</include>	
		<include content="ListItem_Indicators">
			<param name="watched_size" value="30" />
			<param name="folderind_size" value="100" />
		</include>
	</include>
	
	<variable name="PreferedThumb_Sourcing56">
		<value condition="String.IsEqual(ListItem.Label,$LOCALIZE[21452])">defaultaddoninputstream.png</value>
		<value condition="String.IsEqual(ListItem.Label,$LOCALIZE[20462])">defaultaddsource.png</value>
		
		<value condition="[Container.Content(studios) | String.IsEqual(ListItem.dbtype,studio)]">$INFO[ListItem.Label,resource://resource.images.studios.white/,.png]</value>
		
		<value condition="String.StartsWith(ListItem.Label,*) + !String.IsEmpty(Container.Art(thumb))">$INFO[Container.Art(thumb)]</value>
		
		<value condition="Skin.HasSetting(View_56_Prefer_Discart_Song) + !String.IsEmpty(ListItem.Art(album.discart)) + String.IsEqual(ListItem.dbtype,song)">$INFO[ListItem.Art(album.discart)]</value>
		<value condition="!String.IsEmpty(ListItem.Art(discart)) + [[String.IsEqual(ListItem.dbtype,album) + Skin.HasSetting(View_56_Prefer_Discart_Album)] | [Window.IsActive(videos) + Skin.HasSetting(View_56_Prefer_Disc_Video)]]">$INFO[ListItem.Art(discart)]</value>
		
		<value condition="Skin.HasSetting(View_56_Prefer_clearart) + !String.IsEmpty(ListItem.Art(clearart))">$INFO[ListItem.Art(clearart)]</value>
		<value condition="Skin.HasSetting(View_56_Prefer_clearart) + String.IsEmpty(ListItem.Art(clearart)) + !String.IsEmpty(ListItem.Art(characterart))">$INFO[ListItem.Art(characterart)]</value>
		<value condition="[Skin.HasSetting(View_56_Prefer_clearlogo) | [Skin.HasSetting(View_56_Prefer_clearart) + String.IsEmpty(ListItem.Art(clearart)) + String.IsEmpty(ListItem.Art(characterart))]] + !String.IsEmpty(ListItem.Art(clearlogo))">$INFO[ListItem.Art(clearlogo)]</value>
		
		<value condition="Skin.HasSetting(View_56_Prefer_animatedfanart) + !String.IsEmpty(ListItem.Art(animatedfanart))">$INFO[ListItem.Art(animatedfanart)]</value>
		<value>$VAR[ImageLayout_landscape]</value>
	</variable>	
</includes>