<?xml version="1.0" encoding="UTF-8"?>
<window>
<!-- 1.54 SlideShow.xml
ID 	Type 	Description
10 	label 	Error loading image message
13 	[any] 	These controls are visible when the slideshow is paused  -->

<!-- 	<controls>
		<control type="image">
			<centerleft>50%</centerleft>
			<centertop>50%</centertop>
			<width>256</width>
			<height>256</height>
			<texture>icons/settings/player.png</texture>
			<visible>SlideShow.IsVideo</visible>
			<visible>![Player.Playing + Player.HasVideo] | SlideShow.IsPaused</visible>
		</control>
	</controls> -->
</window>
