<?xml version="1.0" encoding="utf-8"?>
<!--Titan-->
<includes>

    <include name="View_507_FanArt">
		<!--View 507-->
        <control type="group">
            <visible>Control.IsVisible(507)</visible>
			<visible>Integer.IsGreater(Container(507).NumItems,0)</visible>
            <include>animation_view_change</include>
            <!-- bg -->
			<control type="image">
				<include>DimensionsFullscreen</include>
				<visible>Skin.HasSetting(FanArtViewShowInfo)</visible>
				<aligny>bottom</aligny>
				<texture>colors/color_white.png</texture>
				<colordiffuse>$INFO[Skin.String(ViewDetailsBGColor)]</colordiffuse>
			</control>
			<!-- fanart image frame -->
			 <control type="image">
				<visible>!Skin.HasSetting(FanArtViewShowInfo) + Skin.HasSetting(507_framedFanart)</visible>
				<include>DimensionsFullscreen</include>
				<texture border="20">netflix/frame/slimframe_hardedge.png</texture>
				<colordiffuse>$INFO[Skin.String(ViewDetailsBorderFocusColor)]</colordiffuse> 
			</control>
			<!-- fanart -->
            <control type="multiimage">
				<visible>!Skin.HasSetting(FanArtViewShowInfo)</visible>
				<right>10</right>
				<top>10</top>
				<width>1900</width>
				<height>1055</height>
				<imagepath background="true">$VAR[backgroundVar]</imagepath>
                <aspectratio>scale</aspectratio>
                <fadetime>200</fadetime>
                <include>fanartSpeed</include>
                <randomize>true</randomize>
                <loop>yes</loop>
            </control>
			<!-- preview video window if info false -->
            <control type="group">
				<visible>Player.HasVideo + String.IsEmpty(VideoPlayer.DBID) + !VideoPlayer.Content(livetv) + Control.IsVisible(507) + !Skin.HasSetting(FanArtViewShowInfo)</visible>
				<include>DimensionsFullscreen</include>
				<control type="image">
					<texture colordiffuse="black">colors/color_black.png</texture>
				</control>
				<control type="videowindow">
				</control>
				<control type="image" id="887768">
					<visible>!Skin.HasSetting(507_BelloNero)</visible>
					<height>103</height>
					<width>315</width>
					<right>5</right>
					<top>10</top>
					<fadetime>200</fadetime>
					<aspectratio align="right" aligny="top">keep</aspectratio>
					<texture background="true" fallback="colors/color_transparent.png">$VAR[ListItemClearLogo]</texture>
				</control>
			</control>
			<!-- bello import -->
			<control type="group">
				<visible>!Skin.HasSetting(FanArtViewShowInfo) + Skin.HasSetting(507_BelloNero)</visible>
				<control type="image">
					<animation effect="slide" start="0,0" end="-550,0" time="380" tween="sine" easing="inout" condition="![Container.OnNext | Container.OnPrevious]" reversible="false">Conditional</animation>
					<left>340</left>
					<posy>0</posy>
					<width>110%</width>
					<height>110%</height>
					<texture background="true">animations/left_blade.png</texture>
					<animation type="WindowOpen">
						<effect type="fade" start="0" end="100" time="490" tween="sine" easing="out"/>
						<effect type="slide" start="0,0" end="-340,0" time="390" delay="350" tween="sine" easing="out"/>
					</animation>
					<animation effect="slide" start="0,0" end="-400,0" time="380" tween="sine" easing="inout" condition="Player.HasVideo + !String.IsEmpty(Window(home).Property(trailer_trailerwillplaying))">Conditional</animation>					
					<animation type="WindowClose">
						<effect type="slide" start="-340,0" end="0,0" time="490" delay="0" tween="sine" easing="in"/>
						<effect type="fade" start="100" end="0" time="490" delay="250" tween="sine" easing="in"/>
					</animation>
				</control>
				<control type="image">
					<animation effect="slide" start="0,0" end="470,0" time="380" tween="sine" easing="inout" condition="![Container.OnNext | Container.OnPrevious]" reversible="false">Conditional</animation>
					<left>-260</left>
					<posx>0</posx>
					<posy>0</posy>
					<width>110%</width>
					<height>110%</height>
					<texture background="true">animations/right_blade.png</texture>
					<animation type="WindowOpen">
						<effect type="fade" start="0" end="100" time="490" tween="sine" easing="out"/>
						<effect type="slide" start="0,0" end="260,0" time="390" delay="350" tween="sine" easing="out"/>
					</animation>
					<animation effect="slide" start="0,0" end="400,0" time="380" tween="sine" easing="inout" condition="Player.HasVideo + !String.IsEmpty(Window(home).Property(trailer_trailerwillplaying))">Conditional</animation>					
					<animation type="WindowClose">
						<effect type="slide" start="260,0" end="0,0" time="490" delay="0" tween="sine" easing="in"/>
						<effect type="fade" start="100" end="0" time="490" delay="250" tween="sine" easing="in"/>
					</animation>
				</control>
				<control type="image">
					<visible>Skin.HasSetting(View_507_nofooterbar)</visible>
					<left>260</left>
					<bottom>50</bottom>
					<width>390</width>
					<height>150</height>
					<fadetime>100</fadetime>
					<aspectratio align="left" aligny="center">keep</aspectratio>
					<texture background="true">$VAR[ListItemClearLogo]</texture>
					<animation type="WindowOpen">
						<effect type="fade" start="0" end="100" time="250" delay="380" tween="sine" easing="out"/>
					</animation>
					<animation type="WindowClose">
						<effect type="fade" start="100" end="0" time="350" tween="sine" easing="in"/>
					</animation>
					<animation effect="slide" start="0,0" end="-200,-850" time="380" tween="sine" easing="inout" condition="Player.HasVideo + !String.IsEmpty(Window(home).Property(trailer_trailerwillplaying))">Conditional</animation>									
					<animation effect="zoom" end="70,70" time="380" tween="sine" easing="inout" condition="Player.HasVideo + !String.IsEmpty(Window(home).Property(trailer_trailerwillplaying))">Conditional</animation>													
				</control>
				<control type="label">
					<visible>
					String.IsEmpty(ListItem.Art(tvshow.clearlogo)) + 
					String.IsEmpty(ListItem.Art(clearlogo)) + 
					String.IsEmpty(Window(home).Property(SkinHelper.ListItem.ClearLogo)) + 
					String.IsEmpty(Window(home).Property(SkinHelper.ListItem.Art.ClearLogo))
					</visible>
					<visible>Skin.HasSetting(View_507_nofooterbar)</visible>
					<left>260</left>
					<bottom>0</bottom>
					<width>690</width>
					<height>200</height>
					<wrapmultiline>true</wrapmultiline>
					<font>Bold50</font>
                    <align>left</align>
                    <aligny>bottom</aligny>
                    <label>[UPPERCASE]$INFO[ListItem.Title][/UPPERCASE]</label>
					<textcolor>$INFO[Skin.String(ViewDetailsHighlightTextColor)]</textcolor>
                    <shadowcolor>$INFO[Skin.String(ViewDetailsHighlightTextShadowColor)]</shadowcolor>
					<animation type="WindowOpen">
						<effect type="fade" start="0" end="100" time="250" delay="380" tween="sine" easing="out"/>
					</animation>
					<animation type="WindowClose">
						<effect type="fade" start="100" end="0" time="350" tween="sine" easing="in"/>
					</animation>
				</control>
			</control>
			
			<control type="group">
				<visible>!Skin.HasSetting(FanArtViewShowInfo)</visible>
				<include>WatchedIndicatorLarge</include>
				<animation effect="fade" start="100" end="60" time="0" condition="Skin.HasSetting(507_BelloNero)" reversible="false">Conditional</animation>
			</control>
			
            <!-- ID="52" -->
            <control type="panel" id="507">
                <posx>0</posx>
                <posy>40</posy>
                <width>100%</width>
                <height>800</height>
				<include>trailer_onup</include>
                <ondown condition="!Player.HasVideo + Skin.HasSetting(EnableQuickJump)">7000</ondown>
				<ondown condition="!Player.HasVideo + !Skin.HasSetting(EnableQuickJump)">9000</ondown>
                <onleft>507</onleft>
                <onright>507</onright>
                <viewtype label="31434">fanart</viewtype>
                <scrolltime tween="Cubic" easing="inout">500</scrolltime>
                <focusposition>0</focusposition>
                <orientation>horizontal</orientation>
                <preloaditems>2</preloaditems>
				<visible>String.IsEqual(Window(Home).Property(SkinHelper.ForcedView),507) | String.IsEmpty(Window(Home).Property(SkinHelper.ForcedView))</visible>
                <itemlayout height="2500" width="1920">
                </itemlayout>
                <focusedlayout height="2500" width="1920">
					<include>AutoTrailerButton</include>
				</focusedlayout>
            </control>
			
			<!--Info-->
			<control type="group">
				<visible>Control.IsVisible(507) + !String.IsEmpty(ListItem.Label)</visible>
				<visible>Skin.HasSetting(FanArtViewShowInfo)</visible>
				<include>animation_view_change</include>
				<top>13%</top>
				<height>835</height>

				<control type="image">
					<posx>10</posx>
					<width>550</width>
					<height>830</height>
					<texture border="15">diffuse/bgpanel.png</texture>
					<colordiffuse>$VAR[ViewDetailsFocusColor]</colordiffuse>
					<animation effect="slide" center="auto" end="1350,0" time="300" condition="Skin.HasSetting(View507_ShowInfoRight)">Conditional</animation>
				</control>
				<control type="image">
					<visible>Skin.HasSetting(507_framedInfo)</visible>
					<posx>9</posx>
					<posy>0</posy>
					<width>552</width>
					<height>832</height>
					<texture border="15">netflix/frame/slimframe_hardedge.png</texture>
					<colordiffuse>$INFO[Skin.String(ViewDetailsBorderFocusColor)]</colordiffuse>
					<animation effect="slide" center="auto" end="1350,0" time="300" condition="Skin.HasSetting(View507_ShowInfoRight)">Conditional</animation>
				</control>
				
				<control type="grouplist">
					<animation effect="slide" center="auto" end="1350,0" time="300" condition="Skin.HasSetting(View507_ShowInfoRight)">Conditional</animation>
					<!--Regie, Duration... Movies, TV-Shows, Sesaons, Music-Videos-->
					<itemgap>0</itemgap>
					<onup>500</onup>
					<ondown>500</ondown>
					<onleft>100</onleft>
					<onright>noop</onright>
					<orientation>vertical</orientation>
					<posx>40</posx>
					<posy>10</posy>
					<control type="label">
						<height>80</height>
						<width>480</width>
						<font>Bold30</font>
						<wrapmultiline>true</wrapmultiline>
						<textcolor>$INFO[Skin.String(ViewDetailsHighlightTextColor)]</textcolor>
                        <shadowcolor>$INFO[Skin.String(ViewDetailsHighlightTextShadowColor)]</shadowcolor>
						<label>[UPPERCASE]$VAR[mediatitle][/UPPERCASE]</label>
					</control>
                    <control type="label">
						<!-- <wrapmultiline>true</wrapmultiline> -->
							<scroll>true</scroll>
						 <top>-10</top>
						 <height>40</height>
						 <width>480</width>
						  <font>Reg31</font>
						  <textcolor>$INFO[Skin.String(ViewDetailsTextColor)]</textcolor>
						  <shadowcolor>$INFO[Skin.String(ViewDetailsTextShadowColor)]</shadowcolor>
						  <label>$VAR[Details]</label>
					</control>
					<control type="textbox">
						<top>10</top>
						<width>480</width>
						<height>660</height>
						<label>$VAR[Plots]</label>
						<textcolor>$INFO[Skin.String(ViewDetailsTextColor)]</textcolor>
						<shadowcolor>$INFO[Skin.String(ViewDetailsTextShadowColor)]</shadowcolor>
						<align>justify</align>
						<font>Light28</font>
					</control>
				</control>
				<!-- fanart image -->
				<control type="multiimage">
					<animation effect="slide" center="auto" end="-565,0" time="300" condition="Skin.HasSetting(View507_ShowInfoRight)">Conditional</animation>
					<right>0</right>
					<top>0</top>
					<width>1350</width>
					<height>830</height>
					<imagepath background="true">$VAR[backgroundVar]</imagepath>
					<aspectratio>scale</aspectratio>
					<fadetime>200</fadetime>
					<include>fanartSpeed</include>
					<randomize>true</randomize>
					<loop>yes</loop>
				</control>
				<control type="group">
					<animation effect="slide" center="auto" end="-565,0" time="300" condition="Skin.HasSetting(View507_ShowInfoRight)">Conditional</animation>
					<include>WatchedIndicatorLarge</include>
				</control>
				<control type="image">
					<visible>Skin.HasSetting(507_framedFanart)</visible>
					<right>0</right>
					<top>0</top>
					<width>1356</width>
					<height>832</height>
					<texture border="15">netflix/frame/slimframe_hardedge.png</texture>
					<colordiffuse>$INFO[Skin.String(ViewDetailsBorderFocusColor)]</colordiffuse>
					<animation effect="slide" center="auto" end="-565,0" time="300" condition="Skin.HasSetting(View507_ShowInfoRight)">Conditional</animation>
				</control>
				
				<!-- touchscreen support -->
				<!-- page button left -->
				<control type="button">
					<left>0</left>
					<top>-10</top>
					<width>30</width>
					<height>149</height>
					<align>center</align>
					<aligny>center</aligny>
					<label></label>
					<pulseonselect>false</pulseonselect>
					<texturefocus colordiffuse="white">home/basichome_left.png</texturefocus>
					<texturenofocus colordiffuse="$INFO[Skin.String(ButtonFocusColor)]">home/basichome_left.png</texturenofocus>
					<onclick>Control.Move(507,-1) </onclick>
					<visible>Skin.HasSetting(EnableTouchSupport)</visible>
				</control>

				<!-- page button right -->
				<control type="button">
					<right>0</right>
					<top>-10</top>
					<width>30</width>
					<height>149</height>
					<align>center</align>
					<aligny>center</aligny>
					<label></label>
					<pulseonselect>false</pulseonselect>
					<texturefocus colordiffuse="white">home/basichome_right.png</texturefocus>
					<texturenofocus colordiffuse="$INFO[Skin.String(ButtonFocusColor)]">home/basichome_right.png</texturenofocus>
					<onclick>Control.Move(507,1) </onclick>
					<visible>Skin.HasSetting(EnableTouchSupport)</visible>
				</control>
			</control>
			<!-- preview video window if info true -->
            <control type="group">
				<visible>Player.HasVideo + String.IsEmpty(VideoPlayer.DBID) + !VideoPlayer.Content(livetv) + Control.IsVisible(507) + Skin.HasSetting(FanArtViewShowInfo)</visible>
				<animation effect="slide" center="auto" end="-565,0" time="300" condition="Skin.HasSetting(View507_ShowInfoRight)">Conditional</animation>
				<right>6</right>
				<top>15%</top>
				<width>1344</width>
				<height>756</height>
				<control type="image">
					<visible>Skin.HasSetting(507_framedFanart)</visible>
					<top>-16</top>
					<height>108.3%</height>
					<texture colordiffuse="black">colors/color_black.png</texture>
				</control>
				<control type="image">
					<visible>!Skin.HasSetting(507_framedFanart)</visible>
					<top>-23</top>
					<height>109.9%</height>
					<width>102%</width>
					<texture colordiffuse="black">colors/color_black.png</texture>
				</control>
				<control type="videowindow">
				</control>
				<control type="image" id="887768">
					<height>103</height>
					<width>315</width>
					<right>5</right>
					<bottom>-30</bottom>
					<fadetime>200</fadetime>
					<aspectratio align="right" aligny="bottom">keep</aspectratio>
					<texture background="true" fallback="colors/color_transparent.png">$VAR[ListItemClearLogo]</texture>
				</control>
			</control>			
		</control>
    </include>
</includes>
