<?xml version="1.0" encoding="UTF-8" standalone="yes"?>
<addon id="script.video.checktvtrailer" name="Lookup local TV Show - Trailer" version="1.0.0" provider-name="marduk">
	<requires>
		<import addon="xbmc.python" version="2.25.0"/><!-- keep krypton compatibility -->
	</requires>
	<extension point="xbmc.service" library="checkexist.py"/>
	<!-- <extension point="xbmc.addon.video" library="checkexist.py"/>
		<provides>video</provides>
	</extension> -->
	<extension point="xbmc.addon.metadata">
		<summary lang="en_GB">Skin Script Addon to check if a local (tvshow)-trailer exists[CR]You may need to [B]check your advancedsettings.xml to prevent Trailer Scrapping into Library[/B]</summary>
		<description lang="en_GB">Script for skinners to check if a local (tvshow)-trailer exists</description>
		<language></language>
		<platform>all</platform>
		<license>GNU GENERAL PUBLIC LICENSE Version 2</license>
		<assets>
			<icon></icon>
		</assets>
	</extension>
</addon>
